id,lexeme_id,source_order,headword,canonical_term,variants,pronunciation,parts_of_speech,definition_zh,relation_type,relation_term,exam_tag,difficulty,etymology,example_en,example_zh,section,unit_id,group_id,content_page_start,content_page_end,pdf_page,printed_page,quality_flags
yingdan1:p001:e01,lexeme:d490151378f5fc99,1,ancestor,ancestor,ancestor,`ænsɛstɚ,名,祖先,同,forebear,托,5,an 之前 + cest 行走 + or 名詞,The ancestors of most of the residents in the area come from England.,這地區大多數居民的祖先都來自英國。,prefix,yingdan1:prefix:u01,yingdan1:prefix:g001,1,1,1,16,
yingdan1:p001:e02,lexeme:41dda3b2113b5898,2,ancient,ancient,ancient,`enʃənt,形,古代的,反,modern,檢,4,anci 之前 + ent 形容詞,"In ancient Rome, the conquered nations had to pay tribute to the Roman ruler.",古羅馬時期，被征服的國家必須向羅馬統治者納貢。,prefix,yingdan1:prefix:u01,yingdan1:prefix:g001,1,1,1,16,
yingdan1:p001:e03,lexeme:209665ea9dca91a1,3,anticipate,anticipate,anticipate,æn`tɪsəˌpet,動,預期,同,expect,托,4,anti 之前 + cip 拿 + ate 動詞,"As a businessman, Tim must try to anticipate what his customers will want.",身為生意人，提姆必須設法預期顧客想要什麼。,prefix,yingdan1:prefix:u01,yingdan1:prefix:g001,1,1,1,16,
yingdan1:p001:e04,lexeme:1e42752764d383da,4,precaution,precaution,precaution,prɪ`kɔʃən,名,預防措施,關,measure,托,4,pre 之前 + caution 謹慎,Larry reminded me to take special precautions to prevent fire.,賴瑞提醒我採取預防火災的措施。,prefix,yingdan1:prefix:u01,yingdan1:prefix:g002,1,1,1,16,
yingdan1:p001:e05,lexeme:fc2eed9acce3fcde,5,predecessor,predecessor,predecessor,`prɛdɪˌsɛsɚ,名,前任,反,successor,益,3,pre 之前 + de 離開 + cess 行走 + or 名詞,A compliant newcomer might learn more from his or her predecessors.,一個順從的新進人員或許能從前輩那裡學到更多。,prefix,yingdan1:prefix:u01,yingdan1:prefix:g002,1,1,1,16,
yingdan1:p001:e06,lexeme:ac4532a6701899f4,6,prehistoric,prehistoric,prehistoric,ˌprihɪs`tɔrɪk,形,史前的,同,primeval,托,3,pre 之前 + historic 歷史的,Can you imagine the prehistoric period when people lived in the caves?,你能想像人們穴居山洞的史前時期嗎？,prefix,yingdan1:prefix:u01,yingdan1:prefix:g002,1,1,1,16,
yingdan1:p001:e07,lexeme:14a62b33decfa1b7,7,prejudice,prejudice,prejudice,`prɛdʒədɪs,名,偏見,同,preconception,檢,4,pre 之前 + judice 判斷,"In court, it's important that the judge and jury have no prejudice towards the defendant.",在法庭上，法官及陪審團對被告不帶偏見是很重要的一件事。,prefix,yingdan1:prefix:u01,yingdan1:prefix:g002,1,2,1,16,
yingdan1:p002:e01,lexeme:0e7546ed18407142,8,preliminary,preliminary,preliminary,prɪ`lɪməˌnɛrɪ,形,預備的,同,preparatory,托,2,pre 之前 + limin 門檻 + ary 形容詞,Our basketball team went home early since we lost in the preliminary round.,我們籃球隊提早回家，因為我們在初賽時就輸了。,prefix,yingdan1:prefix:u01,yingdan1:prefix:g002,2,2,2,17,
yingdan1:p002:e02,lexeme:5bffcfe6a19a03f7,9,premature,premature,premature,ˌprimə`tjur,形,時機未成熟的,反,mature,托,3,pre 之前 + mature 成熟的,It would be premature to make a judgment on the new employee because he is new.,那位新員工才來不久，現在對他下評論為時尚早。,prefix,yingdan1:prefix:u01,yingdan1:prefix:g002,2,2,2,17,
yingdan1:p002:e03,lexeme:dff0669b4df441c2,10,presence,presence,presence,`prɛzns,名,出席,反,absence,檢,4,pre 之前 + sence 存在,The presence of Mr. Lee at the meeting was surprising.,李先生出席會議這件事令人感到驚訝。,prefix,yingdan1:prefix:u01,yingdan1:prefix:g002,2,2,2,17,
yingdan1:p002:e04,lexeme:afa5349d7ce56716,11,preside,preside,preside,prɪ`zaɪd,動,擔任；指揮,同,direct,托,3,pre 之前 + sed/side 坐下,Our general manager will preside at the monthly meeting.,我們的總經理將會主持月會。,prefix,yingdan1:prefix:u01,yingdan1:prefix:g002,2,2,2,17,
yingdan1:p002:e05,lexeme:8bd2cdbe092fadb3,12,prestige,prestige,prestige,prɛs`tiʒ,名,聲望,同,prominence,益,4,pre 之前 + stige 梯子,William is a professor with prestige of the university.,威廉是這所大學很有聲望的教授。,prefix,yingdan1:prefix:u01,yingdan1:prefix:g002,2,2,2,17,
yingdan1:p002:e06,lexeme:5975cf1bba432391,13,preview,preview,preview,`priˌvju,名,預告,反,review,檢,5,pre 之前 + view 看,"Emma said the preview for ""Avengers: Infinity War"" looks really good.",艾瑪說《復仇者聯盟 3：無限之戰》的預告片看起來很精彩。,prefix,yingdan1:prefix:u01,yingdan1:prefix:g002,2,2,2,17,
yingdan1:p003:e01,lexeme:652f55016243bf1b,14,catalog/catalogue,catalog,catalog | catalogue,`kætəlɔg,名,目錄,近,list,益,5,cata 往下 + log(ue) 陳述,The pictures on the catalogue are not exactly the same with the products.,目錄上的照片不完全和產品相同。,prefix,yingdan1:prefix:u02,yingdan1:prefix:g003,3,3,3,18,
yingdan1:p003:e02,lexeme:ebb061cadf57628e,15,catastrophe,catastrophe,catastrophe,kə`tæstrəfɪ,名,災變,同,calamity,托,4,cata 往下 + strophe 翻倒,Typhoon Morakot was a catastrophe for many people in southern Taiwan.,莫拉克颱風對許多台灣南部民眾而言是一大災難。,prefix,yingdan1:prefix:u02,yingdan1:prefix:g003,3,3,3,18,
yingdan1:p003:e03,lexeme:edb2cd3b74c999af,16,category,category,category,`kætəˌgɔrɪ,名,類型；部門,同,class,益,4,cat 往下 + egory 集合,These two products belong to different categories.,這兩件商品分屬不同類別。,prefix,yingdan1:prefix:u02,yingdan1:prefix:g003,3,3,3,18,
yingdan1:p003:e04,lexeme:2db681579fbe43e8,17,decay,decay,decay,dɪ`ke,名,腐爛,同,corrosion,檢,4,de 往下 + cay 墜落,People who don't brush their teeth after meals are more prone to tooth decay.,飯後不刷牙的人更容易蛀牙。,prefix,yingdan1:prefix:u02,yingdan1:prefix:g004,3,3,3,18,
yingdan1:p003:e05,lexeme:e036eb64fdb9067e,18,degrade,degrade,degrade,dɪ`gred,動,降級,同,demote,益,4,de 往下 + grade 行走,I feel you degraded me when you talked to me in that tone.,當你用那種語調和我說話時，我感覺你在貶低我。,prefix,yingdan1:prefix:u02,yingdan1:prefix:g004,3,3,3,18,
yingdan1:p003:e06,lexeme:2277d8c05881e3c9,19,deliberate,deliberate,deliberate,dɪ`lɪbərɪt,形,故意的,反,heedless,檢,3,de 完全的 + liber 釋放 + ate 動詞,The way the bully knocked him hurt was obviously deliberate.,那位惡霸把他打傷的過程顯然是故意的。,prefix,yingdan1:prefix:u02,yingdan1:prefix:g004,3,3,3,18,
yingdan1:p003:e07,lexeme:0e2095e5b7f55a55,20,delinquent,delinquent,delinquent,dɪ`lɪŋkwənt,形,有過失的,近,offending,益,3,de 完全的 + linqu 離開 + ent 形容詞,The adolescent is delinquent because he often violates the school rules.,那位青少年的過失在於時常違反校規。,prefix,yingdan1:prefix:u02,yingdan1:prefix:g004,3,4,3,18,
yingdan1:p004:e01,lexeme:9c0211c51d04574f,21,detail,detail,detail,`ditel,名,細節,反,generality,檢,5,de 完全的 + tail 切割,I need more details about this project before I accept your idea.,在我採納你的想法之前，我需要更多有關這份企劃的詳細資料。,prefix,yingdan1:prefix:u02,yingdan1:prefix:g004,4,4,4,19,
yingdan1:p004:e02,lexeme:958d4f64abe96c80,22,detergent,detergent,detergent,dɪ`tɝdʒənt,名,洗淨劑,同,cleaner,益,3,de 分離 + terg 擦淨 + ent 物,The detergent can be used to effectively remove tea stains.,這款洗潔劑能夠有效清除茶留下的污漬。,prefix,yingdan1:prefix:u02,yingdan1:prefix:g004,4,4,4,19,
yingdan1:p004:e03,lexeme:2483f281f1555930,23,devote,devote,devote,dɪ`vot,動,獻身於,同,dedicate,檢,5,de 來自 + vote 發誓,I devote my time to my wife because I love her.,我將全部的時間獻給我太太，因為我愛她。,prefix,yingdan1:prefix:u02,yingdan1:prefix:g004,4,4,4,19,
yingdan1:p004:e04,lexeme:8e11386019db8168,24,devour,devour,devour,dɪ`vaʊr,動,吞食,同,swallow,檢,3,de 完全的 + vour 吃,Those bears devoured twenty big salmons in only five minutes.,那些熊在短短五分鐘的時間內吞食了二十條大鮭魚。,prefix,yingdan1:prefix:u02,yingdan1:prefix:g004,4,4,4,19,
yingdan1:p004:e05,lexeme:f63a8387f34cb135,25,illuminate,illuminate,illuminate,ɪ`luməˌnet,動,照亮,同,lighten,托,3,il 朝向 + lumin 亮光 + ate 動詞,The man used a flashlight to illuminate the path.,那名男子使用手電筒來照亮道路。,prefix,yingdan1:prefix:u02,yingdan1:prefix:g005,4,4,4,19,
yingdan1:p004:e06,lexeme:171aac72c04f6eaa,26,illusion,illusion,illusion,ɪ`luʒən,名,幻覺,反,reality,托,3,il 朝向 + lus 遊戲 + ion 名詞,Most people who think they see ghosts probably see an illusion of some sort.,大多數自認看見鬼的人可能是看到某種幻影。,prefix,yingdan1:prefix:u02,yingdan1:prefix:g005,4,4,4,19,
yingdan1:p004:e07,lexeme:f2ec3e85b72ddfae,27,illustrate,illustrate,illustrate,`ɪləstret,動,舉例說明,近,clarify,托,3,il 朝向 + lustr 亮光 + ate 動詞,The chief of the Board illustrated the topic of the day before the meeting.,董事會主席在會議前說明今天的議題。,prefix,yingdan1:prefix:u02,yingdan1:prefix:g005,4,4,4,19,
yingdan1:p005:e01,lexeme:1bc04b5291c26a46,28,index,index,index,`ɪndɛks,名,指南；索引,近,indicator,托,4,in 朝向 + dex 熟練,"If a person wants to find something specific in the guide, they should look at the index.",如果有人想要在旅遊指南中找到特定資訊，應該去看索引。,prefix,yingdan1:prefix:u02,yingdan1:prefix:g005,5,5,5,20,
yingdan1:p005:e02,lexeme:21feae6bc4428b5c,29,indulge,indulge,indulge,ɪn`dʌldʒ,動,放縱；沉溺,反,abstain,雅,3,in 朝向 + dulge 吸引,We plan to indulge in an afternoon tea on our return.,我們打算在回程時享用下午茶。,prefix,yingdan1:prefix:u02,yingdan1:prefix:g005,5,5,5,20,
yingdan1:p005:e03,lexeme:59ab84ee2e3e9d75,30,invade,invade,invade,ɪn`ved,動,侵略；侵擾,同,intrude,檢,3,in 朝向 + vade 行走,The German military invaded many countries in the early part of the twentieth century.,德國軍隊在二十世紀初期侵略過許多國家。,prefix,yingdan1:prefix:u02,yingdan1:prefix:g005,5,5,5,20,
yingdan1:p005:e04,lexeme:29ba6947875fa4db,31,investigate,investigate,investigate,ɪn`vɛstəˌget,動,調查,同,look into,益,4,in 朝向 + vestig 殘跡 + ate 動詞,The police need to investigate if the robber is responsible for all the crimes.,這名搶犯是否犯下所有的案子，警方仍需調查。,prefix,yingdan1:prefix:u02,yingdan1:prefix:g005,5,5,5,20,
yingdan1:p005:e05,lexeme:a438450d6ba8f12d,32,parachute,parachute,parachute,`pærəˌʃut,名,降落傘,同,chute,托,4,para 抵抗 + chute 掉落,The skydiver opened his parachute in time.,這位跳傘選手及時打開了他的降落傘。,prefix,yingdan1:prefix:u02,yingdan1:prefix:g006,5,5,5,20,
yingdan1:p005:e06,lexeme:c097a031849cabfc,33,paragraph,paragraph,paragraph,`pærəˌgræf,名,段落,同,passage,檢,4,para 旁邊 + graph 書寫,The second paragraph of the essay has many inconsistencies.,這篇論文的第二段有許多不連貫之處。,prefix,yingdan1:prefix:u02,yingdan1:prefix:g006,5,5,5,20,
yingdan1:p005:e07,lexeme:83a00300ad6a2502,34,parallel,parallel,parallel,`pærəˌlɛl,形,平行的,反,crooked,研,5,para 旁邊 + llel 另一個,The unemployment rate is always parallel with the crime rate in this area.,這個地區的失業率和犯罪率總是並列同行。,prefix,yingdan1:prefix:u02,yingdan1:prefix:g006,5,5,5,20,
yingdan1:p005:e08,lexeme:9d8c967453a363df,35,paralyze,paralyze,paralyze,`pærəˌlaɪz,動,使痲痺；使癱瘓,近,incapacitate,托,4,para 旁邊 + lyze 鬆開,The stroke paralyzed the right side of the man's body.,中風致使那名男子的身體右半邊癱瘓。,prefix,yingdan1:prefix:u02,yingdan1:prefix:g006,5,6,5,20,
yingdan1:p006:e01,lexeme:9b97ac5e767e5393,36,enterprise,enterprise,enterprise,`ɛntɚˌpraɪz,名,事業,同,business,益,3,enter 在…之間 + prise 抓住,Uni-Tech is a private enterprise and most of the board members are relatives.,統一科技公司是私人企業，大部分的董事會成員互為親戚。,prefix,yingdan1:prefix:u03,yingdan1:prefix:g007,6,6,6,21,
yingdan1:p006:e02,lexeme:9f80a5e14017ccc0,37,intelligence,intelligence,intelligence,ɪn`tɛlədʒəns,名,智力,同,intellect,檢,4,intel 在…之間 + lig 選擇 + ence 名詞,The intelligence of dolphins is said to be superior to all other animals.,據說海豚的智力優於其他動物。,prefix,yingdan1:prefix:u03,yingdan1:prefix:g007,6,6,6,21,
yingdan1:p006:e03,lexeme:6b6b85aed8adda90,38,interior,interior,interior,ɪn`tɪrɪɚ,名,室內；內部,反,exterior,益,3,inter 在…之間 + ior 比較級,The interior of the house is quite roomy. It's ideal for our family.,這棟房子的室內空間很寬敞，對我們家來說很理想。,prefix,yingdan1:prefix:u03,yingdan1:prefix:g007,6,6,6,21,
yingdan1:p006:e04,lexeme:1e3bb894756f8d62,39,international,international,international,ˌɪntɚ`næʃənl,形,國際的,反,local,檢,4,inter 在…之間 + nation 國家 + al 形容詞,Stephen King is a famous writer that achieved the status of international best-seller.,史蒂芬．金是一位國際知名的暢銷書作家。,prefix,yingdan1:prefix:u03,yingdan1:prefix:g007,6,6,6,21,
yingdan1:p006:e05,lexeme:3b0fe0d342e9fa16,40,internet,internet,internet,`ɪntɚˌnɛt,名,網際網路,關,website,益,5,inter 在…之間 + net 網絡,The Internet is a useful tool while doing research.,在做研究時，網際網路是一項極為好用的工具。,prefix,yingdan1:prefix:u03,yingdan1:prefix:g007,6,6,6,21,
yingdan1:p006:e06,lexeme:e4bbc6c597820b02,41,interpret,interpret,interpret,ɪn`tɝprɪt,動,口譯,同,translate,托,4,inter 在…之間 + pret 給…定價,We will need a translator to interpret Spanish at the meeting.,我們需要一名口譯在會議中翻譯西班牙文。,prefix,yingdan1:prefix:u03,yingdan1:prefix:g007,6,7,6,21,
yingdan1:p007:e01,lexeme:6fda7451bc6b4a59,42,intersection,intersection,intersection,ˌɪntɚ`sɛkʃən,名,十字路口,同,crossing,檢,3,inter 在…之間 + section 路段,There was a bad accident at the intersection yesterday.,昨天在十字路口發生一起可怕的車禍。,prefix,yingdan1:prefix:u03,yingdan1:prefix:g007,7,7,7,22,
yingdan1:p007:e02,lexeme:3fe1406a8254afd4,43,interval,interval,interval,`ɪntɚvl,名,間隔,反,continuation,托,3,inter 在…之間 + val 間隔；牆,The shuttle bus arrives at an interval of fifteen minutes.,接駁車每十五分鐘來一班。,prefix,yingdan1:prefix:u03,yingdan1:prefix:g007,7,7,7,22,
yingdan1:p007:e03,lexeme:02540942346fdfbf,44,interview,interview,interview,`ɪntɚˌvju,名 | 動,面試,關,interviewee,檢,4,inter 在…之間 + view 見,The manager just had a phone interview with a prospective employee.,這名經理剛對未來的員工進行了一場電話面試。,prefix,yingdan1:prefix:u03,yingdan1:prefix:g007,7,7,7,22,
yingdan1:p007:e04,lexeme:a4ce996f70c5e989,45,epidemic,epidemic,epidemic,ˌɛpɪ`dɛmɪk,名,傳染病,同,contagion,托,4,epi 在…之中 + dem 人民 + ic 名詞,The epidemic in this region may flare up again during next summer.,這個地區的傳染病疫情可能在下個夏季再度爆發。,prefix,yingdan1:prefix:u03,yingdan1:prefix:g008,7,7,7,22,
yingdan1:p007:e05,lexeme:7e414e6ac41ac7a0,46,episode,episode,episode,`ɛpəˌsod,名,情節；插曲,關,TV series,檢,3,epi 在…之上 + sode 進來,"I have seen all the episodes of ""Friends"" five times over.",《六人行》全套我已經看過五次。,prefix,yingdan1:prefix:u03,yingdan1:prefix:g008,7,7,7,22,
yingdan1:p007:e06,lexeme:656522a03a86744d,47,incense,incense,incense,ɪn`sɛns,動,激怒,同,annoy,托,3,in 在裡面 + cense 燒香,"When a person is angry, there is no point to incense the situation by saying dim-witted things.",面對一個已經在生氣的人，沒必要說些不明智的話來激怒對方。,prefix,yingdan1:prefix:u03,yingdan1:prefix:g009,7,7,7,22,
yingdan1:p007:e07,lexeme:ba66450affc4547b,48,incentive,incentive,incentive,ɪn`sɛntɪv,名,誘因,同,enticement,益,4,in 在裡面 + cent 唱歌 + ive 形容詞,The winner of the project contest can get an incentive payment of sixty thousand dollars.,企劃競賽的贏家可獲得六萬元激勵獎金。,prefix,yingdan1:prefix:u03,yingdan1:prefix:g009,7,8,7,22,
yingdan1:p008:e01,lexeme:d4191834714542dc,49,incident,incident,incident,`ɪnsədnt,名,事件,同,event,雅,5,in 在上面 + cid 掉落 + ent 名詞,The witness' report of the incident is contradictory.,目擊證人對整起事件的說法前後矛盾。,prefix,yingdan1:prefix:u03,yingdan1:prefix:g009,8,8,8,23,
yingdan1:p008:e02,lexeme:132f0118feb2a6e5,50,imprison,imprison,imprison,ɪm`prɪzn,動,監禁,反,liberate,托,3,im 在裡面 + prison 監獄,Please do not imprison my son because he didn't do the crime.,我的兒子並沒有犯罪，請不要監禁他。,prefix,yingdan1:prefix:u03,yingdan1:prefix:g009,8,8,8,23,
yingdan1:p008:e03,lexeme:106b086224a4d945,51,inside,inside,inside,`ɪn`saɪd,名,內部；內側,反,outside,研,5,in 在裡面 + side 面,The game had to be moved inside to the gym because of the heavy rain.,因為下大雨，所以比賽必須移至體育館。,prefix,yingdan1:prefix:u03,yingdan1:prefix:g009,8,8,8,23,
yingdan1:p008:e04,lexeme:e43ba08557cbb4f1,52,insight,insight,insight,`ɪnˌsaɪt,名,見識；洞察力,同,vision,益,4,in 在裡面 + sight 看見,We were all impressed by the speaker's insights on international law.,講者對國際法的灼見令我們印象深刻。,prefix,yingdan1:prefix:u03,yingdan1:prefix:g009,8,8,8,23,
yingdan1:p008:e05,lexeme:207dcab2fa481014,53,intuition,intuition,intuition,ˌɪntju`ɪʃən,名,直覺,同,instinct,益,3,in 在裡面 + tuit 觀看 + ion 名詞,My mother had an intuition that I would get accepted at Harvard University and she was right!,我媽媽直覺認為哈佛大學會接受我的入學申請，結果應驗了！,prefix,yingdan1:prefix:u03,yingdan1:prefix:g009,8,8,8,23,
yingdan1:p008:e06,lexeme:3a48c2443b07faa2,54,submarine,submarine,submarine,ˌsʌbmə`rin,名,潛水艇,近,battleship,托,3,sub 下面 + mar 海 + ine 名詞 (物),The ultrasound technology was first used in the World War II to detect submarines.,超音波技術首次使用於二次大戰，用來偵查潛水艇。,prefix,yingdan1:prefix:u03,yingdan1:prefix:g010,8,8,8,23,
yingdan1:p008:e07,lexeme:943ae60b331ded4a,55,substance,substance,substance,`sʌbstəns,名,物質,同,material,托,4,sub 下面 + stan 站立 + ance/ce 名詞,The substance that we have found on the John Doe is poisonous.,我們在那具無名屍上發現的物質是有毒的。,prefix,yingdan1:prefix:u03,yingdan1:prefix:g010,8,9,8,23,
yingdan1:p009:e01,lexeme:75519932722f6e16,56,substitute,substitute,substitute,`sʌbstəˌtjut,名,替代品,同,replacement,檢,4,sub 下面 + stitute 建立,"Frankly speaking, eating less is not an effectvie substitute for exercise.",坦白說，吃得少不能有效替代運動。,prefix,yingdan1:prefix:u03,yingdan1:prefix:g010,9,9,9,24,
yingdan1:p009:e02,lexeme:2298c2ae6c6faae4,57,subtle,subtle,subtle,`sʌtl,形,敏銳的；微細的,反,conspicuous,雅,3,sub 下面 + tle 擺動,"Try to be subtle when breaking bad news to others, or it might make them angry.",在傳達壞消息時要試著敏銳一點，否則可能會惹惱對方。,prefix,yingdan1:prefix:u03,yingdan1:prefix:g010,9,9,9,24,
yingdan1:p009:e03,lexeme:9f3a4329d8325465,58,subway,subway,subway,`sʌbˌwe,名,地下鐵,同,underground,雅,4,sub 下面 + way 道路,The subway is in operation. It would surely save you a lot of time in transportation.,地下鐵正在營運，它肯定能省下你很多通勤時間。,prefix,yingdan1:prefix:u03,yingdan1:prefix:g010,9,9,9,24,
yingdan1:p009:e04,lexeme:b9abdfa5387bf941,59,sufficient,sufficient,sufficient,sə`fɪʃənt,形,足夠的,同,plentiful,益,4,suf 下面 + fici 製作 + ent 形容詞,That student didn't have sufficient money to pay for his meal.,那名學生當時沒有足夠的錢付餐費。,prefix,yingdan1:prefix:u03,yingdan1:prefix:g010,9,9,9,24,
yingdan1:p009:e05,lexeme:b15c961913da1c45,60,suffocate,suffocate,suffocate,`sʌfəˌket,動,使窒息,同,choke,研,3,suf 下面 + foc 食道 + ate 動詞,I feel like I'm suffocating when I'm in a room with people who are smoking.,每當我和吸菸者共處一室時，都感覺快窒息了。,prefix,yingdan1:prefix:u03,yingdan1:prefix:g010,9,9,9,24,
yingdan1:p009:e06,lexeme:2815cb02b95b6d15,61,summon,summon,summon,`sʌmən,動,傳喚,同,call for,托,3,sum 下面 + mon 通知,The judge has summoned the defendant's ex-wife to testify.,法官傳喚被告的前妻作證。,prefix,yingdan1:prefix:u03,yingdan1:prefix:g010,9,9,9,24,
yingdan1:p009:e07,lexeme:21aef37bf4ee4959,62,sovereign,sovereign,sovereign,`sɑvrɪn,形,具獨立主權的,同,autonomous,托,4,sove 在…之上 + reign 支配,Quebec failed to become a sovereign country because the referendum in 1995 failed.,魁北克未能成為一個主權國家是因為一九九五年的公投失敗。,prefix,yingdan1:prefix:u03,yingdan1:prefix:g011,9,10,9,24,
yingdan1:p010:e01,lexeme:0178fa91fd0fe5bd,63,superb,superb,superb,sʊ`pɝb,形,上等的；一流的,同,splendid,益,3,super 超越 + b 成為,Roy overwhelmed his opponent with his superb technique.,羅伊以高超的技術擊敗了對手。,prefix,yingdan1:prefix:u03,yingdan1:prefix:g011,10,10,10,25,
yingdan1:p010:e02,lexeme:fc4d6c9e874c1f12,64,superior,superior,superior,sə`pɪrɪɚ,形,優秀的,反,inferior,托,4,super 超越 + ior 比較級,Do you think Iron Man is superior to Captain America?,你覺得鋼鐵人比美國隊長厲害嗎？,prefix,yingdan1:prefix:u03,yingdan1:prefix:g011,10,10,10,25,
yingdan1:p010:e03,lexeme:40a13b748ecc27b3,65,supersonic,supersonic,supersonic,ˌsupɚ`sɑnɪk,形,超音速的,同,rapid,托,3,super 超越 + son 聲音 + ic 形容詞,The fighter jet is capable of reaching supersonic speed.,那台噴射客機的飛行速度能夠達到超音速。,prefix,yingdan1:prefix:u03,yingdan1:prefix:g011,10,10,10,25,
yingdan1:p010:e04,lexeme:f8f474a55befde8b,66,supreme,supreme,supreme,sə`prim,形,至高的,同,crowning,雅,3,super/supre 超越 + me 字尾,The case passed quickly through the High Court to the Supreme Court.,案件很快就從高等法院移送到最高法院。,prefix,yingdan1:prefix:u03,yingdan1:prefix:g011,10,10,10,25,
yingdan1:p010:e05,lexeme:1bd305c929ba350e,67,surplus,surplus,surplus,`sɝpləs,名,盈餘,同,excess,益,3,sur 在…之上 + plus 外加,The government had a trillion dollar surplus last year.,政府去年有一兆盈餘。,prefix,yingdan1:prefix:u03,yingdan1:prefix:g011,10,10,10,25,
yingdan1:p010:e06,lexeme:e75eb6e2d3fb49fb,68,surrender,surrender,surrender,sə`rɛndɚ,動,投降,同,capitulate,檢,4,sur 在…之上 + render 放棄,The German and Japanese army surrendered to the allied forces.,德軍和日軍向盟軍投降。,prefix,yingdan1:prefix:u03,yingdan1:prefix:g011,10,10,10,25,
yingdan1:p010:e07,lexeme:811f2a14b9850c9d,69,survey,survey,survey,`sɝve,名,調查；調查報告,近,study,托,3,sur 超越 + vey 看,Professor Lin asked us to conduct a survey pertaining to student satisfaction of the professors.,林教授要我們做一項學生對教授滿意度的調查。,prefix,yingdan1:prefix:u03,yingdan1:prefix:g011,10,10,10,25,
yingdan1:p011:e01,lexeme:4fb10800cbeeca99,70,aboard,aboard,aboard,ə`bɔrd,介 | 副,在車 (船、飛機) 上,同,on board,益,4,a 處於 + board 船、車上,We all got aboard the ferry in Taitung to go visit Green Island.,我們在台東搭渡輪，前往綠島遊覽。,prefix,yingdan1:prefix:u04,yingdan1:prefix:g012,11,11,11,26,
yingdan1:p011:e02,lexeme:a6278590a4ba1f3c,71,abroad,abroad,abroad,ə`brɔd,副,去國外；在國外,同,overseas,檢,5,a 處於 + broad 遼闊的,Rick is considering going abroad for his study.,為了他的研究，瑞克在考慮出國的事情。,prefix,yingdan1:prefix:u04,yingdan1:prefix:g012,11,11,11,26,
yingdan1:p011:e03,lexeme:deb538b50cb6318b,72,across,across,across,ə`krɔs,介,橫越；穿過,同,athwart,益,4,a 處於 + cross 穿越,Across the Taiwan Strait is the People's Republic of China.,橫跨台灣海峽就是中華人民共和國。,prefix,yingdan1:prefix:u04,yingdan1:prefix:g012,11,11,11,26,
yingdan1:p011:e04,lexeme:d0b4034c6ca7ee87,73,ahead,ahead,ahead,ə`hɛd,副,在前面,同,forward,檢,3,a 處於 + head 頂端,Several students went ahead of the teacher without asking.,有幾位學生沒問過老師就走到前面。,prefix,yingdan1:prefix:u04,yingdan1:prefix:g012,11,11,11,26,
yingdan1:p011:e05,lexeme:135fc7a09da25f03,74,alive,alive,alive,ə`laɪv,形,活著的,反,dead,托,4,a 處於 + live 活的,The rescued scuba divers are really happy to be alive and well.,獲救的潛水員非常高興自己還安然無恙地活著。,prefix,yingdan1:prefix:u04,yingdan1:prefix:g012,11,11,11,26,
yingdan1:p011:e06,lexeme:69dabc67d286f871,75,amid,amid,amid,ə`mɪd,介,在…之間；在…之中,同,amidst,雅,3,a 處於 + mid 中央,"Luckily, we still have a job to go to amid the financial crisis.",幸運的是，即便發生金融危機，我們還保有工作。,prefix,yingdan1:prefix:u04,yingdan1:prefix:g012,11,11,11,26,
yingdan1:p011:e07,lexeme:766c1d13a3e06c4d,76,among,among,among,ə`mʌŋ,介,在…之中,同,amid,檢,4,a 處於 + mong 人群,She is among the few girls to have joined the army in Taiwan.,她是台灣少數從軍的女孩之一。,prefix,yingdan1:prefix:u04,yingdan1:prefix:g012,11,11,11,26,
yingdan1:p012:e01,lexeme:a4a00c840fc35599,77,around,around,around,ə`raʊnd,介,環繞；圍繞,同,about,益,3,a 處於 + round 周圍,A young American woman sailed around the world by herself.,一位年輕的美國女性獨自航行全世界。,prefix,yingdan1:prefix:u04,yingdan1:prefix:g012,12,12,12,27,
yingdan1:p012:e02,lexeme:d07bce046a93196a,78,aside,aside,aside,ə`saɪd,副,在旁邊,同,next to,研,3,a 處於 + side 旁邊,Let's put our differences aside and try to find a solution.,讓我們撇開彼此的歧見，試著找出解決方案。,prefix,yingdan1:prefix:u04,yingdan1:prefix:g012,12,12,12,27,
yingdan1:p012:e03,lexeme:ea51ae6e548ffbb8,79,asleep,asleep,asleep,ə`slip,形,睡著的,反,awake,檢,2,a 處於 + sleep 睡覺,I always fall asleep when that boring teacher talks too much.,那位無趣的老師講太多話時，我總會睡著。,prefix,yingdan1:prefix:u04,yingdan1:prefix:g012,12,12,12,27,
yingdan1:p012:e04,lexeme:378ce56a9d146d51,80,away,away,away,ə`we,副,離開,近,absent,檢,3,a 處於 + way 道路,I wish all these cockroaches in my house would just go away!,希望我房子裡的蟑螂都能離開！,prefix,yingdan1:prefix:u04,yingdan1:prefix:g012,12,12,12,27,
yingdan1:p012:e05,lexeme:a511aeeeb8a11993,81,because,because,because,bɪ`kɔz,連,因為,同,since,檢,5,be 存在於 + cause 原因,I bought some sticky rice dumplings because the Dragon Boat Festival is around the corner.,端午節就要到了，所以我買了一些粽子。,prefix,yingdan1:prefix:u04,yingdan1:prefix:g013,12,12,12,27,
yingdan1:p012:e06,lexeme:9ebb1e6f5b2adf42,82,become,become,become,bɪ`kʌm,動,成為,同,change into,檢,5,be 存在於 + come 來到,My nephew dreams of becoming a doctor and practicing in the U.S.,我的外甥夢想成為一名醫師，並且在美國執業。,prefix,yingdan1:prefix:u04,yingdan1:prefix:g013,12,12,12,27,
yingdan1:p012:e07,lexeme:6db7d803e74f1ffa,83,before,before,before,bɪ`fɔr,介,在…之前,反,after,檢,5,be 存在於 + fore 前部,"Before going to KTV, I need to do the laundry first.",去 KTV 之前，我必須先洗好衣服。,prefix,yingdan1:prefix:u04,yingdan1:prefix:g013,12,12,12,27,
yingdan1:p012:e08,lexeme:21c55231a5707637,84,behalf,behalf,behalf,bɪ`hæf,名,利益；代表,同,interest,益,4,be 存在於 + half 一邊,"On behalf of all the children in the world, please stop polluting!",為了世界上所有的孩子，請不要再製造污染了！,prefix,yingdan1:prefix:u04,yingdan1:prefix:g013,12,13,12,27,
yingdan1:p013:e01,lexeme:b1b886ce5f5750a0,85,behind,behind,behind,bɪ`haɪnd,介,在…後面,同,at the rear of,托,5,be 存在於 + hind 後面,I'm scared because there's a cockroach behind the locker.,櫃子後面有一隻蟑螂，所以我很害怕。,prefix,yingdan1:prefix:u04,yingdan1:prefix:g013,13,13,13,28,
yingdan1:p013:e02,lexeme:8ada24bf6bf31392,86,below,below,below,bə`lo,介,在…下面,反,above,研,4,be 存在於 + low 低的,A working holiday in Australia is limited to those aged 30 or below.,澳洲打工旅遊專案僅限三十歲以下者申請。,prefix,yingdan1:prefix:u04,yingdan1:prefix:g013,13,13,13,28,
yingdan1:p013:e03,lexeme:2f3ca61c7e8e9936,87,beneath,beneath,beneath,bɪ`niθ,介,在…之下,同,under,雅,4,be 存在於 + neath 下面,Sean's salary per month is beneath his sister's.,尚恩的月薪比他姐姐低。,prefix,yingdan1:prefix:u04,yingdan1:prefix:g013,13,13,13,28,
yingdan1:p013:e04,lexeme:5bcaffed4d27f7b2,88,beside,beside,beside,bɪ`saɪd,介,在旁邊,同,adjacent to,托,4,be 存在於 + side 旁邊,My manager forgot her iPad beside the copy machine in the meeting room.,經理把 iPad 忘在會議室的影印機旁邊。,prefix,yingdan1:prefix:u04,yingdan1:prefix:g013,13,13,13,28,
yingdan1:p013:e05,lexeme:3fff1513949cbf17,89,betray,betray,betray,bɪ`tre,動,背叛；陷害,反,protect,益,4,be 存在於 + tray 呈交,That soldier was put into jail because he betrayed his country.,那名士兵背叛了國家，因而被關進監獄。,prefix,yingdan1:prefix:u04,yingdan1:prefix:g013,13,13,13,28,
yingdan1:p013:e06,lexeme:5e8818d1dd191490,90,beyond,beyond,beyond,bɪ`jɑnd,介,超出,同,over,研,4,be 存在於 + yond 遠處,The convenience and cost effectiveness of the hotel are beyond my imagination.,這間飯店的便利性和低價位超乎我的想像。,prefix,yingdan1:prefix:u04,yingdan1:prefix:g013,13,13,13,28,
yingdan1:p013:e07,lexeme:1f1fd1804b915281,91,oblige,oblige,oblige,ə`blaɪdʒ,動,強制,同,compel,益,3,ob 處於 + lige 綑綁,The architect was obliged to abandon the project because of the tight budget.,因為預算吃緊，建築師被迫放棄計畫。,prefix,yingdan1:prefix:u04,yingdan1:prefix:g014,13,13,13,28,
yingdan1:p014:e01,lexeme:771ddab9b936047a,92,obscure,obscure,obscure,əb`skjʊr,形,隱藏的,反,obvious,托,4,ob 處於 + scure 覆蓋,Bats usually live in dark and obscure caves where most people would never go.,蝙蝠通常住在幽暗又隱密的洞穴，這種地方大部分的人都不會去。,prefix,yingdan1:prefix:u04,yingdan1:prefix:g014,14,14,14,29,
yingdan1:p014:e02,lexeme:18e3ae4efaddf07c,93,occupy,occupy,occupy,`ɑkjəˌpaɪ,動,占據,同,take up,益,4,oc 處於 + cupy 抓；奪,Writing is very time-consuming. It occupies most of my free time.,寫作非常費時，它占據了我大多數的空閒時間。,prefix,yingdan1:prefix:u04,yingdan1:prefix:g014,14,14,14,29,
yingdan1:p014:e03,lexeme:4666a3f66bc600ad,94,circuit,circuit,circuit,`sɝkɪt,名,周邊一圈,近,lap,托,4,circu 環繞 + it 行走,The Formula 1 circuit in Montreal is very dangerous.,F1 賽車錦標賽在蒙特婁的賽道很危險。,prefix,yingdan1:prefix:u04,yingdan1:prefix:g015,14,14,14,29,
yingdan1:p014:e04,lexeme:510a60e068117bf4,95,circulate,circulate,circulate,`sɝkjəˌlet,動,循環；流通,同,spread,研,4,circul 環繞 + ate 動詞,There is a rumor circulating that the new mayor was involved in an embezzlement scandal.,新任市長侵占公款的謠言一直流傳著。,prefix,yingdan1:prefix:u04,yingdan1:prefix:g015,14,14,14,29,
yingdan1:p014:e05,lexeme:ac455671cf7f38cf,96,circumstance,circumstance,circumstance,`sɝkəmˌstæns,名,環境,同,condition,研,5,circum 周圍 + stan 站立 + ance/ce 名詞,The circumstances in Iraq have been bad for a long time.,伊拉克的處境已經糟了好一陣子。,prefix,yingdan1:prefix:u04,yingdan1:prefix:g015,14,14,14,29,
yingdan1:p014:e06,lexeme:3f40462915a3e602,97,telegram,telegram,telegram,`tɛləˌgræm,名,電報,同,cablegram,益,3,tele 遠方的 + gram 書寫,"About 150 years ago, people can get messages by telegram.",大約在一百五十年前，人們可透過電報獲得訊息。,prefix,yingdan1:prefix:u04,yingdan1:prefix:g016,14,14,14,29,
yingdan1:p014:e07,lexeme:0684c60c14e870b7,98,telegraph,telegraph,telegraph,`tɛləˌgræf,名,電報；電信,近,broadcast,托,3,tele 遠方的 + graph 書寫,"Because there are telephones and email, we no longer need telegraph.",因為有了電話和電子郵件，所以我們不必再打電報了。,prefix,yingdan1:prefix:u04,yingdan1:prefix:g016,14,15,14,29,
yingdan1:p015:e01,lexeme:7339725159893c57,99,telephone,telephone,telephone,`tɛləˌfon,名,電話,同,phone,檢,4,tele 遠方的 + phone 聲音,The Canadian Alexander Graham Bell was the inventor of the telephone.,加拿大人亞歷山大．葛蘭．貝爾是電話的發明者。,prefix,yingdan1:prefix:u04,yingdan1:prefix:g016,15,15,15,30,
yingdan1:p015:e02,lexeme:918d6b6a9b95943b,100,telescope,telescope,telescope,`tɛləˌskop,名,望遠鏡,同,scope,托,3,tele 遠方的 + scope 看,I bought a telescope for my study. It really cost me a lot.,因為研究需要，我買了一台望遠鏡，花了我好多錢。,prefix,yingdan1:prefix:u04,yingdan1:prefix:g016,15,15,15,30,
yingdan1:p015:e03,lexeme:a031eda273ac1886,101,television,television,television,`tɛləˌvɪʒən,名,電視,同,TV set,檢,5,tele 遠方的 + vision 視力,You've been watching television for six hours! It's time to turn it off.,你已經看了六個小時的電視節目！該關電視了。,prefix,yingdan1:prefix:u04,yingdan1:prefix:g016,15,15,15,30,
yingdan1:p015:e04,lexeme:df864c0596aa1a43,102,abandon,abandon,abandon,ə`bændən,動,遺棄；拋棄,同,forsake,托,4,a 前往 + bandon 權限 (提示：自由處理權),The abandoned dog was adopted by a caring and nice woman.,一位好心的女子收養了那隻棄犬。,prefix,yingdan1:prefix:u05,yingdan1:prefix:g017,15,15,15,30,
yingdan1:p015:e05,lexeme:2d1d52c3d18efcfd,103,accumulate,accumulate,accumulate,ə`kjumjəˌlet,動,累積,同,accrue,研,4,ac 前往 + cumulate 堆積,"If you accumulate more debt, you will end up in big trouble.",如果你的債務再往上累積，就會有大麻煩。,prefix,yingdan1:prefix:u05,yingdan1:prefix:g017,15,15,15,30,
yingdan1:p015:e06,lexeme:f42e528e3a41a75f,104,accustom,accustom,accustom,ə`kʌstəm,動,使習慣,近,acquaint,檢,5,ac 前往 + custom 習慣,It could be hard to get accustomed to another culture.,要習慣另一國的文化可能會很困難。,prefix,yingdan1:prefix:u05,yingdan1:prefix:g017,15,15,15,30,
yingdan1:p016:e01,lexeme:085afa73a88616ef,105,acknowledge,acknowledge,acknowledge,ək`nɑlɪdʒ,動,承認,反,decline,檢,4,ac 前往 + know 知道 + ledge 動作,My teacher was so angry at me that she wouldn't even acknowledge my presence in the classroom.,老師對我感到很火大，甚至不願意承認我有去上課。,prefix,yingdan1:prefix:u05,yingdan1:prefix:g017,16,16,16,31,
yingdan1:p016:e02,lexeme:66ac77df5e969edd,106,acquaint,acquaint,acquaint,ə`kwent,動,使熟悉；了解,同,familiarize,托,3,ac 前往 + quaint 理解,I need some time to get acquainted with my colleagues.,我需要花點時間認識同事。,prefix,yingdan1:prefix:u05,yingdan1:prefix:g017,16,16,16,31,
yingdan1:p016:e03,lexeme:d80c9bf910f14473,107,address,address,address,ə`drɛs,動,演說,同,talk,檢,5,ad 前往 + dress 直接,The president will address the nation this evening.,總統將於今天晚上發表全國演說。,prefix,yingdan1:prefix:u05,yingdan1:prefix:g017,16,16,16,31,
yingdan1:p016:e04,lexeme:410083735735a10e,108,allow,allow,allow,ə`laʊ,動,允許；准許,同,permit,檢,5,al 前往 + low 稱讚,It is not allowed to eat in the laboratory.,實驗室裡禁止進食。,prefix,yingdan1:prefix:u05,yingdan1:prefix:g017,16,16,16,31,
yingdan1:p016:e05,lexeme:d59386e0ae435e29,109,asset,asset,asset,`æsɛt,名,資產,同,wealth,益,4,as 前往 + set 足夠,Emma was asked to provide a list of her current assets for the credit rating.,艾瑪被要求提供她的流動資產清單以進行信用評等。,prefix,yingdan1:prefix:u05,yingdan1:prefix:g017,16,16,16,31,
yingdan1:p016:e06,lexeme:a919007637abd504,110,attach,attach,attach,ə`tætʃ,動,附上,反,detach,益,4,at 前往 + tach 繫於樁上,My boss requires me to attach medical certificate for my sick leave.,老闆要求我請假時附上醫療證明。,prefix,yingdan1:prefix:u05,yingdan1:prefix:g017,16,16,16,31,
yingdan1:p016:e07,lexeme:fca30679635be3bb,111,attack,attack,attack,ə`tæk,名 | 動,攻擊,反,defend,檢,5,at 前往 + tack 棍棒,The soldiers have been resisting the enemy's attack for two weeks.,士兵們已抵抗敵人的攻擊兩週。,prefix,yingdan1:prefix:u05,yingdan1:prefix:g017,16,16,16,31,
yingdan1:p016:e08,lexeme:1b253a2520329806,112,abortion,abortion,abortion,ə`bɔrʃən,名,墮胎,同,miscarriage,托,4,ab 離開 + ori 成長 + tion 名詞,My neighbor had an abortion last month.,我鄰居上個月去墮胎。,prefix,yingdan1:prefix:u05,yingdan1:prefix:g018,16,17,16,31,
yingdan1:p017:e01,lexeme:22b090dd46c756d3,113,absorb,absorb,absorb,əb`sɔrb,動,吸收,同,assimilate,托,5,ab 離開 + sorb 吸取,A sponge will absorb more water than it can retain on the surface.,海綿可以吸收許多表面上留不住的水分。,prefix,yingdan1:prefix:u05,yingdan1:prefix:g018,17,17,17,32,
yingdan1:p017:e02,lexeme:942c4efe53ad5236,114,abundant,abundant,abundant,ə`bʌndənt,形,豐富的,反,scarce,托,4,ab 離開 + und 起伏 + ant 形容詞,Kenting has an abundant amount of tourists in summer.,墾丁夏季時的遊客量很多。,prefix,yingdan1:prefix:u05,yingdan1:prefix:g018,17,17,17,32,
yingdan1:p017:e03,lexeme:e40dfff1a71eb7ba,115,advance,advance,advance,əd`væns,動,前進,近,propel,雅,4,adv 離開 + ance 在…前面,"If Spain wins this game, they will advance to face Germany.",若西班牙贏得這場比賽，他們就能晉級，並與德國隊對壘。,prefix,yingdan1:prefix:u05,yingdan1:prefix:g018,17,17,17,32,
yingdan1:p017:e04,lexeme:7db0558a5cdaa5ff,116,advantage,advantage,advantage,əd`væntɪdʒ,名,優勢,反,disadvantage,益,5,ad 離開 + vant 先前 + age 名詞,"If I learn English well, I will have an advantage in the future.",如果我把英文學好，將來會比較佔優勢。,prefix,yingdan1:prefix:u05,yingdan1:prefix:g018,17,17,17,32,
yingdan1:p017:e05,lexeme:6a5d28d69b8b05a6,117,diabetes,diabetes,diabetes,ˌdaɪə`bitɪz,名,糖尿病,關,disease,托,3,dia 穿越 + betes 行走 (提示：在古希臘表示「過多的排尿狀態」),My grandfather has been suffered from diabetes these years.,我的祖父這幾年深受糖尿病所苦。,prefix,yingdan1:prefix:u05,yingdan1:prefix:g019,17,17,17,32,
yingdan1:p017:e06,lexeme:2c20a6b064ee805c,118,diagram,diagram,diagram,`daɪəˌgræm,名,圖表,同,chart,益,4,dia 兩者之間 + gram 書寫,The diagram shows the difference between rich and poor in the developing country.,這張圖表顯示出這個開發中國家的貧富差距。,prefix,yingdan1:prefix:u05,yingdan1:prefix:g019,17,17,17,32,
yingdan1:p017:e07,lexeme:f3606d0cfb080252,119,dialect,dialect,dialect,`daɪəˌlɛkt,名,方言,同,idiom,托,3,dia 兩者之間 + lect 講話,Taiwanese and Hakka are dialects that are widely spoken in Taiwan.,在台灣，台語和客家話是最普遍的方言。,prefix,yingdan1:prefix:u05,yingdan1:prefix:g019,17,17,17,32,
yingdan1:p018:e01,lexeme:abe0ba24dae6eb85,120,dialogue,dialogue,dialogue,`daɪəˌlɔg,名,對話,同,discourse,檢,5,dia 兩者之間 + logue 講話,The dialogue between those two characters is hilarious.,那兩名角色間的對話非常好笑。,prefix,yingdan1:prefix:u05,yingdan1:prefix:g019,18,18,18,33,
yingdan1:p018:e02,lexeme:00a02fc515ab4e3f,121,diameter,diameter,diameter,daɪ`æmətɚ,名,直徑,關,radius,研,5,dia 穿越 + meter 尺寸,Geometry surely teaches how to calculate the diameter.,幾何學一定會教到如何計算直徑。,prefix,yingdan1:prefix:u05,yingdan1:prefix:g019,18,18,18,33,
yingdan1:p018:e03,lexeme:0bf474896363505e,122,digest,digest,digest,daɪ`dʒɛst,動,消化,同,absorb,托,4,di 分離 + gest 傳輸；攜帶,The patient cannot digest solid food yet.,那位病人還無法消化固體食物。,prefix,yingdan1:prefix:u05,yingdan1:prefix:g020,18,18,18,33,
yingdan1:p018:e04,lexeme:d296add506bba309,123,disability,disability,disability,ˌdɪsə`bɪlətɪ,名,殘疾,近,defect,益,4,dis 使喪失 + ability 能力,The boy's disability makes it hard for him to go up the stairs.,那位小男孩身患殘疾，因此無法爬樓梯。,prefix,yingdan1:prefix:u05,yingdan1:prefix:g020,18,18,18,33,
yingdan1:p018:e05,lexeme:109fa9f54c849bb7,124,discard,discard,discard,dɪs`kɑrd,動,拋棄,同,abandon,益,3,dis 分離 + card 紙張,Tommy discarded all the comic books when he cleaned the room.,湯米打掃房間的時候，把漫畫書都丟了。,prefix,yingdan1:prefix:u05,yingdan1:prefix:g020,18,18,18,33,
yingdan1:p018:e06,lexeme:4c2733abf54ccb0f,125,discreet,discreet,discreet,dɪ`skrit,形,謹慎的,同,cautious,檢,3,dis 分離 + creet 區別,"When it comes to personal issues, we should be discreet.",若涉及隱私，我們應該謹慎一點。,prefix,yingdan1:prefix:u05,yingdan1:prefix:g020,18,18,18,33,
yingdan1:p018:e07,lexeme:b8e8c313b6712eb7,126,disease,disease,disease,dɪ`ziz,名,疾病,同,illness,檢,5,dis 分離 + ease 安逸,Tuberculosis has been a frightening disease for centuries.,幾世紀以來，結核病一直都是駭人的疾病。,prefix,yingdan1:prefix:u05,yingdan1:prefix:g020,18,18,18,33,
yingdan1:p018:e08,lexeme:83180b745cbfaa82,127,disguise,disguise,disguise,dɪs`gaɪz,動,假扮,同,camouflage,檢,3,dis 分離 + guise 外表,The detective disguised himself with a mustache and glasses.,,prefix,yingdan1:prefix:u05,yingdan1:prefix:g020,18,18,18,33,missing_example_zh | orphan_translation | source_gap_after_entry
yingdan1:p019:e01,lexeme:8cb7a8a0a8728edf,128,refuge,refuge,refuge,`rɛfjudʒ,名,庇護所,同,asylum,托,4,re 返回 + fuge 逃跑,Soldiers who escaped the fighting found a refuge in the village.,逃兵們在村莊中找到一個庇護所。,prefix,yingdan1:prefix:u05,yingdan1:prefix:g022,19,19,19,36,category_inferred
yingdan1:p019:e02,lexeme:fe099a0620ce9759,129,regard,regard,regard,rɪ`gɑrd,名,問候；尊重,反,disdain,檢,5,re 返回 + gard 照顧,I cannot attend the wedding. Please give my best regards to Sam and his wife.,我無法出席婚禮，請你幫我向山姆和他太太獻上我誠摯的祝福。,prefix,yingdan1:prefix:u05,yingdan1:prefix:g022,19,19,19,36,category_inferred
yingdan1:p019:e03,lexeme:87780fa5de684e87,130,register,register,register,`rɛdʒɪstɚ,名,登記簿,同,registry,托,3,re 返回 + gister 具有,"First, record your name in the register and take a name tag.",首先，在登記簿上寫上您的大名，並領取名牌。,prefix,yingdan1:prefix:u05,yingdan1:prefix:g022,19,19,19,36,category_inferred
yingdan1:p019:e04,lexeme:d5259acec0d80c4f,131,regret,regret,regret,rɪ`grɛt,名 | 動,後悔,反,content,檢,4,re 再一次 + gret 哭泣,Mike's wife felt regret after she accused him of something he didn't do.,麥克的太太因為一件他沒做的事而責怪他，之後感到很後悔。,prefix,yingdan1:prefix:u05,yingdan1:prefix:g022,19,19,19,36,category_inferred
yingdan1:p019:e05,lexeme:017c3548afaae5f6,132,rehearse,rehearse,rehearse,rɪ`hɝs,動,預演,關,rehearsal,雅,3,re 再一次 + hearse 折磨,"The more you rehearse the play, the better the performance will be.",排演愈多次，演出就會愈順利。,prefix,yingdan1:prefix:u05,yingdan1:prefix:g022,19,19,19,36,category_inferred
yingdan1:p019:e06,lexeme:5c17fb27fc5002b2,133,reinforce,reinforce,reinforce,ˌriɪn`fɔrs,動,增強,同,bolster,檢,5,re 再一次 + en/in 使 + force 力量,"In writing the composition, Jane reinforced her argument by using various examples.",寫作文時，珍舉出各種例子來強調她的論點。,prefix,yingdan1:prefix:u05,yingdan1:prefix:g022,19,19,19,36,category_inferred
yingdan1:p019:e07,lexeme:942c59c72bf62ed7,134,relic,relic,relic,`rɛlɪk,名,遺跡,同,remains,托,3,re 返回 + lic 遺留,There is a relic of an old abandoned ship by the harbor.,碼頭旁邊有一處廢船遺跡。,prefix,yingdan1:prefix:u05,yingdan1:prefix:g022,19,19,19,36,category_inferred
yingdan1:p019:e08,lexeme:f2de1346d707ccb4,135,reluctant,reluctant,reluctant,rɪ`lʌktənt,形,不情願的,同,unwilling,益,3,re 再一次 + luct 掙扎 + ant 形容詞,Alice was reluctant to take over Adam's work.,艾莉絲不想接下亞當的工作。,prefix,yingdan1:prefix:u05,yingdan1:prefix:g022,19,19,19,36,category_inferred
yingdan1:p020:e01,lexeme:fc2b6c264e75e681,136,remain,remain,remain,rɪ`men,動,保持；仍然,同,persist,檢,4,re 返回 + main 停留,Twelve miners have been rescued from the mine but five remain trapped.,十二名礦工已被救出礦坑，但仍有五名受困。,prefix,yingdan1:prefix:u05,yingdan1:prefix:g022,20,20,20,37,category_inferred
yingdan1:p020:e02,lexeme:66f49a3a27a7e385,137,repay,repay,repay,rɪ`pe,動,償還,同,reimburse,益,4,re 再一次 + pay 支付,Ann lent me $250 and asked me to repay it within two weeks.,安借了我兩百五十元，並要求我在兩週內還她錢。,prefix,yingdan1:prefix:u05,yingdan1:prefix:g022,20,20,20,37,category_inferred
yingdan1:p020:e03,lexeme:469fb1948602cdc9,138,reproduce,reproduce,reproduce,ˌriprə`djus,動,再生產,近,duplicate,研,4,re 再一次 + produce 製造,Those cockroaches reproduce so fast that it's hard to get rid of them.,那些蟑螂的繁殖速度太快，難以將它們消滅殆盡。,prefix,yingdan1:prefix:u05,yingdan1:prefix:g022,20,20,20,37,category_inferred
yingdan1:p020:e04,lexeme:824ef7874151e9c8,139,rescue,rescue,rescue,`rɛskju,動,救援,同,extricate,托,4,re 返回 + scue 拉開,That brave firefighter rescued an aboriginal kid from drowning.,那位勇敢的消防隊員救了一名溺水的原住民孩子。,prefix,yingdan1:prefix:u05,yingdan1:prefix:g022,20,20,20,37,category_inferred
yingdan1:p020:e05,lexeme:66f62d1807d3821a,140,research,research,research,rɪ`sɝtʃ,名,研究,同,investigation,托,5,re 再一次 + search 搜查,We need further information for the research.,為了這份研究，我們需要更進一步的資料。,prefix,yingdan1:prefix:u05,yingdan1:prefix:g022,20,20,20,37,category_inferred
yingdan1:p020:e06,lexeme:50f2a151d15e0459,141,retrieve,retrieve,retrieve,rɪ`triv,動,取回,同,recapture,益,3,re 再一次 + trieve 尋找,Mr. Yang forgot to retrieve his belongings in the hotel before leaving for the airport.,在前往機場前，楊先生忘記取回放在飯店的行李。,prefix,yingdan1:prefix:u05,yingdan1:prefix:g022,20,20,20,37,category_inferred
yingdan1:p020:e07,lexeme:7187f0675eb38279,142,return,return,return,rɪ`tɝn,動,返回,反,depart,檢,5,re 返回 + turn 翻轉,These businessmen returning back from New York were quarantined.,這些從紐約返國的商務人士遭到隔離。,prefix,yingdan1:prefix:u05,yingdan1:prefix:g022,20,20,20,37,category_inferred
yingdan1:p020:e08,lexeme:419a636ccc2aa55c,143,reveal,reveal,reveal,rɪ`vil,動,揭發,反,conceal,益,4,re 返回；反 + veal 遮蔽,"Once the game is over, the contestant will reveal his identity to the audience.",一旦比賽結束，參賽者就會向觀眾表露身分。,prefix,yingdan1:prefix:u05,yingdan1:prefix:g022,20,20,20,37,category_inferred
yingdan1:p020:e09,lexeme:7696fff84f26472a,144,reward,reward,reward,rɪ`wɔrd,名,報酬,近,bounty,檢,4,re 返回 + ward 照顧,The reward for Ivy's extraordinary sales performance is a hefty bonus.,艾薇高業績的報酬是一筆豐厚的紅利。,prefix,yingdan1:prefix:u05,yingdan1:prefix:g022,20,21,20,37,category_inferred
yingdan1:p021:e01,lexeme:27f576cafbb263ed,145,transfer,transfer,transfer,træns`fɝ,動,調職,關,assign,益,4,trans 跨越 + fer 攜帶,My family will move to Spain because my father is being transferred by his company.,因為父親調職的關係，我們家將搬到西班牙。,prefix,yingdan1:prefix:u05,yingdan1:prefix:g023,21,21,21,38,
yingdan1:p021:e02,lexeme:aa214ea38326805d,146,transform,transform,transform,træns`fɔrm,動,變形；轉化,同,alter,研,4,trans 跨越 + form 形式,"After the military training, he was transformed from a little boy to a grown-up.",軍事訓練後，他從一個小男孩轉變為成年人了。,prefix,yingdan1:prefix:u05,yingdan1:prefix:g023,21,21,21,38,
yingdan1:p021:e03,lexeme:068b7e6c97f2284a,147,transit,transit,transit,`trænsɪt,名,過境,關,transportation,托,3,trans 跨越 + it 行走,John has a transit in Kuala Lumpur before heading to Amsterdam.,約翰在到阿姆斯特丹之前，會先過境吉隆坡。,prefix,yingdan1:prefix:u05,yingdan1:prefix:g023,21,21,21,38,
yingdan1:p021:e04,lexeme:d4db189c0eaacca0,148,transmit,transmit,transmit,træns`mɪt,動,傳送,同,pass on,托,4,trans 跨越 + mit 發送,Can you transmit this message to my boss for me?,可否請你替我把這個訊息傳達給我的老闆？,prefix,yingdan1:prefix:u05,yingdan1:prefix:g023,21,21,21,38,
yingdan1:p021:e05,lexeme:10e9f5602d2492b3,149,transparent,transparent,transparent,træns`pɛrənt,形,透明的,近,translucent,益,4,trans 跨越 + parent 呈現,I bought a pot with a transparent lid last Sunday.,我上個星期天買了一個鍋子，它有附透明鍋蓋。,prefix,yingdan1:prefix:u05,yingdan1:prefix:g023,21,21,21,38,
yingdan1:p021:e06,lexeme:6167cdc1bef986f0,150,transplant,transplant,transplant,`trænsˌplænt,名,移植,關,graft,托,4,trans 跨越 + plant 種植,The doctor scheduled Lucy's heart transplant this Friday.,醫生將露西的心臟移植手術排在這個星期五。,prefix,yingdan1:prefix:u05,yingdan1:prefix:g023,21,21,21,38,
yingdan1:p021:e07,lexeme:6694ea8075001f66,151,transport,transport,transport,træns`pɔrt,動,運輸,同,carry,益,4,trans 跨越 + port 運載,The bus will transport the tourists around the island on a three-day tour.,巴士將搭載觀光客進行環島三日遊。,prefix,yingdan1:prefix:u05,yingdan1:prefix:g023,21,22,21,38,
yingdan1:p022:e01,lexeme:ec62056c21a0fe20,152,tranquil,tranquil,tranquil,`træŋkwɪl,形,安靜的；平靜的,同,calm,益,4,trans/tran 跨越 + quil 靜止,You should've come with us! The beach was tranquil and relaxing.,你真該和我們一起去的！那個海灘既寧靜又令人放鬆。,prefix,yingdan1:prefix:u05,yingdan1:prefix:g023,22,22,22,39,
yingdan1:p022:e02,lexeme:262121c5372be8af,153,edit,edit,edit,`ɛdɪt,動,編輯,近,adapt,益,4,e 向外 + dit 產生,The author needs a capable editor to edit a few books that she has written.,那名作者需要一位有能力的編輯幫她處理幾本她已完成的書。,prefix,yingdan1:prefix:u05,yingdan1:prefix:g024,22,22,22,39,
yingdan1:p022:e03,lexeme:405b1a1fadc27ffb,154,editorial,editorial,editorial,ˌɛdə`tɔrɪəl,名,社論,近,critique,托,4,e 向外 + dit 產生 + or 人 + ial 名詞 (物),There's an interesting editorial in the Taipei Times.,台北時報上有一篇有趣的社論。,prefix,yingdan1:prefix:u05,yingdan1:prefix:g024,22,22,22,39,
yingdan1:p022:e04,lexeme:0a60353a3fd8b779,155,eliminate,eliminate,eliminate,ɪ`lɪməˌnet,動,淘汰,反,maintain,檢,4,e 排除 + limin 門檻 + ate 動詞,It's a pity that our baseball team got eliminated in the semifinal.,我們的棒球隊在準決賽時被淘汰，真可惜。,prefix,yingdan1:prefix:u05,yingdan1:prefix:g024,22,22,22,39,
yingdan1:p022:e05,lexeme:1a80b0691b696fe1,156,elite,elite,elite,e`lit,名,精英,近,aristocracy,托,3,e 排除 + lite 選出,Elites from all departments will attend this meeting.,各部門的精英都將出席這場會議。,prefix,yingdan1:prefix:u05,yingdan1:prefix:g024,22,22,22,39,
yingdan1:p022:e06,lexeme:15275743f9d38346,157,emerge,emerge,emerge,ɪ`mɝdʒ,動,出現,反,disappear,益,3,e 向外 + merge 浸泡,An iceberg emerged from a distance.,遠方出現一座冰山。,prefix,yingdan1:prefix:u05,yingdan1:prefix:g024,22,22,22,39,
yingdan1:p022:e07,lexeme:b3140286ac71ad2a,158,escape,escape,escape,ə`skep,動,逃脫,同,flee,檢,4,ex/es 向外 + cape 斗篷,"During the flood, many crocodiles escaped the zoo and now inhabit the rivers.",洪水來襲時，許多動物園的鱷魚逃脫，現棲息於河中。,prefix,yingdan1:prefix:u05,yingdan1:prefix:g024,22,22,22,39,
yingdan1:p022:e08,lexeme:50d858e0985ecc7f,159,example,example,example,ɪg`zæmpl,名,範例,同,exemplar,益,4,ex 向外 + ample 拿取,The instructor gave us several examples to illustrate the theory.,為了說明這個理論，講師為我們舉了幾個例子。,prefix,yingdan1:prefix:u05,yingdan1:prefix:g024,22,23,22,39,
yingdan1:p023:e01,lexeme:faba1e00af8e6c89,160,excel,excel,excel,ɪk`sɛl,動,擅長；勝過,同,outdo,益,3,ex 排除 + cel 高出,My brother excels in physics and chemistry.,我弟弟很擅長物理和化學這兩科。,prefix,yingdan1:prefix:u05,yingdan1:prefix:g024,23,23,23,40,
yingdan1:p023:e02,lexeme:df50f68032667934,161,excerpt,excerpt,excerpt,`ɛksɝpt,名,摘錄；引用,同,extract,托,3,ex 排除 + cerpt 選取,Movie trailers usually show excerpts that are most appealing.,電影預告片通常會放進最吸引人的片段。,prefix,yingdan1:prefix:u05,yingdan1:prefix:g024,23,23,23,40,
yingdan1:p023:e03,lexeme:f55101cb5e7453c7,162,exercise,exercise,exercise,`ɛksɚˌsaɪz,名,運動,同,training,檢,4,ex 排除 + ercise 圈住,Our trainer emphasizes the importance of regular exercise again and again.,我們教練一再強調規律運動的重要性。,prefix,yingdan1:prefix:u05,yingdan1:prefix:g024,23,23,23,40,
yingdan1:p023:e04,lexeme:55ab75d85a136dfe,163,exile,exile,exile,`ɛksaɪl,名 | 動,放逐；流亡,同,banish,托,3,ex 外面 + ile 流浪,The criminals were forced to live in exile for the rest of their lives.,那些罪犯的餘生被迫要過流亡的日子。,prefix,yingdan1:prefix:u05,yingdan1:prefix:g024,23,23,23,40,
yingdan1:p023:e05,lexeme:d4d6cb99915dfaa4,164,exotic,exotic,exotic,ɛg`zɑdɪk,形,外來的；異國的,同,foreign,益,4,ex/exo 外面 + tic 形容詞 (提示：從外面來的),I love this town because it is full of exotic atmosphere.,我喜歡這個充滿異國風情的小鎮。,prefix,yingdan1:prefix:u05,yingdan1:prefix:g024,23,23,23,40,
yingdan1:p023:e06,lexeme:d78de925a8786731,165,expand,expand,expand,ɪk`spænd,動,擴張,同,broaden,檢,4,ex 向外 + pand 散布,Do you think expanding our business to Brunei is a good idea?,你覺得將我們的生意拓展到汶萊好嗎？,prefix,yingdan1:prefix:u05,yingdan1:prefix:g024,23,23,23,40,
yingdan1:p023:e07,lexeme:0818ab2593f5cb6c,166,explain,explain,explain,ɪk`splen,動,說明,同,demonstrate,托,5,ex 向外 + plain 清楚的,The police officer asked the gangster to explain why he was at the crime scene.,警方要求那位幫派份子說明他為何會出現在案件現場。,prefix,yingdan1:prefix:u05,yingdan1:prefix:g024,23,23,23,40,
yingdan1:p023:e08,lexeme:a123a777ca1a5b43,167,exterior,exterior,exterior,ɪk`stɪrɪɚ,名,外部,反,interior,研,4,ex/exter 向外 + ior 比較級,The exterior of that BMW is really aerodynamic.,那台 BMW 汽車的外觀是流線型的。,prefix,yingdan1:prefix:u05,yingdan1:prefix:g024,23,24,23,40,
yingdan1:p024:e01,lexeme:af2bdbe1aa9b6ec1,168,sample,sample,sample,`sæmpl,名,標本；抽樣,同,sampling,研,4,s 向外 + ample 拿取,I was asked to provide a sample of my handwriting.,有人要求我提供我的筆跡樣本。,prefix,yingdan1:prefix:u05,yingdan1:prefix:g024,24,24,24,41,
yingdan1:p024:e02,lexeme:f64a33ff88c38111,169,spend,spend,spend,spɛnd,動,花費；消耗,反,save,檢,5,s 向外 + pend 支付；衡量,My sister spent more than $50 for a new pair of shoes.,我姐姐花在新鞋上面的錢超過五十美元。,prefix,yingdan1:prefix:u05,yingdan1:prefix:g024,24,24,24,41,
yingdan1:p024:e03,lexeme:9602eec8ca1a03bb,170,almost,almost,almost,`ɔlˌmost,副,幾乎,同,nearly,檢,5,al 全部 + most 大部分,I almost had an accident while driving to the campsite yesterday.,我昨天開車去營地時，差點發生意外。,prefix,yingdan1:prefix:u06,yingdan1:prefix:g025,24,24,24,41,
yingdan1:p024:e04,lexeme:facf8b54e5c0b8c4,171,alone,alone,alone,ə`lon,副,單獨地,反,together,檢,5,al 全部 + one 單獨,I went to Anping Beach alone last weekend and it was relaxing.,我上週末獨自去安平海灘，感覺很放鬆。,prefix,yingdan1:prefix:u06,yingdan1:prefix:g025,24,24,24,41,
yingdan1:p024:e05,lexeme:ea53396caebc40d7,172,already,already,already,ɔl`rɛdɪ,副,已經,反,not yet,益,5,al 全部 + ready 準備好,I already finished my report. Now I can go for a walk!,我已經完成報告，現在可以去散步了！,prefix,yingdan1:prefix:u06,yingdan1:prefix:g025,24,24,24,41,
yingdan1:p024:e06,lexeme:bb8c8605c55dcc2d,173,also,also,also,`ɔlso,副,並且；也,同,too,檢,5,al 全部 + so 這樣,Dark chocolate tastes very good and it can also be healthy.,黑巧克力既好吃又對健康有益。,prefix,yingdan1:prefix:u06,yingdan1:prefix:g025,24,24,24,41,
yingdan1:p025:e01,lexeme:2e1d76579d44d7cf,174,although,although,although,ɔl`ðo,連,雖然,同,though,益,4,al 全部 + though 儘管,"Although there were some troubles, we still finished the work on time.",雖然遇到一些困難，但我們依然準時完成工作。,prefix,yingdan1:prefix:u06,yingdan1:prefix:g025,25,25,25,42,
yingdan1:p025:e02,lexeme:87e56ce6429768c9,175,altogether,altogether,altogether,ˌɔltə`gɛðɚ,副,總之,同,all in all,研,5,al 全部 + together 一起,"Altogether, the experience of climbing Jade Mountain was great!",整體來說，攀登玉山是一次很棒的經驗！,prefix,yingdan1:prefix:u06,yingdan1:prefix:g025,25,25,25,42,
yingdan1:p025:e03,lexeme:9cdc6c47aa193ae7,176,always,always,always,`ɔlwez,副,永遠；總是,同,forever,檢,5,al 全部 + way 通道 + s 所有格,I will always remember my vacation on beautiful Orchid Island.,我將永遠記得我在美麗蘭嶼的假期。,prefix,yingdan1:prefix:u06,yingdan1:prefix:g025,25,25,25,42,
yingdan1:p025:e04,lexeme:0978cd572355e363,177,ambiguity,ambiguity,ambiguity,ˌæmbɪ`gjuətɪ,名,模稜兩可,反,clearness,托,4,amb 兩者 + igu 趨近 + ity 名詞,The ambiguity of our future makes life much more interesting.,未來的不確定性正是人生之所以有趣的地方。,prefix,yingdan1:prefix:u06,yingdan1:prefix:g026,25,25,25,42,
yingdan1:p025:e05,lexeme:5ab02ca2432a47c4,178,ambition,ambition,ambition,æm`bɪʃən,名,野心,同,desire,益,3,amb 周圍 + it 行走 + ion 名詞,Derick is filled with ambition to become an astronaut.,德瑞克一心想要成為太空人。,prefix,yingdan1:prefix:u06,yingdan1:prefix:g026,25,25,25,42,
yingdan1:p025:e06,lexeme:d29af8a2e160dd86,179,bicycle,bicycle,bicycle,`baɪsɪkl,名,自行車,同,bike,檢,3,bi 兩個 + cycle 輪子,The Giant bicycle company is a very big Taiwanese company.,捷安特自行車公司是一家規模龐大的台灣公司。,prefix,yingdan1:prefix:u06,yingdan1:prefix:g027,25,25,25,42,
yingdan1:p025:e07,lexeme:d0e560ab404e938a,180,bilateral,bilateral,bilateral,baɪ`lætərəl,形,雙邊的,反,unilateral,益,5,bi 兩個 + lateral 側面,This contract requires bilateral agreement.,這份合約需經雙方同意。,prefix,yingdan1:prefix:u06,yingdan1:prefix:g027,25,25,25,42,
yingdan1:p026:e01,lexeme:59cd793c05f0e9e7,181,decade,decade,decade,`dɛked,名,十年,同,decennary,檢,5,deca 十 + ade 名詞,My nephew was born in the last decade of the 20th century.,我的外甥出生於一九九〇年代。,prefix,yingdan1:prefix:u06,yingdan1:prefix:g028,26,26,26,43,
yingdan1:p026:e02,lexeme:8745f86640ad2ed6,182,December,december,December,dɪ`sɛmbɚ,名,十二月,關,calendar,檢,4,decem 十 + ber 表月份,"Christmas falls on a Saturday this year, so we will be able to fly home until the 24th of December.",今年的聖誕節是星期六，所以我們可以在十二月二十四日再搭飛機回家。,prefix,yingdan1:prefix:u06,yingdan1:prefix:g028,26,26,26,43,
yingdan1:p026:e03,lexeme:81e901b4262cabd9,183,diploma,diploma,diploma,dɪ`plomə,名,文憑,同,degree,托,4,di 兩倍 + plo 摺疊；編結 + ma 名詞,Our manager has a diploma in civil engineering from National Taiwan University.,我們經理有台灣大學土木工程學系的文憑。,prefix,yingdan1:prefix:u06,yingdan1:prefix:g029,26,26,26,43,
yingdan1:p026:e04,lexeme:c1cb74e23f5ffd07,184,diplomacy,diplomacy,diplomacy,dɪ`ploməsɪ,名,外交手腕,關,politics,托,4,di 兩倍 + plo 摺疊；編結 + macy 名詞,We will certainly have war if there is no diplomacy between leaders.,如果領導人之間沒有外交手腕，那肯定會有戰爭。,prefix,yingdan1:prefix:u06,yingdan1:prefix:g029,26,26,26,43,
yingdan1:p026:e05,lexeme:372c74ea8827080c,185,diplomat,diplomat,diplomat,`dɪpləmæt,名,外交官,近,envoy,托,3,di 兩倍 + plo 摺疊；編結 + mat 名詞,Diplomats have special privileges in their host countries.,外交官在自己的國家享有特殊待遇。,prefix,yingdan1:prefix:u06,yingdan1:prefix:g029,26,26,26,43,
yingdan1:p026:e06,lexeme:76658a7ce8e6114a,186,diplomatic,diplomatic,diplomatic,ˌdɪplə`mætɪk,形,有外交手腕的,近,political,托,3,di 兩倍 + plo 摺疊；編結 + mat 名詞 + ic 形容詞,Being diplomatic in times of conflict is very important.,在產生衝突時展現外交手腕是非常重要的。,prefix,yingdan1:prefix:u06,yingdan1:prefix:g029,26,26,26,43,
yingdan1:p026:e07,lexeme:2ce06a9e7f8c3e6b,187,double,double,double,`dʌbl,形,兩倍的,同,duplex,檢,3,dou 兩倍 + ble 摺疊,The boy was so hungry that he ate a double hamburger with cheese.,那名男孩太餓，吃了一份雙層起司漢堡。,prefix,yingdan1:prefix:u06,yingdan1:prefix:g029,26,27,26,43,
yingdan1:p027:e01,lexeme:c6760e80e3327f82,188,doubt,doubt,doubt,daʊt,名,疑問,反,belief,托,4,dou 兩個 + bt 名詞 (提示：從兩者選一 → 不確定),There's no doubt that humans cause global warming.,全球暖化的現象無疑是人類造成的。,prefix,yingdan1:prefix:u06,yingdan1:prefix:g029,27,27,27,44,
yingdan1:p027:e02,lexeme:bed7ef56035a9e4e,189,dozen,dozen,dozen,`dʌzn,名,一打,同,twelve,檢,4,do 兩個 + decem/zen 十,"In order to make the apple pies, we need three dozen apples.",為了做蘋果派，我們需要三打蘋果。,prefix,yingdan1:prefix:u06,yingdan1:prefix:g029,27,27,27,44,
yingdan1:p027:e03,lexeme:8ccf2f9e9cc41e7a,190,dual,dual,dual,`djuəl,形,二重的,近,binal,益,3,du 兩倍 + al 形容詞,That old World War II airplane in the aviation museum has dual propeller engines.,航空博物館裡的那架舊式二戰飛機有雙重螺旋槳引擎。,prefix,yingdan1:prefix:u06,yingdan1:prefix:g029,27,27,27,44,
yingdan1:p027:e04,lexeme:c8dee78f8c7b466c,191,extra,extra,extra,`ɛkstrə,形,額外的,同,additional,益,4,extra 額外的；超出,May I have extra french fries and ketchup on the side with the hamburger that I ordered?,我點的漢堡可以多附一些薯條和番茄醬嗎？,prefix,yingdan1:prefix:u06,yingdan1:prefix:g030,27,27,27,44,
yingdan1:p027:e05,lexeme:f245f700b94c63f0,192,extracurricular,extracurricular,extracurricular,ˌɛkstrəkə`rɪkjəlɚ,形,課外的,關,class,益,3,extra 額外的 + curricular 課程的,We encouraged students to take part in some extracurricular activities after class.,我們鼓勵學生下課後多參加課外活動。,prefix,yingdan1:prefix:u06,yingdan1:prefix:g030,27,27,27,44,
yingdan1:p027:e06,lexeme:8ce1449767372eac,193,extraordinary,extraordinary,extraordinary,ɪk`strɔrdnˌɛrɪ,形,非凡的,同,exceptional,檢,4,extra 超出 + ordinary 平凡的,The performance of the athletes was extraordinary.,那些運動員們的表現非凡。,prefix,yingdan1:prefix:u06,yingdan1:prefix:g030,27,27,27,44,
yingdan1:p028:e01,lexeme:0f27d53a9e09c7a9,194,monarch,monarch,monarch,`mɑnək,名,君主,同,emperor,檢,3,mon 單一 + arch 統治者,Do you know that Cleopatra only sat on the throne as the monarch for one year?,你知道埃及豔后實際的在位時間只有一年嗎？,prefix,yingdan1:prefix:u06,yingdan1:prefix:g031,28,28,28,45,
yingdan1:p028:e02,lexeme:9b550d15e298bd08,195,monk,monk,monk,mʌŋk,名,和尚,同,monastic,檢,3,mon 單一 + k 字尾,The monk who lives in the temple is kind to everybody.,那位深居廟宇的和尚待人非常和善。,prefix,yingdan1:prefix:u06,yingdan1:prefix:g031,28,28,28,45,
yingdan1:p028:e03,lexeme:cb3b5639a043f55b,196,monopoly,monopoly,monopoly,mə`nɑpḷɪ,名,壟斷,同,cartel,益,3,mono 單一 + poly 賣,Companies who have a monopoly do not need to worry about the competition.,擁有專賣權的公司無須擔心競爭。,prefix,yingdan1:prefix:u06,yingdan1:prefix:g031,28,28,28,45,
yingdan1:p028:e04,lexeme:c4ef228e196eca84,197,monotonous,monotonous,monotonous,mə`nɑtənəs,形,單調的,同,dull,托,3,mono 單一 + ton 音調 + ous 形容詞,She decided to quit her job because she found working on the assembly line monotonous.,因為組裝線的工作太單調，她決定辭職。,prefix,yingdan1:prefix:u06,yingdan1:prefix:g031,28,28,28,45,
yingdan1:p028:e05,lexeme:973c99824dc2a1e0,198,monotony,monotony,monotony,mə`nɑtənɪ,名,千篇一律,反,difference,托,3,mono 單一 + ton 音調 + y 名詞,The monotony of the professor is making the whole class very bored and sleepy.,教授的千篇一律令全班感到無聊且想睡至極。,prefix,yingdan1:prefix:u06,yingdan1:prefix:g031,28,28,28,45,
yingdan1:p028:e06,lexeme:937c764e6f21c353,199,unanimous,unanimous,unanimous,jʊ`nænəməs,形,意見一致的,同,concurrent,托,3,un 單一 + anim 心 + ous 形容詞,We finally got a unanimous agreement on that issue.,針對那項議題，我們終於達成共識了。,prefix,yingdan1:prefix:u06,yingdan1:prefix:g032,28,28,28,45,
yingdan1:p028:e07,lexeme:ef379363dd0cb7be,200,uniform,uniform,uniform,`junəˌfɔrm,名,制服 (形) 相同的,反,various,檢,4,uni 單一 + form 形式,Wearing uniform is required in our company.,我們公司規定員工要穿制服。,prefix,yingdan1:prefix:u06,yingdan1:prefix:g032,28,29,28,45,
yingdan1:p029:e01,lexeme:91e776f8a587220f,201,unify,unify,unify,`junəˌfaɪ,動,使統一,反,differentiate,益,4,uni 單一 + fy 變成,Many scholars agree that North and South Korea need to be unified in the future.,許多學者都認同南北韓未來必須統一的論調。,prefix,yingdan1:prefix:u06,yingdan1:prefix:g032,29,29,29,46,
yingdan1:p029:e02,lexeme:ef3ff703d7565ab5,202,union,union,union,`junjən,名,聯合,反,detachment,研,5,uni 單一 + on 名詞,Union is strength.,團結就是力量。,prefix,yingdan1:prefix:u06,yingdan1:prefix:g032,29,29,29,46,
yingdan1:p029:e03,lexeme:c2720445a4526781,203,unique,unique,unique,jʊ`nik,形,獨一無二的,反,common,檢,3,un 單一 + ique 具…的風貌,Tim fell in love with Rebecca because he feels she is unique.,提姆愛上了蕾貝卡，因為他覺得她很獨特。,prefix,yingdan1:prefix:u06,yingdan1:prefix:g032,29,29,29,46,
yingdan1:p029:e04,lexeme:385cfdbc00ec3203,204,unit,unit,unit,`junɪt,名,單位；元件,同,entity,檢,2,uni 單一 + t 字尾,There's a shipment of twenty-five air-conditioner units that will arrive tomorrow.,有一批二十五台冷氣機的貨明天會到。,prefix,yingdan1:prefix:u06,yingdan1:prefix:g032,29,29,29,46,
yingdan1:p029:e05,lexeme:0ec19cbd2d3cc1d8,205,unite,unite,unite,jʊ`naɪt,動,聯合；團結,同,cooperate,檢,3,un 單一 + ite 動詞,They decided to get united to fight against tyranny.,他們決定聯合起來，共同抵抗暴政。,prefix,yingdan1:prefix:u06,yingdan1:prefix:g032,29,29,29,46,
yingdan1:p029:e06,lexeme:a5790b06f63b7c16,206,unity,unity,unity,`junətɪ,名,聯合；融洽,同,harmony,托,3,uni 單一 + ty 名詞,It was the unity among the players that made them win.,選手的合作無間，致使他們贏得比賽。,prefix,yingdan1:prefix:u06,yingdan1:prefix:g032,29,29,29,46,
yingdan1:p030:e01,lexeme:ff0bf81e8aafefed,207,coincide,coincide,coincide,ˌkoɪn`saɪd,動,相符,同,correspond,益,4,co 共同 + in 在上面 + cide 掉落,The secretary timed the workshop to coincide with each department's schedule.,秘書按各部門的時間表，安排研討會的時間。,prefix,yingdan1:prefix:u07,yingdan1:prefix:g033,30,30,30,47,
yingdan1:p030:e02,lexeme:93bc5d02dc2a24b5,208,collapse,collapse,collapse,kə`læps,動,虛脫；倒塌,同,crumple,雅,3,col 共同 + lapse 下滑,I was so tired after running the marathon that I collapsed.,跑完馬拉松之後，我整個人都累到虛脫了。,prefix,yingdan1:prefix:u07,yingdan1:prefix:g033,30,30,30,47,
yingdan1:p030:e03,lexeme:7fdbbefdb4a4607c,209,colleague,colleague,colleague,`kɑlig,名,同事,同,co-worker,益,5,col 共同 + league 選擇,My colleague got fired because of his poor job performance.,我的同事因為業績低落而遭解雇。,prefix,yingdan1:prefix:u07,yingdan1:prefix:g033,30,30,30,47,
yingdan1:p030:e04,lexeme:acd9e56b5701c9c5,210,collide,collide,collide,kə`laɪd,動,碰撞,同,bump,托,4,col 共同 + lide 打；擊,The two ships collided and caused a serious shipwreck.,那兩艘船的相撞引發了嚴重的船難。,prefix,yingdan1:prefix:u07,yingdan1:prefix:g033,30,30,30,47,
yingdan1:p030:e05,lexeme:6bd1454e4848ba9e,211,combine,combine,combine,kəm`baɪn,動,結合,同,merge,檢,4,com 共同 + bine 兩個,The scientist combined the two elements into a synthetic.,那名科學家將這兩種元素結合成一種合成物。,prefix,yingdan1:prefix:u07,yingdan1:prefix:g033,30,30,30,47,
yingdan1:p030:e06,lexeme:0e9f29349fc1e536,212,commuter,commuter,commuter,kə`mjutɚ,名,通勤族,近,passenger,托,4,com 共同 + mut 移動 + er 名詞,More than 14 million commuters travel on the railways of Greater Tokyo every day.,每天有超過一千四百萬的通勤族利用大東京地區的鐵路系統。,prefix,yingdan1:prefix:u07,yingdan1:prefix:g033,30,30,30,47,
yingdan1:p030:e07,lexeme:c989edf18246e9c8,213,companion,companion,companion,kəm`pænjən,名,同伴,同,partner,益,3,com 共同 + pan 麵包 + ion 名詞,Danny is my companion in my childhood.,丹尼是我的兒時玩伴。,prefix,yingdan1:prefix:u07,yingdan1:prefix:g033,30,31,30,47,
yingdan1:p031:e01,lexeme:eba8dcd606bd0014,214,compile,compile,compile,kəm`paɪl,動,彙編,近,collect,益,3,com 共同 + pile 歸納,Everything is ready and has been compiled into one document.,每個項目都已備妥，並彙整到同一份文件中。,prefix,yingdan1:prefix:u07,yingdan1:prefix:g033,31,31,31,48,
yingdan1:p031:e02,lexeme:41aa311d555b8ad0,215,complain,complain,complain,kəm`plen,動,抱怨,同,grumble,檢,5,com 共同 + plain 悲嘆,The clerk always complains that his supervisor gives him too much work.,那名職員總是抱怨主管派給他太多工作。,prefix,yingdan1:prefix:u07,yingdan1:prefix:g033,31,31,31,48,
yingdan1:p031:e03,lexeme:5d08b02d678fc068,216,complaint,complaint,complaint,kəm`plent,名,控訴；抗議,反,compliment,檢,5,com 共同 + plaint 悲嘆,The customer had a complaint to make about the food because it was stale.,因為食物不新鮮，所以顧客要提出控訴。,prefix,yingdan1:prefix:u07,yingdan1:prefix:g033,31,31,31,48,
yingdan1:p031:e04,lexeme:ab99e5c4c300ecab,217,condemn,condemn,condemn,kən`dɛm,動,責難,同,blame,益,3,con 共同 + demn 傷害,It's absurd to condemn one particular country for the September 11 attacks.,針對 911 攻擊事件去責難某個特定國家是很荒謬的。,prefix,yingdan1:prefix:u07,yingdan1:prefix:g033,31,31,31,48,
yingdan1:p031:e05,lexeme:33a0189af06aabaf,218,condense,condense,condense,kən`dɛns,動,濃縮；凝結,同,coagulate,益,3,con 共同 + dense 使密實,Many food products are condensed so that they take up less space and last longer.,很多食品會加以濃縮，以減少占用的空間，並延長保存期限。,prefix,yingdan1:prefix:u07,yingdan1:prefix:g033,31,31,31,48,
yingdan1:p031:e06,lexeme:fa9e1d22205ad852,219,conflict,conflict,conflict,`kɑnflɪkt,名,衝突,同,dispute,檢,5,con 共同 + flict 攻擊,There's a conflict between the representatives over the proposal.,針對那份提案，兩位代表之間的意見不合。,prefix,yingdan1:prefix:u07,yingdan1:prefix:g033,31,31,31,48,
yingdan1:p031:e07,lexeme:b05a85b32ccc06be,220,consonant,consonant,consonant,`kɑnsənənt,名,子音,反,vowel,托,4,con 共同 + son 聲音 + ant 名詞,My little sister is memorizing the vowels and consonants in English.,我的妹妹正在記英文的母音和子音。,prefix,yingdan1:prefix:u07,yingdan1:prefix:g033,31,31,31,48,
yingdan1:p031:e08,lexeme:7f7e11fc32d9dcd0,221,contempt,contempt,contempt,kən`tɛmpt,名,輕蔑,反,respect,雅,3,con 共同 + temn/tempt 輕視,"After getting out of temper, the rude customer found he just fell into contempt.",發了一頓脾氣後，那名無禮的顧客發現自己的行為很丟臉。,prefix,yingdan1:prefix:u07,yingdan1:prefix:g033,31,31,31,48,
yingdan1:p032:e01,lexeme:a0c7ec73f6d7f2b4,222,council,council,council,`kaʊnsḷ,名,會議,同,assembly,雅,3,coun 共同 + cil 叫喚,The city council has decided against the construction of the nuclear power plant.,市議會已決議反對興建核電廠。,prefix,yingdan1:prefix:u07,yingdan1:prefix:g033,32,32,32,49,
yingdan1:p032:e02,lexeme:ff9a0c76596a5d3c,223,counsel,counsel,counsel,`kaʊnsḷ,動,勸告,同,advise,雅,4,coun 共同 + sel 取得,I need someone to counsel me on how to lose weight healthily.,我需要人提供我健康減重的方法。,prefix,yingdan1:prefix:u07,yingdan1:prefix:g033,32,32,32,49,
yingdan1:p032:e03,lexeme:1a8c1d77579d8c6d,224,counselor,counselor,counselor,`kaʊnsḷɚ,名,顧問,同,adviser,托,4,coun 共同 + sel 取得 + or 名詞,Mary was the counselor of our company for over twenty-five years.,瑪麗擔任我們公司顧問的時間超過二十五年。,prefix,yingdan1:prefix:u07,yingdan1:prefix:g033,32,32,32,49,
yingdan1:p032:e04,lexeme:db48f7ceb3b18e7a,225,syllable,syllable,syllable,`sɪləbḷ,名,音節,關,phonetic,檢,3,syl 一起 + lab 持有 + le 字尾,"The words ""water"" and ""matter"" are both composed of two syllables.",water 和 matter 都是雙音節的單字。,prefix,yingdan1:prefix:u07,yingdan1:prefix:g034,32,32,32,49,
yingdan1:p032:e05,lexeme:b76a7ca153c24671,226,symbol,symbol,symbol,`sɪmbḷ,名,象徵,同,emblem,托,4,sym 一起 + bol 拋擲,The dove and olive branch are known worldwide as symbols of peace.,鴿子和橄欖枝是舉世皆知的和平象徵。,prefix,yingdan1:prefix:u07,yingdan1:prefix:g034,32,32,32,49,
yingdan1:p032:e06,lexeme:f536242334900183,227,sympathetic,sympathetic,sympathetic,ˌsɪmpə`θɛtɪk,形,有同情心的,同,caring,檢,4,sym 一起 + path 感覺 + etic 形容詞,The doctor is very sympathetic to his patients.,那位醫師對病人很有同情心。,prefix,yingdan1:prefix:u07,yingdan1:prefix:g034,32,32,32,49,
yingdan1:p032:e07,lexeme:dcd8670ae2da2aba,228,sympathy,sympathy,sympathy,`sɪmpəθɪ,名,同情,反,antipathy,檢,4,sym 一起 + path 感覺 + y 名詞,"""I am sorry."" can be used when you want to express sympathy.",想要表示你對他人的同情時，可以用「我很抱歉」這句話。,prefix,yingdan1:prefix:u07,yingdan1:prefix:g034,32,32,32,49,
yingdan1:p032:e08,lexeme:b093720ae2536364,229,symptom,symptom,symptom,`sɪmptəm,名,症狀,同,syndrome,檢,4,sym 一起 + ptom 下降,Symptoms of the disease include fever.,這種疾病的症狀包括發燒。,prefix,yingdan1:prefix:u07,yingdan1:prefix:g034,32,33,32,49,
yingdan1:p033:e01,lexeme:bbc5e661e106c6dc,230,system,system,system,`sɪstəm,名,系統,同,organization,益,5,syn/sys 一起 + ste 處於 + m 字尾,Staying up late is definitely bad for our immune system.,熬夜對免疫系統肯定有害。,prefix,yingdan1:prefix:u07,yingdan1:prefix:g034,33,33,33,50,
yingdan1:p033:e02,lexeme:1bf521836de96e75,231,atom,atom,atom,`ætəm,名,原子；微粒,同,particle,研,5,a 否定 + tom 切割,The atom bomb was dropped on Nagasaki and Hiroshima in 1945.,長崎與廣島於一九四五年遭投擲原子彈。,prefix,yingdan1:prefix:u08,yingdan1:prefix:g035,33,33,33,50,
yingdan1:p033:e03,lexeme:505aea3bcfd1200b,232,anarchy,anarchy,anarchy,`ænɚkɪ,名,無秩序；混亂,同,chaos,益,4,an 否定 + arch 統治 + y 名詞,Anarchy came into the company ever since Mr. Yang's resignation.,自從楊先生辭職之後，公司就陷入一片混亂。,prefix,yingdan1:prefix:u08,yingdan1:prefix:g035,33,33,33,50,
yingdan1:p033:e04,lexeme:c365d4ea2bcfcecc,233,Antarctic,antarctic,Antarctic,æn`tɑrktɪk,名,南極,反,Arctic,托,4,ant 相反 + arctic 北極,Who was the Taiwanese man that crossed the Antarctic?,橫越了南極洲的台籍男子是誰？,prefix,yingdan1:prefix:u08,yingdan1:prefix:g036,33,33,33,50,
yingdan1:p033:e05,lexeme:856fa50792e3c845,234,antibiotic,antibiotic,antibiotic,ˌæntɪbaɪ`ɑtɪk,名,抗生素,關,medicine,托,3,anti 反抗 + bio 生命 + tic 名詞,The doctor prescribed antibiotics for the child.,醫生開抗生素給那位小孩。,prefix,yingdan1:prefix:u08,yingdan1:prefix:g036,33,33,33,50,
yingdan1:p034:e01,lexeme:bc620216e8c1c049,235,antibody,antibody,antibody,`æntɪˌbɑdɪ,名,抗體,關,antibiotic,托,4,anti 反抗 + body 體,Our bodies produce antibodies to destroy substances that carry disease.,我們的身體產生抗體以消滅帶有疾病的物質。,prefix,yingdan1:prefix:u08,yingdan1:prefix:g036,34,34,34,51,
yingdan1:p034:e02,lexeme:9b49415474163a33,236,contradict,contradict,contradict,ˌkɑntrə`dɪkt,動,反駁,反,agree,托,4,contra 反對 + dict 講話,"If you contradict someone, you'd better have a good reason.",如果你要反駁人，最好要有個好理由。,prefix,yingdan1:prefix:u08,yingdan1:prefix:g037,34,34,34,51,
yingdan1:p034:e03,lexeme:112d857213723ac1,237,contrary,contrary,contrary,`kɑntrɛrɪ,形,相反的,同,adverse,益,5,contra 反對 + ry 形容詞,"I mentioned my idea, although it was contrary to the subject.",雖然與主題相對立，但我還是提出了我的想法。,prefix,yingdan1:prefix:u08,yingdan1:prefix:g037,34,34,34,51,
yingdan1:p034:e04,lexeme:3426125bf109d4bb,238,contrast,contrast,contrast,`kɑnˌtræst,名,對照,同,comparison,研,5,contra 反對 + stet/st 處於 (某狀態),The color of the walls presents a striking contrast to that of the roof.,牆壁與屋頂的顏色形成強烈對比。,prefix,yingdan1:prefix:u08,yingdan1:prefix:g037,34,34,34,51,
yingdan1:p034:e05,lexeme:efe899c74558f20b,239,counter,counter,counter,`kaʊntɚ,動,反駁,反,support,益,4,contra 反對 → counter,I will counter his offer on that house because I really want it.,我實在太想要那棟房子了，所以我會駁回他出的價。,prefix,yingdan1:prefix:u08,yingdan1:prefix:g037,34,34,34,51,
yingdan1:p034:e06,lexeme:28c03d30bb4ff669,240,disadvantage,disadvantage,disadvantage,ˌdɪsəd`væntɪdʒ,名,不利,同,drawback,檢,4,dis 否定 + advantage 優勢,We are surely at a disadvantage this time.,我們這次肯定是處於不利的地位。,prefix,yingdan1:prefix:u08,yingdan1:prefix:g038,34,34,34,51,
yingdan1:p034:e07,lexeme:67656def000fb9af,241,disagree,disagree,disagree,ˌdɪsə`grɪ,動,不同意,同,dissent,托,5,dis 否定 + agree 同意,I disagree with my parents about my future all the time.,一談到我的未來，我和父母一向意見相左。,prefix,yingdan1:prefix:u08,yingdan1:prefix:g038,34,34,34,51,
yingdan1:p035:e01,lexeme:ed142ddaa38e131c,242,disappear,disappear,disappear,ˌdɪsə`pɪr,動,消失,同,vanish,檢,4,dis 否定 + appear 出現,The man I talked to disappeared when I came back.,我回來的時候，和我交談的那名男子已經離開了。,prefix,yingdan1:prefix:u08,yingdan1:prefix:g038,35,35,35,52,
yingdan1:p035:e02,lexeme:06ac7c1a6fe38308,243,disappoint,disappoint,disappoint,ˌdɪsə`pɔɪnt,動,使失望,反,inspire,檢,4,dis 否定 + appoint 指定,Terry was disappointed because the team he supported didn't win.,泰瑞支持的隊伍沒有贏得比賽，所以他很失望。,prefix,yingdan1:prefix:u08,yingdan1:prefix:g038,35,35,35,52,
yingdan1:p035:e03,lexeme:05be8129a9d540d5,244,disapprove,disapprove,disapprove,ˌdɪsə`pruv,動,不贊成,反,ratify,托,4,dis 否定 + ap 朝向 + prove 測試,The girl's father disapproved of her boyfriend and told him to leave.,女孩的父親不認同她的男朋友，要他離開。,prefix,yingdan1:prefix:u08,yingdan1:prefix:g038,35,35,35,52,
yingdan1:p035:e04,lexeme:4cd067b8c8d94de8,245,disbelief,disbelief,disbelief,ˌdɪsbə`lif,名,不相信,反,certainty,益,3,dis 否定 + belief 相信,The inspector looked at the man with disbelief because he was the only one without an alibi.,巡官帶著懷疑的眼光看向那個男人，因為他是唯一沒有不在場證明的人。,prefix,yingdan1:prefix:u08,yingdan1:prefix:g038,35,35,35,52,
yingdan1:p035:e05,lexeme:a4ac536145d6649d,246,discharge,discharge,discharge,dɪs`tʃɑrdʒ,動,使免除；解雇,同,exempt,益,4,dis 否定 + charge 裝載,My nephew was discharged from the army because he was seriously sick.,我姪子因為生重病而從軍中退役。,prefix,yingdan1:prefix:u08,yingdan1:prefix:g038,35,35,35,52,
yingdan1:p035:e06,lexeme:4577e0d592336abb,247,discomfort,discomfort,discomfort,dɪs`kʌmfɚt,名,不適,同,uneasiness,檢,4,dis 否定 + com 共同 + fort 強大的,The hikers felt discomfort after eating those canned food.,健行者們在吃了那些罐頭食品之後，感到不適。,prefix,yingdan1:prefix:u08,yingdan1:prefix:g038,35,35,35,52,
yingdan1:p035:e07,lexeme:3734f204b6669b31,248,dishonest,dishonest,dishonest,dɪs`ɑnɪst,形,不誠實的,反,honest,檢,4,dis 否定 + honest 誠實的,"The real estate broker was dishonest at work; therefore, he got fired.",那位房地產仲介商在工作上有所欺瞞，因此被解雇。,prefix,yingdan1:prefix:u08,yingdan1:prefix:g038,35,35,35,52,
yingdan1:p035:e08,lexeme:4f935a0f03deea2f,249,disconnect,disconnect,disconnect,ˌdɪskə`nɛkt,動,分離；切斷,反,connect,研,5,dis 否定 + connect 連結,Don't forget to disconnect the toaster after you are done with it.,你用完烤麵包機後，別忘了拔掉插頭。,prefix,yingdan1:prefix:u08,yingdan1:prefix:g038,35,35,35,52,
yingdan1:p035:e09,lexeme:e4d14bef7aa06685,250,dislike,dislike,dislike,dɪs`laɪk,名,反感,同,aversion,檢,3,dis 否定 + like 喜歡,We took an instant dislike to the newcomer because he was mean.,我們馬上就對那名新人產生反感，因為他為人刻薄。,prefix,yingdan1:prefix:u08,yingdan1:prefix:g038,35,36,35,52,
yingdan1:p036:e01,lexeme:2fa2b5b1eb2d7854,251,dismay,dismay,dismay,dɪs`me,名,灰心；沮喪,同,discourage,雅,4,dis 否定 + may 能夠,Peter left with dismay after hearing the bad news.,聽到壞消息後，彼得沮喪地離開了。,prefix,yingdan1:prefix:u08,yingdan1:prefix:g038,36,36,36,53,
yingdan1:p036:e02,lexeme:c0eae0e4813ca0c4,252,disregard,disregard,disregard,ˌdɪsrɪ`gɑrd,動,不顧,同,neglect,益,4,dis 否定 + re 表強調 + gard 注意,Just disregard her rude comments and keep up the good work.,不要理會她不經大腦的評論，繼續把工作做好。,prefix,yingdan1:prefix:u08,yingdan1:prefix:g038,36,36,36,53,
yingdan1:p036:e03,lexeme:e13e7a8258d84cee,253,dissuade,dissuade,dissuade,dɪ`swed,動,勸阻,反,encourage,托,4,dis 相反 + suade 激勵,Many people tried to dissuade the man from swimming with sharks.,許多人試著勸阻那位男子和鯊魚共游。,prefix,yingdan1:prefix:u08,yingdan1:prefix:g038,36,36,36,53,
yingdan1:p036:e04,lexeme:704b7acbacf9cd96,254,infinite,infinite,infinite,`ɪnfənɪt,形,無限的；無數的,反,finite,研,3,in 否定 + finite 有限的,There are an infinite number of stars so it is impossible to count them all.,星星的數量無限，根本不可能數得完。,prefix,yingdan1:prefix:u08,yingdan1:prefix:g039,36,36,36,53,
yingdan1:p036:e05,lexeme:8fa9819eebf3e292,255,inanimate,inanimate,inanimate,ɪn`ænəmɪt,形,無精打采的,反,animate,益,5,in 否定 + anim 精神 + ate 形容詞,Do you know why Oliver was so inanimate after work?,你知道為什麼奧利佛下班後如此無精打采嗎？,prefix,yingdan1:prefix:u08,yingdan1:prefix:g039,36,36,36,53,
yingdan1:p036:e06,lexeme:02566ed5f41493c2,256,neither,neither,neither,`niðɚ,形,兩者都不,關,either,托,4,n 否定 + either 其一,The game was won by neither team. I guess they'll have extra time.,兩隊都沒有贏得比賽，我猜他們會打延長賽。,prefix,yingdan1:prefix:u08,yingdan1:prefix:g040,36,36,36,53,
yingdan1:p037:e01,lexeme:7e2372f4115c43ba,257,neutral,neutral,neutral,`njutrəl,形,中立的；中立國的,同,impartial,益,4,ne 否定 + utr 其一 + al 形容詞,The authorities decided to remain neutral in the armed conflict between the two countries.,當局決定在這兩個國家的武裝衝突裡維持中立。,prefix,yingdan1:prefix:u08,yingdan1:prefix:g040,37,37,37,54,
yingdan1:p037:e02,lexeme:6497e4b3d7bed169,258,never,never,never,`nɛvɚ,副,絕不,反,always,檢,5,n 否定 + ever 從來,"No matter how hard Peter tries, he could never beat the champion at chess.",無論彼得多努力，他都不可能在西洋棋上贏過那位冠軍。,prefix,yingdan1:prefix:u08,yingdan1:prefix:g040,37,37,37,54,
yingdan1:p037:e03,lexeme:140bedbf9c3f6d56,259,none,none,none,nʌn,代,無一,同,no one,檢,4,n 否定 + one 一個,Cindy is so pushy that none of her colleagues likes her.,辛蒂太過堅持己見，以至於她的同事都不喜歡她。,prefix,yingdan1:prefix:u08,yingdan1:prefix:g040,37,37,37,54,
yingdan1:p037:e04,lexeme:999aaa8645bb72ff,260,nonsense,nonsense,nonsense,`nɑnsɛns,名,無意義的話,同,rubbish,益,3,non 否定 + sense 感覺,Can I go now? I can't put up with her nonsense anymore.,我可以走了嗎？實在忍受不了她的胡言亂語。,prefix,yingdan1:prefix:u08,yingdan1:prefix:g040,37,37,37,54,
yingdan1:p037:e05,lexeme:8f6df72ed588eb90,261,nonviolent,nonviolent,nonviolent,ˌnɑn`vaɪələnt,形,非暴力的,反,violent,檢,3,non 否定 + violent 暴力的,There must be some nonviolent ways to solve this problem.,一定有辦法能和平解決這個問題的。,prefix,yingdan1:prefix:u08,yingdan1:prefix:g040,37,37,37,54,
yingdan1:p037:e06,lexeme:b42a5cb0b08bd635,262,obstacle,obstacle,obstacle,`ɑbstəkl,名,障礙物,同,barrier,檢,4,ob 反對 + stet/sta 站立 + cle 小尺寸,The goal of the race is to go through all the obstacles and come back first.,這場競賽的目標是要穿越所有的障礙，並率先返回。,prefix,yingdan1:prefix:u08,yingdan1:prefix:g041,37,37,37,54,
yingdan1:p037:e07,lexeme:977b51546403b0ab,263,obstinate,obstinate,obstinate,`ɑbstənɪt,形,固執的,同,stubborn,雅,3,ob 反對 + stet/stin 站立 + ate 形容詞,"If my partner continues to be obstinate, I would cancel the contract.",如果我的合夥人繼續這樣固執己見，那我會取消合約。,prefix,yingdan1:prefix:u08,yingdan1:prefix:g041,37,37,37,54,
yingdan1:p037:e08,lexeme:d9f62c2ad0ad79d0,264,opposite,opposite,opposite,`ɑpəzɪt,形,相反的,同,counter,托,5,op 反對 + pos 放置 + ite 形容詞,"According to the map, we should go the opposite way.",根據這張地圖，我們應該走相反的方向才對。,prefix,yingdan1:prefix:u08,yingdan1:prefix:g041,37,38,37,54,
yingdan1:p038:e01,lexeme:1f7eba348f31fc91,265,uncover,uncover,uncover,ʌn`kʌvɚ,動,揭露,同,expose,托,3,un 相反 + cover 掩蓋,The detective uncovered the man's plot and saved those people.,偵探揭露了那名男子的陰謀，因而救了那群人。,prefix,yingdan1:prefix:u08,yingdan1:prefix:g042,38,38,38,55,
yingdan1:p038:e02,lexeme:f015346ae3563d83,266,undo,undo,undo,ʌn`du,動,恢復；取消,同,cancel,益,3,un 相反 + do 做,It is too late now. You cannot undo what has already been done.,已經太遲了，你無法挽回已成事實的事。,prefix,yingdan1:prefix:u08,yingdan1:prefix:g042,38,38,38,55,
yingdan1:p038:e03,lexeme:c3665612bc8156de,267,undoubtedly,undoubtedly,undoubtedly,ʌn`daʊtɪdlɪ,副,無疑地,同,definitely,益,4,un 相反 + doubt 懷疑 + ed 形容詞 + ly 副詞,The owner of the Giant Bicycles is undoubtedly a bicycle enthusiast.,捷安特的老闆無疑是一位熱愛單車的人。,prefix,yingdan1:prefix:u08,yingdan1:prefix:g042,38,38,38,55,
yingdan1:p038:e04,lexeme:37214dd6d7b6e2bd,268,unfold,unfold,unfold,ʌn`fold,動,展開；說明,反,fold,益,3,un 相反 + fold 摺疊,"As the story unfolds, we learn that the princess isn't a very nice lady.",隨著故事情節的發展，我們知道公主的個性其實不怎麼樣。,prefix,yingdan1:prefix:u08,yingdan1:prefix:g042,38,38,38,55,
yingdan1:p038:e05,lexeme:787600ebe6d6c75b,269,unlock,unlock,unlock,ʌn`lɑk,動,開鎖；揭露,同,open,益,3,un 相反 + lock 上鎖,Tim forgot to unlock the door. I guess we need to find a locksmith now.,提姆忘記開門，我們現在得去找鎖匠。,prefix,yingdan1:prefix:u08,yingdan1:prefix:g042,38,38,38,55,
yingdan1:p038:e06,lexeme:79a4359f45d3ce97,270,unpack,unpack,unpack,ʌn`pæk,動,打開；吐露,反,pack,檢,3,un 相反 + pack 打包,"Now that we have arrived home, we need to unpack our baggage.",既然我們已經到家，就得打開行李箱了。,prefix,yingdan1:prefix:u08,yingdan1:prefix:g042,38,38,38,55,
yingdan1:p039:e01,lexeme:072469151f645102,271,abide,abide,abide,ə`baɪd,動,遵守；居住,反,contradict,益,3,a 強調 + bide 等待,You must abide by the law or else you will get a ticket.,你必須遵守法令，否則會被開罰單。,prefix,yingdan1:prefix:u09,yingdan1:prefix:g043,39,39,39,56,
yingdan1:p039:e02,lexeme:c0bd51e0416194e1,272,alike,alike,alike,ə`laɪk,形,相似的,反,different,研,4,a 強調 + like 相像的,"Andy and his brother look alike, but they are not twins.",安迪和他的弟弟長得很像，但他們並非雙胞胎。,prefix,yingdan1:prefix:u09,yingdan1:prefix:g043,39,39,39,56,
yingdan1:p039:e03,lexeme:bd8b4b29bdd97ed5,273,aloud,aloud,aloud,ə`laʊd,副,大聲地,反,silently,檢,3,a 強調 + loud 大聲的,They want to speak aloud to reach each other.,他們想要大聲講話，好讓彼此聽見。,prefix,yingdan1:prefix:u09,yingdan1:prefix:g043,39,39,39,56,
yingdan1:p039:e04,lexeme:b6b10862b213be4a,274,amaze,amaze,amaze,ə`mez,動,使驚訝,同,astonish,檢,3,a 強調 + maze 困惑,The amount of scooters on the streets of Taiwan amazes me.,台灣街頭的機車數量令我驚訝。,prefix,yingdan1:prefix:u09,yingdan1:prefix:g043,39,39,39,56,
yingdan1:p039:e05,lexeme:877d41bc540c57e0,275,arise,arise,arise,ə`raɪz,動,發生；上升,同,emerge,益,4,a 強調 + rise 上升,Many concerns arise as a result of changing economic factors.,經濟因素條件的變化衍生出許多令人關切的議題。,prefix,yingdan1:prefix:u09,yingdan1:prefix:g043,39,39,39,56,
yingdan1:p039:e06,lexeme:f0b4965f5e0dd0a4,276,arouse,arouse,arouse,ə`raʊz,動,鼓勵；引起,同,incite,研,3,a 強調 + rouse 激起,My attention is aroused when that beautiful woman speaks.,那名漂亮的女士一開口就引起了我的注意。,prefix,yingdan1:prefix:u09,yingdan1:prefix:g043,39,39,39,56,
yingdan1:p039:e07,lexeme:b6d9e56c88ad4362,277,ashamed,ashamed,ashamed,ə`ʃemd,形,慚愧的,反,proud,檢,3,a 強調 + shame 羞愧 + ed 形容詞,Terry felt ashamed because he cheated in the exam.,泰瑞在考試中作弊，這讓他感到慚愧。,prefix,yingdan1:prefix:u09,yingdan1:prefix:g043,39,39,39,56,
yingdan1:p040:e01,lexeme:1aefe47e20eb91fa,278,await,await,await,ə`wet,動,等候；期待,同,anticipate,托,4,a 強調 + wait 等待,The government has been prepared and now awaiting the typhoon to hit.,政府已做好準備，等待颱風來襲。,prefix,yingdan1:prefix:u09,yingdan1:prefix:g043,40,40,40,57,
yingdan1:p040:e02,lexeme:f245940166d1611d,279,awake,awake,awake,ə`wek,形,醒著的；清醒的,反,asleep,檢,3,a 強調 + wake 喚醒,I drank a cup of coffee to keep me awake.,為了保持清醒，我喝了一杯咖啡。,prefix,yingdan1:prefix:u09,yingdan1:prefix:g043,40,40,40,57,
yingdan1:p040:e03,lexeme:8bf9fd4be091a1ba,280,aware,aware,aware,ə`wɛr,形,知道的；察覺的,反,ignorant,益,4,a 強調 + ware 警惕的,Being aware of danger is what a security guard should do.,身為一名保全，應該要察覺到危險。,prefix,yingdan1:prefix:u09,yingdan1:prefix:g043,40,40,40,57,
yingdan1:p040:e04,lexeme:8ee2d6a9a5e72ef2,281,awhile,awhile,awhile,ə`hwaɪl,副,一會兒；片刻,同,briefly,托,4,a 強調 + while 一段時間,Please wait awhile. The doctor will be here in a few minutes.,請稍候，醫生再一下就會過來了。,prefix,yingdan1:prefix:u09,yingdan1:prefix:g043,40,40,40,57,
yingdan1:p040:e05,lexeme:890cabe271136403,282,arch,arch,arch,`ɑrtʃ,名,拱廊；拱門,同,archway,托,4,arch 主要的,The road runs directly under the arch.,這條路直接穿越拱門底下。,prefix,yingdan1:prefix:u09,yingdan1:prefix:g044,40,40,40,57,
yingdan1:p040:e06,lexeme:f2e40fc1edb72ee9,283,architect,architect,architect,`ɑrkəˌtɛkt,名,建築師,近,designer,益,4,archi 主要的 + tect 建造者,"Nowadays, architects are focusing on building energy-efficient homes.",現今，建築師多專注於建造節能住家。,prefix,yingdan1:prefix:u09,yingdan1:prefix:g044,40,40,40,57,
yingdan1:p040:e07,lexeme:4ca303a3bf7ddf7b,284,architecture,architecture,architecture,`ɑrkəˌtɛktʃɚ,名,建築,同,building,益,4,archi 主要的 + tect 建造者 + ure 名詞,The architecture of Taipei 101 is indeed innovative.,台北 101 的建築真是創新。,prefix,yingdan1:prefix:u09,yingdan1:prefix:g044,40,40,40,57,
yingdan1:p041:e01,lexeme:343600e3385c2d55,285,authentic,authentic,authentic,ɔ`θɛntɪk,形,真正的,反,fake,檢,3,auto/aut 自己 + hent 製造者 + ic 形容詞,"Many Louis Vuitton purses might look authentic, but they are actually fake.",許多 LV 皮包看起來像真品，實際上卻是假貨。,prefix,yingdan1:prefix:u09,yingdan1:prefix:g045,41,41,41,58,
yingdan1:p041:e02,lexeme:f425acab181532f9,286,autobiography,autobiography,autobiography,ˌɔtəbaɪ`ɑgrəfɪ,名,自傳,同,memoir,托,4,auto 自己 + bio 生命 + graphy 書寫,The film director's autobiography is very inspiring.,那名電影導演的自傳相當激勵人心。,prefix,yingdan1:prefix:u09,yingdan1:prefix:g045,41,41,41,58,
yingdan1:p041:e03,lexeme:cc8da953dc3014a5,287,autograph,autograph,autograph,`ɔtəˌgræf,動,親筆簽名,同,handwrite,托,4,auto 自己 + graph 書寫,I saw the movie star and got her to autograph my hat!,我看到那名電影明星，還請她在我的帽子上簽名呢！,prefix,yingdan1:prefix:u09,yingdan1:prefix:g045,41,41,41,58,
yingdan1:p041:e04,lexeme:53e0ff348c9be93a,288,automatic,automatic,automatic,ˌɔtə`mætɪk,形,自動的,反,manual,益,3,auto 自己 + mat 思考 + ic 形容詞,I want an automatic car because it's easier to drive.,我想要一部自排車，因為它比較容易駕駛。,prefix,yingdan1:prefix:u09,yingdan1:prefix:g045,41,41,41,58,
yingdan1:p041:e05,lexeme:f4c7ec93811087e5,289,automobile,automobile,automobile,`ɔtəməˌbɪl,名,汽車,同,vehicle,檢,5,auto 自己 + mob 移動 + ile 名詞,The new Volvo is a safe but pretty expensive automobile.,新款富豪汽車很安全，售價卻也相當昂貴。,prefix,yingdan1:prefix:u09,yingdan1:prefix:g045,41,41,41,58,
yingdan1:p041:e06,lexeme:e94d787f61ea3ee8,290,autonomy,autonomy,autonomy,ɔ`tɑnəmɪ,名,自主；自治,反,dependence,托,4,auto 自己 + nomy 統治,The group has been demanding for local autonomy for years.,這個團體幾年來一直在要求地方自治。,prefix,yingdan1:prefix:u09,yingdan1:prefix:g045,41,41,41,58,
yingdan1:p041:e07,lexeme:4dd392ca96ea31d1,291,beneficent,beneficent,beneficent,bɪ`nɛfəsənt,形,慈善的,同,generous,研,2,bene 有益的 + fic 做 + ent 形容詞,The king was beneficent to his people.,這個國王對老百姓很仁慈。,prefix,yingdan1:prefix:u09,yingdan1:prefix:g046,41,41,41,58,
yingdan1:p042:e01,lexeme:bec2d07a1b569699,292,beneficial,beneficial,beneficial,ˌbɛnə`fɪʃəl,形,有益的,同,benign,益,4,bene 益處 + fic 製造 + ial 形容詞,To stop smoking is beneficial for your health and your family.,戒菸對你個人的健康和家庭都有所助益。,prefix,yingdan1:prefix:u09,yingdan1:prefix:g046,42,42,42,59,
yingdan1:p042:e02,lexeme:e97469619c0d7aa7,293,benefit,benefit,benefit,`bɛnəfɪt,動,受益,近,gain,益,4,bene 益處 + fit 製造,You will benefit from eating vegetables in many ways.,多吃蔬菜對你很多方面都會有幫助。,prefix,yingdan1:prefix:u09,yingdan1:prefix:g046,42,42,42,59,
yingdan1:p042:e03,lexeme:14163e2560569bde,294,benevolent,benevolent,benevolent,bə`nɛvələnt,形,仁慈的,同,humane,研,3,bene 益處 + vol 意志 + ent 形容詞,Anna has benevolent heart toward small animals.,安娜對待小動物很有愛心。,prefix,yingdan1:prefix:u09,yingdan1:prefix:g046,42,42,42,59,
yingdan1:p042:e04,lexeme:5f220b4a45832c07,295,bonus,bonus,bonus,`bonəs,名,紅利,同,bounty,益,5,bon 益處 + us 字尾 (拉丁字尾，表屬性),Lucy got a large bonus this year because of the high sales.,因為今年的高銷售額，露西獲得一筆豐厚的紅利。,prefix,yingdan1:prefix:u09,yingdan1:prefix:g046,42,42,42,59,
yingdan1:p042:e05,lexeme:2144607a0ceef030,296,dial,dial,dial,`daɪəl,動,撥 (名) 撥號盤,關,phone call,檢,4,di 日 + al 名詞,"Can I dial this number directly, or do I have to go through the operator?",我可以直接撥這個號碼，還是必須透過接線員？,prefix,yingdan1:prefix:u09,yingdan1:prefix:g047,42,42,42,59,
yingdan1:p042:e06,lexeme:1d7fe146fad64b88,297,diary,diary,diary,`daɪərɪ,名,日記,同,journal,檢,3,di 日 + ary 名詞,Hugh is used to keeping a diary in English before going to bed.,休習慣了在睡前寫英文日記。,prefix,yingdan1:prefix:u09,yingdan1:prefix:g047,42,42,42,59,
yingdan1:p042:e07,lexeme:a36c443337b53097,298,diet,diet,diet,`daɪət,名,日常飲食,同,aliment,托,5,di 日 + et 吃,The drops can be administered in combination with a low-calorie diet.,這個滴劑可和低卡洛里的飲食併用。,prefix,yingdan1:prefix:u09,yingdan1:prefix:g047,42,42,42,59,
yingdan1:p043:e01,lexeme:8c941bffd3df4eb0,299,embark,embark,embark,ɪm`bɑrk,動,開始,同,launch,益,3,em 使 + bark 船,They will embark on a great expedition through the Amazon.,他們即將展開橫越亞馬遜河流域的偉大探險之旅。,prefix,yingdan1:prefix:u09,yingdan1:prefix:g048,43,43,43,60,
yingdan1:p043:e02,lexeme:3962ce683c81e928,300,embrace,embrace,embrace,ɪm`bres,動,擁抱,同,clasp,檢,3,em 使 + brace 手臂,I would embrace my grandmother whenever I see her.,每次見到我祖母，我就會過去擁抱她。,prefix,yingdan1:prefix:u09,yingdan1:prefix:g048,43,43,43,60,
yingdan1:p043:e03,lexeme:267be576c25e8f32,301,enact,enact,enact,ɪn`ækt,動,制定法律,同,ratify,托,3,en 使 + act 行動,Did you watch the news? The legislative has enacted three new bills today.,你有看新聞嗎？立法機關今天制定了三項新議案。,prefix,yingdan1:prefix:u09,yingdan1:prefix:g048,43,43,43,60,
yingdan1:p043:e04,lexeme:f70b7769ae02a76a,302,encounter,encounter,encounter,ɪn`kaʊntɚ,動,偶然遇見,同,bump into,雅,3,en 使 + contra/counter 逆向,The man told the reporter that he had encountered an alien in the mountains.,那名男子告訴記者，他在山區遇見外星人。,prefix,yingdan1:prefix:u09,yingdan1:prefix:g048,43,43,43,60,
yingdan1:p043:e05,lexeme:23b701e12adce4be,303,endanger,endanger,endanger,ɪn`dendʒɚ,動,危及,同,imperil,托,4,en 使 + danger 危險,Blue whales are endangered species.,藍鯨是瀕臨絕種的動物。,prefix,yingdan1:prefix:u09,yingdan1:prefix:g048,43,43,43,60,
yingdan1:p043:e06,lexeme:1cd38b20bf937895,304,endeavor,endeavor,endeavor,ɪn`dɛvɚ,名 | 動,努力,同,effort,益,4,en 使 + deavor 責任,"In order to earn his family a better life, the man made a deep endeavor on his job.",為了讓家人享受更好的生活，那名男子非常努力工作。,prefix,yingdan1:prefix:u09,yingdan1:prefix:g048,43,43,43,60,
yingdan1:p043:e07,lexeme:381cfb6e1e428419,305,energy,energy,energy,`ɛnɚdʒɪ,名,活力,同,vigor,檢,4,en 使 + erg 工作 + y 名詞,That scientist had devoted his energy to the study through his life.,那名科學家投注了一生的精力在這項研究上。,prefix,yingdan1:prefix:u09,yingdan1:prefix:g048,43,43,43,60,
yingdan1:p043:e08,lexeme:fac6a3243ed4705f,306,engage,engage,engage,ɪn`gedʒ,動,從事；占用,同,undertake,益,4,en 使 + gage 保證,The architect was engaged in the project.,那名建築師忙於那件工程。,prefix,yingdan1:prefix:u09,yingdan1:prefix:g048,43,44,43,60,
yingdan1:p044:e01,lexeme:2cd6f936b05db9d3,307,enhance,enhance,enhance,ɪn`hæns,動,提升,反,diminish,益,4,en 使 + hance 高的,Jogging for thirty minutes every day will surely enhance your strength.,每天慢跑三十分鐘一定能提升你的體力。,prefix,yingdan1:prefix:u09,yingdan1:prefix:g048,44,44,44,61,
yingdan1:p044:e02,lexeme:75fba329cb6ee890,308,enjoy,enjoy,enjoy,ɪn`dʒɔɪ,動,享受,反,dislike,檢,5,en 使 + joy 愉快,I enjoy this vacation so much! It's a pity that we're about to go home.,我很享受這次的假期！可惜我們要回家了。,prefix,yingdan1:prefix:u09,yingdan1:prefix:g048,44,44,44,61,
yingdan1:p044:e03,lexeme:308eaa15a369d998,309,enlarge,enlarge,enlarge,ɪn`lɑrdʒ,動,放大；擴大,反,compress,益,4,en 使 + large 大的,Don't try to enlarge the battle against your enemy!,不要擴大戰事！,prefix,yingdan1:prefix:u09,yingdan1:prefix:g048,44,44,44,61,
yingdan1:p044:e04,lexeme:b6baead0fdf603d5,310,enlighten,enlighten,enlighten,ɪn`laɪtṇ,動,啟發,同,civilize,托,3,en 使 + light 光亮 + en 動詞,Meditating can enlighten the soul and relax the body.,靜坐能啟迪心靈及放鬆身體。,prefix,yingdan1:prefix:u09,yingdan1:prefix:g048,44,44,44,61,
yingdan1:p044:e05,lexeme:9e7ef9e260ae8c4e,311,enrich,enrich,enrich,ɪn`rɪtʃ,動,使富裕,反,deplete,雅,4,en 使 + rich 富裕的,The experience of traveling through Europe in my early thirties really enriched my life.,我三十歲出頭時遊覽了歐洲各地，這段經歷確實豐富了我的生命。,prefix,yingdan1:prefix:u09,yingdan1:prefix:g048,44,44,44,61,
yingdan1:p044:e06,lexeme:53bcbb91525547bf,312,enroll,enroll,enroll,ɪn`rol,動,註冊,同,enlist,益,4,en 使 + roll 卷軸,Rachel has enrolled at Harvard University in the United States this fall.,瑞秋已於今年秋天在美國的哈佛大學註冊。,prefix,yingdan1:prefix:u09,yingdan1:prefix:g048,44,44,44,61,
yingdan1:p044:e07,lexeme:4f7185b2e31704c4,313,entitle,entitle,entitle,ɪn`taɪtḷ,動,賦予權利,近,designate,雅,3,en 使 + title 權利,People in a democratic country are entitled to freedom of speech.,民主國家的人民被賦予言論自由。,prefix,yingdan1:prefix:u09,yingdan1:prefix:g048,44,44,44,61,
yingdan1:p045:e01,lexeme:fa79d4746c21cd96,314,exact,exact,exact,ɪg`zækt,形,精確的；嚴格的,反,indefinite,益,4,ex 完全地 + act 行動,The supervisor asked Tina to give him the exact number.,主管要求蒂娜給他確切的數字。,prefix,yingdan1:prefix:u09,yingdan1:prefix:g049,45,45,45,62,
yingdan1:p045:e02,lexeme:ab27b729d9cc4cb1,315,exchange,exchange,exchange,ɪks`tʃendʒ,動 | 名,交換,同,interchange,益,5,ex 完全地 + change 交換,We can exchange email addresses so that we can keep in touch.,我們可以交換電子郵件地址，以便聯絡。,prefix,yingdan1:prefix:u09,yingdan1:prefix:g049,45,45,45,62,
yingdan1:p045:e03,lexeme:be6bdfe81ec4a456,316,execute,execute,execute,`ɛksɪˌkjut,動,執行,同,enforce,托,4,ex 完全地 + ecute 跟隨,They finally decided to execute the new marketing strategy.,他們終於決定要執行新的行銷策略了。,prefix,yingdan1:prefix:u09,yingdan1:prefix:g049,45,45,45,62,
yingdan1:p045:e04,lexeme:4eac0cdd1fd7916e,317,exert,exert,exert,ɪg`zɝt,動,運用；行使,同,exercise,益,4,ex 完全地 + ert 安排,"If you want to run a marathon, you will have to exert a tremendous amount of energy.",如果你要跑馬拉松，將會消耗大量的體力。,prefix,yingdan1:prefix:u09,yingdan1:prefix:g049,45,45,45,62,
yingdan1:p045:e05,lexeme:3592f48abb9339b4,318,exhaust,exhaust,exhaust,ɪg`zɔst,動,使筋疲力竭,同,fatigue,檢,4,ex 完全地 + haust 汲取,Running the marathon really exhausted me.,跑馬拉松實在讓我筋疲力盡。,prefix,yingdan1:prefix:u09,yingdan1:prefix:g049,45,45,45,62,
yingdan1:p045:e06,lexeme:7d68838bddc6082b,319,exist,exist,exist,ɪg`zɪst,動,存在,同,live,托,5,ex 完全地 + sist 使處於,The photic zone can exist in lakes as well as in the ocean.,光合作用區可存在於湖泊和海洋。,prefix,yingdan1:prefix:u09,yingdan1:prefix:g049,45,45,45,62,
yingdan1:p045:e07,lexeme:d7f4d3ccee7acd3d,320,microphone,microphone,microphone,`maɪkrəˌfon,名,麥克風,同,mike,檢,2,micro 小的 + phone 聲音,The microphone stopped working while she was singing her last song.,當她在演唱最後一首歌時，麥克風突然沒聲音。,prefix,yingdan1:prefix:u09,yingdan1:prefix:g050,45,45,45,62,
yingdan1:p046:e01,lexeme:0f09538d0ea075ee,321,microscope,microscope,microscope,`maɪkrəˌskop,名,顯微鏡,關,microscopic,托,2,micro 小的 + scope 觀看,Only with a microscope can scientists find out if the germs have mutated.,唯有透過顯微鏡，科學家才能看出細菌是否已突變。,prefix,yingdan1:prefix:u09,yingdan1:prefix:g050,46,46,46,63,
yingdan1:p046:e02,lexeme:d2bedad966f1b52a,322,microwave,microwave,microwave,`maɪkroˌwev,名,微波爐,關,heat,檢,2,micro 小的 + wave 搖擺,Never put any metals in a microwave because it would cause an explosion.,絕對不能將金屬放進微波爐，因為會引發爆炸。,prefix,yingdan1:prefix:u09,yingdan1:prefix:g050,46,46,46,63,
yingdan1:p046:e03,lexeme:d3cd17514917a9ab,323,mischief,mischief,mischief,`mɪstʃɪf,名,損害；災害,同,damage,托,3,mis 錯誤 + chief 發生,The hurricane did a lot of mischief to the town.,這場暴風雨對小鎮造成很大的損害。,prefix,yingdan1:prefix:u09,yingdan1:prefix:g051,46,46,46,63,
yingdan1:p046:e04,lexeme:698a6a0e8c68690e,324,misfortune,misfortune,misfortune,mɪs`fɔrtʃən,名,不幸,反,blessing,托,4,mis 錯誤 + fortune 運氣,Jimmy really had the misfortune to lose his wallet.,吉米遺失了他的皮夾，真不走運。,prefix,yingdan1:prefix:u09,yingdan1:prefix:g051,46,46,46,63,
yingdan1:p046:e05,lexeme:a54754cf13316d47,325,mislead,mislead,mislead,mɪs`lid,動,誤導,同,misguide,檢,3,mis 錯誤 + lead 引導,The criminal left many false clues in the hopes of misleading the detective.,為了誤導偵探，那名罪犯留下許多假證據。,prefix,yingdan1:prefix:u09,yingdan1:prefix:g051,46,46,46,63,
yingdan1:p046:e06,lexeme:1b34ffb5e8ddb2c9,326,mistake,mistake,mistake,mɪ`stek,名,錯誤,同,error,檢,5,mis 錯誤 + take 拿,It is important to learn from the mistakes.,從錯誤中學習是很重要的。,prefix,yingdan1:prefix:u09,yingdan1:prefix:g051,46,46,46,63,
yingdan1:p046:e07,lexeme:6c86df9c018ed59e,327,misunderstand,misunderstand,misunderstand,ˌmɪsʌndɚ`stænd,動,誤會,同,misread,檢,4,mis 錯誤 + under 在…裡面 + stand 站立,Speak clearly or people might misunderstand you.,講清楚，否則其他人可能會誤解你。,prefix,yingdan1:prefix:u09,yingdan1:prefix:g051,46,46,46,63,
yingdan1:p047:e01,lexeme:0a7a27bedd1f822a,328,cabbage,cabbage,cabbage,`kæbɪdʒ,名,甘藍菜,關,sauerkraut,益,2,cap/cabb 頭 + age 名詞,The main ingredient in the traditional Korean food Kimchi is cabbage.,傳統韓國泡菜的主要食材是甘藍菜。,root,yingdan1:root:u01,yingdan1:root:g001,47,47,49,66,
yingdan1:p047:e02,lexeme:45e84635bc4803c5,329,cap,cap,cap,kæp,名,蓋子,同,lid,檢,2,cap 頭 (字義衍生：頭 ➝ 蓋子),The employee at the gas station forgot to put back my gas cap.,加油站員工忘了幫我關上油箱蓋。,root,yingdan1:root:u01,yingdan1:root:g001,47,47,49,66,
yingdan1:p047:e03,lexeme:80415b2524ae7dd4,330,capable,capable,capable,`kepəbḷ,形,有能力的,同,competent,益,3,cap 抓取 + able 形容詞,"An excellent leader should be introspective, and thus capable of taking the team to a better future.",一名優秀的領導者要能夠自省，才能帶領團隊走向更好的未來。,root,yingdan1:root:u01,yingdan1:root:g001,47,47,49,66,
yingdan1:p047:e04,lexeme:ec21b3b973a3a0e7,331,capacity,capacity,capacity,kə`pæsətɪ,名,容量,同,volume,檢,4,cap 抓取 + ity/acity 名詞,The elevator in the school has a capacity of fifteen people or six hundred kilos.,學校電梯的載重量是十五人或六百公斤。,root,yingdan1:root:u01,yingdan1:root:g001,47,47,49,66,
yingdan1:p047:e05,lexeme:0ed2fa2539de5469,332,cape,cape,cape,kep,名,披肩；斗篷,同,cloak,托,2,cap 頭 + e 字尾,Superman and Batman are examples of superheroes that wear a cape.,超人和蝙蝠俠都是穿著披風的超級英雄。,root,yingdan1:root:u01,yingdan1:root:g001,47,47,49,66,
yingdan1:p047:e06,lexeme:bd08022e8fb80701,333,capital,capital,capital,`kæpətḷ,名,首都,同,metropolis,益,4,cap/capit 頭 + al 名詞,"Actually, Canberra is the capital of Australia.",實際上，坎培拉才是澳洲的首都。,root,yingdan1:root:u01,yingdan1:root:g001,47,47,49,66,
yingdan1:p047:e07,lexeme:c3a64834115b092e,334,captive,captive,captive,`kæptɪv,名,俘虜 (形) 被俘的,同,hostage,研,3,cap/capt 抓取 + ive 名詞／形容詞,The poor hostage was held captive on a boat for thirty days.,可憐的人質被監禁在船上三十天。,root,yingdan1:root:u01,yingdan1:root:g001,47,47,49,66,
yingdan1:p048:e01,lexeme:460ee6aa3a803591,335,capture,capture,capture,`kæptʃɚ,動,捕獲,同,catch,檢,3,cap/capt 抓取 + ure 名詞,"Nowadays, people often use the cell phones to capture important moments.",現代人經常會用手機來捕捉重要時刻的鏡頭。,root,yingdan1:root:u01,yingdan1:root:g001,48,48,50,67,
yingdan1:p048:e02,lexeme:1c6b6b9e01275af3,336,achieve,achieve,achieve,ə`tʃiv,動,完成,同,accomplish,托,4,a 處於 + chief/chieve 頭,Some athletes use drugs to achieve abnormal results in the sports field.,在運動場，某些運動員使用藥物達成不正常的結果。,root,yingdan1:root:u01,yingdan1:root:g002,48,48,50,67,
yingdan1:p048:e03,lexeme:f59ac0828b9a3229,337,chef,chef,chef,ʃɛf,名,主廚,近,cook,益,3,chief 頭 ➝ chef,Tony is the chef in that famous restaurant.,東尼是那家知名餐廳的主廚。,root,yingdan1:root:u01,yingdan1:root:g002,48,48,50,67,
yingdan1:p048:e04,lexeme:9285827b8031a1db,338,chief,chief,chief,tʃif,名,長官；領袖,同,director,檢,3,chief 頭 (字義衍生：頭 ➝ 團隊的帶領者),"If there's a problem, please talk to our chief.",若有任何問題，請和我們的長官詳談。,root,yingdan1:root:u01,yingdan1:root:g002,48,48,50,67,
yingdan1:p048:e05,lexeme:5a324108508a6944,339,handkerchief,handkerchief,handkerchief,`hæŋkɚˌtʃɪf,名,手帕,同,hankie,研,3,hand 手 + ker 覆蓋 + chief 頭,The woman wept away sweat on her forehead with the handkerchief.,那個女人用手帕擦去額頭上的汗水。,root,yingdan1:root:u01,yingdan1:root:g002,48,48,50,67,
yingdan1:p048:e06,lexeme:8a46854926e5416b,340,collar,collar,collar,`kɑlɚ,名,衣領,近,choker,益,3,coll 脖子 + ar 名詞,I don't like the fur collar of this coat. Can I take it off?,我不喜歡這件大衣的毛皮衣領，可以拿掉嗎？,root,yingdan1:root:u01,yingdan1:root:g003,48,48,50,67,
yingdan1:p049:e01,lexeme:b4ef49fb50c0c07d,341,accord,accord,accord,ə`kɔrd,名 | 動,一致,反,disaccord,研,4,ac 前往 + cord 心臟,The witness' oral evidence accords with yours.,目擊者的證詞與你說的相符。,root,yingdan1:root:u01,yingdan1:root:g004,49,49,51,68,
yingdan1:p049:e02,lexeme:0d45f5fd462b8c70,342,core,core,core,kor,名,果核,近,nucleus,托,5,cord 心臟 + e 字尾,The core of an apple is usually thrown away.,蘋果果核通常是直接丟掉的。,root,yingdan1:root:u01,yingdan1:root:g004,49,49,51,68,
yingdan1:p049:e03,lexeme:3aa613258b1404a5,343,discourage,discourage,discourage,dɪs`kɝɪdʒ,動,勸阻,同,daunt,益,4,dis 分離 + cour 心臟 + age 動作,I felt discouraged by her words and decided to quit.,她的話讓我感到氣餒，因而決定放棄。,root,yingdan1:root:u01,yingdan1:root:g004,49,49,51,68,
yingdan1:p049:e04,lexeme:0e970e43d0c1ed6d,344,encourage,encourage,encourage,ɪn`kɝɪdʒ,動,鼓勵,同,hearten,雅,3,en 使 + cour 心臟 + age 動作,The coach encourages the team to do their best no matter what happens.,教練總會鼓勵球隊的大家，無論情況如何，都要盡力而為。,root,yingdan1:root:u01,yingdan1:root:g004,49,49,51,68,
yingdan1:p049:e05,lexeme:70ce871f8a3d3fb4,345,record,record,record,`rɛkɚd,名,紀錄,同,document,檢,3,re 返回；恢復 + cord 心臟,"According to the records, early settlers mostly inhabited near the hills.",根據紀錄，早期的開墾者大都住在小山丘附近。,root,yingdan1:root:u01,yingdan1:root:g004,49,49,51,68,
yingdan1:p049:e06,lexeme:8d5352e3e11a3a5c,346,cordial,cordial,cordial,`kɔrdʒəl,形,誠懇的；友善的,同,hearty,檢,4,cord 心臟 + ial 形容詞,Anna and Bob managed to remain cordial after their breakup.,安娜和鮑伯分手之後，還是維持著友誼。,root,yingdan1:root:u01,yingdan1:root:g004,49,49,51,68,
yingdan1:p049:e07,lexeme:5818329505378272,347,corporate,corporate,corporate,`kɔrpərɪt,形,公司的,近,associated,益,5,corpor 身體 + ate 形容詞,The corporate group has developed the nano technique for ten years.,這個企業集團已經發展奈米技術長達十年了。,root,yingdan1:root:u01,yingdan1:root:g005,49,49,51,68,
yingdan1:p050:e01,lexeme:6c1ff7eccfdbfaec,348,corps,corps,corps,kɔr,名,軍團,同,squad,雅,4,corp 身體 + s 字尾,"Entering the Marine Corps may be very hard, but it will make a person stronger.",加入海軍陸戰隊或許很辛苦，但它會使人變堅強。,root,yingdan1:root:u01,yingdan1:root:g005,50,50,52,69,
yingdan1:p050:e02,lexeme:42c75396af1d6fe6,349,corpse,corpse,corpse,kɔrps,名,屍體,同,body,研,3,corp 身體 + se 字尾,The man called the police immediately after he found the corpse.,一找到屍體，那名男子就報警了。,root,yingdan1:root:u01,yingdan1:root:g005,50,50,52,69,
yingdan1:p050:e03,lexeme:d138e4e2606d9c58,350,dental,dental,dental,`dɛntḷ,形,牙齒的,關,teeth,研,3,dent 牙齒 + al 形容詞,People with needle phobia usually avoid dental care.,患針頭恐懼症的人通常會迴避牙科照護。,root,yingdan1:root:u01,yingdan1:root:g006,50,50,52,69,
yingdan1:p050:e04,lexeme:f62e610834f27439,351,dentist,dentist,dentist,`dɛntɪst,名,牙醫師,同,orthodontist,檢,4,dent 牙齒 + ist 名詞,The dentist advised us to brush our teeth after we have meals.,牙醫勸我們飯後要刷牙。,root,yingdan1:root:u01,yingdan1:root:g006,50,50,52,69,
yingdan1:p050:e05,lexeme:199c48140d2be427,352,confront,confront,confront,kən`frʌnt,動,面對；對質,近,meet,研,4,con 共同 + front 臉,Billy confronted his roommate about the missing money and it turned into a fight.,比利為了遺失的錢和室友對質，結果兩人打了起來。,root,yingdan1:root:u01,yingdan1:root:g007,50,50,52,69,
yingdan1:p050:e06,lexeme:0282d9b79f42c74c,353,face,face,face,fes,名,臉部,近,look,檢,4,fac 臉 + e 字尾,That little girl fell off her bike and scratched her face.,小女孩從單車上摔下來，臉部擦傷。,root,yingdan1:root:u01,yingdan1:root:g007,50,50,52,69,
yingdan1:p050:e07,lexeme:cd6fdc9a04bb5d7e,354,facial,facial,facial,`feʃəl,形,臉部的,關,apparent,托,3,fac 臉 + ial 形容詞,Tracy goes to the salon and does a facial massage once a month.,崔西每個月上一次美容院，做臉部按摩。,root,yingdan1:root:u01,yingdan1:root:g007,50,51,52,69,
yingdan1:p051:e01,lexeme:2d8d693177ac4489,355,front,front,front,frʌnt,名,前面,同,frontal,檢,4,front 臉 (字義衍生：臉 ➝ 前面),Roy went to the front of the classroom and made a speech.,羅伊走到教室前面演講。,root,yingdan1:root:u01,yingdan1:root:g007,51,51,53,70,
yingdan1:p051:e02,lexeme:707ecbfbee9c3582,356,superficial,superficial,superficial,ˌsupɚ`fɪʃəl,形,表面的,同,shallow,檢,3,super 在…之上 + fac/fic 臉 + ial 形容詞,The wounds she incurred in the car accident are superficial.,她在車禍中所受的傷只是皮肉傷。,root,yingdan1:root:u01,yingdan1:root:g007,51,51,53,70,
yingdan1:p051:e03,lexeme:763cdc62a869262b,357,surface,surface,surface,`sɝfɪs,名,表面,同,façade,益,4,sur 在…之上 + fac/face 臉,I bought the table because of its smooth surface.,這張桌子的表面很平滑，所以我買了下來。,root,yingdan1:root:u01,yingdan1:root:g007,51,51,53,70,
yingdan1:p051:e04,lexeme:a4ef304ba42a200b,358,language,language,language,`læŋgwɪdʒ,名,語言；文體,近,speech,托,3,lingu/langu 語言 + age 名詞,"Besides English, Chinese will also be a global language in the future.",除了英語之外，將來中文也會成為國際通用的語言。,root,yingdan1:root:u01,yingdan1:root:g008,51,51,53,70,
yingdan1:p051:e05,lexeme:aba15524b2897bcd,359,linguist,linguist,linguist,`lɪŋgwɪst,名,語言學家,關,grammarian,益,4,lingu 語言 + ist 名詞,The linguist is familiar with syntax and morphology.,那名語言學家對句法學和構詞學都很熟悉。,root,yingdan1:root:u01,yingdan1:root:g008,51,51,53,70,
yingdan1:p051:e06,lexeme:181229424893bb65,360,manage,manage,manage,`mænɪdʒ,動,處理；經營,同,run,托,4,man 手 + age 動作,The owner managed to make both ends meet.,那名老闆成功使收支平衡。,root,yingdan1:root:u01,yingdan1:root:g009,51,51,53,70,
yingdan1:p051:e07,lexeme:191d560e80e26ef0,361,manipulate,manipulate,manipulate,mə`nɪpjəˌlet,動,操縱；竄改,同,operate,雅,4,manu/mani 手 + pul 充滿 + ate 動詞,It's difficult to manipulate things when your hands are numb.,雙手發麻的時候，很難操縱東西。,root,yingdan1:root:u01,yingdan1:root:g009,51,52,53,70,
yingdan1:p052:e01,lexeme:36bde66f289a3568,362,manual,manual,manual,`mænjʊəl,名,手冊 (形) 手工的,同,guidebook,檢,3,manu 手 + al 名詞 / 形容詞,The technician read the manual carefully before he operated the machine.,在操作機器之前，技師仔細地閱讀使用手冊。,root,yingdan1:root:u01,yingdan1:root:g009,52,52,54,71,
yingdan1:p052:e02,lexeme:8f10a68d54a88afc,363,manuscript,manuscript,manuscript,`mænjəˌskrɪpt,名,原稿,同,script,檢,4,manu 手 + script 寫,The book isn't published. You can only read the story in manuscript.,這本書沒有出版，所以你只能看原稿。,root,yingdan1:root:u01,yingdan1:root:g009,52,52,54,71,
yingdan1:p052:e03,lexeme:ed0a3b494b3cd42a,364,manufacture,manufacture,manufacture,ˌmænjə`fæktʃɚ,名 | 動,製造,同,fabricate,研,3,manu 手 + fact 製造 + ure 名詞,Many items are now being manufactured in China.,許多商品目前都是由中國製造的。,root,yingdan1:root:u01,yingdan1:root:g009,52,52,54,71,
yingdan1:p052:e04,lexeme:db875b25b06f0328,365,muscle,muscle,muscle,`mʌsḷ,名,肌肉,關,tissue,檢,4,muscle 肌肉,The athlete developed the muscles in his legs by various training.,那名運動員藉由各種課程鍛鍊腿部肌肉。,root,yingdan1:root:u01,yingdan1:root:g010,52,52,54,71,
yingdan1:p052:e05,lexeme:94b0a1a34834efaf,366,muscular,muscular,muscular,`mʌskjəlɚ,形,肌肉的,近,athletic,檢,3,muscle/muscul 肌肉 + ar 形容詞,There was a muscular strain on the hiker's legs after he walked for hours.,在走了好幾個小時之後，那名登山客的腿部出現肌肉拉傷的現象。,root,yingdan1:root:u01,yingdan1:root:g010,52,52,54,71,
yingdan1:p052:e06,lexeme:5a1c2d155cdc566e,367,nerve,nerve,nerve,nɝv,名,神經；中樞,關,neuron,檢,4,nerv 神經 + e 字尾,"Generally speaking, banks play a role of nerves of commerce.",一般而言，銀行扮演著交易中樞的角色。,root,yingdan1:root:u01,yingdan1:root:g011,52,52,54,71,
yingdan1:p053:e01,lexeme:fb3a7850111f293b,368,nervous,nervous,nervous,`nɝvəs,形,緊張的,反,relaxed,檢,4,nerv 神經 + ous 形容詞,Nick feels nervous whenever he has to make a presentation.,每當需要報告的時候，尼克就很緊張。,root,yingdan1:root:u01,yingdan1:root:g011,53,53,55,72,
yingdan1:p053:e02,lexeme:232303b2a70c9b71,369,expedition,expedition,expedition,ˌɛkspə`dɪʃən,名,遠征,同,trek,托,3,ex 向外 + ped/pedi 腳 + tion 名詞,Many expeditions to the North Pole ended in horrible failure.,許多前往北極的探險隊都無功而返。,root,yingdan1:root:u01,yingdan1:root:g012,53,53,55,72,
yingdan1:p053:e03,lexeme:4bb2d2d7f23cc259,370,pedal,pedal,pedal,`pɛdḷ,名,踏板 (動) 踩踏板,關,bike,檢,3,ped 腳 + al 名詞,Frank stepped hard on the brake pedal to avoid collision.,法蘭克用力地踩了剎車踏板以避免碰撞。,root,yingdan1:root:u01,yingdan1:root:g012,53,53,55,72,
yingdan1:p053:e04,lexeme:750cfe5c94c6b2f6,371,pedestrian,pedestrian,pedestrian,pə`dɛstrɪən,名,行人,同,passerby,檢,3,ped/pede 腳 + str 用力 + ian 名詞,Pedestrians should be careful while crossing the street.,行人過馬路時要小心。,root,yingdan1:root:u01,yingdan1:root:g012,53,53,55,72,
yingdan1:p053:e05,lexeme:adf0e0999386dae7,372,audience,audience,audience,`ɔdɪəns,名,聽眾,近,crowd,托,3,audi 聽 + ence 名詞,The magician showed the audience how he did the tricks.,這位魔術師將他戲法的訣竅秀給觀眾看。,root,yingdan1:root:u02,yingdan1:root:g013,53,53,55,72,
yingdan1:p053:e06,lexeme:6ed8919ce20490a5,373,audio,audio,audio,`ɔdɪˌo,名,音響,同,stereo,益,3,audi 聽 + o 字尾,The audio in Peter's car is really good.,彼得車上的音響真的很棒。,root,yingdan1:root:u02,yingdan1:root:g013,53,54,55,72,
yingdan1:p054:e01,lexeme:2337a51926e18467,374,obedience,obedience,obedience,ə`bidjəns,名,服從,同,compliance,雅,3,ob 處於 + edi 聽 + ence 名詞,I sent my dog to obedience training because it wouldn't listen to me.,我把我的狗送去做服從訓練，因為牠不聽我的命令。,root,yingdan1:root:u02,yingdan1:root:g013,54,54,56,73,
yingdan1:p054:e02,lexeme:57e5f2fe0142f3c5,375,obedient,obedient,obedient,ə`bidjənt,形,服從的,同,compliant,檢,4,ob 處於 + edi 聽 + ent 形容詞,A soldier must be obedient to his superiors.,軍人必須服從長官。,root,yingdan1:root:u02,yingdan1:root:g013,54,54,56,73,
yingdan1:p054:e03,lexeme:d3a4871f647842ab,376,obey,obey,obey,ə`be,動,服從,同,comply,研,3,ob 處於 + edi/ey 聽,Obeying the law is every citizen's responsibility.,遵守法律是每個公民的責任。,root,yingdan1:root:u02,yingdan1:root:g013,54,54,56,73,
yingdan1:p054:e04,lexeme:dd1b3c312cf7d816,377,claim,claim,claim,klem,動,聲稱；主張,同,assert,益,4,claim 大叫,The suspect claimed that he was framed.,那名嫌犯聲稱自己遭人陷害。,root,yingdan1:root:u02,yingdan1:root:g014,54,54,56,73,
yingdan1:p054:e05,lexeme:344a3011262cf464,378,exclaim,exclaim,exclaim,ɪk`sklem,動,呼喊,同,yell,檢,3,ex 向外 + claim 大叫,The voters exclaimed their dissatisfaction concerning the missing ballots.,選民發聲表達對遺失選票的不滿。,root,yingdan1:root:u02,yingdan1:root:g014,54,54,56,73,
yingdan1:p054:e06,lexeme:d232f6a3a44c379b,379,dedicate,dedicate,dedicate,`dɛdəˌket,動,致力,反,withhold,雅,4,de 往下 + dic 宣稱 + ate 動詞,The volunteer dedicated her life to the needed.,那名志工全心奉獻於救助困頓之人。,root,yingdan1:root:u02,yingdan1:root:g015,54,54,56,73,
yingdan1:p054:e07,lexeme:1bc04b5291c26a46,380,index,index,index,`ɪndɛks,名,索引,同,indicator,益,3,in 朝向 + dic/dex 指出,The index in this book is listed in alphabetical order.,這本書的索引以字母順序排列。,root,yingdan1:root:u02,yingdan1:root:g015,54,55,56,73,
yingdan1:p055:e01,lexeme:4932c716f725df5e,381,indicate,indicate,indicate,`ɪndəˌket,動,顯示,同,demonstrate,研,4,in 朝向 + dic 指出 + ate 動詞,The speedometer indicates that the driver is driving over the speed limit by ten kilometers per hour.,計速器顯示那位司機超速十公里。,root,yingdan1:root:u02,yingdan1:root:g015,55,55,57,74,
yingdan1:p055:e02,lexeme:d4d6f7752759a758,382,addict,addict,addict,ə`dɪkt,動,沉溺於,同,fanaticize,托,3,ad 前往 + dict 說,Most people who try smoking will end up with being addicted.,大多數嘗試吸菸的人最後都會上癮。,root,yingdan1:root:u02,yingdan1:root:g016,55,55,57,74,
yingdan1:p055:e03,lexeme:596d40a4ed24c02a,383,condition,condition,condition,kən`dɪʃən,名,條件,同,prerequisite,檢,3,con 共同 + dict/dit 說 + ion 名詞,I will work on the project on condition that you pay me more.,我會加入企劃，前提是你提高給我的費用。,root,yingdan1:root:u02,yingdan1:root:g016,55,55,57,74,
yingdan1:p055:e04,lexeme:18a1083a0d063091,384,dictate,dictate,dictate,`dɪktet,動,命令；口述,同,govern,檢,2,dict 說 + ate 動詞,The teacher dictated the classroom rules to the whole class.,老師將班規唸給全班聽。,root,yingdan1:root:u02,yingdan1:root:g016,55,55,57,74,
yingdan1:p055:e05,lexeme:36aacef1891e6632,385,dictation,dictation,dictation,dɪk`teʃən,名,口述；命令,同,command,益,4,dict 說 + ate 動作 + ion 名詞,The secretary wrote down the manager's dictation.,秘書寫下經理口述的內容。,root,yingdan1:root:u02,yingdan1:root:g016,55,55,57,74,
yingdan1:p055:e06,lexeme:177ca70f42def123,386,dictionary,dictionary,dictionary,`dɪkʃənˌɛrɪ,名,字典,同,glossary,雅,3,dict 說 + ion 名詞 + ary 名詞 (轉為抽象名詞，表性質),Why don't you look up the dictionary if you don't know the word?,不認識那個字的話，為什麼不查字典呢？,root,yingdan1:root:u02,yingdan1:root:g016,55,55,57,74,
yingdan1:p055:e07,lexeme:8e9afe9d1df3927e,387,predict,predict,predict,prɪ`dɪkt,動,預言,同,forecast,托,3,pre 之前 + dict 說,The police officer predicted that the criminal would go east.,警方預測那名罪犯會往東邊逃逸。,root,yingdan1:root:u02,yingdan1:root:g016,55,56,57,74,
yingdan1:p056:e01,lexeme:09cf980b5ff304ac,388,fable,fable,fable,`febḷ,名,寓言,同,story,托,3,fabl 說 + le 名詞,"""The Wind and The Sun"" was my favorite fable when I was little.",《北風與太陽》是我小時候最愛的一則寓言。,root,yingdan1:root:u02,yingdan1:root:g017,56,56,58,75,
yingdan1:p056:e02,lexeme:4b1ee48af1e0bd5e,389,fabulous,fabulous,fabulous,`fæbjələs,形,極好的,同,wonderful,雅,5,fabul 說 + ous 形容詞,The pianist's performance yesterday was absolutely fabulous.,那位鋼琴家昨天的演奏真是棒極了。,root,yingdan1:root:u02,yingdan1:root:g017,56,56,58,75,
yingdan1:p056:e03,lexeme:096044a072c1122a,390,preface,preface,preface,`prɛfɪs,名,序言,同,prologue,雅,4,pre 之前 + fa 說 + ence/ce 名詞,The preface to a book gives the reader a general idea of the story.,書籍的序言讓讀者對故事有個基本的認識。,root,yingdan1:root:u02,yingdan1:root:g017,56,56,58,75,
yingdan1:p056:e04,lexeme:b4ce4b23fe503302,391,fame,fame,fame,fem,名,名聲；聲望,同,reputation,益,3,fam 說話 + e 字尾,The author achieved fame overnight because of the best-selling novel.,那名作家因為這部暢銷小說而一夜成名。,root,yingdan1:root:u02,yingdan1:root:g018,56,56,58,75,
yingdan1:p056:e05,lexeme:79e216f9ba0184b7,392,fatal,fatal,fatal,`fetḷ,形,致命的；命中註定的,同,disastrous,托,3,fam/fat 說 (的話) + al 形容詞,The motorcyclist was killed in the fatal accident.,那名機車騎士死於致命的意外。,root,yingdan1:root:u02,yingdan1:root:g018,56,56,58,75,
yingdan1:p056:e06,lexeme:774a13da8cfe4771,393,fate,fate,fate,fet,名,宿命；死亡,同,destiny,雅,4,fam/fat 說 (的話) + e 字尾,My sister never believes in fate.,我姐姐不相信命運。,root,yingdan1:root:u02,yingdan1:root:g018,56,56,58,75,
yingdan1:p056:e07,lexeme:c81409883fdefbb3,394,infant,infant,infant,`ɪnfənt,名,嬰兒,同,newborn,研,3,in 否定 + fam/fant 說話,The infant stopped crying after hearing his mother's singing.,聽到母親的歌聲後，那名嬰兒就不哭了。,root,yingdan1:root:u02,yingdan1:root:g018,56,57,58,75,
yingdan1:p057:e01,lexeme:b33f0f602057e9cc,395,confess,confess,confess,kən`fɛs,動,告白；承認,反,deny,托,3,con 一起 + fess 講,The police tried to make the criminal confess to the crime.,警方試圖讓罪犯承認自己的罪行。,root,yingdan1:root:u02,yingdan1:root:g019,57,57,59,76,
yingdan1:p057:e02,lexeme:17c1532ca6cff8f6,396,professor,professor,professor,prə`fɛsɚ,名,教授,關,student,研,4,pro 向前地 + fess 講 + or 名詞,The professor agreed with Linda's perspective.,教授同意琳達的觀點。,root,yingdan1:root:u02,yingdan1:root:g019,57,57,59,76,
yingdan1:p057:e03,lexeme:fd7bdeae637576ba,397,analogy,analogy,analogy,ə`nælədʒɪ,名,類推；相似,反,dissimilarity,研,2,ana 在…之上 + log 說 + y 名詞,These two articles have some analogies with each other.,這兩篇文章有幾個相似之處。,root,yingdan1:root:u02,yingdan1:root:g020,57,57,59,76,
yingdan1:p057:e04,lexeme:e161201db018aac5,398,apology,apology,apology,ə`pɑlədʒɪ,名,道歉,近,penitence,雅,3,apo 離開 + log 說 + y 名詞,The driver made an apology to us for his impoliteness.,那位司機為他的不禮貌向我們道歉。,root,yingdan1:root:u02,yingdan1:root:g020,57,57,59,76,
yingdan1:p057:e05,lexeme:7fe82d1c2d9c2abe,399,colloquial,colloquial,colloquial,kə`lokwɪəl,形,口語的；會話的,反,formal,托,4,col 共同 + loqu 說 + ial 形容詞,"""Pop"" and ""soda"" are examples of colloquial words that describe a soft drink.",「汽水」和「蘇打」是清涼飲料的口語說法。,root,yingdan1:root:u02,yingdan1:root:g020,57,57,59,76,
yingdan1:p057:e06,lexeme:b89f45bfe540e1a9,400,eloquent,eloquent,eloquent,`ɛləkwənt,形,雄辯的,同,well-spoken,檢,3,e 向外 + loqu 說 + ent 形容詞,The candidate is pretty eloquent and thus made an excellent speech.,那名候選人的口才很好，因此做了一場精采的演說。,root,yingdan1:root:u02,yingdan1:root:g020,57,57,59,76,
yingdan1:p057:e07,lexeme:08e4e1c34e288c71,401,logic,logic,logic,`lɑdʒɪk,名,邏輯；推理,同,rationale,檢,4,log 說 + ic 名詞,I wouldn't agree with Ian because his logic is shaky to me.,我覺得伊恩的邏輯有問題，所以我不同意他的觀點。,root,yingdan1:root:u02,yingdan1:root:g020,57,58,59,76,
yingdan1:p058:e01,lexeme:57c4991869b96345,402,prophet,prophet,prophet,`prɑfɪt,名,預言者,同,seer,檢,3,pro 向前地 + phe/phet 講話,It is said that a prophet foretold the event in which Jesus Christ came back to life.,據說一位先知預言了耶穌基督復活的事件。,root,yingdan1:root:u02,yingdan1:root:g021,58,58,60,77,
yingdan1:p058:e02,lexeme:0c873ecbd3c57a01,403,symphony,symphony,symphony,`sɪmfənɪ,名,交響曲,關,orchestra,檢,3,sym 共同 + phon 聲音 + y 名詞,"One of the most famous symphonies Beethoven composed is Symphony No.5, Op.67.",貝多芬的第五號交響曲《命運》是他廣為人知的作品之一。,root,yingdan1:root:u02,yingdan1:root:g021,58,58,60,77,
yingdan1:p058:e03,lexeme:bd8bf4f1e8c62eb1,404,aspect,aspect,aspect,`æspɛkt,名,方面；形勢,同,facet,益,3,a 前往 + spect 看,The trainer reminded us to consider a question in different aspects.,訓練者提醒我們要從不同的角度去思考問題。,root,yingdan1:root:u02,yingdan1:root:g022,58,58,60,77,
yingdan1:p058:e04,lexeme:9272459bf48061da,405,despise,despise,despise,dɪ`spaɪz,動,輕視,同,disdain,檢,3,de 往下 + spec/spise 看,The foreign editor quit because she despised her boss.,該名外國編輯瞧不起她的老闆，因而辭職。,root,yingdan1:root:u02,yingdan1:root:g022,58,58,60,77,
yingdan1:p058:e05,lexeme:6dbefb4fe02322df,406,despite,despite,despite,dɪ`spaɪt,介,不顧,同,in spite of,檢,5,de 往下 + spec/spite 看,My father attended the meeting despite his illness.,我父親不顧自己的病情，依然去參加會議。,root,yingdan1:root:u02,yingdan1:root:g022,58,58,60,77,
yingdan1:p058:e06,lexeme:77f2f036726eaa17,407,expect,expect,expect,ɪk`spɛkt,動,期待；預期,同,await,檢,5,ex 向外 + spec 看,I expect you to complete this project by the deadline.,我期待你在期限之前完成這項計畫。,root,yingdan1:root:u02,yingdan1:root:g022,58,59,60,77,
yingdan1:p059:e01,lexeme:14a60637758cb026,408,inspect,inspect,inspect,ɪn`spɛkt,動,調查；檢閱,同,go through,托,4,in 進入 + spec/spect 看,Those police officers went to inspect the crime scene.,那些警員前往調查犯罪現場的情況。,root,yingdan1:root:u02,yingdan1:root:g022,59,59,61,78,
yingdan1:p059:e02,lexeme:74425421116546fd,409,perspective,perspective,perspective,pɚ`spɛktɪv,名,觀點 (形) 透視的,同,viewpoint,托,3,per 穿透 + spec/spect 看 + ive 名詞 / 形容詞,Danny agreed with the scholar's perspective on global politics.,丹尼認同那名學者對全球政治的觀點。,root,yingdan1:root:u02,yingdan1:root:g022,59,59,61,78,
yingdan1:p059:e03,lexeme:40542f7e6b9ec165,410,prospect,prospect,prospect,`prɑspɛkt,名,眼界；展望,反,retrospect,益,3,pro 向前地 + spec/spect 看,I am happy for Tom because he obtains a job which offers good prospects.,我替湯姆感到高興，因為他得到一份很有展望的工作。,root,yingdan1:root:u02,yingdan1:root:g022,59,59,61,78,
yingdan1:p059:e04,lexeme:0c3e015009e5155c,411,respect,respect,respect,rɪ`spɛkt,名 | 動,尊敬,反,disrespect,檢,4,re 再一次 + spec/spect 看,Joe is angry because you didn't respect his decision.,因為你沒有尊重喬的決定，所以他生氣了。,root,yingdan1:root:u02,yingdan1:root:g022,59,59,61,78,
yingdan1:p059:e05,lexeme:5f161c9149882e0e,412,scope,scope,scope,skop,名,範圍；領域,同,extent,益,3,spec 看 → scope,The problem is beyond my scope. You should ask Roy for help.,這個問題超出我的能力範圍，你應該去找羅伊幫忙。,root,yingdan1:root:u02,yingdan1:root:g022,59,59,61,78,
yingdan1:p059:e06,lexeme:7d4c5c8894e016e7,413,special,special,special,`spɛʃəl,形,特別的,反,common,檢,5,spec 看 + ial 形容詞,They have a special offer for regular customers.,針對常客，他們會給予特別的優惠。,root,yingdan1:root:u02,yingdan1:root:g022,59,59,61,78,
yingdan1:p059:e07,lexeme:3c6a8279d628d160,414,specimen,specimen,specimen,`spɛsəmən,名,標本；樣品,同,sample,研,3,spec 看 + im 進入 + en 名詞 (小尺寸),"The specimen looks like a snake, but it is actually a big eel fish.",這個標本看起來像蛇，但牠實際上是一條大鰻魚。,root,yingdan1:root:u02,yingdan1:root:g022,59,59,61,78,
yingdan1:p059:e08,lexeme:52cfa9440177ced9,415,spectacle,spectacle,spectacle,`spɛktəkḷ,名,景象；奇觀,同,sight,托,3,spec/spect 看 + acle 名詞 (小尺寸),All the tourists were amazed by the spectacle.,所有的旅客都對這個景象嘆為觀止。,root,yingdan1:root:u02,yingdan1:root:g022,59,59,61,78,
yingdan1:p060:e01,lexeme:52f7e22d230c8ec9,416,spectacular,spectacular,spectacular,spɛk`tækjələ,形,壯觀的,同,breathtaking,托,3,spec/spect 看 + acular 形容詞,They were watching a spectacular display of fireworks along the riverbank.,他們那時在河岸邊觀看壯麗的煙火表演。,root,yingdan1:root:u02,yingdan1:root:g022,60,60,62,79,
yingdan1:p060:e02,lexeme:1fd6202c9bb335c6,417,spectrum,spectrum,spectrum,`spɛktrəm,名,光譜；範圍,近,gamut,研,2,spec 看 + tron/trum 基本粒子,A rainbow shows all the colors of the visible spectrum.,彩虹顯示出可見光譜的所有顏色。,root,yingdan1:root:u02,yingdan1:root:g022,60,60,62,79,
yingdan1:p060:e03,lexeme:355ac7d4d96254b3,418,speculate,speculate,speculate,`spɛkjəˌlet,動,思索；推測,同,guess,托,3,spec 看 + ule/ul 小尺寸 + ate 動詞,Some investors speculate on a rise in stocks.,有些投資者推測股票會上漲。,root,yingdan1:root:u02,yingdan1:root:g022,60,60,62,79,
yingdan1:p060:e04,lexeme:58e989955f4b358f,419,spice,spice,spice,spaɪs,名,香料 (動) 加香料於,同,seasoning,檢,3,spec 看 → spice,The chef added some spice to the sausage.,主廚在香腸中添加了香料。,root,yingdan1:root:u02,yingdan1:root:g022,60,60,62,79,
yingdan1:p060:e05,lexeme:57d4aa377250296d,420,spy,spy,spy,spaɪ,動,偵察 (名) 間諜,同,secret agent,雅,3,spec 看 → spy,They are spying upon the movements of the terrorists.,他們正在暗中監視恐怖份子的行動。,root,yingdan1:root:u02,yingdan1:root:g022,60,60,62,79,
yingdan1:p060:e06,lexeme:982776aa0b872d5a,421,suspect,suspect,suspect,`sʌspɛkt,名,嫌疑犯,關,charge,檢,4,sub/sus 下面 + spec/spect 看,"Based on the evidence, the court decided to prosecute the suspect.",根據這項證據，法庭決定起訴該名嫌犯。,root,yingdan1:root:u02,yingdan1:root:g022,60,60,62,79,
yingdan1:p060:e07,lexeme:02c97447687b4871,422,advice,advice,advice,əd`vaɪs,名,忠告；建議,同,guidance,檢,4,ad 前往 + vise/vice 看見,We followed Ann's advice and distributed the process into four stages.,我們採取安的建議，將程序分成四個階段執行。,root,yingdan1:root:u02,yingdan1:root:g023,60,60,62,79,
yingdan1:p060:e08,lexeme:bac8ab1286b879dc,423,advise,advise,advise,əd`vaɪz,動,勸告；建議,同,recommend,檢,4,ad 前往 + vise 看見,The manager advised against the franchise with local agencies.,,root,yingdan1:root:u02,yingdan1:root:g023,60,60,62,79,missing_example_zh
yingdan1:p061:e01,lexeme:263a4dbe41488fb8,424,device,device,device,dɪ`vaɪs,名,設計；設備,同,gadget,檢,4,de 分離 + vise/vice 看見,People nowadays literally can't live without electronic devices.,現代人真的是少了電子設備就不行了。,root,yingdan1:root:u02,yingdan1:root:g023,61,61,63,80,
yingdan1:p061:e02,lexeme:4d0f7f57107df31d,425,devise,devise,devise,dɪ`vaɪz,動,設計；發明,同,design,檢,3,de 分離 + vise 看見,Adam devised a wonderful plan.,亞當想出一個很棒的計畫。,root,yingdan1:root:u02,yingdan1:root:g023,61,61,63,80,
yingdan1:p061:e03,lexeme:fc91368f2036677b,426,envy,envy,envy,`ɛnvɪ,名 | 動,羨慕；嫉妒,反,satisfy,檢,4,in/en 在上面 + vis/vy 看見,"Tommy envies professional soccer players so much, and he wants to be one of them.",湯米很羨慕職業足球選手，並想要成為他們的一員。,root,yingdan1:root:u02,yingdan1:root:g023,61,61,63,80,
yingdan1:p061:e04,lexeme:ee8250fb76e094b3,427,evidence,evidence,evidence,`ɛvədəns,名,證據；跡象,同,proof,托,4,e 向外 + vis/vid 看見 + ence 名詞,There was not sufficient evidence to convict the man.,證據不足以判定那男人有罪。,root,yingdan1:root:u02,yingdan1:root:g023,61,61,63,80,
yingdan1:p061:e05,lexeme:ed11c288ac874f10,428,evident,evident,evident,`ɛvədənt,形,明顯的,反,dubious,托,4,e 向外 + vis/vid 看見 + ent 形容詞,It is evident by your frequent tardiness that you do not care about the job.,你經常遲到，很明顯是不在乎這份工作。,root,yingdan1:root:u02,yingdan1:root:g023,61,61,63,80,
yingdan1:p061:e06,lexeme:405abc33f5f3b06b,429,provide,provide,provide,prə`vaɪd,動,提供；預備,反,consume,檢,5,pro 之前 + vise/vide 看見,The couple tries hard to provide their children with a good education.,那對夫妻很努力地提供孩子良好的教育。,root,yingdan1:root:u02,yingdan1:root:g023,61,61,63,80,
yingdan1:p061:e07,lexeme:c97ace4c8fef2cee,430,review,review,review,rɪ`vju,名 | 動,評論；複習,反,preview,檢,4,re 再一次 + vise/view 看見,"Please review this chapter, inclusive of pages 78 to 94.",請複習本章的內容，範圍從第七十八頁到第九十四頁。,root,yingdan1:root:u02,yingdan1:root:g023,61,61,63,80,
yingdan1:p061:e08,lexeme:aa53d35cdecfe4a2,431,revise,revise,revise,rɪ`vaɪz,動,校訂；修正,同,correct,益,4,re 再一次 + vise 看見,They published the revised edition of the grammar book.,他們出版了這本文法書的修訂版。,root,yingdan1:root:u02,yingdan1:root:g023,61,61,63,80,
yingdan1:p062:e01,lexeme:afd63cca4f004105,432,supervise,supervise,supervise,`supɚˌvaɪz,動,監督；管理,同,oversee,托,3,super 在…之上 + vise 看見,The hostess supervised her maids to clean the house.,女主人監督她的女僕們打掃房子。,root,yingdan1:root:u02,yingdan1:root:g023,62,62,64,81,
yingdan1:p062:e02,lexeme:811f2a14b9850c9d,433,survey,survey,survey,sɝ`ve,名 | 動,調查；勘查,同,inspection,檢,3,sur 在…之上 + vis/vey 看見,They surveyed the bay from a helicopter.,他們搭直升機俯瞰海灣。,root,yingdan1:root:u02,yingdan1:root:g023,62,62,64,81,
yingdan1:p062:e03,lexeme:e759968ca9278b8d,434,visa,visa,visa,`vizə,名,簽證,關,approval,托,3,vise 看見 → visa,My visitor's visa will expire on October 22nd this year.,我的旅遊簽證將於今年的十月二十二日到期。,root,yingdan1:root:u02,yingdan1:root:g023,62,62,64,81,
yingdan1:p062:e04,lexeme:5944ae849448011c,435,vision,vision,vision,`vɪʒən,名,視力；洞察力,同,eyesight,檢,4,vis 看見 + ion 名詞,Your vision may become blurry for a few minutes after using mydriatic.,使用散瞳劑後，你或許會有幾分鐘視力模糊。,root,yingdan1:root:u02,yingdan1:root:g023,62,62,64,81,
yingdan1:p062:e05,lexeme:f0e68ac26df21840,436,visit,visit,visit,`vɪzɪt,名 | 動,拜訪；參觀,同,call on,檢,5,vis 看見 + it 行走,"We visited three churches, and I really loved the design of the architecture.",我們參觀了三棟教堂，我真的很喜歡他們的建築設計。,root,yingdan1:root:u02,yingdan1:root:g023,62,62,64,81,
yingdan1:p062:e06,lexeme:a5961f3f5ac8a594,437,visual,visual,visual,`vɪʒʊəl,形,視覺的,同,ocular,檢,5,vis 看見 + ual 形容詞,I learned how to use lighting to create visual stage effects.,我學會了用燈光製造舞台效果的方法。,root,yingdan1:root:u02,yingdan1:root:g023,62,62,64,81,
yingdan1:p062:e07,lexeme:3c054e0895eb3881,438,advocate,advocate,advocate,`ædvəˌket,動,主張,同,promote,托,4,ad 前往 + voc 喊叫 + ate 動詞,He advocates a reduction in military spending.,他主張削減軍費開支。,root,yingdan1:root:u02,yingdan1:root:g024,62,62,64,81,
yingdan1:p062:e08,lexeme:5b091bdd8553a9f1,439,provoke,provoke,provoke,prə`vok,動,激起；激怒,反,soothe,托,3,pro 向前地 + voke 喊叫,I never thought that this article would provoke so much discussion.,我從沒想過這篇文章竟然能激起這麼多人討論。,root,yingdan1:root:u02,yingdan1:root:g024,62,63,64,81,
yingdan1:p063:e01,lexeme:0c7e0de28a70f3c4,440,vocabulary,vocabulary,vocabulary,və`kæbjəˌlɛrɪ,名,字彙,同,glossary,檢,4,voc/voca 聲音 + bul 增強 + ary 名詞,"Though she has limited vocabulary, he wrote a good composition.",雖然他的字彙有限，但他寫了一篇好作文。,root,yingdan1:root:u02,yingdan1:root:g024,63,63,65,82,
yingdan1:p063:e02,lexeme:74e9efa7126bfe2e,441,vocation,vocation,vocation,vo`keʃən,名,職業；行業,同,occupation,益,4,voc 喊叫 + ation 名詞,My cousin chose to take up the vocation of engineering.,我堂哥選擇當工程師。,root,yingdan1:root:u02,yingdan1:root:g024,63,63,65,82,
yingdan1:p063:e03,lexeme:96a6b83f147c7d8b,442,vocal,vocal,vocal,`vokḷ,形,聲音的；口頭的,同,uttered,檢,3,voc 聲音 + al 形容詞,Gina has a talent for singing and chose vocal music as her major.,吉娜很有唱歌的天賦，所以選聲樂作為主修。,root,yingdan1:root:u02,yingdan1:root:g024,63,63,65,82,
yingdan1:p063:e04,lexeme:ca5bcec12f716f44,443,bat,bat,bat,bæt,動,揮打 (名) 球棒,同,sock,托,4,bat 打,Most baseball players prefer a wooden bat to one made of metal.,大多數棒球選手偏愛木製球棒，而非金屬球棒。,root,yingdan1:root:u03,yingdan1:root:g025,63,63,65,82,
yingdan1:p063:e05,lexeme:7c83805b8676c466,444,batter,batter,batter,`bætɚ,名,麵糊；打擊手,同,dough,雅,3,batt 打 + er 名詞,"The batter is ready, so we can turn on the oven now.",麵糊已經準備好，我們現在可以打開烤箱了。,root,yingdan1:root:u03,yingdan1:root:g025,63,63,65,82,
yingdan1:p063:e06,lexeme:f3d1701e1d575e12,445,battery,battery,battery,`bætərɪ,名,電池,關,charger,研,3,batt 打 + ery 名詞 (字義衍生：打 → 砲 → 電子元素),Using rechargeable batteries is better for the environment.,使用充電式電池比較環保。,root,yingdan1:root:u03,yingdan1:root:g025,63,63,65,82,
yingdan1:p064:e01,lexeme:16f5e2322d05ddf5,446,battle,battle,battle,`bætḷ,名,戰役,同,fight,益,4,batt 打 + le 名詞,My grandfather died in a battle during World War II.,我爺爺死於第二次世界大戰的一場戰役。,root,yingdan1:root:u03,yingdan1:root:g025,64,64,66,83,
yingdan1:p064:e02,lexeme:8d988fa370985287,447,combat,combat,combat,`kɑmbæt,名 | 動,戰鬥,同,warfare,檢,2,com 共同 + bat 打,All the troops are ready for the combat and awaiting orders to attack the enemy.,所有軍隊已做好戰鬥的準備，正在等待進攻的命令。,root,yingdan1:root:u03,yingdan1:root:g025,64,64,66,83,
yingdan1:p064:e03,lexeme:6f7a9000cccc11b5,448,debate,debate,debate,dɪ`bet,名 | 動,辯論,同,controversy,雅,3,de 往下 + bat/bate 打,A fierce debate is going on in the conference room.,會議室裡正有場激烈的辯論。,root,yingdan1:root:u03,yingdan1:root:g025,64,64,66,83,
yingdan1:p064:e04,lexeme:603705cc260e946d,449,cast,cast,cast,kæst,動,投擲 (名) 演員班底,同,throw,托,2,cast 投擲,The cast of the movie is amazing.,這部電影的演員陣容真令人驚艷。,root,yingdan1:root:u03,yingdan1:root:g026,64,64,66,83,
yingdan1:p064:e05,lexeme:59f0db478528b4c4,450,forecast,forecast,forecast,`fɔrˌkæst,名 | 動,預報,同,prediction,檢,3,fore 之前 + cast 投擲,Kelly usually listens to the weather forecast on her cell phone.,凱莉經常使用手機聽天氣預報。,root,yingdan1:root:u03,yingdan1:root:g026,64,64,66,83,
yingdan1:p064:e06,lexeme:c125d0397b605657,451,accept,accept,accept,ək`sɛpt,動,同意；接受,反,refuse,益,3,ac 前往 + cept 拿,Jennifer accepted Bob's proposal without hesitation.,珍妮佛毫不猶豫地答應了鮑伯的求婚。,root,yingdan1:root:u03,yingdan1:root:g027,64,64,66,83,
yingdan1:p064:e07,lexeme:d774ea6c0add29b7,452,conceive,conceive,conceive,kən`siv,動,構想；設想,同,think,雅,3,con 共同 + ceive 拿,The project was conceived by Miranda and her team.,,root,yingdan1:root:u03,yingdan1:root:g027,64,64,66,83,missing_example_zh
yingdan1:p065:e01,lexeme:da5e11efa36720a4,453,concept,concept,concept,`kɑnsɛpt,名,概念,同,conception,托,2,con 共同 + cept 拿,This work has brought a completely new concept into the jazz field.,這件作品為爵士樂領域注入全新的概念。,root,yingdan1:root:u03,yingdan1:root:g027,65,65,67,84,
yingdan1:p065:e02,lexeme:4f2224ca4f0897e6,454,deceive,deceive,deceive,dɪ`siv,動,欺騙,近,defraud,檢,2,de 分離 + ceive 拿,"Sam's wife confides in him, and he has never deceived her.",山姆的老婆信賴他，而他從未欺騙過她。,root,yingdan1:root:u03,yingdan1:root:g027,65,65,67,84,
yingdan1:p065:e03,lexeme:b11279547bc49510,455,except,except,except,ɪk`sɛpt,介,除外,同,excluding,雅,4,ex 向外 + cept 拿,"Except for Peter, everybody else has failed the examination.",除了彼得之外，其他所有人的成績都不及格。,root,yingdan1:root:u03,yingdan1:root:g027,65,65,67,84,
yingdan1:p065:e04,lexeme:d27d1573bfd9ca91,456,perceive,perceive,perceive,pɚ`siv,動,察覺；感知,同,realize,益,3,per 完全地 + ceive 拿,Roy is disappointed because people perceive him as being dishonest.,羅伊因為其他人認為他不誠實而感到沮喪。,root,yingdan1:root:u03,yingdan1:root:g027,65,65,67,84,
yingdan1:p065:e05,lexeme:6f32860910ca0fb2,457,receipt,receipt,receipt,rɪ`sit,名,收據；接受,同,voucher,益,2,re 返回 + cip/ceipt 拿,Remember to get a receipt when you buy something.,購買物品時，要記得拿收據。,root,yingdan1:root:u03,yingdan1:root:g027,65,65,67,84,
yingdan1:p065:e06,lexeme:95100519be034221,458,receive,receive,receive,rɪ`siv,動,收到,近,obtain,雅,4,re 返回 + ceive 拿,The marketing manager received a big bonus.,行銷經理拿到了豐厚的紅利。,root,yingdan1:root:u03,yingdan1:root:g027,65,65,67,84,
yingdan1:p065:e07,lexeme:665d0698dbc8fb95,459,recipient,recipient,recipient,rɪ`sɪpɪənt,名,接受者,反,giver,檢,3,re 返回 + cip/cipi 拿 + ent 名詞 (人),She decided to give all her money away. The recipients of her money included charities and churches.,她決定將所有的錢捐出去，接受者包括慈善機構與教堂。,root,yingdan1:root:u03,yingdan1:root:g027,65,65,67,84,
yingdan1:p066:e01,lexeme:d6a919ef536282bf,460,discuss,discuss,discuss,dɪ`skʌs,動,討論,同,deliberate,研,4,dis 分離 + cuss 搖晃,Professor Lin discussed the final presentation with his graduate student.,林教授與他的研究生討論期末發表事宜。,root,yingdan1:root:u03,yingdan1:root:g028,66,66,68,85,
yingdan1:p066:e02,lexeme:f16adb0cad8f6f29,461,percussion,percussion,percussion,pɚ`kʌʃən,名,打擊樂器,關,drumming,托,1,per 穿過 + cuss 打擊 + ion 名詞,David took the class because he is interested in the percussion instrument.,大衛對打擊樂器有興趣，所以修了那門課。,root,yingdan1:root:u03,yingdan1:root:g028,66,66,68,85,
yingdan1:p066:e03,lexeme:50d858e0985ecc7f,462,example,example,example,ɪg`zæmpl,名,樣本,同,sample,托,4,ex 向外 + ample 拿,The professor always gives practical examples to explain the economic theories.,那位教授總是藉實例來說明經濟學理論。,root,yingdan1:root:u03,yingdan1:root:g029,66,66,68,85,
yingdan1:p066:e04,lexeme:cf07194ee232eb53,463,prompt,prompt,prompt,prɑmpt,形,立即的,同,instant,益,3,pro 向前地 + empt 拿,The bank came to a prompt decision on the fully secured loan.,銀行立即做了決策，提供十足擔保貸款。,root,yingdan1:root:u03,yingdan1:root:g029,66,66,68,85,
yingdan1:p066:e05,lexeme:ff1f017072ccd92f,464,defend,defend,defend,dɪ`fɛnd,動,防禦；抗辯,同,fight for,益,4,de 分離 + fend 打擊,The lawyer found it difficult to defend his client.,那名律師發現要為他的客戶辯護有困難。,root,yingdan1:root:u03,yingdan1:root:g030,66,66,68,85,
yingdan1:p066:e06,lexeme:1b0b7e51ee5d8e25,465,defense,defense,defense,dɪ`fɛns,名,防禦；國防,反,offense,檢,3,de 分離 + fend/fense 打擊,"In sports, the team playing defense does not have the ball to hold onto.",運動中，防禦的一方不控球。,root,yingdan1:root:u03,yingdan1:root:g030,66,66,68,85,
yingdan1:p067:e01,lexeme:87346eb282352fda,466,fence,fence,fence,fɛns,名,柵欄；籬笆,同,barricade,檢,3,fend 打擊 → fence (字義衍生：打擊 → 圍住以防衛),The boys are scrambling the fence.,那些男孩們正在爬籬笆。,root,yingdan1:root:u03,yingdan1:root:g030,67,67,69,86,
yingdan1:p067:e02,lexeme:05b3abf2579a5eb6,467,manifest,manifest,manifest,`mænəˌfɛst,動,顯示,反,conceal,檢,2,mani 手 + fest 打擊,Amy tried to manifest all the related data in one document.,艾咪試著將所有相關的資料顯示在同一份文件中。,root,yingdan1:root:u03,yingdan1:root:g030,67,67,69,86,
yingdan1:p067:e03,lexeme:4240ac38a1a57c19,468,offend,offend,offend,ə`fɛnd,動,冒犯；違反,反,defend,檢,3,ob/of 反對 + fend 打擊,"Danny offended the host before, so he isn't invited this time.",丹尼之前冒犯了主辦人，所以他這次沒有被邀請。,root,yingdan1:root:u03,yingdan1:root:g030,67,67,69,86,
yingdan1:p067:e04,lexeme:72f89f8432e31480,469,offense,offense,offense,ə`fɛns,名,冒犯；侮辱,反,defense,雅,4,ob/of 反對 + fend/fense 打擊,Their team's offense was badly planned.,他們隊的進攻毫無章法。,root,yingdan1:root:u03,yingdan1:root:g030,67,67,69,86,
yingdan1:p067:e05,lexeme:0bf474896363505e,470,digest,digest,digest,daɪ`dʒɛst,動,消化 (名) 摘要,同,absorb,雅,3,di 分離 + gest 攜帶,The patient is still under treatment. He cannot digest solid food yet.,那位病人還在接受治療中，他還無法消化固體食物。,root,yingdan1:root:u03,yingdan1:root:g031,67,67,69,86,
yingdan1:p067:e06,lexeme:7a76d5874ce043d7,471,exaggerate,exaggerate,exaggerate,ɪg`zædʒəˌret,動,誇張,同,overdraw,檢,5,ex 向外 + ag 前往 + ger 攜帶 + ate 動詞,"When telling a story, my grandmother tends to exaggerate it.",在講故事的時候，我祖母通常會誇大一些。,root,yingdan1:root:u03,yingdan1:root:g031,67,67,69,86,
yingdan1:p067:e07,lexeme:6b1243a8947f257d,472,gesture,gesture,gesture,`dʒɛstʃɚ,名,手勢,同,body language,益,3,gest 攜帶 + ure 名詞,"He made that gesture three times at the meeting, but I didn't get it.",他在會議上比了那個手勢三次，但我還是沒看懂他的意思。,root,yingdan1:root:u03,yingdan1:root:g031,67,67,69,86,
yingdan1:p067:e08,lexeme:dc726d0a525fdaf7,473,suggest,suggest,suggest,sə`dʒɛst,動,建議；提議,同,recommend,托,4,sub/sug 下面 + gest 攜帶,The teacher suggested her students do the online questions before the exam.,老師建議她的學生考前去做個線上測驗。,root,yingdan1:root:u03,yingdan1:root:g031,67,68,69,86,
yingdan1:p068:e01,lexeme:e262dc864e788d60,474,calligraphy,calligraphy,calligraphy,kə`lɪgrəfɪ,名,書法,關,writing,托,5,calli 優美 + graph 寫 + y 名詞,My mother is good at calligraphy since she has studied it for thirty years.,我母親很擅長書法，因為她已鑽研三十年了。,root,yingdan1:root:u03,yingdan1:root:g032,68,68,70,87,
yingdan1:p068:e02,lexeme:bf8e5ca0b2d5abd3,475,geography,geography,geography,dʒɪ`ɑgrəfɪ,名,地理學,關,geology,檢,4,geo 土地 + graph 寫 + y 名詞,My twin brother is strongly interested in geography.,我的雙胞胎哥哥對地理學特別有興趣。,root,yingdan1:root:u03,yingdan1:root:g032,68,68,70,87,
yingdan1:p068:e03,lexeme:e05eb8a4a255743e,476,grammar,grammar,grammar,`græmɚ,名,文法,關,syntax,益,4,gram 寫 + ar 名詞,Mastering English grammar is the hardest part for me.,對我來說，要精通英文文法是最困難的部分。,root,yingdan1:root:u03,yingdan1:root:g032,68,68,70,87,
yingdan1:p068:e04,lexeme:eef93e1d14482804,477,graph,graph,graph,græf,名,圖表,同,chart,雅,3,graph 寫,The graph below shows the improvement of the sales in the last six months.,以下圖表顯示過去六個月內銷售量的進展。,root,yingdan1:root:u03,yingdan1:root:g032,68,68,70,87,
yingdan1:p068:e05,lexeme:7482d5802c3c2798,478,photograph,photograph,photograph,`fotəˌgræf,名,照片,同,image,研,5,photo 光 + graph 寫,This photograph reminds me of my best friend.,這張照片讓我想起我最好的朋友。,root,yingdan1:root:u03,yingdan1:root:g032,68,68,70,87,
yingdan1:p068:e06,lexeme:1310ca2c8932dbd1,479,program,program,program,`progræm,名,節目單；計畫,同,schedule,托,5,pro 向前地 + gram 寫,The photography program at my university is very popular among students.,我們學校的攝影課程在學生當中是很搶手的一門課。,root,yingdan1:root:u03,yingdan1:root:g032,68,68,70,87,
yingdan1:p068:e07,lexeme:e6f2ad814692e3f5,480,inject,inject,inject,ɪn`dʒɛkt,動,注入；注射,同,infuse,檢,4,in 進入 + ject 投擲,The nurse injected the drug into my arm.,護士將藥注入我的手臂。,root,yingdan1:root:u03,yingdan1:root:g033,68,69,70,87,
yingdan1:p069:e01,lexeme:2958d416d08aa5a4,481,object,object,object,`ɑbdʒɪkt,名,物體；目標,同,thing,益,3,ob 對著 + ject 投擲,Some objects get bigger when they're heated and get smaller when they're cooled.,有些物體遇熱會膨脹，遇冷則會縮小。,root,yingdan1:root:u03,yingdan1:root:g033,69,69,71,88,
yingdan1:p069:e02,lexeme:244210e48437b655,482,project,project,project,`prɑdʒɛkt,名,計畫；專案,同,plan,檢,4,pro 向前地 + ject 投擲,Allen is depressed because his project wasn't accepted.,艾倫的計畫沒有被採納，所以他很沮喪。,root,yingdan1:root:u03,yingdan1:root:g033,69,69,71,88,
yingdan1:p069:e03,lexeme:084e990a49ba65e6,483,reject,reject,reject,rɪ`dʒɛkt,動,拒絕；否決,反,accept,托,3,re 返回 + ject 投擲,Samantha is applying to Harvard University and really hopes they won't reject her application.,莎曼珊申請了哈佛大學，她希望對方不會拒絕她的申請。,root,yingdan1:root:u03,yingdan1:root:g033,69,69,71,88,
yingdan1:p069:e04,lexeme:a9491f4c1bf7b0cf,484,subject,subject,subject,`sʌbdʒɪkt,名,主題；學科,同,topic,研,4,sub 下面 + ject 投擲,Morality is an important subject for children.,道德教育對小朋友而言是重要的課程。,root,yingdan1:root:u03,yingdan1:root:g033,69,69,71,88,
yingdan1:p069:e05,lexeme:6e16db102267e6e7,485,delay,delay,delay,dɪ`le,名 | 動,延遲；拖延,同,lag,益,3,de 分離 + late/lay 攜帶,The train has been delayed twenty minutes due to the heavy rain.,由於大雨的緣故，那班火車延遲了二十分鐘。,root,yingdan1:root:u03,yingdan1:root:g034,69,69,71,88,
yingdan1:p069:e06,lexeme:e78618f499c47e47,486,relate,relate,relate,rɪ`let,動,關聯；敘述,同,correlate,檢,4,re 返回 + late 攜帶,"In my opinion, the judgment of acquittal is related to the force of public opinion.",在我看來，這個案子之所以會宣判無罪，和大眾輿論有關。,root,yingdan1:root:u03,yingdan1:root:g034,69,69,71,88,
yingdan1:p069:e07,lexeme:7fd690e20d081646,487,translate,translate,translate,træns`let,動,翻譯,同,interpret,托,4,trans 跨越 + late 攜帶,The professor asked her students to translate their essays into Chinese.,那名教授要求學生把他們的文章翻譯成中文。,root,yingdan1:root:u03,yingdan1:root:g034,69,70,71,88,
yingdan1:p070:e01,lexeme:25508c0d59c3ca44,488,elevate,elevate,elevate,`ɛləˌvet,動,舉起；提升,同,uplift,托,3,e 向外 + lev 提高 + ate 動詞,"In order to install the machine, we need to elevate this table.",為了安裝這台機器，我們必須抬起這張桌子。,root,yingdan1:root:u03,yingdan1:root:g035,70,70,72,89,
yingdan1:p070:e02,lexeme:e4f3477880707e24,489,relevant,relevant,relevant,`rɛləvənt,形,相關的,反,irrelevant,益,4,re 再一次 + lev 提高 + ant 形容詞,We discussed all the relevant issues at the meeting.,我們在會議上討論了所有相關議題。,root,yingdan1:root:u03,yingdan1:root:g035,70,70,72,89,
yingdan1:p070:e03,lexeme:ea6a344e27604dcb,490,relief,relief,relief,rɪ`lif,名,減輕；安慰,同,alleviation,檢,3,re 表強調 + lev/lief 輕的,The medicine will give this patient a certain amount of relief.,這種藥物一定程度上能緩和病人的痛苦。,root,yingdan1:root:u03,yingdan1:root:g035,70,70,72,89,
yingdan1:p070:e04,lexeme:be169a7e712b89de,491,relieve,relieve,relieve,rɪ`liv,動,減緩；救助,同,comfort,研,5,re 表強調 + lev/lieve 輕的,Adam took a pill to relieve his headache.,亞當吃了一顆藥，以減輕頭痛的症狀。,root,yingdan1:root:u03,yingdan1:root:g035,70,70,72,89,
yingdan1:p070:e05,lexeme:439872a2ee86c812,492,applaud,applaud,applaud,ə`plɔd,動,鼓掌；歡呼,同,cheer,檢,3,ap 前往 + plaud 拍手,Everyone applauded the volunteers for their efforts.,大家為志工所付出的努力鼓掌喝采。,root,yingdan1:root:u03,yingdan1:root:g036,70,70,72,89,
yingdan1:p070:e06,lexeme:e1dad7c250f5ba7b,493,applause,applause,applause,ə`plɔz,名,喝采；熱烈鼓掌,同,acclaim,檢,3,ap 前往 + plaud/plause 拍手,"As soon as the symphony was finished, wild applause broke out.",交響樂一演奏完畢，立即響起如雷的掌聲。,root,yingdan1:root:u03,yingdan1:root:g036,70,70,72,89,
yingdan1:p070:e07,lexeme:fecb036594866077,494,explode,explode,explode,ɪk`splod,動,爆炸,同,blast,托,3,ex 向外 + plod/plode 擊打,"A bomb was exploded on the bus, killing ten people and wounding many more.",一枚炸彈在公車上爆炸，十人喪生，多人受傷。,root,yingdan1:root:u03,yingdan1:root:g036,70,71,72,89,
yingdan1:p071:e01,lexeme:4e33d57d8955b313,495,explosion,explosion,explosion,ɪk`sploʒən,名,爆炸；爆炸聲,同,bang,檢,3,ex 向外 + plod/plo 擊打 + sion 名詞,"After the explosion, the MRT station was shut down.",在爆炸案發生之後，那個捷運站就關閉了。,root,yingdan1:root:u03,yingdan1:root:g036,71,71,73,90,
yingdan1:p071:e02,lexeme:33a5c8e80138e5f8,496,explosive,explosive,explosive,ɪk`splosɪv,名,炸藥 (形) 爆炸的,同,dynamite,托,3,ex 向外 + plod/plo 擊打 + sive 名詞 / 形容詞,The soldiers carried many powerful explosive for the assault.,為了這次突襲，軍人們帶了許多威力強大的炸藥。,root,yingdan1:root:u03,yingdan1:root:g036,71,71,73,90,
yingdan1:p071:e03,lexeme:6985ca1f4daa5a58,497,component,component,component,kəm`ponənt,名,部分；成分,同,element,檢,3,com 共同 + pon 放置 + ent 名詞,Do you know what are the components of the synthetic?,你知道那個合成物的成分是什麼嗎？,root,yingdan1:root:u03,yingdan1:root:g037,71,71,73,90,
yingdan1:p071:e04,lexeme:db669af634b75c7f,498,compose,compose,compose,kəm`poz,動,組成；創作,同,comprise,托,4,com 共同 + pose 放置,Beethoven composed many excellent works completely deaf.,貝多芬在全聾的狀態下創作出許多經典作品。,root,yingdan1:root:u03,yingdan1:root:g037,71,71,73,90,
yingdan1:p071:e05,lexeme:ee0df97cece494b1,499,compound,compound,compound,`kɑmpaʊnd,形,混合的；合成的,近,mixed,研,3,com 共同 + pon/pound 放置,"To me, compound words are usually easier to memorize.",就我而言，複合字通常都比較容易記憶。,root,yingdan1:root:u03,yingdan1:root:g037,71,71,73,90,
yingdan1:p071:e06,lexeme:c3b9fb78a452ce2f,500,deposit,deposit,deposit,dɪ`pɑzɪt,名,存款；訂金 (動) 存入,反,withdrawal,益,3,de 分離 + pose/posit 放置,You need to put down a deposit of $500 before moving in.,在搬進來之前，你必須先繳納五百元訂金。,root,yingdan1:root:u03,yingdan1:root:g037,71,71,73,90,
yingdan1:p071:e07,lexeme:f3b96e66bb86f375,501,expose,expose,expose,ɪk`spoz,動,使暴露,反,cover,檢,4,ex 外面 + pose 放置,The series of investigative reports exposed the corruption of the city government.,這一系列的調查報告揭露了市政府的貪腐行徑。,root,yingdan1:root:u03,yingdan1:root:g037,71,71,73,90,
yingdan1:p072:e01,lexeme:0734bf93ed06c916,502,impose,impose,impose,ɪm`poz,動,課稅；將…強加於,近,enforce,托,4,im 在上面 + pose 放置,I don't want to work with Ian because he often imposes his ideas on others.,伊恩經常把自己的想法強加到別人身上，所以我不想與他共事。,root,yingdan1:root:u03,yingdan1:root:g037,72,72,74,91,
yingdan1:p072:e02,lexeme:98c4e5a5e476681c,503,opponent,opponent,opponent,ə`ponənt,名,對手；敵手,同,competitor,益,4,op 反對 + pon 放置 + ent 名詞,Nick's opponent in the tennis match is ten years younger than him.,尼克網球比賽的對手比他年輕十歲。,root,yingdan1:root:u03,yingdan1:root:g037,72,72,74,91,
yingdan1:p072:e03,lexeme:26a0ee5c659ab6a8,504,oppose,oppose,oppose,ə`poz,動,反對；對抗,反,give in,托,4,op 反對 + pose 放置,We are opposed to any use of force to stop the protest.,我們反對任何用武力來制止抗議的行動。,root,yingdan1:root:u03,yingdan1:root:g037,72,72,74,91,
yingdan1:p072:e04,lexeme:d9f62c2ad0ad79d0,505,opposite,opposite,opposite,`ɑpəzɪt,名,對立物 (形) 相對的,同,adverse,托,4,op 反對 + pos 放置 + ite 名詞 / 形容詞,Their villa is on the opposite side of the gorge.,他們的別墅在峽谷的對面。,root,yingdan1:root:u03,yingdan1:root:g037,72,72,74,91,
yingdan1:p072:e05,lexeme:60f7e0d37e178bba,506,pose,pose,pose,poz,名,姿勢,同,posture,檢,4,pose 放置 (字義衍生：放置 ➝ 姿勢),"As soon as the cameraman came in, everyone started striking poses.",攝影師一進門，大家就開始擺姿勢。,root,yingdan1:root:u03,yingdan1:root:g037,72,72,74,91,
yingdan1:p072:e06,lexeme:72231043bc1807e6,507,post,post,post,post,名,職位；郵局 (動) 張貼,同,position,檢,4,post 放置,Janet posted the name and weight over her baby on her Facebook page.,珍妮特將她孩子的名字及體重貼在臉書上。,root,yingdan1:root:u03,yingdan1:root:g037,72,72,74,91,
yingdan1:p072:e07,lexeme:b301304355429e53,508,postpone,postpone,postpone,post`pon,動,使延期,同,defer,檢,3,post 之後 + pone 放置,The manager asked his secretary to postpone her vacation two weeks.,經理要求他的秘書將假期延後兩個禮拜。,root,yingdan1:root:u03,yingdan1:root:g037,72,72,74,91,
yingdan1:p072:e08,lexeme:12df7f0ee89f9d7f,509,propose,propose,propose,prə`poz,動,提議；求婚,反,dissuade,益,4,pro 向前地 + pose 放置,Several projects have been proposed. We need to discuss them later.,有幾項計畫已經提交了，我們晚點得討論一下。,root,yingdan1:root:u03,yingdan1:root:g037,72,72,74,91,
yingdan1:p072:e09,lexeme:81b06df4303e6581,510,purpose,purpose,purpose,`pɝpəs,名,目的,同,intention,托,4,pur 之前 + pose 放置,I couldn't tell the purpose of Will's visit.,我看不出威爾來訪的目的為何。,root,yingdan1:root:u03,yingdan1:root:g037,72,73,74,91,
yingdan1:p073:e01,lexeme:190ab894c1cba955,511,suppose,suppose,suppose,sə`poz,動,推測；假定,同,assume,檢,4,sub/sup 下面 + pose 放置,I suppose that the scholar would explain the theory in detail.,我猜那名學者應該會詳細解釋這個理論。,root,yingdan1:root:u03,yingdan1:root:g037,73,73,75,92,
yingdan1:p073:e02,lexeme:6210c0bf05396716,512,pause,pause,pause,pɔz,名 | 動,中止；暫停,反,continue,檢,5,pose 放置 → pause (字義衍生：放置 → 中止),We had to put the game on pause because we were too tired to go on.,我們將比賽暫停，因為我們實在累到無法繼續。,root,yingdan1:root:u03,yingdan1:root:g037,73,73,75,92,
yingdan1:p073:e03,lexeme:042b8f64044ee799,513,apprentice,apprentice,apprentice,ə`prɛntɪs,名,學徒,同,pupil,托,3,ap 前往 + prehend/prentice 抓取,The young man was an apprentice under his mentor for many years.,年輕男子在他師傅底下做了好幾年的學徒。,root,yingdan1:root:u03,yingdan1:root:g038,73,73,75,92,
yingdan1:p073:e04,lexeme:a5eb9b11984bdbc4,514,comprehend,comprehend,comprehend,ˌkɑmprɪ`hɛnd,動,理解,同,understand,益,4,com 共同 + prehend 抓取,Some theories in this book are hard to comprehend.,這本書裡的某些理論很難理解。,root,yingdan1:root:u03,yingdan1:root:g038,73,73,75,92,
yingdan1:p073:e05,lexeme:15385eb4bd7f8637,515,comprise,comprise,comprise,kəm`praɪz,動,由…組成,同,constitute,托,3,com 共同 + pris/prise 抓取,These volumes comprise the complete works of the brilliant writer.,這幾冊書囊括了這位知名作家全部的作品。,root,yingdan1:root:u03,yingdan1:root:g038,73,73,75,92,
yingdan1:p073:e06,lexeme:9b97ac5e767e5393,516,enterprise,enterprise,enterprise,`ɛntɚˌpraɪz,名,事業；企業,同,business,益,4,enter 在…之間 + pris/prise 抓取,There are a lot of small enterprises in our country.,我們國家有許多小型企業。,root,yingdan1:root:u03,yingdan1:root:g038,73,73,75,92,
yingdan1:p073:e07,lexeme:4d591b76b7170de5,517,prison,prison,prison,`prɪzṇ,名,監獄；拘留所,同,jail,托,3,pris 抓取 → prison,"For the charge of murder, the ganster was given a sentence of life in prison.",由於被控謀殺，那名歹徒被判終生監禁。,root,yingdan1:root:u03,yingdan1:root:g038,73,73,75,92,
yingdan1:p074:e01,lexeme:72a7a4f82e487ef3,518,prize,prize,prize,praɪz,名,獎品；獎金,同,reward,益,4,pris 抓取 → prize,Monetary prize will be awarded for the winner.,冠軍將獲頒獎金。,root,yingdan1:root:u03,yingdan1:root:g038,74,74,76,93,
yingdan1:p074:e02,lexeme:0832c0adf0541814,519,surprise,surprise,surprise,sɚ`praɪz,名,驚奇,同,astonishment,檢,5,sur 超越 + pris/prise 抓取,Mr. Yang's unexpected visit was a complete surprise to everyone.,楊先生突如其來的到訪讓所有人吃了一驚。,root,yingdan1:root:u03,yingdan1:root:g038,74,74,76,93,
yingdan1:p074:e03,lexeme:f7d680f4aa63059c,520,depress,depress,depress,dɪ`prɛs,動,壓下；使沮喪,反,encourage,檢,4,de 往下 + press 壓,"If TV news depresses you so much, just turn it off.",如果電視新聞讓你這麼沮喪，那就關掉電視吧。,root,yingdan1:root:u03,yingdan1:root:g039,74,74,76,93,
yingdan1:p074:e04,lexeme:008231aaf9995698,521,express,express,express,ɪk`sprɛs,動,表達,同,convey,檢,5,ex 向外 + press 壓,The artist expresses herself through her paintings.,那名藝術家藉由繪畫來表達自己的想法。,root,yingdan1:root:u03,yingdan1:root:g039,74,74,76,93,
yingdan1:p074:e05,lexeme:b87169a483e64f36,522,impress,impress,impress,ɪm`prɛs,動,使印象深刻,反,bore,檢,5,im 在上面 + press 壓,The audience was impressed by the leading actor's performance.,觀眾對主角的演出印象深刻。,root,yingdan1:root:u03,yingdan1:root:g039,74,74,76,93,
yingdan1:p074:e06,lexeme:974b5d240842f853,523,oppress,oppress,oppress,ə`prɛs,動,壓迫；使氣餒,同,subdue,益,4,op 反對 + press 壓,The government should try harder to protect the weak and the oppressed.,政府應多加設法保護弱勢和被壓迫的族群。,root,yingdan1:root:u03,yingdan1:root:g039,74,74,76,93,
yingdan1:p074:e07,lexeme:842fcb5e60989a03,524,press,press,press,prɛs,名,新聞界 (動) 壓,近,media,益,4,press 壓 (字義衍生：壓 → 印刷 → 新聞界),The press showed up at the crime scene before the police did.,新聞媒體比警方還早抵達犯罪現場。,root,yingdan1:root:u03,yingdan1:root:g039,74,74,76,93,
yingdan1:p074:e08,lexeme:a4571ea340a0baeb,525,repress,repress,repress,rɪ`prɛs,動,鎮壓；抑制,反,incite,雅,3,re 返回 + press 壓,"After repressing his sadness for many days, Tom finally broke down and mourned the loss of his father.",壓抑悲傷好幾天之後，湯姆的情緒最終還是潰堤，為喪父而悲痛不已。,root,yingdan1:root:u03,yingdan1:root:g039,74,74,76,93,
yingdan1:p075:e01,lexeme:dd2638abd6cd7127,526,suppress,suppress,suppress,sə`prɛs,動,鎮壓；制止,同,curb,益,3,sub/sup 下面 + press 壓,The president decided to suppress the civil war by military force.,總統決定動用軍事武力鎮壓這場內亂。,root,yingdan1:root:u03,yingdan1:root:g039,75,75,77,94,
yingdan1:p075:e02,lexeme:22a44dc676278497,527,appoint,appoint,appoint,ə`pɔɪnt,動,委派；任命,同,nominate,益,3,ap 前往 + punct/point 刺,Will was appointed the spokesperson for the Justice Ministry.,威爾被任命為司法部的發言人。,root,yingdan1:root:u03,yingdan1:root:g040,75,75,77,94,
yingdan1:p075:e03,lexeme:06ac7c1a6fe38308,528,disappoint,disappoint,disappoint,ˌdɪsə`pɔɪnt,動,使失望,同,dishearten,檢,4,dis 使喪失 + ap 前往 + punct/point 刺,The boy was disappointed in his performance.,男孩對自己的表現感到失望。,root,yingdan1:root:u03,yingdan1:root:g040,75,75,77,94,
yingdan1:p075:e04,lexeme:251fecd592e56e6c,529,point,point,point,pɔɪnt,名,指向；瞄準,同,aim,研,5,punct 刺 → point,It is rude to point at people in public.,在公開場合，用手指著人是很魯莽的行為。,root,yingdan1:root:u03,yingdan1:root:g040,75,75,77,94,
yingdan1:p075:e05,lexeme:e4d916fa9d2e6d4c,530,punch,punch,punch,pʌntʃ,動,用拳頭重擊,同,beat,檢,3,punct 刺 → punch,Tom was pissed off and punched Kyle in the face.,湯姆氣炸了，一拳打在凱爾的臉上。,root,yingdan1:root:u03,yingdan1:root:g040,75,75,77,94,
yingdan1:p075:e06,lexeme:f036b21c8bbfb114,531,punctual,punctual,punctual,`pʌŋktʃʊəl,形,準時的,反,late,托,3,punct 刺 + ual 形容詞,Mr. Wang requires all employees to be punctual.,王先生要求所有員工準時。,root,yingdan1:root:u03,yingdan1:root:g040,75,75,77,94,
yingdan1:p075:e07,lexeme:2ea802eeb4485cf3,532,ascend,ascend,ascend,ə`sɛnd,動,攀登；上升,反,descend,檢,3,a 前往 + scend 攀爬,"After many years of hard work, the clerk ascended to a management position.",經過多年的努力，該名職員躍升管理職位。,root,yingdan1:root:u03,yingdan1:root:g041,75,75,77,94,
yingdan1:p076:e01,lexeme:e424ec88ff499664,533,descend,descend,descend,dɪ`sɛnd,動,下降,反,go up,益,4,de 往下 + scend 攀爬,I woke up just as the plane was beginning to descend.,我在飛機正要開始降落時醒來。,root,yingdan1:root:u03,yingdan1:root:g041,76,76,78,95,
yingdan1:p076:e02,lexeme:bec4ffaa14c6316d,534,descent,descent,descent,dɪ`sɛnt,名,下坡；衰落,同,slide,托,3,de 往下 + scend/scent 攀爬,The descent of this well-known company is the subject of the book.,這間知名企業的衰落是這本書的主題。,root,yingdan1:root:u03,yingdan1:root:g041,76,76,78,95,
yingdan1:p076:e03,lexeme:f965e5fbf98dd531,535,escalate,escalate,escalate,`ɛskəˌlet,動,使上升,近,expand,檢,3,e 向外 + scal 攀爬 + ate 動詞,The violence escalated to the point where the police could no longer control.,暴力摩擦的規模升高至警方無法控制的地步。,root,yingdan1:root:u03,yingdan1:root:g041,76,76,78,95,
yingdan1:p076:e04,lexeme:f469802a31447f90,536,scale,scale,scale,skel,名,刻度；比例；規模,同,extent,益,3,scal 攀爬 + e 字尾,We decided to hold a meeting in order to get a better sense of the scale of this project.,為了理解這項計畫的規模，我們決定舉行會議。,root,yingdan1:root:u03,yingdan1:root:g041,76,76,78,95,
yingdan1:p076:e05,lexeme:59ad1b2fc74287de,537,scan,scan,scan,skæn,名 | 動,掃描；瀏覽,同,browse,益,4,scan 攀爬 (字義衍生：攀爬 → 檢閱 → 瀏覽),Please give the list of clients a quick scan.,麻煩你快速瀏覽一下客戶名單。,root,yingdan1:root:u03,yingdan1:root:g041,76,76,78,95,
yingdan1:p076:e06,lexeme:c52028f34e378d1e,538,describe,describe,describe,dɪ`skraɪb,動,描寫,同,portray,檢,4,de 往下 + scribe 寫下,It's really hard to describe how we felt at the birth of our first child.,要描述我們長子／長女出生時的感受真的很困難。,root,yingdan1:root:u03,yingdan1:root:g042,76,76,78,95,
yingdan1:p076:e07,lexeme:6ce34a94e412486a,539,prescribe,prescribe,prescribe,prɪ`skraɪb,動,指示；開處方,同,direct,托,3,pre 之前 + scribe 寫下,The doctor prescribed a twelve-week course of therapy after the operation.,手術後，醫師開出一個為期十二週的療程。,root,yingdan1:root:u03,yingdan1:root:g042,76,76,78,95,
yingdan1:p077:e01,lexeme:21a0270b7f66a1e4,540,script,script,script,skrɪpt,名,原稿；劇本,同,manuscript,檢,3,scribe 寫下 → script (字義衍生：寫下 → 原稿),This script is based on a real event.,這個劇本是根據真實事件寫成的。,root,yingdan1:root:u03,yingdan1:root:g042,77,77,79,96,
yingdan1:p077:e02,lexeme:f40fd562f6307872,541,subscribe,subscribe,subscribe,səb`skraɪb,動,訂閱,同,sign up,托,3,sub 下面 + scribe 寫下,"With the convenience of the Internet, there are fewer people subscribing to magazines.",由於網路的便利性，訂閱雜誌的人變少了。,root,yingdan1:root:u03,yingdan1:root:g042,77,77,79,96,
yingdan1:p077:e03,lexeme:54e6289e14c7b0e7,542,transcript,transcript,transcript,`trænˌskrɪpt,名,副本；成績單,同,duplicate,益,2,trans 跨越 + scribe/script 寫下,Please bring the transcript of your grades when you come.,來的時候，請攜帶你的成績單。,root,yingdan1:root:u03,yingdan1:root:g042,77,77,79,96,
yingdan1:p077:e04,lexeme:82e05dae00a818a3,543,assume,assume,assume,ə`sjum,動,假定,同,presume,益,4,as 前往 + sume 拿,It is reasonable to assume Ann's promotion comes from her hard work.,可以合理假設安升職的原因來自於她的努力。,root,yingdan1:root:u03,yingdan1:root:g043,77,77,79,96,
yingdan1:p077:e05,lexeme:96f39e3569ec878e,544,consume,consume,consume,kən`sjum,動,消費；消耗,反,conserve,益,4,con 共同 + sume 拿,The artist consumed much of his time in carving this sculpture.,那位藝術家花了很多時間雕刻這座雕像。,root,yingdan1:root:u03,yingdan1:root:g043,77,77,79,96,
yingdan1:p077:e06,lexeme:b241cdb850732316,545,presume,presume,presume,prɪ`zum,動,假設；認為,反,prove,托,3,pre 之前 + sume 拿,Every defendant is presumed innocent before he is proved guilty.,在被證實有罪之前，被告都是被假定為清白的。,root,yingdan1:root:u03,yingdan1:root:g043,77,77,79,96,
yingdan1:p077:e07,lexeme:a83a31320d921b88,546,resume,resume,resume,rɪ`zjum,動,重新開始,同,go on,益,3,re 再一次 + sume 拿,They resumed building the station after the strike was over.,罷工行動結束之後，他們重啟車站的建築工程。,root,yingdan1:root:u03,yingdan1:root:g043,77,77,79,96,
yingdan1:p078:e01,lexeme:a0561fd649cdb6ba,547,access,access,access,`æksɛs,名 | 動,接近,同,approach,益,3,ac 前往 + cede/cess 前去,I lost access to my email account because I forgot my password.,我無法登入我的電子郵件帳號，因為我忘了密碼。,root,yingdan1:root:u04,yingdan1:root:g044,78,78,80,97,
yingdan1:p078:e02,lexeme:b31ef75d8a6019e5,548,concede,concede,concede,kən`sid,動,承認,同,acknowledge,研,3,con 共同 + cede 讓步,I concede that he is an outstanding performer after seeing the rehearsal.,在看了排練之後，我承認他是一位出色的表演者。,root,yingdan1:root:u04,yingdan1:root:g044,78,78,80,97,
yingdan1:p078:e03,lexeme:b9aca78e330a930b,549,concession,concession,concession,kən`sɛʃən,名,讓步,同,compromise,檢,4,con 共同 + cede/cess 讓步 + ion 名詞,It sometimes is important to make concessions while negotiating with others.,在與他人談判時，做些讓步有時候是必要的。,root,yingdan1:root:u04,yingdan1:root:g044,78,78,80,97,
yingdan1:p078:e04,lexeme:3a12b051e0416dc3,550,exceed,exceed,exceed,ɪk`sid,動,超過,同,surpass,益,3,ex 向外 + ceed 前去,Anthony exceeded the speed limit and got a ticket.,安東尼超速而被開了罰單。,root,yingdan1:root:u04,yingdan1:root:g044,78,78,80,97,
yingdan1:p078:e05,lexeme:ddd36ae5e6900eff,551,excess,excess,excess,ɪk`sɛs,形,過量的；過度的,同,surplus,托,3,ex 向外 + cede/cess 前去,Excess eating and no exercise will lead to being overweight.,過度飲食和不運動將會導致體重過重。,root,yingdan1:root:u04,yingdan1:root:g044,78,78,80,97,
yingdan1:p078:e06,lexeme:0dc0a1cc0af70cd7,552,precede,precede,precede,prɪ`sid,動,在前；優於,同,antecede,益,3,pre 之前 + cede 前去,"For those in authority, economy should precede all the other problems.",對有權當局的人來說，經濟問題應該是要優先處理的事項。,root,yingdan1:root:u04,yingdan1:root:g044,78,78,80,97,
yingdan1:p078:e07,lexeme:119792136aa24c12,553,proceed,proceed,proceed,prə`sid,動,繼續,反,recede,檢,4,pro 向前地 + ceed 前去,The judge asked the witness to proceed with the testimony.,法官要證人繼續提出證詞。,root,yingdan1:root:u04,yingdan1:root:g044,78,78,80,97,
yingdan1:p079:e01,lexeme:19ed40bf62c399b8,554,process,process,process,`prɑsɛs,名,步驟；過程,同,procedure,托,3,pro 向前地 + cede/cess 前去,The static electricity may be generated in the process.,這個過程中可能會產生靜電。,root,yingdan1:root:u04,yingdan1:root:g044,79,79,81,98,
yingdan1:p079:e02,lexeme:c836905751e74c2e,555,recession,recession,recession,rɪ`sɛʃən,名,衰退,同,decline,研,3,re 返回 + cede/cess 前去 + ion 名詞字尾,The economic recession has affected a lot of people negatively.,經濟衰退的情況已為許多人帶來負面的影響。,root,yingdan1:root:u04,yingdan1:root:g044,79,79,81,98,
yingdan1:p079:e03,lexeme:6998ec8d781ca3a0,556,succeed,succeed,succeed,sək`sid,動,成功,同,accomplish,益,4,sub/suc 下面 + ceed 前去,We are determined to succeed no matter what the cost is.,無論要付出什麼代價，我們都一定要成功。,root,yingdan1:root:u04,yingdan1:root:g044,79,79,81,98,
yingdan1:p079:e04,lexeme:aee408847d35e44e,557,success,success,success,sək`sɛs,名,成功,反,failure,托,5,sub/suc 下面 + cede/cess 前去,The musical was a complete success to the team.,對該團隊而言，那齣音樂劇大獲成功。,root,yingdan1:root:u04,yingdan1:root:g044,79,79,81,98,
yingdan1:p079:e05,lexeme:548e56fceb6ba189,558,successor,successor,successor,sək`sɛsɚ,名,繼承者,反,predecessor,雅,4,sub/suc 下面 + cede/cess 前去 + or 名詞,Their latest release is a worthy successor to their popular debut album.,繼首張唱片大受歡迎之後，他們最近推出的新專輯再度成功。,root,yingdan1:root:u04,yingdan1:root:g044,79,79,81,98,
yingdan1:p079:e06,lexeme:a908043ed469f361,559,course,course,course,kors,名,路線；課程,同,path,檢,4,cours 跑 + e 字尾,The course for the Tour de France is the most difficult one.,自行車環法大賽的路線是最難的路程。,root,yingdan1:root:u04,yingdan1:root:g045,79,79,81,98,
yingdan1:p079:e07,lexeme:97b0560280ed60a5,560,current,current,current,`kɝənt,形,目前的,同,present,益,3,cur 跑 + ent 形容詞,"According to the current situation, I think they will win the game.",根據目前的情勢，我覺得他們應該會贏得比賽。,root,yingdan1:root:u04,yingdan1:root:g045,79,79,81,98,
yingdan1:p079:e08,lexeme:466e5b9cd57fa444,561,currency,currency,currency,`kɝənsɪ,名,貨幣,同,money,檢,3,cur 跑 + ency 名詞,Excuse me. Where can I change the foreign currency?,不好意思，請問哪裡可以兌換外幣？,root,yingdan1:root:u04,yingdan1:root:g045,79,80,81,98,
yingdan1:p080:e01,lexeme:d54eb7dce184bf90,562,curriculum,curriculum,curriculum,kə`rɪkjələm,名,課程,同,education,檢,3,cur 跑 + iculum 名詞 (字義衍生：跑 → 學習的進程),English is a compulsory foreign language on the school curriculum.,英語是學校課程中的必修外語。,root,yingdan1:root:u04,yingdan1:root:g045,80,80,82,99,
yingdan1:p080:e02,lexeme:def696de03d9fc35,563,occur,occur,occur,ə`kɝ,動,發生,同,happen,托,4,ob/oc 朝向 + cur 跑,A terrible accident occurred on the highway yesterday.,昨天高速公路發生一起嚴重的事故。,root,yingdan1:root:u04,yingdan1:root:g045,80,80,82,99,
yingdan1:p080:e03,lexeme:b7a5a17594a1fd4b,564,recur,recur,recur,rɪ`kɝ,動,重現；再發生,同,reappear,雅,5,re 再一次 + cur 跑,The recurring problem must be solved as soon as possible.,必須盡快解決這個不斷重複發生的問題。,root,yingdan1:root:u04,yingdan1:root:g045,80,80,82,99,
yingdan1:p080:e04,lexeme:eaa8b6e89fcb020d,565,fare,fare,fare,fɛr,名,費用,同,fee,研,3,fare 去 (字義衍生：去 → 路程 → 花費),Lucy paid the fare and got off the bus.,露西付了公車費之後就下車了。,root,yingdan1:root:u04,yingdan1:root:g046,80,80,82,99,
yingdan1:p080:e05,lexeme:418437ef1acfe630,566,farewell,farewell,farewell,ˌfɛr`wɛl,名,告別；歡送會,同,sendoff,雅,3,fare 去 + well 好的,We held a farewell party for Allen last weekend.,我們上個週末替亞倫舉辦歡送會。,root,yingdan1:root:u04,yingdan1:root:g046,80,80,82,99,
yingdan1:p080:e06,lexeme:3e3a62b8ca11a1e6,567,warfare,warfare,warfare,`wɔrˌfɛr,名,戰爭；鬥爭,同,battle,檢,4,war 戰爭 + fare 去,Technology has changed the form of warfare in the twentieth century.,科技改變了二十世紀的戰爭型態。,root,yingdan1:root:u04,yingdan1:root:g046,80,80,82,99,
yingdan1:p080:e07,lexeme:acc42ad04ad2c6c0,568,welfare,welfare,welfare,`wɛlˌfɛr,名,福利,同,benefit,托,3,well/wel 好的 + fare 去,I donated some money to a charity for the welfare of children.,我捐了一些錢給一個兒福慈善團體。,root,yingdan1:root:u04,yingdan1:root:g046,80,80,82,99,
yingdan1:p081:e01,lexeme:8cb7a8a0a8728edf,569,refuge,refuge,refuge,`rɛfjudʒ,名,庇護；避難所,同,shelter,雅,3,re 返回 + fuge 逃跑,The captive escaped and sought refuge with a farmer in a village.,俘虜逃了出來，並向村裡的農民尋求庇護。,root,yingdan1:root:u04,yingdan1:root:g047,81,81,83,100,
yingdan1:p081:e02,lexeme:f0c913ecf11318b1,570,refugee,refugee,refugee,ˌrɛfjʊ`dʒi,名,難民,同,castaway,雅,2,re 返回 + fug 逃跑 + ee 名詞（人）,The refugees were put in camps near the border.,難民們被安置在邊界附近的營區。,root,yingdan1:root:u04,yingdan1:root:g047,81,81,83,100,
yingdan1:p081:e03,lexeme:9b5e95e8dae8d977,571,aggression,aggression,aggression,ə`grɛʃən,名,攻擊；侵略,同,assault,檢,4,ag 前往 + gress 走 + ion 名詞,The troops are about to launch a major aggression.,軍隊正準備發動一場大規模的侵略行動。,root,yingdan1:root:u04,yingdan1:root:g048,81,81,83,100,
yingdan1:p081:e04,lexeme:42eddc67a7444c08,572,aggressive,aggressive,aggressive,ə`grɛsɪv,形,侵略的；挑釁的,同,offensive,檢,3,ag 前往 + gress 走 + ive 形容詞,The gorilla got aggressive when somebody wants to touch it.,當有人想要摸牠時，那隻猩猩就會變得很具攻擊性。,root,yingdan1:root:u04,yingdan1:root:g048,81,81,83,100,
yingdan1:p081:e05,lexeme:3db20e1df89a35ea,573,congress,congress,congress,`kɑŋgrəs,名,國會,關,congressman,研,4,con 共同 + gress 走,"After several discussions, the bill was passed in Congress.",經過好幾次的討論之後，這個法案終於在國會順利通過。,root,yingdan1:root:u04,yingdan1:root:g048,81,81,83,100,
yingdan1:p081:e06,lexeme:ffe97bba510b9f5c,574,grade,grade,grade,gred,名,等級；成績,同,level,雅,3,grad 走 + e 字尾,Jennifer got the best grades in her class last year.,珍妮佛去年拿到全班最高分。,root,yingdan1:root:u04,yingdan1:root:g048,81,81,83,100,
yingdan1:p081:e07,lexeme:68fc24ccdb4e48c7,575,gradual,gradual,gradual,`grædʒʊəl,形,逐漸的,同,piecemeal,托,4,grad 走 + ual 形容詞,Mandy made a gradual improvement in her attitude toward people.,曼蒂逐漸在改善她對人的態度。,root,yingdan1:root:u04,yingdan1:root:g048,81,81,83,100,
yingdan1:p082:e01,lexeme:9ec0375ea56387e5,576,graduate,graduate,graduate,`grædʒʊˌet,動,畢業,關,degree,檢,2,grad/gradu 走 + ate 動詞,My sister will graduate from senior high school this year.,我妹妹今年將從高中畢業。,root,yingdan1:root:u04,yingdan1:root:g048,82,82,84,101,
yingdan1:p082:e02,lexeme:d8178aae87b9a429,577,ingredient,ingredient,ingredient,ɪn`gridɪənt,名,原料；要素,同,element,雅,3,in 在裡面 + grad/gredi 走 + ent 名詞,The chef will not reveal the secret ingredients in his soup.,主廚不會透露這道湯裡的秘密配方。,root,yingdan1:root:u04,yingdan1:root:g048,82,82,84,101,
yingdan1:p082:e03,lexeme:b5f90a96e680140d,578,progress,progress,progress,`prɑgrɛs,名,前進；進步 (名) advance,,,檢,2,pro 向前地 + gress 走,Regular communication between teachers and parents can enhance students' learning progress.,老師與家長間的定期溝通可使學生的學習獲得進展。,root,yingdan1:root:u04,yingdan1:root:g048,82,82,84,101,invalid_relation_label
yingdan1:p082:e04,lexeme:a2bca9949a551696,579,undergraduate,undergraduate,undergraduate,ˌʌndɚ`grædʒʊɪt,名,大學生,關,college,檢,3,under 在…之下 + grad/gradu 走 + ate 名詞,Peter's niece will become an undergraduate in September.,彼得的姪女九月將成為大學生。,root,yingdan1:root:u04,yingdan1:root:g048,82,82,84,101,
yingdan1:p082:e05,lexeme:e596899f114b5162,580,exit,exit,exit,`ɛksɪt,名,出口；排氣管,反,entrance,研,5,ex 向外 + it 行走,The exits of the building were all blocked.,那棟建築物的出口都被堵住了。,root,yingdan1:root:u04,yingdan1:root:g049,82,82,84,101,
yingdan1:p082:e06,lexeme:ac1b5c0961a7269b,581,initial,initial,initial,ɪ`nɪʃəl,形,最初的,同,beginning,雅,4,in 進入 + it/iti 行走 + al 形容詞,We couldn't see the actual result since the project is at the initial stage.,這個計畫還在初期階段，所以我們看不出結果。,root,yingdan1:root:u04,yingdan1:root:g049,82,82,84,101,
yingdan1:p082:e07,lexeme:d4b1e0f3f3f7d670,582,initiate,initiate,initiate,ɪ`nɪʃɪˌet,動,著手；創始,同,begin,托,3,in 進入 + it/iti 行走 + ate 動詞,Our boss initiated the Board seven years ago.,我們老闆七年前創立了董事會。,root,yingdan1:root:u04,yingdan1:root:g049,82,82,84,101,
