source_key,term,pronunciation,pos,definition_zh,relation_type,relation_term,exam_tag,difficulty,etymology,example_en,example_zh,collection,unit,group,source_page,pdf_page,printed_page
ceec-108:level-2:absence,absence,'æbsәns,n.,"n. 缺席, 缺乏, 沒有\n[醫] 失神",,,CEEC-108,2,,,,大考中心高中英文參考詞彙表（111學年度起適用）,LEVEL 2,官方清單,,,
ceec-108:level-2:absent,absent,'æbsәnt,adj.|v.,"a. 缺席的, 不在的, 缺乏的, 漫不經心的\nvt. 使缺席",,,CEEC-108,2,,,,大考中心高中英文參考詞彙表（111學年度起適用）,LEVEL 2,官方清單,,,
ceec-108:level-2:accept,accept,әk'sept,v.,"vt. 接受, 承認, 同意, 相信, 贊成, 承擔, 承兌, 採納, 接納, 容忍\nvi. 同意",,,CEEC-108,2,,,,大考中心高中英文參考詞彙表（111學年度起適用）,LEVEL 2,官方清單,,,
ceec-108:level-2:accident,accident,'æksidәnt,n.,"n. 意外事件, 機遇, 事故, 次要方面\n[化] 意外事故; 事故",,,CEEC-108,2,,,,大考中心高中英文參考詞彙表（111學年度起適用）,LEVEL 2,官方清單,,,
ceec-108:level-2:account,account,ә'kaunt,n.|v.,"n. 報告, 解釋, 估價, 理由, 利潤, 算賬, 帳目\nvi. 報帳, 解釋, 導致, 報償, 佔, 殺死\nvt. 認為\n[計] 帳戶, 帳號",,,CEEC-108,2,,,,大考中心高中英文參考詞彙表（111學年度起適用）,LEVEL 2,官方清單,,,
ceec-108:level-2:active,active,'æktiv,adj.,"a. 活躍的, 起作用的, 積極的, 有效的, 主動的, 活性的, 現行的, 現役的\nn. 主動語態, 積極分子",,,CEEC-108,2,,,,大考中心高中英文參考詞彙表（111學年度起適用）,LEVEL 2,官方清單,,,
ceec-108:level-2:activity,activity,æk'tiviti,n.,"n. 活動, 行動, 活躍, 活力\n[計] 活動",,,CEEC-108,2,,,,大考中心高中英文參考詞彙表（111學年度起適用）,LEVEL 2,官方清單,,,
ceec-108:level-2:actual,actual,'æktʃuәl,adj.,"a. 真實的, 實際的, 現行的\n[醫] 實際死亡率",,,CEEC-108,2,,,,大考中心高中英文參考詞彙表（111學年度起適用）,LEVEL 2,官方清單,,,
ceec-108:level-2:addition,addition,ә'diʃәn,n.,"n. 加法, 增加的人(或物)\n[計] 加法",,,CEEC-108,2,,,,大考中心高中英文參考詞彙表（111學年度起適用）,LEVEL 2,官方清單,,,
ceec-108:level-2:address,address,ә'dres,n.|v.,"n. 住址, 演說, 舉止, 靈巧, 求愛\nvt. 發表(演說或講話), 對付, 寫地址\n[計] 地址, 定址",,,CEEC-108,2,,,,大考中心高中英文參考詞彙表（111學年度起適用）,LEVEL 2,官方清單,,,
ceec-108:level-2:admit,admit,әd'mit,v.,"vt. 承認, 接受, 允許進入, 容許\nvi. 開向, 容許, 承認",,,CEEC-108,2,,,,大考中心高中英文參考詞彙表（111學年度起適用）,LEVEL 2,官方清單,,,
ceec-108:level-2:adult,adult,'ædʌlt,adj.|n.,"n. 成人, 成蟲\na. 成年的, 成熟的",,,CEEC-108,2,,,,大考中心高中英文參考詞彙表（111學年度起適用）,LEVEL 2,官方清單,,,
ceec-108:level-2:advance,advance,әd'vɑ:ns,n.|v.,"n. 前進, 進展, 行過的路程\nvi. 前進, 進展, 提高, 上漲\nvt. 使前進, 促進, 提出, 提高, 使提前, 預付\na. 前面的, 預先的",,,CEEC-108,2,,,,大考中心高中英文參考詞彙表（111學年度起適用）,LEVEL 2,官方清單,,,
ceec-108:level-2:advice,advice,әd'vais,n.,"n. 忠告, 勸告, 意見, 報道, 通知\n[經] 通知書, 通知, 建議",,,CEEC-108,2,,,,大考中心高中英文參考詞彙表（111學年度起適用）,LEVEL 2,官方清單,,,
ceec-108:level-2:affair,affair,ә'fєә,n.,"n. 事件, 事務, 戀愛事件",,,CEEC-108,2,,,,大考中心高中英文參考詞彙表（111學年度起適用）,LEVEL 2,官方清單,,,
ceec-108:level-2:affect,affect,ә'fekt,v.,"vt. 影響, 感動, 假裝, 模仿, 愛好, 傾向於\nn. 自覺感情",,,CEEC-108,2,,,,大考中心高中英文參考詞彙表（111學年度起適用）,LEVEL 2,官方清單,,,
ceec-108:level-2:against,against,ә'geinst,prep.,"prep. 反對, 對著, 倚靠",,,CEEC-108,2,,,,大考中心高中英文參考詞彙表（111學年度起適用）,LEVEL 2,官方清單,,,
ceec-108:level-2:ahead,ahead,ә'hed,adv.,"a. 領先的, 預先的, 向前的\nadv. 領先, 預先, 向前, 勝於, 在前面, 在將來",,,CEEC-108,2,,,,大考中心高中英文參考詞彙表（111學年度起適用）,LEVEL 2,官方清單,,,
ceec-108:level-2:aid,aid,eid,n.|v.,"n. 幫助, 外援, 助手\nvt. 援助, 幫助, 有助於\nvi. 幫助\n[計] 自動內部診斷",,,CEEC-108,2,,,,大考中心高中英文參考詞彙表（111學年度起適用）,LEVEL 2,官方清單,,,
ceec-108:level-2:aim,aim,eim,n.|v.,"n. 目標, 瞄準, 擊中目標的能力\nvi. 對準目標, 致力, 打算\nvt. 瞄準\n[計] 醫學文摘索引, 存取隔離機構, 高階資訊管理程式, 先進介面模組\n應用介面模組, 醫學人工智慧, 相聯索引法, 非同步介面模組\n自動化資訊管理, 自動化綜合製造, 自動化庫存管理",,,CEEC-108,2,,,,大考中心高中英文參考詞彙表（111學年度起適用）,LEVEL 2,官方清單,,,
ceec-108:level-2:aircraft,aircraft,'єәkræft,n.,"n. 航空器, 飛機\n[機] 航空器",,,CEEC-108,2,,,,大考中心高中英文參考詞彙表（111學年度起適用）,LEVEL 2,官方清單,,,
ceec-108:level-2:alarm,alarm,ә'lɑ:m,n.|v.,"n. 驚恐, 警報, 警鐘\nvt. 使驚恐, 警告\n[計] 報警訊號",,,CEEC-108,2,,,,大考中心高中英文參考詞彙表（111學年度起適用）,LEVEL 2,官方清單,,,
ceec-108:level-2:album,album,'ælbәm,n.,"n. 貼上簿, 唱片套\n[醫] 白色物",,,CEEC-108,2,,,,大考中心高中英文參考詞彙表（111學年度起適用）,LEVEL 2,官方清單,,,
ceec-108:level-2:alike,alike,ә'laik,adj.|adv.,"a. 相似的, 同樣的\nadv. 一樣, 以同樣的方式",,,CEEC-108,2,,,,大考中心高中英文參考詞彙表（111學年度起適用）,LEVEL 2,官方清單,,,
ceec-108:level-2:alive,alive,ә'laiv,adj.,"a. 活著的, 活潑的, 敏感的, 熱鬧的",,,CEEC-108,2,,,,大考中心高中英文參考詞彙表（111學年度起適用）,LEVEL 2,官方清單,,,
ceec-108:level-2:alone,alone,ә'lәun,adj.|adv.,"a. 孤獨的, 單獨的, 獨自的\nadv. 獨自地",,,CEEC-108,2,,,,大考中心高中英文參考詞彙表（111學年度起適用）,LEVEL 2,官方清單,,,
ceec-108:level-2:aloud,aloud,ә'laud,adv.,"adv. 出聲地, 大聲地",,,CEEC-108,2,,,,大考中心高中英文參考詞彙表（111學年度起適用）,LEVEL 2,官方清單,,,
ceec-108:level-2:altogether,altogether,.ɒ:ltә'geðә,adv.,"adv. 完全地, 總而言之",,,CEEC-108,2,,,,大考中心高中英文參考詞彙表（111學年度起適用）,LEVEL 2,官方清單,,,
ceec-108:level-2:among,among,ә'mʌŋ,prep.,prep. 在...之中,,,CEEC-108,2,,,,大考中心高中英文參考詞彙表（111學年度起適用）,LEVEL 2,官方清單,,,
ceec-108:level-2:amount,amount,ә'maunt,n.|v.,"n. 總數, 總額\nvi. 總計, 等同",,,CEEC-108,2,,,,大考中心高中英文參考詞彙表（111學年度起適用）,LEVEL 2,官方清單,,,
ceec-108:level-2:ancient,ancient,'einʃәnt,adj.,"a. 古代的, 古老的, 年老的, 舊的",,,CEEC-108,2,,,,大考中心高中英文參考詞彙表（111學年度起適用）,LEVEL 2,官方清單,,,
ceec-108:level-2:anger,anger,'æŋgә,n.,"n. 忿怒\nvt. 激怒, 使發怒\nvi. 發怒",,,CEEC-108,2,,,,大考中心高中英文參考詞彙表（111學年度起適用）,LEVEL 2,官方清單,,,
ceec-108:level-2:angle,angle,'æŋgl,n.,"n. 角, 角度, 角落\nvi. 釣魚, 謀取, 博取, 斜向移動, 轉變角度\nvt. 使轉動角度, 在...釣魚, 獲取",,,CEEC-108,2,,,,大考中心高中英文參考詞彙表（111學年度起適用）,LEVEL 2,官方清單,,,
ceec-108:level-2:ankle,ankle,'æŋkl,n.,"n. 踝\n[醫] 踝, 踝關節",,,CEEC-108,2,,,,大考中心高中英文參考詞彙表（111學年度起適用）,LEVEL 2,官方清單,,,
ceec-108:level-2:anyplace,anyplace,'enipleis,adv.,adv. 在任何地方,,,CEEC-108,2,,,,大考中心高中英文參考詞彙表（111學年度起適用）,LEVEL 2,官方清單,,,
ceec-108:level-2:anytime,anytime,'enitaim,adv.,adv. 任何時候；無例外地,,,CEEC-108,2,,,,大考中心高中英文參考詞彙表（111學年度起適用）,LEVEL 2,官方清單,,,
ceec-108:level-2:anyway,anyway,'eniwei,adv.,"adv. 無論如何, 至少",,,CEEC-108,2,,,,大考中心高中英文參考詞彙表（111學年度起適用）,LEVEL 2,官方清單,,,
ceec-108:level-2:anywhere,anywhere,'enihwєә,adv.,adv. 無論何處,,,CEEC-108,2,,,,大考中心高中英文參考詞彙表（111學年度起適用）,LEVEL 2,官方清單,,,
ceec-108:level-2:ape,ape,eip,n.,n. 無尾猿\n[計] 應用程式評價,,,CEEC-108,2,,,,大考中心高中英文參考詞彙表（111學年度起適用）,LEVEL 2,官方清單,,,
ceec-108:level-2:appearance,appearance,ә'piәrәns,n.,"n. 出現, 露面, 外觀, 外表, 出版\n[計] 外觀, 版面",,,CEEC-108,2,,,,大考中心高中英文參考詞彙表（111學年度起適用）,LEVEL 2,官方清單,,,
ceec-108:level-2:appetite,appetite,'æpitait,n.,"n. 食慾, 慾望, 愛好\n[醫] 食慾",,,CEEC-108,2,,,,大考中心高中英文參考詞彙表（111學年度起適用）,LEVEL 2,官方清單,,,
ceec-108:level-2:apply,apply,ә'plai,v.,"vt. 塗, 應用\nvi. 申請, 適用",,,CEEC-108,2,,,,大考中心高中英文參考詞彙表（111學年度起適用）,LEVEL 2,官方清單,,,
ceec-108:level-2:appreciate,appreciate,ә'pri:ʃieit,v.,"vt. 賞識, 鑑別, 為...而感激, 領會, 欣賞\nvi. 增值, 漲價",,,CEEC-108,2,,,,大考中心高中英文參考詞彙表（111學年度起適用）,LEVEL 2,官方清單,,,
ceec-108:level-2:approach,approach,ә'prәutʃ,n.|v.,"n. 接近, 入門\nvt. 接近, 近似, 找...商量\nvi. 靠近",,,CEEC-108,2,,,,大考中心高中英文參考詞彙表（111學年度起適用）,LEVEL 2,官方清單,,,
ceec-108:level-2:argue,argue,'ɑ:gju,v.,"vi. 提出理由, 爭論, 辯論\nvt. 主張, 辯論, 證明, 說服",,,CEEC-108,2,,,,大考中心高中英文參考詞彙表（111學年度起適用）,LEVEL 2,官方清單,,,
ceec-108:level-2:argument,argument,'ɑ:gjumәnt,n.,"n. 爭論, 論證, 論據, 自變數\n[計] 引數",,,CEEC-108,2,,,,大考中心高中英文參考詞彙表（111學年度起適用）,LEVEL 2,官方清單,,,
ceec-108:level-2:army,army,'ɑ:mi,n.,"n. 軍隊, 陸軍",,,CEEC-108,2,,,,大考中心高中英文參考詞彙表（111學年度起適用）,LEVEL 2,官方清單,,,
ceec-108:level-2:arrange,arrange,ә'reindʒ,v.,"v. 安排, 排列, 達成協議\n[計] 重排",,,CEEC-108,2,,,,大考中心高中英文參考詞彙表（111學年度起適用）,LEVEL 2,官方清單,,,
ceec-108:level-2:arrangement,arrangement,ә'reindʒmәnt,n.,"n. 排列, 整齊, 安排\n[計] 排列",,,CEEC-108,2,,,,大考中心高中英文參考詞彙表（111學年度起適用）,LEVEL 2,官方清單,,,
ceec-108:level-2:arrival,arrival,ә'raivl,n.,"n. 到達, 抵達, 到達者\n[經] 到達, 到達物",,,CEEC-108,2,,,,大考中心高中英文參考詞彙表（111學年度起適用）,LEVEL 2,官方清單,,,
ceec-108:level-2:arrow,arrow,'ærәu,n.,"n. 箭, 箭狀物, 箭頭記號",,,CEEC-108,2,,,,大考中心高中英文參考詞彙表（111學年度起適用）,LEVEL 2,官方清單,,,
ceec-108:level-2:article,article,'ɑ:tikl,n.,"n. 文章, 冠詞, 物品, 物件, 條款, 契約\n[計] 信件",,,CEEC-108,2,,,,大考中心高中英文參考詞彙表（111學年度起適用）,LEVEL 2,官方清單,,,
ceec-108:level-2:artist,artist,'ɑ:tist,n.,"n. 藝術家, 畫家",,,CEEC-108,2,,,,大考中心高中英文參考詞彙表（111學年度起適用）,LEVEL 2,官方清單,,,
ceec-108:level-2:asleep,asleep,ә'sli:p,adj.,"a. 睡著的, 長眠的, 麻木的\nadv. 熟睡地",,,CEEC-108,2,,,,大考中心高中英文參考詞彙表（111學年度起適用）,LEVEL 2,官方清單,,,
ceec-108:level-2:attempt,attempt,ә'tempt,n.|v.,"n. 嘗試, 企圖\nvt. 嘗試, 企圖",,,CEEC-108,2,,,,大考中心高中英文參考詞彙表（111學年度起適用）,LEVEL 2,官方清單,,,
ceec-108:level-2:attend,attend,ә'tend,v.,"vt. 參加, 照料, 伴隨\nvi. 專心於, 照顧, 服侍, 出席",,,CEEC-108,2,,,,大考中心高中英文參考詞彙表（111學年度起適用）,LEVEL 2,官方清單,,,
ceec-108:level-2:attention,attention,ә'tenʃәn,n.,"n. 注意, 注意力\n[計] 引起注意訊號",,,CEEC-108,2,,,,大考中心高中英文參考詞彙表（111學年度起適用）,LEVEL 2,官方清單,,,
ceec-108:level-2:author,author,'ɒ:θә,n.|v.,"n. 作家, 作家的著作, 創始人\n[法] 作者, 著作人, 本人",,,CEEC-108,2,,,,大考中心高中英文參考詞彙表（111學年度起適用）,LEVEL 2,官方清單,,,
ceec-108:level-2:available,available,ә'veilәbl,adj.,"a. 可利用的, 可獲得的, 有效的\n[醫] 有效的, 可得的",,,CEEC-108,2,,,,大考中心高中英文參考詞彙表（111學年度起適用）,LEVEL 2,官方清單,,,
ceec-108:level-2:average,average,'ævәridʒ,adj.|n.|v.,"n. 平均, 平均數, 一般水平, 海損\na. 平均的, 中等的, 平常的\nvt. 算出...平均數, 平均做, 均分, 使平衡\nvi. 平均為, 呈中間色",,,CEEC-108,2,,,,大考中心高中英文參考詞彙表（111學年度起適用）,LEVEL 2,官方清單,,,
ceec-108:level-2:avoid,avoid,ә'vɒid,v.,"vt. 避免, 防止, 撤消\n[法] 避免, 迴避, 躲開",,,CEEC-108,2,,,,大考中心高中英文參考詞彙表（111學年度起適用）,LEVEL 2,官方清單,,,
ceec-108:level-2:backpack,backpack,'bækpæk,n.|v.,"n. 遠足用的揹包；雙肩揹包, 揹包",,,CEEC-108,2,,,,大考中心高中英文參考詞彙表（111學年度起適用）,LEVEL 2,官方清單,,,
ceec-108:level-2:backward,backward,'bækwәd,adj.|adv.,"adv. 向後地, 相反地\na. 向後的, 相反的\n[計] 倒推",,,CEEC-108,2,,,,大考中心高中英文參考詞彙表（111學年度起適用）,LEVEL 2,官方清單,,,
ceec-108:level-2:backwards,backwards,'bækwәdz,adv.,adv. 向後,,,CEEC-108,2,,,,大考中心高中英文參考詞彙表（111學年度起適用）,LEVEL 2,官方清單,,,
ceec-108:level-2:badminton,badminton,'bædmintәn,n.,n. 羽毛球運動,,,CEEC-108,2,,,,大考中心高中英文參考詞彙表（111學年度起適用）,LEVEL 2,官方清單,,,
ceec-108:level-2:bake,bake,beik,v.,"vt. 烘焙, 烤\nvi. 烤麵包\nn. 烘焙, 烤",,,CEEC-108,2,,,,大考中心高中英文參考詞彙表（111學年度起適用）,LEVEL 2,官方清單,,,
ceec-108:level-2:bakery,bakery,'beikәri,n.,n. 麵包店,,,CEEC-108,2,,,,大考中心高中英文參考詞彙表（111學年度起適用）,LEVEL 2,官方清單,,,
ceec-108:level-2:balance,balance,'bælәns,n.|v.,"n. 平衡, 差額\nvi. 平衡, 相等\nvt. 稱, 權衡, 比較, 使平衡, 結算, 抵消",,,CEEC-108,2,,,,大考中心高中英文參考詞彙表（111學年度起適用）,LEVEL 2,官方清單,,,
ceec-108:level-2:balcony,balcony,'bælkәni,n.,"n. 陽臺, 戲院樓廳",,,CEEC-108,2,,,,大考中心高中英文參考詞彙表（111學年度起適用）,LEVEL 2,官方清單,,,
ceec-108:level-2:balloon,balloon,bә'lu:n,n.,"n. 氣球\nvt. 使成氣球狀\nvi. 膨脹如氣球, 激增",,,CEEC-108,2,,,,大考中心高中英文參考詞彙表（111學年度起適用）,LEVEL 2,官方清單,,,
ceec-108:level-2:bar,bar,bɑ:,n.|v.,"n. 條, 棒, 酒吧, 柵, 障礙物\nvt. 禁止, 阻擋, 妨礙\n[計] 棒形圖",,,CEEC-108,2,,,,大考中心高中英文參考詞彙表（111學年度起適用）,LEVEL 2,官方清單,,,
ceec-108:level-2:barbecue,barbecue,'bɑ:bikju:,n.|v.,"n. 烤肉\nvt. 烤肉, 燒烤",,,CEEC-108,2,,,,大考中心高中英文參考詞彙表（111學年度起適用）,LEVEL 2,官方清單,,,
ceec-108:level-2:barber,barber,'bɑ:bә,n.,n. 理髮師,,,CEEC-108,2,,,,大考中心高中英文參考詞彙表（111學年度起適用）,LEVEL 2,官方清單,,,
ceec-108:level-2:bark,bark,bɑ:k,n.|v.,"n. 樹皮, 吠聲\nvi. 吠, 叫罵\nvt. 喊出, 剝樹皮",,,CEEC-108,2,,,,大考中心高中英文參考詞彙表（111學年度起適用）,LEVEL 2,官方清單,,,
ceec-108:level-2:base,base,beis,n.|v.,"n. 底部, 壘, 基礎, 基地\nvt. 以...作基礎\na. 卑鄙的, 低劣的\n[計] 基準",,,CEEC-108,2,,,,大考中心高中英文參考詞彙表（111學年度起適用）,LEVEL 2,官方清單,,,
ceec-108:level-2:basic,basic,'beisik,adj.,"n. 基本原理, 要素, 基本規律\na. 基本的, 鹼性的\n(計算機)BASIC語言",,,CEEC-108,2,,,,大考中心高中英文參考詞彙表（111學年度起適用）,LEVEL 2,官方清單,,,
ceec-108:level-2:basics,basics,,n.,"n. 最簡單但最重要的部分, 基本, 基礎訓練",,,CEEC-108,2,,,,大考中心高中英文參考詞彙表（111學年度起適用）,LEVEL 2,官方清單,,,
ceec-108:level-2:basis,basis,'beisis,n.,"n. 基礎, 主要成分\n[化] 基底",,,CEEC-108,2,,,,大考中心高中英文參考詞彙表（111學年度起適用）,LEVEL 2,官方清單,,,
ceec-108:level-2:bathe,bathe,beið,v.,"vt. 沐浴, 用水洗\nvi. 洗澡",,,CEEC-108,2,,,,大考中心高中英文參考詞彙表（111學年度起適用）,LEVEL 2,官方清單,,,
ceec-108:level-2:battle,battle,'bætl,n.|v.,n. 戰役\nv. 戰鬥,,,CEEC-108,2,,,,大考中心高中英文參考詞彙表（111學年度起適用）,LEVEL 2,官方清單,,,
ceec-108:level-2:beard,beard,biәd,n.,"n. 鬍鬚\nvt. 抓住鬍鬚, 公開反對",,,CEEC-108,2,,,,大考中心高中英文參考詞彙表（111學年度起適用）,LEVEL 2,官方清單,,,
ceec-108:level-2:beat,beat,bi:t,n.|v.,"n. 心跳(聲), 打, 敲打聲, 拍子\nv. 打, 拍打, 打敗\na. 疲乏的, 頹廢的\nbeat的過去式\n[計] 拍; 節拍",,,CEEC-108,2,,,,大考中心高中英文參考詞彙表（111學年度起適用）,LEVEL 2,官方清單,,,
ceec-108:level-2:beauty,beauty,'bju:ti,n.,"n. 美, 美人",,,CEEC-108,2,,,,大考中心高中英文參考詞彙表（111學年度起適用）,LEVEL 2,官方清單,,,
ceec-108:level-2:beer,beer,biә,n.,n. 啤酒\n[化] 啤酒,,,CEEC-108,2,,,,大考中心高中英文參考詞彙表（111學年度起適用）,LEVEL 2,官方清單,,,
ceec-108:level-2:beg,beg,beg,v.,"v. 乞求, 乞討, 請求",,,CEEC-108,2,,,,大考中心高中英文參考詞彙表（111學年度起適用）,LEVEL 2,官方清單,,,
ceec-108:level-2:beginner,beginner,bi'ginә,n.,n. 初學者,,,CEEC-108,2,,,,大考中心高中英文參考詞彙表（111學年度起適用）,LEVEL 2,官方清單,,,
ceec-108:level-2:behave,behave,bi'heiv,v.,"vi. 舉止端正, 行為規矩\nvt. 檢點(自己的)行為, 使表現好",,,CEEC-108,2,,,,大考中心高中英文參考詞彙表（111學年度起適用）,LEVEL 2,官方清單,,,
ceec-108:level-2:being,being,'bi:iŋ,n.,"n. 存在, 性質, 生命, 人, 生物, be的現在分詞",,,CEEC-108,2,,,,大考中心高中英文參考詞彙表（111學年度起適用）,LEVEL 2,官方清單,,,
ceec-108:level-2:belief,belief,bi'li:f,n.,"n. 信念, 相信, 信仰",,,CEEC-108,2,,,,大考中心高中英文參考詞彙表（111學年度起適用）,LEVEL 2,官方清單,,,
ceec-108:level-2:bend,bend,bend,n.|v.,"vi. 變彎曲, 屈服\nvt. 使彎曲, 使屈服\nn. 彎曲",,,CEEC-108,2,,,,大考中心高中英文參考詞彙表（111學年度起適用）,LEVEL 2,官方清單,,,
ceec-108:level-2:better,better,'betә,adj.|adv.|n.|v.,a. 較好的\nadv. 比較好,,,CEEC-108,2,,,,大考中心高中英文參考詞彙表（111學年度起適用）,LEVEL 2,官方清單,,,
ceec-108:level-2:beyond,beyond,bi'jɒnd,adv.|prep.,"prep. 超過, 在那一邊, 遲於\nadv. 在遠處\nn. 更遠處",,,CEEC-108,2,,,,大考中心高中英文參考詞彙表（111學年度起適用）,LEVEL 2,官方清單,,,
ceec-108:level-2:bill,bill,bil,n.|v.,"n. 帳單, 清單, 鈔票, 鳥嘴, 廣告, 法案, 票據\nvt. 開帳單, (用招貼)宣佈",,,CEEC-108,2,,,,大考中心高中英文參考詞彙表（111學年度起適用）,LEVEL 2,官方清單,,,
ceec-108:level-2:billion,billion,'biljәn,n.,"num. 十億, 十億個",,,CEEC-108,2,,,,大考中心高中英文參考詞彙表（111學年度起適用）,LEVEL 2,官方清單,,,
ceec-108:level-2:birth,birth,bә:θ,n.,"n. 出生, 起源\n[醫] 生產, 分娩",,,CEEC-108,2,,,,大考中心高中英文參考詞彙表（111學年度起適用）,LEVEL 2,官方清單,,,
ceec-108:level-2:biscuit,biscuit,'biskit,n.,n. 餅乾\n[化] 素坯; 餅乾,,,CEEC-108,2,,,,大考中心高中英文參考詞彙表（111學年度起適用）,LEVEL 2,官方清單,,,
ceec-108:level-2:bit,bit,bit,n.,"n. 少量, 馬嚼子, 輔幣\nvt. 給馬上嚼子, 控制\nbite的過去式和過去分詞\n[計] 位元, 二進位制數位, 機內測試",,,CEEC-108,2,,,,大考中心高中英文參考詞彙表（111學年度起適用）,LEVEL 2,官方清單,,,
ceec-108:level-2:blackboard,blackboard,'blækbɒ:d,n.,n. 黑板,,,CEEC-108,2,,,,大考中心高中英文參考詞彙表（111學年度起適用）,LEVEL 2,官方清單,,,
ceec-108:level-2:blame,blame,bleim,n.|v.,"n. 過失, 責備\nvt. 責備, 歸咎於",,,CEEC-108,2,,,,大考中心高中英文參考詞彙表（111學年度起適用）,LEVEL 2,官方清單,,,
ceec-108:level-2:blank,blank,blæŋk,adj.|n.,"n. 空格, 空白\na. 空白的, 空虛的, 完全的, 無色的\nvi. 消失, 成為空白\nvt. 使無效, 取消, 封鎖\n[計] 空白",,,CEEC-108,2,,,,大考中心高中英文參考詞彙表（111學年度起適用）,LEVEL 2,官方清單,,,
ceec-108:level-2:blanket,blanket,'blæŋkit,n.|v.,"n. 毛毯, 毯子\nvt. 掩蓋, 覆蓋\na. 總共的",,,CEEC-108,2,,,,大考中心高中英文參考詞彙表（111學年度起適用）,LEVEL 2,官方清單,,,
ceec-108:level-2:blood,blood,blʌd,n.,"n. 血, 血統, 流血, 氣質, 生命\nvt. 使出血, 用血塗",,,CEEC-108,2,,,,大考中心高中英文參考詞彙表（111學年度起適用）,LEVEL 2,官方清單,,,
ceec-108:level-2:board,board,bɒ:d,n.|v.,"n. 木板, 甲板, 膳食, 會議桌\nvt. 乘船, 供膳食, 用板覆蓋\nvi. 搭夥\n[計] 板",,,CEEC-108,2,,,,大考中心高中英文參考詞彙表（111學年度起適用）,LEVEL 2,官方清單,,,
ceec-108:level-2:boil,boil,bɒil,n.|v.,"n. 煮沸, 沸騰, 癤\nv. 煮沸, 激動",,,CEEC-108,2,,,,大考中心高中英文參考詞彙表（111學年度起適用）,LEVEL 2,官方清單,,,
ceec-108:level-2:bone,bone,bәun,n.,"n. 骨頭, 骨, 骨製品\nvt. 剔骨\nvi. 專心致志",,,CEEC-108,2,,,,大考中心高中英文參考詞彙表（111學年度起適用）,LEVEL 2,官方清單,,,
ceec-108:level-2:bookstore,bookstore,'bukstɒ:,n.,n. 書店,,,CEEC-108,2,,,,大考中心高中英文參考詞彙表（111學年度起適用）,LEVEL 2,官方清單,,,
ceec-108:level-2:border,border,'bɒ:dә,n.|v.,"n. 邊緣, 邊境, 邊界, 花壇\nvt. 在...上鑲邊, 接近\nvi. 接界, 近似\n[計] 邊框",,,CEEC-108,2,,,,大考中心高中英文參考詞彙表（111學年度起適用）,LEVEL 2,官方清單,,,
ceec-108:level-2:bother,bother,'bɒðә,n.|v.,"vt. 煩擾, 迷惑\nvi. 煩惱, 操心\nn. 麻煩, 糾紛, 討厭的人",,,CEEC-108,2,,,,大考中心高中英文參考詞彙表（111學年度起適用）,LEVEL 2,官方清單,,,
ceec-108:level-2:brain,brain,brein,n.,n. 腦\nvt. 打碎腦部,,,CEEC-108,2,,,,大考中心高中英文參考詞彙表（111學年度起適用）,LEVEL 2,官方清單,,,
ceec-108:level-2:branch,branch,bræntʃ,n.|v.,"n. 樹枝, 支店, 支流, 分部\nvi. 分支, 出枝\nvt. 分割, 用枝狀葉脈刺繡花紋裝飾\n[計] 分支, 目錄分支",,,CEEC-108,2,,,,大考中心高中英文參考詞彙表（111學年度起適用）,LEVEL 2,官方清單,,,
ceec-108:level-2:brand,brand,brænd,n.,"n. 商標, 牌子, 烙印\nvt. 打烙印於",,,CEEC-108,2,,,,大考中心高中英文參考詞彙表（111學年度起適用）,LEVEL 2,官方清單,,,
ceec-108:level-2:brief,brief,bri:f,adj.|n.|v.,"n. 摘要, 簡報\na. 簡短的, 短暫的\nvt. 對...作簡報, 摘要, 節錄",,,CEEC-108,2,,,,大考中心高中英文參考詞彙表（111學年度起適用）,LEVEL 2,官方清單,,,
ceec-108:level-2:brilliant,brilliant,'briljәnt,adj.,"a. 光輝的, 燦爛的, 有才氣的\n[機] 亮的",,,CEEC-108,2,,,,大考中心高中英文參考詞彙表（111學年度起適用）,LEVEL 2,官方清單,,,
ceec-108:level-2:broad,broad,brɒ:d,adj.,"a. 寬廣的, 遼闊的, 廣大的, 顯著的\nadv. 寬闊地\nn. 寬闊部分",,,CEEC-108,2,,,,大考中心高中英文參考詞彙表（111學年度起適用）,LEVEL 2,官方清單,,,
ceec-108:level-2:brow,brow,brau,n.,"n. 眉毛, 額\n[醫] 額, 眉, 睫毛",,,CEEC-108,2,,,,大考中心高中英文參考詞彙表（111學年度起適用）,LEVEL 2,官方清單,,,
ceec-108:level-2:brush,brush,brʌʃ,n.|v.,"n. 刷子, 毛筆, 爭吵\nvt. 刷\nvi. 擦過, 掠過\n[計] 電刷",,,CEEC-108,2,,,,大考中心高中英文參考詞彙表（111學年度起適用）,LEVEL 2,官方清單,,,
ceec-108:level-2:building,building,'bildiŋ,n.,"n. 建築物, 建築\n[法] 營造, 建築, 建築物",,,CEEC-108,2,,,,大考中心高中英文參考詞彙表（111學年度起適用）,LEVEL 2,官方清單,,,
ceec-108:level-2:bun,bun,bʌn,n.,n. 小麵包\n[醫] 血液尿素氮,,,CEEC-108,2,,,,大考中心高中英文參考詞彙表（111學年度起適用）,LEVEL 2,官方清單,,,
ceec-108:level-2:burden,burden,'bә:dn,n.|v.,"n. 負擔, 過載, 擔子, 責任\nvt. 裝貨於, 煩擾, 使負擔",,,CEEC-108,2,,,,大考中心高中英文參考詞彙表（111學年度起適用）,LEVEL 2,官方清單,,,
ceec-108:level-2:burger,burger,'bә:ɡә,n.,n. 漢堡包（等於hamburger）,,,CEEC-108,2,,,,大考中心高中英文參考詞彙表（111學年度起適用）,LEVEL 2,官方清單,,,
ceec-108:level-2:burn,burn,bә:n,n.|v.,"vt. 燒, 燒燬, 燒傷\nvi. 燃燒, 發熱, 燒燬\nn. 燒傷, 烙印",,,CEEC-108,2,,,,大考中心高中英文參考詞彙表（111學年度起適用）,LEVEL 2,官方清單,,,
ceec-108:level-2:burst,burst,bә:st,n.|v.,"n. 破裂, 突發, 爆發\nv. 爆裂, 突發, 充滿\n[計] 二進位制位組; 字元組; 脈衝串",,,CEEC-108,2,,,,大考中心高中英文參考詞彙表（111學年度起適用）,LEVEL 2,官方清單,,,
ceec-108:level-2:businessman,businessman,'biznismæn,n.,"n. 商人, 實業家, 工商業家",,,CEEC-108,2,,,,大考中心高中英文參考詞彙表（111學年度起適用）,LEVEL 2,官方清單,,,
ceec-108:level-2:cabbage,cabbage,'kæbidʒ,n.,"n. 捲心菜\n[醫] 捲心菜, 甘蘭",,,CEEC-108,2,,,,大考中心高中英文參考詞彙表（111學年度起適用）,LEVEL 2,官方清單,,,
ceec-108:level-2:cafe,cafe,kɑ:'fei,n.,"n. 咖啡館, 酒店",,,CEEC-108,2,,,,大考中心高中英文參考詞彙表（111學年度起適用）,LEVEL 2,官方清單,,,
ceec-108:level-2:café,café,,n.,待補中文釋義,,,CEEC-108,2,,,,大考中心高中英文參考詞彙表（111學年度起適用）,LEVEL 2,官方清單,,,
ceec-108:level-2:cage,cage,keidʒ,n.|v.,"n. 籠, 牢房, 戰俘營\nvt. 關進籠內",,,CEEC-108,2,,,,大考中心高中英文參考詞彙表（111學年度起適用）,LEVEL 2,官方清單,,,
ceec-108:level-2:calendar,calendar,'kælindә,n.,"n. 日曆, 日程表\nvt. 列入表中\n[計] 日曆",,,CEEC-108,2,,,,大考中心高中英文參考詞彙表（111學年度起適用）,LEVEL 2,官方清單,,,
ceec-108:level-2:calm,calm,kɑ:m,adj.|n.|v.,"n. 平穩, 風平浪靜\na. 平靜的, 冷靜的\nvi. 平靜下來, 鎮靜\nvt. 使平靜",,,CEEC-108,2,,,,大考中心高中英文參考詞彙表（111學年度起適用）,LEVEL 2,官方清單,,,
ceec-108:level-2:camel,camel,'kæml,n.,"n. 駱駝, 打撈浮筒",,,CEEC-108,2,,,,大考中心高中英文參考詞彙表（111學年度起適用）,LEVEL 2,官方清單,,,
ceec-108:level-2:cancel,cancel,'kænsәl,v.,"n. 取消, 撤消, 蓋銷(郵票)\nvt. 取消, 刪去, 抵銷, 蓋銷\nvi. 相互抵銷\n[計] 作廢",,,CEEC-108,2,,,,大考中心高中英文參考詞彙表（111學年度起適用）,LEVEL 2,官方清單,,,
ceec-108:level-2:cancer,cancer,'kænsә,n.,"n. 癌, 惡性腫瘤\n[醫] 癌",,,CEEC-108,2,,,,大考中心高中英文參考詞彙表（111學年度起適用）,LEVEL 2,官方清單,,,
ceec-108:level-2:candle,candle,'kændl,n.,n. 蠟燭\nvt. 對著光檢查,,,CEEC-108,2,,,,大考中心高中英文參考詞彙表（111學年度起適用）,LEVEL 2,官方清單,,,
ceec-108:level-2:capital,capital,'kæpitәl,adj.|n.,"n. 首都, 大寫字母, 資本\na. 首都的, 重要的",,,CEEC-108,2,,,,大考中心高中英文參考詞彙表（111學年度起適用）,LEVEL 2,官方清單,,,
ceec-108:level-2:cartoon,cartoon,kɑ:'tu:n,n.|v.,"n. 卡通畫, 漫畫\nv. 畫漫畫",,,CEEC-108,2,,,,大考中心高中英文參考詞彙表（111學年度起適用）,LEVEL 2,官方清單,,,
ceec-108:level-2:cash,cash,kæʃ,n.|v.,n. 現金\nvt. 兌現,,,CEEC-108,2,,,,大考中心高中英文參考詞彙表（111學年度起適用）,LEVEL 2,官方清單,,,
ceec-108:level-2:castle,castle,'kæsl. 'kɑ:sl,n.,"n. 城堡, 象棋中的車\nvt. 置於城堡中, 盤踞於",,,CEEC-108,2,,,,大考中心高中英文參考詞彙表（111學年度起適用）,LEVEL 2,官方清單,,,
ceec-108:level-2:cause,cause,kɒ:z,n.|v.,"n. 原因, 目標\nvt. 引起, 使產生, 使遭受",,,CEEC-108,2,,,,大考中心高中英文參考詞彙表（111學年度起適用）,LEVEL 2,官方清單,,,
ceec-108:level-2:ceiling,ceiling,'si:liŋ,n.,"n. 天花板\n[經] 頂點, 頂線, 上限",,,CEEC-108,2,,,,大考中心高中英文參考詞彙表（111學年度起適用）,LEVEL 2,官方清單,,,
ceec-108:level-2:cell,cell,sel,n.,"n. 單元, 細胞, 電池\n[計] 單元",,,CEEC-108,2,,,,大考中心高中英文參考詞彙表（111學年度起適用）,LEVEL 2,官方清單,,,
ceec-108:level-2:centimeter,centimeter,'sentimi:tә,n.,n. 釐米\n[醫] 釐米,,,CEEC-108,2,,,,大考中心高中英文參考詞彙表（111學年度起適用）,LEVEL 2,官方清單,,,
ceec-108:level-2:central,central,'sentrәl,adj.,"a. 中央的, 重要的\n[醫] 中央的, 中心的, 中樞的",,,CEEC-108,2,,,,大考中心高中英文參考詞彙表（111學年度起適用）,LEVEL 2,官方清單,,,
ceec-108:level-2:century,century,'sentʃuri,n.,"n. 世紀, 百年",,,CEEC-108,2,,,,大考中心高中英文參考詞彙表（111學年度起適用）,LEVEL 2,官方清單,,,
ceec-108:level-2:cereal,cereal,'siәriәl,n.,"n. 穀類食品, 穀類植物\na. 穀類的",,,CEEC-108,2,,,,大考中心高中英文參考詞彙表（111學年度起適用）,LEVEL 2,官方清單,,,
ceec-108:level-2:chain,chain,tʃein,n.|v.,"n. 鏈, 枷鎖, 束縛\nvt. 用鐵練鎖住, 束縛, 囚禁",,,CEEC-108,2,,,,大考中心高中英文參考詞彙表（111學年度起適用）,LEVEL 2,官方清單,,,
ceec-108:level-2:chalk,chalk,tʃɒ:k,n.|v.,"n. 粉筆, 白堊\nvt. 用粉筆寫, 記錄",,,CEEC-108,2,,,,大考中心高中英文參考詞彙表（111學年度起適用）,LEVEL 2,官方清單,,,
ceec-108:level-2:challenge,challenge,'tʃælindʒ,n.|v.,"n. 挑戰, 盤問\nvt. 向...挑戰, 要求, 懷疑\nvi. 挑戰, 對(證據等)表示異議",,,CEEC-108,2,,,,大考中心高中英文參考詞彙表（111學年度起適用）,LEVEL 2,官方清單,,,
ceec-108:level-2:channel,channel,'tʃænәl,n.|v.,"n. 海峽, 航道, 頻道\nvt. 引導, 在...上挖溝, 形成河道\n[計] 通道, 通道",,,CEEC-108,2,,,,大考中心高中英文參考詞彙表（111學年度起適用）,LEVEL 2,官方清單,,,
ceec-108:level-2:chapter,chapter,'tʃæptә,n.,"n. 章, 篇, 重要章節\n[計] 章; 段",,,CEEC-108,2,,,,大考中心高中英文參考詞彙表（111學年度起適用）,LEVEL 2,官方清單,,,
ceec-108:level-2:character,character,'kærәktә,n.,"n. 個性, 字元, 人物, 性質, 品格, 資格\n[計] 字元",,,CEEC-108,2,,,,大考中心高中英文參考詞彙表（111學年度起適用）,LEVEL 2,官方清單,,,
ceec-108:level-2:charge,charge,tʃɑ:dʒ,n.|v.,"n. 指控, 費用, 衝鋒, 電荷, 炸藥, 主管, 被託管人, 命令\nvt. 控訴, 加罪於, 使充滿, 使充電, 使承擔\nvi. 衝鋒, 要價, 收費",,,CEEC-108,2,,,,大考中心高中英文參考詞彙表（111學年度起適用）,LEVEL 2,官方清單,,,
ceec-108:level-2:chart,chart,tʃɑ:t,n.,"n. 圖表, 海圖\nvt. 製成圖表\n[計] 圖表",,,CEEC-108,2,,,,大考中心高中英文參考詞彙表（111學年度起適用）,LEVEL 2,官方清單,,,
ceec-108:level-2:chase,chase,tʃeis,n.|v.,"n. 追求, 狩獵, 追逐\nvt. 追捕, 追逐, 雕刻, 在...上鑲嵌寶石\nvi. 追趕, 奔跑",,,CEEC-108,2,,,,大考中心高中英文參考詞彙表（111學年度起適用）,LEVEL 2,官方清單,,,
ceec-108:level-2:cheat,cheat,tʃi:t,n.|v.,"n. 欺騙, 作弊, 騙子\nv. 欺騙, 逃脫, 騙取",,,CEEC-108,2,,,,大考中心高中英文參考詞彙表（111學年度起適用）,LEVEL 2,官方清單,,,
ceec-108:level-2:cheer,cheer,tʃiә,n.|v.,"n. 愉快, 振奮, 歡呼\nvi. 歡呼, 喝彩, 快活起來\nvt. 使振奮, 歡呼",,,CEEC-108,2,,,,大考中心高中英文參考詞彙表（111學年度起適用）,LEVEL 2,官方清單,,,
ceec-108:level-2:chemical,chemical,'kemikl,adj.|n.,"n. 化學藥品\na. 化學的, 化學上用的",,,CEEC-108,2,,,,大考中心高中英文參考詞彙表（111學年度起適用）,LEVEL 2,官方清單,,,
ceec-108:level-2:chess,chess,tʃes,n.,n. 國際象棋\n[建] 雀麥,,,CEEC-108,2,,,,大考中心高中英文參考詞彙表（111學年度起適用）,LEVEL 2,官方清單,,,
ceec-108:level-2:chief,chief,tʃi:f,adj.|n.,"n. 領袖, 酋長, 長官, 主要部分\na. 主要的, 首位的",,,CEEC-108,2,,,,大考中心高中英文參考詞彙表（111學年度起適用）,LEVEL 2,官方清單,,,
ceec-108:level-2:childhood,childhood,'tʃaildhud,n.,n. 孩童時期\n[醫] 兒童期,,,CEEC-108,2,,,,大考中心高中英文參考詞彙表（111學年度起適用）,LEVEL 2,官方清單,,,
ceec-108:level-2:childish,childish,'tʃaildiʃ,adj.,"a. 天真的, 孩子氣的",,,CEEC-108,2,,,,大考中心高中英文參考詞彙表（111學年度起適用）,LEVEL 2,官方清單,,,
ceec-108:level-2:china,china,'tʃainә,n.,"n. 中國, 瓷器\na. 中國的",,,CEEC-108,2,,,,大考中心高中英文參考詞彙表（111學年度起適用）,LEVEL 2,官方清單,,,
ceec-108:level-2:chopstick,chopstick,'tʃɔpstik,n.,n. 筷子,,,CEEC-108,2,,,,大考中心高中英文參考詞彙表（111學年度起適用）,LEVEL 2,官方清單,,,
ceec-108:level-2:claim,claim,kleim,n.|v.,"n. 要求, 要求權, 斷言, 權利\nvt. 要求, 認領, 主張\nvi. 提出要求, 主張, 斷言",,,CEEC-108,2,,,,大考中心高中英文參考詞彙表（111學年度起適用）,LEVEL 2,官方清單,,,
ceec-108:level-2:clap,clap,klæp,n.|v.,"n. 拍手, 拍手聲, 霹靂聲, 花柳病\nv. 鼓掌, (使)啪地關上",,,CEEC-108,2,,,,大考中心高中英文參考詞彙表（111學年度起適用）,LEVEL 2,官方清單,,,
ceec-108:level-2:classic,classic,'klæsik,adj.|n.,"n. 古典作品, 傑作, 大藝術家\na. 第一流的, 最優秀的, 古典的",,,CEEC-108,2,,,,大考中心高中英文參考詞彙表（111學年度起適用）,LEVEL 2,官方清單,,,
ceec-108:level-2:classical,classical,'klæsikl,adj.,"a. 古典的, 正統派的, 經典的\n[醫] 古典的; 標準的, 典型的",,,CEEC-108,2,,,,大考中心高中英文參考詞彙表（111學年度起適用）,LEVEL 2,官方清單,,,
ceec-108:level-2:classmate,classmate,'klɑ:smeit,n.,n. 同班同學,,,CEEC-108,2,,,,大考中心高中英文參考詞彙表（111學年度起適用）,LEVEL 2,官方清單,,,
ceec-108:level-2:clever,clever,'klevә,adj.,"a. 聰明的, 精明的",,,CEEC-108,2,,,,大考中心高中英文參考詞彙表（111學年度起適用）,LEVEL 2,官方清單,,,
ceec-108:level-2:click,click,klik,n.|v.,"n. 咔噠聲, 啪嗒聲\nvi. 作咔噠聲\nvt. 使發咔噠聲\n[計] 單擊",,,CEEC-108,2,,,,大考中心高中英文參考詞彙表（111學年度起適用）,LEVEL 2,官方清單,,,
ceec-108:level-2:climate,climate,'klaimit,n.,"n. 氣候, 社會趨勢, 氣候區\n[醫] 氣候",,,CEEC-108,2,,,,大考中心高中英文參考詞彙表（111學年度起適用）,LEVEL 2,官方清單,,,
ceec-108:level-2:cloth,cloth,klɒ:θ. klɒθ,n.,"n. 布料, 織品, 布\n[建] 布",,,CEEC-108,2,,,,大考中心高中英文參考詞彙表（111學年度起適用）,LEVEL 2,官方清單,,,
ceec-108:level-2:clothing,clothing,'klәuðiŋ,n.,n. 衣服,,,CEEC-108,2,,,,大考中心高中英文參考詞彙表（111學年度起適用）,LEVEL 2,官方清單,,,
ceec-108:level-2:cloudy,cloudy,'klaudi,adj.,"a. 多雲的, 有愁容的, 雲的, 渾濁的\n[建] (混)濁的",,,CEEC-108,2,,,,大考中心高中英文參考詞彙表（111學年度起適用）,LEVEL 2,官方清單,,,
ceec-108:level-2:coal,coal,kәul,n.,"n. 煤, 木炭\nv. 加煤",,,CEEC-108,2,,,,大考中心高中英文參考詞彙表（111學年度起適用）,LEVEL 2,官方清單,,,
ceec-108:level-2:coast,coast,kәust,n.,"n. 海岸, 滑坡\nv. 沿海岸而行",,,CEEC-108,2,,,,大考中心高中英文參考詞彙表（111學年度起適用）,LEVEL 2,官方清單,,,
ceec-108:level-2:cockroach,cockroach,'kɒkrәutʃ,n.,n. 蟑螂\n[醫] 蟑螂,,,CEEC-108,2,,,,大考中心高中英文參考詞彙表（111學年度起適用）,LEVEL 2,官方清單,,,
ceec-108:level-2:cocoa,cocoa,'kәukәu,n.,"n. 可可粉, 可可茶, 可可色\n[醫] 可可, 可可豆",,,CEEC-108,2,,,,大考中心高中英文參考詞彙表（111學年度起適用）,LEVEL 2,官方清單,,,
ceec-108:level-2:coin,coin,kɒin,n.|v.,"n. 硬幣, 金錢, 貨幣\nvt. 鑄幣, 創造, 杜撰",,,CEEC-108,2,,,,大考中心高中英文參考詞彙表（111學年度起適用）,LEVEL 2,官方清單,,,
ceec-108:level-2:coke,Coke,kәuk,n.,"n. 可口可樂, 焦炭\nv. (使)成焦炭",,,CEEC-108,2,,,,大考中心高中英文參考詞彙表（111學年度起適用）,LEVEL 2,官方清單,,,
ceec-108:level-2:cola,cola,'kәulә,n.,"結腸, 冒號, 科朗\n[化] 可樂果; 可樂果屬; 可樂果乾子葉",,,CEEC-108,2,,,,大考中心高中英文參考詞彙表（111學年度起適用）,LEVEL 2,官方清單,,,
ceec-108:level-2:college,college,'kɒlidʒ,n.,"n. 學院, 大學, 學會",,,CEEC-108,2,,,,大考中心高中英文參考詞彙表（111學年度起適用）,LEVEL 2,官方清單,,,
ceec-108:level-2:comb,comb,kәum,n.|v.,"n. 頭梳, 雞冠\nvt. 梳頭髮, 梳毛\nvi. (浪)湧起",,,CEEC-108,2,,,,大考中心高中英文參考詞彙表（111學年度起適用）,LEVEL 2,官方清單,,,
ceec-108:level-2:combine,combine,kәm'bain,v.,"v. (使)聯合, (使)結合\nn. (企業的)聯合, 聯合收割機",,,CEEC-108,2,,,,大考中心高中英文參考詞彙表（111學年度起適用）,LEVEL 2,官方清單,,,
ceec-108:level-2:comic,comic,'kɒmik,adj.|n.,"n. 連環漫畫, 喜劇演員, 滑稽的人\na. 滑稽的, 有趣的, 喜劇的",,,CEEC-108,2,,,,大考中心高中英文參考詞彙表（111學年度起適用）,LEVEL 2,官方清單,,,
ceec-108:level-2:command,command,kә'mɑ:nd,n.|v.,"n. 命令, 指揮, 控制, 部隊, 司令部\nv. 命令, 指揮, 控制\n[計] 命令; 指令; DOS外部命令:啟動新的命令處理器",,,CEEC-108,2,,,,大考中心高中英文參考詞彙表（111學年度起適用）,LEVEL 2,官方清單,,,
ceec-108:level-2:commercial,commercial,kә'mә:ʃәl,adj.|n.,"a. 商業的, 商用的, 商品化的\nn. 商業廣告節目",,,CEEC-108,2,,,,大考中心高中英文參考詞彙表（111學年度起適用）,LEVEL 2,官方清單,,,
ceec-108:level-2:company,company,'kʌmpәni,n.,"n. 公司, 友伴, 交往, 連隊, 朋友, 一群\nvt. 陪伴\nvi. 交往",,,CEEC-108,2,,,,大考中心高中英文參考詞彙表（111學年度起適用）,LEVEL 2,官方清單,,,
ceec-108:level-2:compare,compare,kәm'pєә,v.,"vt. 比較, 比喻, 對照\nvi. 相比\nn. 比較\n[計] 比較",,,CEEC-108,2,,,,大考中心高中英文參考詞彙表（111學年度起適用）,LEVEL 2,官方清單,,,
ceec-108:level-2:complete,complete,kәm'pli:t,adj.|v.,"a. 完全的, 十足的, 完成的\nvt. 完成, 完工, 使圓滿",,,CEEC-108,2,,,,大考中心高中英文參考詞彙表（111學年度起適用）,LEVEL 2,官方清單,,,
ceec-108:level-2:complex,complex,kәm'pleks,adj.|n.,"n. 綜合體, 情結, 絡合物\na. 複雜的, 組合的",,,CEEC-108,2,,,,大考中心高中英文參考詞彙表（111學年度起適用）,LEVEL 2,官方清單,,,
ceec-108:level-2:concern,concern,kәn'sә:n,n.|v.,"n. 關心, 憂慮\nvt. 與...有關, 使擔心, 使掛念",,,CEEC-108,2,,,,大考中心高中英文參考詞彙表（111學年度起適用）,LEVEL 2,官方清單,,,
ceec-108:level-2:conclude,conclude,kәn'klu:d,v.,"vt. 結束, 作結論, 推斷\nvi. 結束, 推斷",,,CEEC-108,2,,,,大考中心高中英文參考詞彙表（111學年度起適用）,LEVEL 2,官方清單,,,
ceec-108:level-2:condition,condition,kәn'diʃәn,n.|v.,"n. 情況, 條件\nvt. 使健康, 以...為條件, 決定, 使適應\n[計] 條件",,,CEEC-108,2,,,,大考中心高中英文參考詞彙表（111學年度起適用）,LEVEL 2,官方清單,,,
ceec-108:level-2:confident,confident,'kɒnfidәnt,adj.,"a. 有信心的, 有把握的",,,CEEC-108,2,,,,大考中心高中英文參考詞彙表（111學年度起適用）,LEVEL 2,官方清單,,,
ceec-108:level-2:conflict,conflict,'kɒnflikt,n.|v.,"n. 戰鬥, 衝突, 矛盾, 爭執\nvi. 爭執, 戰鬥, 衝突, 牴觸\n[計] 衝突",,,CEEC-108,2,,,,大考中心高中英文參考詞彙表（111學年度起適用）,LEVEL 2,官方清單,,,
ceec-108:level-2:congratulation,congratulation,kәn.grætʃә'leiʃәn,n.,"n. 祝賀, 恭喜",,,CEEC-108,2,,,,大考中心高中英文參考詞彙表（111學年度起適用）,LEVEL 2,官方清單,,,
ceec-108:level-2:connection,connection,kә'nekʃәn,n.,"n. 連線, 關係, 前後關係\n[計] 連線",,,CEEC-108,2,,,,大考中心高中英文參考詞彙表（111學年度起適用）,LEVEL 2,官方清單,,,
ceec-108:level-2:consider,consider,kәn'sidŋ,v.,"v. 考慮, 思考, 認為",,,CEEC-108,2,,,,大考中心高中英文參考詞彙表（111學年度起適用）,LEVEL 2,官方清單,,,
ceec-108:level-2:consideration,consideration,kәn.sidә'reiʃәn,n.,"n. 考慮, 原因\n[法] 考慮, 思考, 報酬",,,CEEC-108,2,,,,大考中心高中英文參考詞彙表（111學年度起適用）,LEVEL 2,官方清單,,,
ceec-108:level-2:contact,contact,'kɒntækt,n.|v.,"n. 聯絡, 交際, 熟人, 接觸\nvi. 接觸, 聯絡\nvt. 使接觸",,,CEEC-108,2,,,,大考中心高中英文參考詞彙表（111學年度起適用）,LEVEL 2,官方清單,,,
ceec-108:level-2:contain,contain,kәn'tein,v.,"vt. 包含, 容納, 控制\nvi. 自制",,,CEEC-108,2,,,,大考中心高中英文參考詞彙表（111學年度起適用）,LEVEL 2,官方清單,,,
ceec-108:level-2:continue,continue,kәn'tinju:,v.,"vi. 繼續, 延續, 延長\nvt. 使繼續, 使延長",,,CEEC-108,2,,,,大考中心高中英文參考詞彙表（111學年度起適用）,LEVEL 2,官方清單,,,
ceec-108:level-2:contract,contract,'kɒntrækt,n.|v.,"n. 合約, 婚約, 契約\nvt. 使皺縮, 使縮短, 感染, 訂約, 締結\nvi. 皺縮, 訂約, 收縮",,,CEEC-108,2,,,,大考中心高中英文參考詞彙表（111學年度起適用）,LEVEL 2,官方清單,,,
ceec-108:level-2:control,control,kәn'trәul,n.|v.,"n. 控制, 管理, 剋制, 控制器, 操縱裝置\nvt. 控制, 操縱, 抑制\n[計] 控制; 控制器",,,CEEC-108,2,,,,大考中心高中英文參考詞彙表（111學年度起適用）,LEVEL 2,官方清單,,,
ceec-108:level-2:conversation,conversation,.kɒnvә'seiʃәn,n.,"n. 會話, 說話, 交談\n[法] 交談, 社交, 性交",,,CEEC-108,2,,,,大考中心高中英文參考詞彙表（111學年度起適用）,LEVEL 2,官方清單,,,
ceec-108:level-2:cop,cop,kɒp,n.,n. 警官\nvt. 抓住,,,CEEC-108,2,,,,大考中心高中英文參考詞彙表（111學年度起適用）,LEVEL 2,官方清單,,,
ceec-108:level-2:corn,corn,kɒ:n,n.,"n. 玉蜀黍, 穀類, 穀粒, 雞眼\nvt. 使成顆粒, 醃",,,CEEC-108,2,,,,大考中心高中英文參考詞彙表（111學年度起適用）,LEVEL 2,官方清單,,,
ceec-108:level-2:countryside,countryside,'kʌntrisaid,n.,"n. 鄉下地方, 鄉下居民",,,CEEC-108,2,,,,大考中心高中英文參考詞彙表（111學年度起適用）,LEVEL 2,官方清單,,,
ceec-108:level-2:couple,couple,'kʌpl,n.|v.,"n. 對, 夫婦, 數個\nvt. 使成雙, 連線, 使成婚, 把...聯絡起來\nvi. 結合, 成婚",,,CEEC-108,2,,,,大考中心高中英文參考詞彙表（111學年度起適用）,LEVEL 2,官方清單,,,
ceec-108:level-2:courage,courage,'kʌridʒ,n.,"n. 勇氣, 膽量",,,CEEC-108,2,,,,大考中心高中英文參考詞彙表（111學年度起適用）,LEVEL 2,官方清單,,,
ceec-108:level-2:court,court,kɒ:t,n.,"n. 法院, 庭院, 奉承\nvt. 獻殷勤, 追求, 招致\nvi. 求愛",,,CEEC-108,2,,,,大考中心高中英文參考詞彙表（111學年度起適用）,LEVEL 2,官方清單,,,
ceec-108:level-2:cowboy,cowboy,'kaubɒi,n.,"n. 牛仔, 牛郎, 牧童",,,CEEC-108,2,,,,大考中心高中英文參考詞彙表（111學年度起適用）,LEVEL 2,官方清單,,,
ceec-108:level-2:crayon,crayon,'kreiәn,n.,"n. 蠟筆, 蠟筆畫\nvt. 以蠟筆作畫",,,CEEC-108,2,,,,大考中心高中英文參考詞彙表（111學年度起適用）,LEVEL 2,官方清單,,,
ceec-108:level-2:cream,cream,kri:m,adj.|n.,"n. 乳酪, 奶油, 面霜\n[醫] 乳油, 乳皮; 乳膏, 霜",,,CEEC-108,2,,,,大考中心高中英文參考詞彙表（111學年度起適用）,LEVEL 2,官方清單,,,
ceec-108:level-2:create,create,kri:'eit,v.,"vt. 創造, 建造, 引起, 任命",,,CEEC-108,2,,,,大考中心高中英文參考詞彙表（111學年度起適用）,LEVEL 2,官方清單,,,
ceec-108:level-2:crime,crime,kraim,n.,"n. 犯罪, 罪行, 罪惡\n[法] 犯罪, 罪, 罪惡",,,CEEC-108,2,,,,大考中心高中英文參考詞彙表（111學年度起適用）,LEVEL 2,官方清單,,,
ceec-108:level-2:crisis,crisis,'kraisis,n.,"n. 危機, 危險期, 緊要關頭\n[醫] 危象; 驟退, 臨界, 極期",,,CEEC-108,2,,,,大考中心高中英文參考詞彙表（111學年度起適用）,LEVEL 2,官方清單,,,
ceec-108:level-2:crow,crow,krәu,n.,"n. 啼叫, 烏鴉, 雞鳴, 撬棍\nvi. 啼叫, 報曉",,,CEEC-108,2,,,,大考中心高中英文參考詞彙表（111學年度起適用）,LEVEL 2,官方清單,,,
ceec-108:level-2:crowd,crowd,kraud,n.|v.,"n. 群眾, 一夥人\nvt. 擁擠, 擠滿, 擠進",,,CEEC-108,2,,,,大考中心高中英文參考詞彙表（111學年度起適用）,LEVEL 2,官方清單,,,
ceec-108:level-2:cultural,cultural,'kʌltʃәrәl,adj.,"a. 文化的, 教養的, 修養的\n[醫] 培養的",,,CEEC-108,2,,,,大考中心高中英文參考詞彙表（111學年度起適用）,LEVEL 2,官方清單,,,
ceec-108:level-2:culture,culture,'kʌltʃә,n.,"n. 文化, 修養, 耕種\nvt. 耕種, 培養",,,CEEC-108,2,,,,大考中心高中英文參考詞彙表（111學年度起適用）,LEVEL 2,官方清單,,,
ceec-108:level-2:cure,cure,kjuә,n.|v.,"n. 治療, 治癒, 治療法\nvt. 治療, 治癒, 改正, 醃製, 加工處理, 使硫化\nvi. 受治療, 被加工處理, 被硫化",,,CEEC-108,2,,,,大考中心高中英文參考詞彙表（111學年度起適用）,LEVEL 2,官方清單,,,
ceec-108:level-2:curious,curious,'kjuәriәs,adj.,"a. 好奇的, 求知的, 古怪的",,,CEEC-108,2,,,,大考中心高中英文參考詞彙表（111學年度起適用）,LEVEL 2,官方清單,,,
ceec-108:level-2:current,current,'kʌrәnt,adj.|n.,"n. 湧流, 趨勢, 流\na. 流通的, 現在的, 當前的, 流行的\n[計] 當前的",,,CEEC-108,2,,,,大考中心高中英文參考詞彙表（111學年度起適用）,LEVEL 2,官方清單,,,
ceec-108:level-2:curtain,curtain,'kә:tәn,n.|v.,"n. 帳, 幕, 窗簾\nvt. 裝簾子於, 遮蔽",,,CEEC-108,2,,,,大考中心高中英文參考詞彙表（111學年度起適用）,LEVEL 2,官方清單,,,
ceec-108:level-2:custom,custom,'kʌstәm,n.,"n. 習慣, 風俗, 海關, 自定義\na. 定製的\n[計] 定製; 自定義",,,CEEC-108,2,,,,大考中心高中英文參考詞彙表（111學年度起適用）,LEVEL 2,官方清單,,,
ceec-108:level-2:customer,customer,'kʌstәmә,n.,n. 消費者\n[化] 顧客,,,CEEC-108,2,,,,大考中心高中英文參考詞彙表（111學年度起適用）,LEVEL 2,官方清單,,,
ceec-108:level-2:cycle,cycle,'saikl,n.|v.,"n. 週期, 迴圈, 腳踏車, 一段時間, 整套\nvi. 迴圈, 輪轉, 騎腳踏車\nvt. 使迴圈, 使輪轉\n[計] 環路; 週期; 迴圈",,,CEEC-108,2,,,,大考中心高中英文參考詞彙表（111學年度起適用）,LEVEL 2,官方清單,,,
ceec-108:level-2:daily,daily,'deili,adj.|adv.|n.,"a. 每日的, 日常的\nadv. 每日地, 日常地\nn. 日報",,,CEEC-108,2,,,,大考中心高中英文參考詞彙表（111學年度起適用）,LEVEL 2,官方清單,,,
ceec-108:level-2:damage,damage,'dæmidʒ,n.|v.,"n. 損害, 傷害\nv. 損害",,,CEEC-108,2,,,,大考中心高中英文參考詞彙表（111學年度起適用）,LEVEL 2,官方清單,,,
ceec-108:level-2:dancer,dancer,'dɑ:nsә,n.,"n. 舞蹈演員, 跳舞者",,,CEEC-108,2,,,,大考中心高中英文參考詞彙表（111學年度起適用）,LEVEL 2,官方清單,,,
ceec-108:level-2:danger,danger,'deindʒә,n.,"n. 危險, 威脅\n[法] 危險, 危險物, 危機",,,CEEC-108,2,,,,大考中心高中英文參考詞彙表（111學年度起適用）,LEVEL 2,官方清單,,,
ceec-108:level-2:data,data,'deitә,n.,"pl. 資料, 資料\n[計] 資料; DOS內部命令:用於顯示或設定系統的日期",,,CEEC-108,2,,,,大考中心高中英文參考詞彙表（111學年度起適用）,LEVEL 2,官方清單,,,
ceec-108:level-2:deaf,deaf,def,adj.,a. 聾的\n[醫] 聾的,,,CEEC-108,2,,,,大考中心高中英文參考詞彙表（111學年度起適用）,LEVEL 2,官方清單,,,
ceec-108:level-2:debate,debate,di'beit,n.|v.,"n. 辯論, 討論\nv. 爭論, 辯論",,,CEEC-108,2,,,,大考中心高中英文參考詞彙表（111學年度起適用）,LEVEL 2,官方清單,,,
ceec-108:level-2:debt,debt,det,n.,"n. 債務, 罪過\n[經] 借款, 欠款, 債務",,,CEEC-108,2,,,,大考中心高中英文參考詞彙表（111學年度起適用）,LEVEL 2,官方清單,,,
ceec-108:level-2:decision,decision,di'siʒәn,n.,"n. 決定, 決心, 決斷\n[計] 判定",,,CEEC-108,2,,,,大考中心高中英文參考詞彙表（111學年度起適用）,LEVEL 2,官方清單,,,
ceec-108:level-2:deer,deer,diә,n.,n. 鹿,,,CEEC-108,2,,,,大考中心高中英文參考詞彙表（111學年度起適用）,LEVEL 2,官方清單,,,
ceec-108:level-2:degree,degree,di'gri:,n.,"n. 程度, 度數, 學位, 度\n[醫] 度, 程度",,,CEEC-108,2,,,,大考中心高中英文參考詞彙表（111學年度起適用）,LEVEL 2,官方清單,,,
ceec-108:level-2:delay,delay,di'lei,n.|v.,"n. 耽擱, 遲滯\nv. 耽擱, 延遲\n[計] 延遲, 延時",,,CEEC-108,2,,,,大考中心高中英文參考詞彙表（111學年度起適用）,LEVEL 2,官方清單,,,
ceec-108:level-2:delicious,delicious,di'liʃәs,adj.,a. 美味的,,,CEEC-108,2,,,,大考中心高中英文參考詞彙表（111學年度起適用）,LEVEL 2,官方清單,,,
ceec-108:level-2:deliver,deliver,di'livә,v.,"vt. 遞送, 陳述, 釋放, 發表, 引渡, 投遞, 交付\n[經] 交運",,,CEEC-108,2,,,,大考中心高中英文參考詞彙表（111學年度起適用）,LEVEL 2,官方清單,,,
ceec-108:level-2:delivery,delivery,di'livәri,n.,"n. 遞送, 交付, 分娩, 交貨, 引渡\n[化] 交貨額",,,CEEC-108,2,,,,大考中心高中英文參考詞彙表（111學年度起適用）,LEVEL 2,官方清單,,,
ceec-108:level-2:dentist,dentist,'dentist,n.,n. 牙科醫生\n[醫] 牙醫師,,,CEEC-108,2,,,,大考中心高中英文參考詞彙表（111學年度起適用）,LEVEL 2,官方清單,,,
ceec-108:level-2:deny,deny,di'nai,v.,"v. 否認, 拒絕",,,CEEC-108,2,,,,大考中心高中英文參考詞彙表（111學年度起適用）,LEVEL 2,官方清單,,,
ceec-108:level-2:department,department,di'pɑ:tmәnt,n.,"n. 部門, 系, 機關\n[醫] 部, 科",,,CEEC-108,2,,,,大考中心高中英文參考詞彙表（111學年度起適用）,LEVEL 2,官方清單,,,
ceec-108:level-2:depend,depend,di'pend,v.,"vi. 靠, 視...而定, 信賴",,,CEEC-108,2,,,,大考中心高中英文參考詞彙表（111學年度起適用）,LEVEL 2,官方清單,,,
ceec-108:level-2:depth,depth,depθ,n.,"n. 深度, 深處, 深奧\n[計] 深度",,,CEEC-108,2,,,,大考中心高中英文參考詞彙表（111學年度起適用）,LEVEL 2,官方清單,,,
ceec-108:level-2:describe,describe,di'skraib,v.,"vt. 描述, 描繪, 畫",,,CEEC-108,2,,,,大考中心高中英文參考詞彙表（111學年度起適用）,LEVEL 2,官方清單,,,
ceec-108:level-2:description,description,di'skripʃәn,n.,"n. 描述, 說明, 種類\n[經] 說明書(物品), 品名種類, 貨物名稱",,,CEEC-108,2,,,,大考中心高中英文參考詞彙表（111學年度起適用）,LEVEL 2,官方清單,,,
ceec-108:level-2:desert,desert,'dezәt. di'sә:t,n.|v.,"n. 沙漠, 應得的賞罰, 功勞\na. 沙漠的, 不毛的\nvt. 放棄, 遺棄, 擅離\nvi. 逃掉",,,CEEC-108,2,,,,大考中心高中英文參考詞彙表（111學年度起適用）,LEVEL 2,官方清單,,,
ceec-108:level-2:design,design,di'zain,n.|v.,"n. 設計, 圖樣, 方案, 企圖\nv. 設計, 計劃",,,CEEC-108,2,,,,大考中心高中英文參考詞彙表（111學年度起適用）,LEVEL 2,官方清單,,,
ceec-108:level-2:detail,detail,'di:teil,n.|v.,"n. 細節, 詳情\nvt. 詳述, 選派\nvi. 畫詳圖\n[計] 詳細資料",,,CEEC-108,2,,,,大考中心高中英文參考詞彙表（111學年度起適用）,LEVEL 2,官方清單,,,
ceec-108:level-2:develop,develop,di'velәp,v.,"vt. 發展, 使發達, 進步, 洗印, 顯影\nvi. 發展, 生長",,,CEEC-108,2,,,,大考中心高中英文參考詞彙表（111學年度起適用）,LEVEL 2,官方清單,,,
ceec-108:level-2:development,development,di'velәpmәnt,n.,n. 發展\n[化] 展開,,,CEEC-108,2,,,,大考中心高中英文參考詞彙表（111學年度起適用）,LEVEL 2,官方清單,,,
ceec-108:level-2:dial,dial,'daiәl,n.|v.,"n. 刻度盤, 鐘面, 轉盤\nv. 撥",,,CEEC-108,2,,,,大考中心高中英文參考詞彙表（111學年度起適用）,LEVEL 2,官方清單,,,
ceec-108:level-2:dialogue,dialogue,'daiәlɒg,n.,n. 對話\nvi. 對話\nvt. 用對話表達,,,CEEC-108,2,,,,大考中心高中英文參考詞彙表（111學年度起適用）,LEVEL 2,官方清單,,,
ceec-108:level-2:diamond,diamond,'daiәmәnd,n.,"n. 鑽石, 菱形\n[計] 菱形",,,CEEC-108,2,,,,大考中心高中英文參考詞彙表（111學年度起適用）,LEVEL 2,官方清單,,,
ceec-108:level-2:diary,diary,'daiәri,n.,n. 日記\n[經] 日記簿,,,CEEC-108,2,,,,大考中心高中英文參考詞彙表（111學年度起適用）,LEVEL 2,官方清單,,,
ceec-108:level-2:diet,diet,'daiәt,n.|v.,"n. 日常飲食, 議會\nvt. 照規定飲食\nvi. 忌食",,,CEEC-108,2,,,,大考中心高中英文參考詞彙表（111學年度起適用）,LEVEL 2,官方清單,,,
ceec-108:level-2:difference,difference,'difәrәns,n.,"n. 不同, 差異\n[計] 差分",,,CEEC-108,2,,,,大考中心高中英文參考詞彙表（111學年度起適用）,LEVEL 2,官方清單,,,
ceec-108:level-2:difficulty,difficulty,'difikәlti,n.,"n. 困難, 難點",,,CEEC-108,2,,,,大考中心高中英文參考詞彙表（111學年度起適用）,LEVEL 2,官方清單,,,
ceec-108:level-2:direct,direct,di'rekt,adj.|adv.|v.,"a. 直接的, 坦白的\nvt. 指示, 指揮, 命令, 導演\nvi. 指導, 指揮\nadv. 直接地",,,CEEC-108,2,,,,大考中心高中英文參考詞彙表（111學年度起適用）,LEVEL 2,官方清單,,,
ceec-108:level-2:direction,direction,di'rekʃәn,n.,"n. 方向, 指導, 趨勢\n[計] 方向; 流向",,,CEEC-108,2,,,,大考中心高中英文參考詞彙表（111學年度起適用）,LEVEL 2,官方清單,,,
ceec-108:level-2:director,director,di'rektә,n.,"n. 主管, 導演, 董事\n[計] 尋向偶極子; 指揮儀",,,CEEC-108,2,,,,大考中心高中英文參考詞彙表（111學年度起適用）,LEVEL 2,官方清單,,,
ceec-108:level-2:disagree,disagree,.disә'gri:,v.,"vi. 不一致, 不適宜\n[法] 牴觸, 不同意, 爭執",,,CEEC-108,2,,,,大考中心高中英文參考詞彙表（111學年度起適用）,LEVEL 2,官方清單,,,
ceec-108:level-2:disagreement,disagreement,.disә'gri:mәnt,n.,"n. 不合, 爭論, 不一致\n[法] 不一致, 不同意, 陪審團的意見不一",,,CEEC-108,2,,,,大考中心高中英文參考詞彙表（111學年度起適用）,LEVEL 2,官方清單,,,
ceec-108:level-2:disappear,disappear,.disә'piә,v.,"vi. 消失, 不見",,,CEEC-108,2,,,,大考中心高中英文參考詞彙表（111學年度起適用）,LEVEL 2,官方清單,,,
ceec-108:level-2:discover,discover,dis'kʌvә,v.,"vt. 發現, 找到, 暴露\nvi. 發現",,,CEEC-108,2,,,,大考中心高中英文參考詞彙表（111學年度起適用）,LEVEL 2,官方清單,,,
ceec-108:level-2:discovery,discovery,dis'kʌvәri,n.,"n. 發現, 被發現的事物\n[法] 要求告知, 發現, 發覺",,,CEEC-108,2,,,,大考中心高中英文參考詞彙表（111學年度起適用）,LEVEL 2,官方清單,,,
ceec-108:level-2:discuss,discuss,dis'kʌs,v.,"vt. 討論, 論述\n[醫] 討論, 辯論",,,CEEC-108,2,,,,大考中心高中英文參考詞彙表（111學年度起適用）,LEVEL 2,官方清單,,,
ceec-108:level-2:discussion,discussion,dis'kʌʃәn,n.,n. 討論,,,CEEC-108,2,,,,大考中心高中英文參考詞彙表（111學年度起適用）,LEVEL 2,官方清單,,,
ceec-108:level-2:disease,disease,di'zi:z,n.,"n. 疾病, 弊病\n[醫] [疾]病",,,CEEC-108,2,,,,大考中心高中英文參考詞彙表（111學年度起適用）,LEVEL 2,官方清單,,,
ceec-108:level-2:display,display,dis'plei,n.|v.,"n. 顯示, 陳列, 炫耀, 顯示器\nvt. 陳列, 顯示, 表現, 誇示\n[計] 顯示器; 顯示",,,CEEC-108,2,,,,大考中心高中英文參考詞彙表（111學年度起適用）,LEVEL 2,官方清單,,,
ceec-108:level-2:distance,distance,'distәns,n.,"n. 距離, 遠方, 遙遠\n[計] 位距",,,CEEC-108,2,,,,大考中心高中英文參考詞彙表（111學年度起適用）,LEVEL 2,官方清單,,,
ceec-108:level-2:distant,distant,'distәnt,adj.,"a. 遠的, 疏遠的\n[經] 遠期的",,,CEEC-108,2,,,,大考中心高中英文參考詞彙表（111學年度起適用）,LEVEL 2,官方清單,,,
ceec-108:level-2:divide,divide,di'vaid,n.|v.,"vi. 分開, 分配, 分裂\nvt. 分, 分開, 分裂, 除\nn. 分配, 分水嶺\n[計] 除",,,CEEC-108,2,,,,大考中心高中英文參考詞彙表（111學年度起適用）,LEVEL 2,官方清單,,,
ceec-108:level-2:division,division,di'viʒәn,n.,"n. 分, 分開, 除法, 部門(如部、處、系等), 師\n[計] 部分",,,CEEC-108,2,,,,大考中心高中英文參考詞彙表（111學年度起適用）,LEVEL 2,官方清單,,,
ceec-108:level-2:domestic,domestic,dәu'mestik,adj.,"a. 家庭的, 國內的, 馴養的\n[醫] 家庭的, 家用的",,,CEEC-108,2,,,,大考中心高中英文參考詞彙表（111學年度起適用）,LEVEL 2,官方清單,,,
ceec-108:level-2:dot,dot,dɒt,n.|v.,"n. 點, 圓點, 小數點, 小東西, 嫁妝\nvt. 作小點記號, 加小點於\nvi. 打上點\n[計] 點",,,CEEC-108,2,,,,大考中心高中英文參考詞彙表（111學年度起適用）,LEVEL 2,官方清單,,,
ceec-108:level-2:double,double,'dʌbl,adj.|adv.|n.|v.,"n. 兩倍\na. 兩倍的, 雙重的\nvt. 使加倍\nvi. 加倍, 代替, 快步走\n[計] 雙精度型",,,CEEC-108,2,,,,大考中心高中英文參考詞彙表（111學年度起適用）,LEVEL 2,官方清單,,,
ceec-108:level-2:doubt,doubt,daut,n.|v.,"n. 懷疑, 疑惑\nv. 懷疑, 不信",,,CEEC-108,2,,,,大考中心高中英文參考詞彙表（111學年度起適用）,LEVEL 2,官方清單,,,
ceec-108:level-2:dove,dove,dʌv,n.,n. 鴿子\ndive的過去式,,,CEEC-108,2,,,,大考中心高中英文參考詞彙表（111學年度起適用）,LEVEL 2,官方清單,,,
ceec-108:level-2:download,download,,v.,"[計] 解除安裝, 下栽",,,CEEC-108,2,,,,大考中心高中英文參考詞彙表（111學年度起適用）,LEVEL 2,官方清單,,,
ceec-108:level-2:downstairs,downstairs,'daun'stєәz,adj.|adv.|n.,n. 樓下\na. 樓下的\nadv. 在樓下,,,CEEC-108,2,,,,大考中心高中英文參考詞彙表（111學年度起適用）,LEVEL 2,官方清單,,,
ceec-108:level-2:dragon,dragon,'drægәn,n.,"n. 龍, 兇暴的人\n[法] 兇惡的人, 兇惡嚴厲的監護人",,,CEEC-108,2,,,,大考中心高中英文參考詞彙表（111學年度起適用）,LEVEL 2,官方清單,,,
ceec-108:level-2:drama,drama,'drɑ:mә,n.,"n. 戲劇, 戲劇藝術",,,CEEC-108,2,,,,大考中心高中英文參考詞彙表（111學年度起適用）,LEVEL 2,官方清單,,,
ceec-108:level-2:drawer,drawer,'drɒ:ә,n.,"n. 抽屜, 開票人\n[計] 抽屜",,,CEEC-108,2,,,,大考中心高中英文參考詞彙表（111學年度起適用）,LEVEL 2,官方清單,,,
ceec-108:level-2:drawing,drawing,'drɒ:iŋ,n.,"n. 圖畫, 製圖, 拉\n[計] 繪圖",,,CEEC-108,2,,,,大考中心高中英文參考詞彙表（111學年度起適用）,LEVEL 2,官方清單,,,
ceec-108:level-2:drug,drug,drʌg,n.|v.,"n. 藥, 麻藥, 麻醉藥\nvi. 吸毒\nvt. 使服麻醉藥, 使麻木",,,CEEC-108,2,,,,大考中心高中英文參考詞彙表（111學年度起適用）,LEVEL 2,官方清單,,,
ceec-108:level-2:dryer,dryer,'draiә,n.,"n. 乾衣機, 乾燥劑\n[化] 乾燥劑; 催幹劑; 乾燥器; 乾燥裝置; 烘箱",,,CEEC-108,2,,,,大考中心高中英文參考詞彙表（111學年度起適用）,LEVEL 2,官方清單,,,
ceec-108:level-2:due,due,dju:,adj.|adv.|n.,"n. 應得的東西, 應付款\na. 到期的, 應得的, 應付的, 約定的",,,CEEC-108,2,,,,大考中心高中英文參考詞彙表（111學年度起適用）,LEVEL 2,官方清單,,,
ceec-108:level-2:dull,dull,dʌl,adj.|v.,"a. 鈍的, 無趣的, 呆滯的, 陰暗的\nvt. 使遲鈍, 使陰暗, 緩和\nvi. 變遲鈍, 減少",,,CEEC-108,2,,,,大考中心高中英文參考詞彙表（111學年度起適用）,LEVEL 2,官方清單,,,
ceec-108:level-2:duty,duty,'dju:ti,n.,"n. 責任, 關稅, 職務, 尊敬\n[化] 職責",,,CEEC-108,2,,,,大考中心高中英文參考詞彙表（111學年度起適用）,LEVEL 2,官方清單,,,
ceec-108:level-2:eagle,eagle,'i:gl,n.,"n. 鷹, 鷹狀標飾",,,CEEC-108,2,,,,大考中心高中英文參考詞彙表（111學年度起適用）,LEVEL 2,官方清單,,,
ceec-108:level-2:earn,earn,ә:n,v.,"vt. 賺得, 獲得, 博得\n[計] 歐州科學研究網",,,CEEC-108,2,,,,大考中心高中英文參考詞彙表（111學年度起適用）,LEVEL 2,官方清單,,,
ceec-108:level-2:earring,earring,'iәriŋ,n.,"n. 耳環, 耳飾",,,CEEC-108,2,,,,大考中心高中英文參考詞彙表（111學年度起適用）,LEVEL 2,官方清單,,,
ceec-108:level-2:earthquake,earthquake,'ә:θkweik,n.,n. 地震,,,CEEC-108,2,,,,大考中心高中英文參考詞彙表（111學年度起適用）,LEVEL 2,官方清單,,,
ceec-108:level-2:ease,ease,i:z,n.|v.,"n. 安樂, 安逸, 悠閒\nvt. 使安樂, 使安心, 減輕, 放鬆\nvi. 減輕, 放鬆, 靈活地移動",,,CEEC-108,2,,,,大考中心高中英文參考詞彙表（111學年度起適用）,LEVEL 2,官方清單,,,
ceec-108:level-2:eastern,eastern,'i:stәn,adj.,"n. 東方人, 東正教徒\na. 東方的, 向東的, 自東的",,,CEEC-108,2,,,,大考中心高中英文參考詞彙表（111學年度起適用）,LEVEL 2,官方清單,,,
ceec-108:level-2:edge,edge,edʒ,n.|v.,"n. 邊緣, 尖銳, 刀刃, 優勢\nvt. 使銳利, 擠進, 鑲邊\nvi. 緩緩移動",,,CEEC-108,2,,,,大考中心高中英文參考詞彙表（111學年度起適用）,LEVEL 2,官方清單,,,
ceec-108:level-2:edition,edition,i'diʃәn,n.,"n. 版本, 版, 翻版",,,CEEC-108,2,,,,大考中心高中英文參考詞彙表（111學年度起適用）,LEVEL 2,官方清單,,,
ceec-108:level-2:education,education,.edju'keiʃәn,n.,"n. 教育, 訓練, 教育學\n[醫] 教育, 訓練",,,CEEC-108,2,,,,大考中心高中英文參考詞彙表（111學年度起適用）,LEVEL 2,官方清單,,,
ceec-108:level-2:effect,effect,i'fekt,n.|v.,"n. 結果, 影響, 效果, 印象\nvt. 實行, 引起, 完成\n[計] 效果",,,CEEC-108,2,,,,大考中心高中英文參考詞彙表（111學年度起適用）,LEVEL 2,官方清單,,,
ceec-108:level-2:effective,effective,i'fektiv,adj.,"a. 有效的, 有力的, 實際的\nn. 有生力量",,,CEEC-108,2,,,,大考中心高中英文參考詞彙表（111學年度起適用）,LEVEL 2,官方清單,,,
ceec-108:level-2:effort,effort,'efәt,n.,"n. 努力, 成就",,,CEEC-108,2,,,,大考中心高中英文參考詞彙表（111學年度起適用）,LEVEL 2,官方清單,,,
ceec-108:level-2:elder,elder,'eldә,adj.|n.,"n. 年長者, 老人, 前輩\na. 年長的, 資深的",,,CEEC-108,2,,,,大考中心高中英文參考詞彙表（111學年度起適用）,LEVEL 2,官方清單,,,
ceec-108:level-2:electric,electric,i'lektik,adj.,"a. 電的, 導電的, 電動的\n[醫] 電的",,,CEEC-108,2,,,,大考中心高中英文參考詞彙表（111學年度起適用）,LEVEL 2,官方清單,,,
ceec-108:level-2:electrical,electrical,i'lektrikәl,adj.,"a. 電的, 有關電的\n[醫] 電的",,,CEEC-108,2,,,,大考中心高中英文參考詞彙表（111學年度起適用）,LEVEL 2,官方清單,,,
ceec-108:level-2:emotion,emotion,i'mәuʃәn,n.,"n. 情緒, 激動, 強烈的情感\n[醫] 情緒, 情感",,,CEEC-108,2,,,,大考中心高中英文參考詞彙表（111學年度起適用）,LEVEL 2,官方清單,,,
ceec-108:level-2:emphasize,emphasize,'emfәsaiz,v.,"vt. 強調, 加強語氣, 著重",,,CEEC-108,2,,,,大考中心高中英文參考詞彙表（111學年度起適用）,LEVEL 2,官方清單,,,
ceec-108:level-2:employ,employ,im'plɒi,v.,"n. 僱用\nvt. 僱用, 使用, 使從事於",,,CEEC-108,2,,,,大考中心高中英文參考詞彙表（111學年度起適用）,LEVEL 2,官方清單,,,
ceec-108:level-2:employee,employee,.emplɒi'i:,n.,"n. 職員, 員工, 受僱人員\n[化] 職工; 僱員",,,CEEC-108,2,,,,大考中心高中英文參考詞彙表（111學年度起適用）,LEVEL 2,官方清單,,,
ceec-108:level-2:employer,employer,im'plɒiә,n.,"n. 僱主, 老闆\n[經] 僱主, 業主",,,CEEC-108,2,,,,大考中心高中英文參考詞彙表（111學年度起適用）,LEVEL 2,官方清單,,,
ceec-108:level-2:employment,employment,im'plɒimәnt,n.,"n. 僱用, 職業, 工作\n[經] 職業, 僱用, 職工招請",,,CEEC-108,2,,,,大考中心高中英文參考詞彙表（111學年度起適用）,LEVEL 2,官方清單,,,
ceec-108:level-2:empty,empty,'empti,adj.|v.,"a. 空的, 空虛的, 空腹的, 空洞的\nn. 空的東西, 空車\nvt. 倒空, 使變空, 使排出\nvi. 流空\n[計] 空",,,CEEC-108,2,,,,大考中心高中英文參考詞彙表（111學年度起適用）,LEVEL 2,官方清單,,,
ceec-108:level-2:encourage,encourage,in'kʌridʒ,v.,"vt. 鼓勵, 支援, 激勵\n[法] 慫恿, 煽動, 助長",,,CEEC-108,2,,,,大考中心高中英文參考詞彙表（111學年度起適用）,LEVEL 2,官方清單,,,
ceec-108:level-2:encouragement,encouragement,in'kʌridʒmәnt,n.,"n. 鼓勵, 激勵, 獎勵\n[法] 慫恿, 煽動, 助長",,,CEEC-108,2,,,,大考中心高中英文參考詞彙表（111學年度起適用）,LEVEL 2,官方清單,,,
ceec-108:level-2:ending,ending,'endiŋ,n.,"n. 終止, 終了, 收場\n[醫] 末梢",,,CEEC-108,2,,,,大考中心高中英文參考詞彙表（111學年度起適用）,LEVEL 2,官方清單,,,
ceec-108:level-2:enemy,enemy,'enimi,n.,"n. 敵人, 仇敵, 敵軍\na. 敵人的",,,CEEC-108,2,,,,大考中心高中英文參考詞彙表（111學年度起適用）,LEVEL 2,官方清單,,,
ceec-108:level-2:energy,energy,'enәdʒi,n.,"n. 精力, 精神, 活力, 能量\n[化] 能; 能量",,,CEEC-108,2,,,,大考中心高中英文參考詞彙表（111學年度起適用）,LEVEL 2,官方清單,,,
ceec-108:level-2:engine,engine,'endʒin,n.,"n. 引擎, 發動機, 機車\nvt. 安裝發動機於",,,CEEC-108,2,,,,大考中心高中英文參考詞彙表（111學年度起適用）,LEVEL 2,官方清單,,,
ceec-108:level-2:entire,entire,in'taiә,adj.,"n. 整個, 全部\na. 全體的, 完全的, 全部的",,,CEEC-108,2,,,,大考中心高中英文參考詞彙表（111學年度起適用）,LEVEL 2,官方清單,,,
ceec-108:level-2:entrance,entrance,'entrәns,n.,"n. 入口, 進入點, 入場, 入學, 進入, 開始(階段), 就任\nvt. 使出神, 使入迷\n[計] 入口",,,CEEC-108,2,,,,大考中心高中英文參考詞彙表（111學年度起適用）,LEVEL 2,官方清單,,,
ceec-108:level-2:environment,environment,in'vairәnmәnt,n.,"n. 環境, 外界, 圍繞\n[計] 環境",,,CEEC-108,2,,,,大考中心高中英文參考詞彙表（111學年度起適用）,LEVEL 2,官方清單,,,
ceec-108:level-2:environmental,environmental,in.vaiәrәn'mentәl,adj.,"a. 周圍的, 環境的\n[經] 環境的, 環保的",,,CEEC-108,2,,,,大考中心高中英文參考詞彙表（111學年度起適用）,LEVEL 2,官方清單,,,
ceec-108:level-2:equal,equal,'i:kwәl,adj.|n.|v.,"n. 對手, 匹敵, 同輩\na. 相等的, 平等的, 勝任的, 合適的, 平靜的, 不相上下的\nvt. 等於, 比得上\n[計] 等長度編碼",,,CEEC-108,2,,,,大考中心高中英文參考詞彙表（111學年度起適用）,LEVEL 2,官方清單,,,
ceec-108:level-2:escape,escape,i'skeip,n.|v.,"n. 逃亡, 避難裝置, 逃跑\nvi. 逃脫, 避開, 溜走\nvt. 逃避, 避免, 被...忘掉",,,CEEC-108,2,,,,大考中心高中英文參考詞彙表（111學年度起適用）,LEVEL 2,官方清單,,,
ceec-108:level-2:especially,especially,i'speʃәli,adv.,"adv. 尤其, 特別, 格外",,,CEEC-108,2,,,,大考中心高中英文參考詞彙表（111學年度起適用）,LEVEL 2,官方清單,,,
ceec-108:level-2:essay,essay,'esei. e'sei,n.,"n. 隨筆, 短文, 評論, 企圖\nvt. 試圖",,,CEEC-108,2,,,,大考中心高中英文參考詞彙表（111學年度起適用）,LEVEL 2,官方清單,,,
ceec-108:level-2:eve,eve,i:v,n.,"n. 前夕, 前夜",,,CEEC-108,2,,,,大考中心高中英文參考詞彙表（111學年度起適用）,LEVEL 2,官方清單,,,
ceec-108:level-2:event,event,i'vent,n.,"n. 事件, 結果, 事情的程序, 競賽專案\n[計] 事件",,,CEEC-108,2,,,,大考中心高中英文參考詞彙表（111學年度起適用）,LEVEL 2,官方清單,,,
ceec-108:level-2:evil,evil,'i:vl,adj.|n.,"n. 邪惡, 不幸, 罪惡\na. 邪惡的, 不幸的, 有害的, 討厭的",,,CEEC-108,2,,,,大考中心高中英文參考詞彙表（111學年度起適用）,LEVEL 2,官方清單,,,
ceec-108:level-2:exact,exact,ig'zækt,adj.,"a. 精確的, 準確的, 精密的\nvt. 強求, 急需",,,CEEC-108,2,,,,大考中心高中英文參考詞彙表（111學年度起適用）,LEVEL 2,官方清單,,,
ceec-108:level-2:exam,exam,ig'zæm,n.,"n. 考試, 測驗",,,CEEC-108,2,,,,大考中心高中英文參考詞彙表（111學年度起適用）,LEVEL 2,官方清單,,,
ceec-108:level-2:examination,examination,ig.zæmi'neiʃәn,n.,"n. 考試, 測驗, 審查\n[醫] 檢查, 診察",,,CEEC-108,2,,,,大考中心高中英文參考詞彙表（111學年度起適用）,LEVEL 2,官方清單,,,
ceec-108:level-2:examine,examine,ig'zæmin,v.,"v. 檢查, 調查, 考試",,,CEEC-108,2,,,,大考中心高中英文參考詞彙表（111學年度起適用）,LEVEL 2,官方清單,,,
ceec-108:level-2:excite,excite,ik'sait,v.,"vt. 刺激, 使興奮, 激勵",,,CEEC-108,2,,,,大考中心高中英文參考詞彙表（111學年度起適用）,LEVEL 2,官方清單,,,
ceec-108:level-2:excitement,excitement,ik'saitmәnt,n.,"n. 刺激, 興奮\n[醫] 興奮, 激動",,,CEEC-108,2,,,,大考中心高中英文參考詞彙表（111學年度起適用）,LEVEL 2,官方清單,,,
ceec-108:level-2:excuse,excuse,ik'skju:z,n.|v.,"vt. 原諒, 申辯, 做為...的託辭\nn. 致歉, 理由, 饒恕, 藉口",,,CEEC-108,2,,,,大考中心高中英文參考詞彙表（111學年度起適用）,LEVEL 2,官方清單,,,
ceec-108:level-2:exist,exist,ig'zist,v.,"vi. 存在, 生存, 發生",,,CEEC-108,2,,,,大考中心高中英文參考詞彙表（111學年度起適用）,LEVEL 2,官方清單,,,
ceec-108:level-2:existence,existence,ig'zistәns,n.,"n. 存在, 生存\n[法] 存在, 存在狀態, 實體",,,CEEC-108,2,,,,大考中心高中英文參考詞彙表（111學年度起適用）,LEVEL 2,官方清單,,,
ceec-108:level-2:exit,exit,'eksit,n.|v.,"n. 出口, 退場, 離去, 去世\nvi. 退出, 脫離, 去世\n[計] 退出; DOS內部命令:本命令用於退出當前的命令處理器(COMMAND.COM)\n恢復前一個命令處理器",,,CEEC-108,2,,,,大考中心高中英文參考詞彙表（111學年度起適用）,LEVEL 2,官方清單,,,
ceec-108:level-2:expense,expense,ik'spens,n.,"n. 費用, 代價, 開支, 損失\n[經] 費用, 開支, 將支出轉為費用",,,CEEC-108,2,,,,大考中心高中英文參考詞彙表（111學年度起適用）,LEVEL 2,官方清單,,,
ceec-108:level-2:expert,expert,'ekspә:t,adj.|n.,"n. 專家, 行家\na. 老練的, 內行的, 專門的\n[計] 高階",,,CEEC-108,2,,,,大考中心高中英文參考詞彙表（111學年度起適用）,LEVEL 2,官方清單,,,
ceec-108:level-2:express,express,ik'spres,adj.|adv.|n.|v.,"n. 快車, 快遞, 專使\na. 明確的, 絲毫不差的, 專門的, 快的\nvt. 表達, 表示, 表露",,,CEEC-108,2,,,,大考中心高中英文參考詞彙表（111學年度起適用）,LEVEL 2,官方清單,,,
ceec-108:level-2:expression,expression,ik'spreʃәn,n.,"n. 表達, 表現, 詞語, 措辭\n[計] 表示式",,,CEEC-108,2,,,,大考中心高中英文參考詞彙表（111學年度起適用）,LEVEL 2,官方清單,,,
ceec-108:level-2:extra,extra,'ekstrә,adj.|adv.|n.,"n. 額外的事物, 另外的收費\na. 額外的, 特別的\nadv. 額外地, 特別地, 非常地",,,CEEC-108,2,,,,大考中心高中英文參考詞彙表（111學年度起適用）,LEVEL 2,官方清單,,,
ceec-108:level-2:eyebrow,eyebrow,'aibrau,n.,n. 眉毛\n[醫] 眉,,,CEEC-108,2,,,,大考中心高中英文參考詞彙表（111學年度起適用）,LEVEL 2,官方清單,,,
ceec-108:level-2:factor,factor,'fæktә,n.,"n. 因素, 因數, 係數, 基因, 代理人\n[計] 因式",,,CEEC-108,2,,,,大考中心高中英文參考詞彙表（111學年度起適用）,LEVEL 2,官方清單,,,
ceec-108:level-2:failure,failure,'feiljә,n.,"n. 失敗, 失敗者, 不足, 缺乏, 破產\n[計] 故障; 失效",,,CEEC-108,2,,,,大考中心高中英文參考詞彙表（111學年度起適用）,LEVEL 2,官方清單,,,
ceec-108:level-2:fair,fair,fєә,adj.|adv.|n.,"n. 展覽會, 市集, 美好的事物\na. 公平的, 按規則進行的, 不好不壞的, 晴朗的, 美麗的\nadv. 公平地, 正面地, 有教養地, 清楚地\nvi. 轉晴",,,CEEC-108,2,,,,大考中心高中英文參考詞彙表（111學年度起適用）,LEVEL 2,官方清單,,,
ceec-108:level-2:false,false,fɒ:ls,adj.,"a. 錯誤的, 虛偽的, 假的, 不老實的\nadv. 不準確地, 欺詐地",,,CEEC-108,2,,,,大考中心高中英文參考詞彙表（111學年度起適用）,LEVEL 2,官方清單,,,
ceec-108:level-2:fashion,fashion,'fæʃәn,n.|v.,"n. 流行, 風尚, 時樣\nvt. 形成, 造, 作",,,CEEC-108,2,,,,大考中心高中英文參考詞彙表（111學年度起適用）,LEVEL 2,官方清單,,,
ceec-108:level-2:fate,fate,feit,n.,"n. 命運, 運氣\nvt. 註定",,,CEEC-108,2,,,,大考中心高中英文參考詞彙表（111學年度起適用）,LEVEL 2,官方清單,,,
ceec-108:level-2:fault,fault,fɒ:lt,n.|v.,"n. 過錯, 故障, 毛病\nvt. 挑剔\nvi. 產生斷層, 弄錯\n[計] 故障",,,CEEC-108,2,,,,大考中心高中英文參考詞彙表（111學年度起適用）,LEVEL 2,官方清單,,,
ceec-108:level-2:favor,favor,'feivә,n.|v.,"n. 好意, 喜愛\nvt. 賜予, 支援, 喜歡, 證實",,,CEEC-108,2,,,,大考中心高中英文參考詞彙表（111學年度起適用）,LEVEL 2,官方清單,,,
ceec-108:level-2:favorite,favorite,'feivәrit,adj.|n.,"n. 喜歡的事物, 幸運兒\na. 特別受喜愛的, 喜愛的, 寵愛的, 中意的",,,CEEC-108,2,,,,大考中心高中英文參考詞彙表（111學年度起適用）,LEVEL 2,官方清單,,,
ceec-108:level-2:fear,fear,fiә,n.|v.,"n. 恐怖, 害怕, 擔心\nv. 害怕, 恐懼, 為...擔心, 敬畏",,,CEEC-108,2,,,,大考中心高中英文參考詞彙表（111學年度起適用）,LEVEL 2,官方清單,,,
ceec-108:level-2:feature,feature,'fi:tʃә,n.|v.,"n. 面孔的一部分(如眼、口等), 特徵, 容貌, 特色, 特寫\nvt. 是...的特色, 特寫, 放映\nvi. 起重要作用\n[計] 特性",,,CEEC-108,2,,,,大考中心高中英文參考詞彙表（111學年度起適用）,LEVEL 2,官方清單,,,
ceec-108:level-2:fee,fee,fi:,n.,"n. 費用, 小費, 封地, 所有權\nvt. 付費給",,,CEEC-108,2,,,,大考中心高中英文參考詞彙表（111學年度起適用）,LEVEL 2,官方清單,,,
ceec-108:level-2:feeling,feeling,'fi:liŋ,n.,"n. 摸, 觸覺, 知覺, 感覺, 情緒, 同情\na. 有同情心的, 有感覺的, 仁慈的, 動人的",,,CEEC-108,2,,,,大考中心高中英文參考詞彙表（111學年度起適用）,LEVEL 2,官方清單,,,
ceec-108:level-2:fellow,fellow,'felәu,n.,"n. 男人, 朋友, 同事\na. 同伴的, 同事的, 同道的",,,CEEC-108,2,,,,大考中心高中英文參考詞彙表（111學年度起適用）,LEVEL 2,官方清單,,,
ceec-108:level-2:female,female,'fi:meil,adj.|n.,"n. 女性, 女人, 雌性動物\na. 女性的, 女子的",,,CEEC-108,2,,,,大考中心高中英文參考詞彙表（111學年度起適用）,LEVEL 2,官方清單,,,
ceec-108:level-2:fever,fever,'fi:vә,n.,"n. 發燒, 發熱, 熱病\n[醫] 發熱, 熱",,,CEEC-108,2,,,,大考中心高中英文參考詞彙表（111學年度起適用）,LEVEL 2,官方清單,,,
ceec-108:level-2:field,field,fi:ld,n.,"n. 領域, 田地, 場地, 戰場, 場, 域\nvt. 使...曬在場上, 使上場\na. 田間的, 野生的, 野外的, 田賽的\n[計] 域, 欄位",,,CEEC-108,2,,,,大考中心高中英文參考詞彙表（111學年度起適用）,LEVEL 2,官方清單,,,
ceec-108:level-2:figure,figure,'figә,n.|v.,"n. 數字, 價格, 圖形, 形狀\nvt. 描繪, 表示, 演算, 認為\nvi. 計算, 出現, 估計",,,CEEC-108,2,,,,大考中心高中英文參考詞彙表（111學年度起適用）,LEVEL 2,官方清單,,,
ceec-108:level-2:final,final,'fainl,adj.|n.,"n. 期末考試, 結局, 決賽\na. 最後的, 終極的, 決定性的",,,CEEC-108,2,,,,大考中心高中英文參考詞彙表（111學年度起適用）,LEVEL 2,官方清單,,,
ceec-108:level-2:fireman,fireman,'faiәmәn,n.,"n. 救火隊員, 消防隊員\n[機] 司爐",,,CEEC-108,2,,,,大考中心高中英文參考詞彙表（111學年度起適用）,LEVEL 2,官方清單,,,
ceec-108:level-2:firewoman,firewoman,'faɪəwʊmɪn,n.,女消隊防員; 女消防員,,,CEEC-108,2,,,,大考中心高中英文參考詞彙表（111學年度起適用）,LEVEL 2,官方清單,,,
ceec-108:level-2:firm,firm,fә:m,adj.|adv.|n.|v.,"n. 公司, 商號\na. 堅定的, 堅強的, 牢固的, 結實的, 堅硬的, 堅挺的, 嚴格的, 確定的\nvt. 使牢固, 使堅定\nvi. 變穩固, 變堅實\nadv. 穩固地",,,CEEC-108,2,,,,大考中心高中英文參考詞彙表（111學年度起適用）,LEVEL 2,官方清單,,,
ceec-108:level-2:fisherman,fisherman,'fiʃәmәn,n.,"n. 漁夫, 釣魚者, 漁船",,,CEEC-108,2,,,,大考中心高中英文參考詞彙表（111學年度起適用）,LEVEL 2,官方清單,,,
ceec-108:level-2:fit,fit,fit,adj.|adv.|n.|v.,"n. 適宜, 合身, 發作, 痙攣\na. 適宜的, 對的, 準備好的\nvt. 適合, 安裝, 使合身, 使適應, 使合格\nvi. 適合, 符合, 合身\n[計] 非特",,,CEEC-108,2,,,,大考中心高中英文參考詞彙表（111學年度起適用）,LEVEL 2,官方清單,,,
ceec-108:level-2:fix,fix,fiks,n.|v.,"vt. 使固定, 修理, 準備, 安裝, 凝視, 牢記, 確定, 整理\nvi. 固定, 注視, 確定\nn. 困境, 方位, 維修, 賄賂",,,CEEC-108,2,,,,大考中心高中英文參考詞彙表（111學年度起適用）,LEVEL 2,官方清單,,,
ceec-108:level-2:flag,flag,flæg,n.,"n. 標誌, 旗標, 旗子, 訊號旗, 菖蒲\nvt. 懸旗, 打旗號, 鋪石板\nvi. 無力地下垂\n[計] 標誌; 屬性標記命令",,,CEEC-108,2,,,,大考中心高中英文參考詞彙表（111學年度起適用）,LEVEL 2,官方清單,,,
ceec-108:level-2:flat,flat,flæt,adj.|adv.|n.,"a. 平坦的, 單調的, 無力的, 淺的, 蕭條的, 乾脆的, 無聊的\nadv. 平直地, 斷然地\nn. 扁平物, 平面, 平地, 平原, 平板車\nv. (使)變平",,,CEEC-108,2,,,,大考中心高中英文參考詞彙表（111學年度起適用）,LEVEL 2,官方清單,,,
ceec-108:level-2:flight,flight,flait,n.,"n. 飛行, 射程, 逃走, 飛躍, 飛機航程, 班機, 遷徙, 飛逝\nvi. 遷徙\nvt. 射擊(飛禽), 為(箭)裝上羽毛, 使驚飛",,,CEEC-108,2,,,,大考中心高中英文參考詞彙表（111學年度起適用）,LEVEL 2,官方清單,,,
ceec-108:level-2:flow,flow,flәu,n.|v.,"n. 流程, 流動, 流量, 洋溢, 氾濫, 漲潮\nvi. 流動, 流洩, 暢流, 川流不息, 飄揚, 湧出\nvt. 使流動, 淹沒, 流出",,,CEEC-108,2,,,,大考中心高中英文參考詞彙表（111學年度起適用）,LEVEL 2,官方清單,,,
ceec-108:level-2:flu,flu,flu:,n.,"n. 流感, 流行性感冒",,,CEEC-108,2,,,,大考中心高中英文參考詞彙表（111學年度起適用）,LEVEL 2,官方清單,,,
ceec-108:level-2:focus,focus,'fәukәs,n.|v.,"n. 焦點, 焦距\nvi. 聚焦, 注視\nvt. 使聚焦, 調焦, 集中\n[計] 焦點",,,CEEC-108,2,,,,大考中心高中英文參考詞彙表（111學年度起適用）,LEVEL 2,官方清單,,,
ceec-108:level-2:fog,fog,fɒg,n.|v.,"n. 霧, 迷惑, (割後的)最生草, 苔蘚\nvi. 被霧籠罩, 變模糊\nvt. 使困惑, 以霧籠罩",,,CEEC-108,2,,,,大考中心高中英文參考詞彙表（111學年度起適用）,LEVEL 2,官方清單,,,
ceec-108:level-2:folk,folk,fәuk,n.,"n. 人們, 家人, 親屬, 民族\na. 民間的",,,CEEC-108,2,,,,大考中心高中英文參考詞彙表（111學年度起適用）,LEVEL 2,官方清單,,,
ceec-108:level-2:following,following,'fɒlәuiŋ,adj.|n.|prep.,"n. 下列各項, 部下, 追隨者\na. 下列的, 其次的",,,CEEC-108,2,,,,大考中心高中英文參考詞彙表（111學年度起適用）,LEVEL 2,官方清單,,,
ceec-108:level-2:foolish,foolish,'fu:liʃ,adj.,"a. 愚蠢的, 傻的",,,CEEC-108,2,,,,大考中心高中英文參考詞彙表（111學年度起適用）,LEVEL 2,官方清單,,,
ceec-108:level-2:football,football,'futbɒ:l,n.,"n. 足球, 橄欖球",,,CEEC-108,2,,,,大考中心高中英文參考詞彙表（111學年度起適用）,LEVEL 2,官方清單,,,
ceec-108:level-2:force,force,fɒ:s,n.|v.,"n. 力量, 武力, 勢力, 影響力, 軍隊, 力, 效力\nvt. 強迫, 強奪, 推動, 提高\n[計] 人工轉移; 強制",,,CEEC-108,2,,,,大考中心高中英文參考詞彙表（111學年度起適用）,LEVEL 2,官方清單,,,
ceec-108:level-2:forest,forest,'fɒrist,n.,"n. 森林, 林區\nvt. 植樹於",,,CEEC-108,2,,,,大考中心高中英文參考詞彙表（111學年度起適用）,LEVEL 2,官方清單,,,
ceec-108:level-2:forgive,forgive,fә'giv,v.,"vt. 原諒, 寬恕, 免除\n[法] 免除, 寬恕, 原諒",,,CEEC-108,2,,,,大考中心高中英文參考詞彙表（111學年度起適用）,LEVEL 2,官方清單,,,
ceec-108:level-2:form,form,fɒ:m,n.|v.,"n. 形狀, 形體, 型別, 方式, 表格, 形式\nv. 形成, 排列, (使)組成\nn. 表單\n[計] 表單",,,CEEC-108,2,,,,大考中心高中英文參考詞彙表（111學年度起適用）,LEVEL 2,官方清單,,,
ceec-108:level-2:formal,formal,'fɒ:mәl,adj.,"a. 正式的, 形式的, 禮儀的, 拘於禮節的, 拘謹的\nn. 正式的社交活動",,,CEEC-108,2,,,,大考中心高中英文參考詞彙表（111學年度起適用）,LEVEL 2,官方清單,,,
ceec-108:level-2:former,former,'fɒ:mә,adj.,"a. 從前的, 前者的\nn. 起形成作用的人(或物), 模型, 樣板",,,CEEC-108,2,,,,大考中心高中英文參考詞彙表（111學年度起適用）,LEVEL 2,官方清單,,,
ceec-108:level-2:forth,forth,fɒ:θ,adv.,"adv. 往前, 以後, 向外",,,CEEC-108,2,,,,大考中心高中英文參考詞彙表（111學年度起適用）,LEVEL 2,官方清單,,,
ceec-108:level-2:forward,forward,'fɒ:wәd,adj.|adv.|n.|v.,"a. 向前的, 早的, 迅速的, 在前的, 進步的\nvt. 促進...的生長, 轉寄, 運送\nadv. 向前地\n[計] 前推, 轉信",,,CEEC-108,2,,,,大考中心高中英文參考詞彙表（111學年度起適用）,LEVEL 2,官方清單,,,
ceec-108:level-2:forwards,forwards,'fɔ:wәdz,adv.,adv. 向前；今後,,,CEEC-108,2,,,,大考中心高中英文參考詞彙表（111學年度起適用）,LEVEL 2,官方清單,,,
ceec-108:level-2:found,found,faund,v.,"vt. 建立, 創立, 鑄造\nfind的過去式和過去分詞",,,CEEC-108,2,,,,大考中心高中英文參考詞彙表（111學年度起適用）,LEVEL 2,官方清單,,,
ceec-108:level-2:fox,fox,fɒks,n.,"n. 狐狸, 狡猾的人\nvi. 奸狡地行動, (書頁)生斑, 變酸\nvt. 欺騙, 使變酸, 為(鞋等)換面, 使生黃斑",,,CEEC-108,2,,,,大考中心高中英文參考詞彙表（111學年度起適用）,LEVEL 2,官方清單,,,
ceec-108:level-2:freedom,freedom,'fri:dәm,n.,"n. 自由, 坦率, 特權\n[法] 自由, 自主, 免除",,,CEEC-108,2,,,,大考中心高中英文參考詞彙表（111學年度起適用）,LEVEL 2,官方清單,,,
ceec-108:level-2:fridge,fridge,fridʒ,n.,n. 電冰箱,,,CEEC-108,2,,,,大考中心高中英文參考詞彙表（111學年度起適用）,LEVEL 2,官方清單,,,
ceec-108:level-2:friendship,friendship,'frendʃip,n.,"n. 友誼, 友愛, 友善",,,CEEC-108,2,,,,大考中心高中英文參考詞彙表（111學年度起適用）,LEVEL 2,官方清單,,,
ceec-108:level-2:fries,fries,,n.,n. 炸薯條（French fries）,,,CEEC-108,2,,,,大考中心高中英文參考詞彙表（111學年度起適用）,LEVEL 2,官方清單,,,
ceec-108:level-2:fry,fry,frai,n.|v.,"n. 油炸食物, 魚苗\nv. 油炸, 煎",,,CEEC-108,2,,,,大考中心高中英文參考詞彙表（111學年度起適用）,LEVEL 2,官方清單,,,
ceec-108:level-2:function,function,'fʌŋkʃәn,n.|v.,"n. 官能, 職務, 功能, 函式\nvi. 活動, 執行, 行使職責\n[計] 功能, 函式",,,CEEC-108,2,,,,大考中心高中英文參考詞彙表（111學年度起適用）,LEVEL 2,官方清單,,,
ceec-108:level-2:furniture,furniture,'fәnitʃә,n.,"n. 傢俱, 帆具",,,CEEC-108,2,,,,大考中心高中英文參考詞彙表（111學年度起適用）,LEVEL 2,官方清單,,,
ceec-108:level-2:further,further,'fә:ðә,adj.|adv.|v.,"a. 更遠的, 此外的, 更多的\nvt. 促進, 增進, 助長\nadv. 更進一步地, 更遠地, 此外",,,CEEC-108,2,,,,大考中心高中英文參考詞彙表（111學年度起適用）,LEVEL 2,官方清單,,,
ceec-108:level-2:gain,gain,gein,n.|v.,"n. 增益, 獲得, 利潤, 收穫, 增加\nvt. 得到, 增進, 賺到\nvi. 獲利, 增加\n[計] 增益",,,CEEC-108,2,,,,大考中心高中英文參考詞彙表（111學年度起適用）,LEVEL 2,官方清單,,,
ceec-108:level-2:garbage,garbage,'gɑ:bidʒ,n.,"n. 垃圾, 廢物\n[計] 無用資訊",,,CEEC-108,2,,,,大考中心高中英文參考詞彙表（111學年度起適用）,LEVEL 2,官方清單,,,
ceec-108:level-2:gardener,gardener,'gɑ:dәnә,n.,"n. 園丁, 花匠, 園藝家",,,CEEC-108,2,,,,大考中心高中英文參考詞彙表（111學年度起適用）,LEVEL 2,官方清單,,,
ceec-108:level-2:garlic,garlic,'gɑ:lik,n.,n. 大蒜\n[化] 大蒜,,,CEEC-108,2,,,,大考中心高中英文參考詞彙表（111學年度起適用）,LEVEL 2,官方清單,,,
ceec-108:level-2:gather,gather,'gæðә,v.,"n. 集合, 聚集\nvi. 聚集, 集合, 漸增\nvt. 使聚集, 蒐集, 積聚",,,CEEC-108,2,,,,大考中心高中英文參考詞彙表（111學年度起適用）,LEVEL 2,官方清單,,,
ceec-108:level-2:general,general,'dʒenәrәl,adj.|n.,"n. 一般, 將軍, 大體\na. 全面的, 大體的, 總的, 一般的, 普遍的\nn. 常規\n[計] 常規",,,CEEC-108,2,,,,大考中心高中英文參考詞彙表（111學年度起適用）,LEVEL 2,官方清單,,,
ceec-108:level-2:generous,generous,'dʒenәrәs,adj.,"a. 慷慨的, 有雅量的, 大量的, 豐富的",,,CEEC-108,2,,,,大考中心高中英文參考詞彙表（111學年度起適用）,LEVEL 2,官方清單,,,
ceec-108:level-2:gentle,gentle,'dʒentl,adj.,"a. 溫和的, 文雅的",,,CEEC-108,2,,,,大考中心高中英文參考詞彙表（111學年度起適用）,LEVEL 2,官方清單,,,
ceec-108:level-2:gentleman,gentleman,'dʒentlmәn,n.,"n. 紳士, 先生",,,CEEC-108,2,,,,大考中心高中英文參考詞彙表（111學年度起適用）,LEVEL 2,官方清單,,,
ceec-108:level-2:giraffe,giraffe,dʒi'rɑ:f,n.,"n. 長頸鹿, 鹿豹座",,,CEEC-108,2,,,,大考中心高中英文參考詞彙表（111學年度起適用）,LEVEL 2,官方清單,,,
ceec-108:level-2:glue,glue,glu:,n.|v.,"n. 膠, 粘性物\nvt. 粘合, 膠合",,,CEEC-108,2,,,,大考中心高中英文參考詞彙表（111學年度起適用）,LEVEL 2,官方清單,,,
ceec-108:level-2:goal,goal,gәul,n.,"n. 目標, 終點, 得分, 球門, 守門員\nvi. 攻門, 射門得分",,,CEEC-108,2,,,,大考中心高中英文參考詞彙表（111學年度起適用）,LEVEL 2,官方清單,,,
ceec-108:level-2:goat,goat,gәut,n.,"n. 山羊, 替罪羊, 色鬼",,,CEEC-108,2,,,,大考中心高中英文參考詞彙表（111學年度起適用）,LEVEL 2,官方清單,,,
ceec-108:level-2:gold,gold,gәuld,adj.|n.,"n. 黃金, 錢財, 金塊, 金色, 寶貴\na. 金的, 似金的, 金色的, 金制的",,,CEEC-108,2,,,,大考中心高中英文參考詞彙表（111學年度起適用）,LEVEL 2,官方清單,,,
ceec-108:level-2:golden,golden,'gәuldn,adj.,"a. 金的, 含金的, 金色的, 貴重的, 繁盛的\n[法] 金制的, 金色的, 興隆的",,,CEEC-108,2,,,,大考中心高中英文參考詞彙表（111學年度起適用）,LEVEL 2,官方清單,,,
ceec-108:level-2:goose,goose,gu:s,n.,"n. 鵝, 雌鵝, 鵝肉, 彎把熨斗\nvt. 與...性交, 突然加大油門, 使生色, 喝倒彩",,,CEEC-108,2,,,,大考中心高中英文參考詞彙表（111學年度起適用）,LEVEL 2,官方清單,,,
ceec-108:level-2:govern,govern,'gʌvәn,v.,"v. 統治, 支配, 管理",,,CEEC-108,2,,,,大考中心高中英文參考詞彙表（111學年度起適用）,LEVEL 2,官方清單,,,
ceec-108:level-2:government,government,'gʌvәnmәnt,n.,"n. 政府, 內閣\n[經] 政府, 政治, 政體",,,CEEC-108,2,,,,大考中心高中英文參考詞彙表（111學年度起適用）,LEVEL 2,官方清單,,,
ceec-108:level-2:gradual,gradual,'grædʒuәl,adj.,"a. 逐漸的, 漸增的\nn. 彌撒升階聖歌",,,CEEC-108,2,,,,大考中心高中英文參考詞彙表（111學年度起適用）,LEVEL 2,官方清單,,,
ceec-108:level-2:grain,grain,grein,n.,"n. 穀粒, 顆粒, 穀類, 紋理, 本質\nv. (使)成穀粒",,,CEEC-108,2,,,,大考中心高中英文參考詞彙表（111學年度起適用）,LEVEL 2,官方清單,,,
ceec-108:level-2:gram,gram,græm,n.,"n. 克, 綠豆, 鷹嘴豆\n[醫] 克",,,CEEC-108,2,,,,大考中心高中英文參考詞彙表（111學年度起適用）,LEVEL 2,官方清單,,,
ceec-108:level-2:grand,grand,grænd,adj.,"a. 莊重的, 壯觀的, 顯赫的, 重大的, 最高的, 雄偉的, 宏大的, 豪華的, 傲慢的\n[法] 重大的, 主要的, 偉大的",,,CEEC-108,2,,,,大考中心高中英文參考詞彙表（111學年度起適用）,LEVEL 2,官方清單,,,
ceec-108:level-2:grape,grape,greip,n.,"n. 葡萄, 葡萄樹\n[醫] 葡萄",,,CEEC-108,2,,,,大考中心高中英文參考詞彙表（111學年度起適用）,LEVEL 2,官方清單,,,
ceec-108:level-2:greet,greet,gri:t,v.,"vt. 問候, 致敬, 歡迎, 映入眼簾",,,CEEC-108,2,,,,大考中心高中英文參考詞彙表（111學年度起適用）,LEVEL 2,官方清單,,,
ceec-108:level-2:growth,growth,grәuθ,n.,"n. 生長, 栽培, 增長\n[計] 等比級數",,,CEEC-108,2,,,,大考中心高中英文參考詞彙表（111學年度起適用）,LEVEL 2,官方清單,,,
ceec-108:level-2:guard,guard,gɑ:d,n.|v.,"n. 守衛者, 警戒, 護衛隊, 防護裝置\nvt. 保衛, 看守, 當心\nvi. 防止, 警惕, 警衛, 看守",,,CEEC-108,2,,,,大考中心高中英文參考詞彙表（111學年度起適用）,LEVEL 2,官方清單,,,
ceec-108:level-2:guava,guava,'^wɑ:vә,n.,n. 番石榴,,,CEEC-108,2,,,,大考中心高中英文參考詞彙表（111學年度起適用）,LEVEL 2,官方清單,,,
ceec-108:level-2:guest,guest,gest,n.,"n. 客人, 來賓, 旅客\n[化] 客體",,,CEEC-108,2,,,,大考中心高中英文參考詞彙表（111學年度起適用）,LEVEL 2,官方清單,,,
ceec-108:level-2:guide,guide,gaid,n.|v.,"n. 引導者, 導遊, 指南, 路標\nvt. 指導, 支配, 管理, 帶領, 操縱\nvi. 任嚮導\n[計] 輔助線",,,CEEC-108,2,,,,大考中心高中英文參考詞彙表（111學年度起適用）,LEVEL 2,官方清單,,,
ceec-108:level-2:gun,gun,gʌn,n.|v.,n. 槍\n[醫] 槍,,,CEEC-108,2,,,,大考中心高中英文參考詞彙表（111學年度起適用）,LEVEL 2,官方清單,,,
ceec-108:level-2:gym,gym,dʒim,n.,"n. +體育館, 體育訓練, 體育課, 體操",,,CEEC-108,2,,,,大考中心高中英文參考詞彙表（111學年度起適用）,LEVEL 2,官方清單,,,
ceec-108:level-2:gymnasium,gymnasium,dʒim'neiziәm,n.,"n. 健身房, 體育館\n[醫] 體育館, 健身室, 運動場",,,CEEC-108,2,,,,大考中心高中英文參考詞彙表（111學年度起適用）,LEVEL 2,官方清單,,,
ceec-108:level-2:haircut,haircut,'hєәkʌt,n.,"n. 理髮, (男子的)髮式",,,CEEC-108,2,,,,大考中心高中英文參考詞彙表（111學年度起適用）,LEVEL 2,官方清單,,,
ceec-108:level-2:hall,hall,hɒ:l,n.,"n. 門廳, 走廊, 會堂",,,CEEC-108,2,,,,大考中心高中英文參考詞彙表（111學年度起適用）,LEVEL 2,官方清單,,,
ceec-108:level-2:hamburger,hamburger,'hæmbә:gә,n.,"n. 漢堡(德國港口), 肉餅, 漢堡包, 純精牛肉, 漢堡牛排",,,CEEC-108,2,,,,大考中心高中英文參考詞彙表（111學年度起適用）,LEVEL 2,官方清單,,,
ceec-108:level-2:handle,handle,hændl,n.|v.,"n. 柄, 把手, 把柄, 柄狀物, 手感\nvt. 觸控, 運用, 買賣, 處理, 操作\nvi. 搬運, 易於操縱\nn. 控制代碼\n[計] 控制代碼",,,CEEC-108,2,,,,大考中心高中英文參考詞彙表（111學年度起適用）,LEVEL 2,官方清單,,,
ceec-108:level-2:handsome,handsome,'hænsәm,adj.,"a. 英俊的, 大方的, 慷慨的, 相當可觀的, 美觀的, 靈敏的",,,CEEC-108,2,,,,大考中心高中英文參考詞彙表（111學年度起適用）,LEVEL 2,官方清單,,,
ceec-108:level-2:hardly,hardly,'hɑ:dli,adv.,"adv. 剛剛, 幾乎不, 勉強是",,,CEEC-108,2,,,,大考中心高中英文參考詞彙表（111學年度起適用）,LEVEL 2,官方清單,,,
ceec-108:level-2:heaven,heaven,'hevn,n.,"n. 天堂, 上帝, 天空",,,CEEC-108,2,,,,大考中心高中英文參考詞彙表（111學年度起適用）,LEVEL 2,官方清單,,,
ceec-108:level-2:hero,hero,'hiәrәu,n.,"n. 英雄, 超越常人者, 男主角",,,CEEC-108,2,,,,大考中心高中英文參考詞彙表（111學年度起適用）,LEVEL 2,官方清單,,,
ceec-108:level-2:heroine,heroine,'herәuin,n.,"n. 巾幗英雄, 烈婦, 女主角\n[化] 海洛因; 二醋嗎啡; 二乙醯嗎啡",,,CEEC-108,2,,,,大考中心高中英文參考詞彙表（111學年度起適用）,LEVEL 2,官方清單,,,
ceec-108:level-2:highly,highly,'haili,adv.,"adv. 非常, 非常讚許地\n[電] 大大地",,,CEEC-108,2,,,,大考中心高中英文參考詞彙表（111學年度起適用）,LEVEL 2,官方清單,,,
ceec-108:level-2:highway,highway,'haiwei,n.,"n. 公路, 大道, 捷徑\n[法] 公路, 大路",,,CEEC-108,2,,,,大考中心高中英文參考詞彙表（111學年度起適用）,LEVEL 2,官方清單,,,
ceec-108:level-2:hike,hike,haik,n.|v.,"n. 徒步旅行, 遠足, 漲價, 提高\nvi. 步行, 徒步旅行, 上升\nvt. 使高漲, 拉起",,,CEEC-108,2,,,,大考中心高中英文參考詞彙表（111學年度起適用）,LEVEL 2,官方清單,,,
ceec-108:level-2:hip,hip,hip,n.,"n. 臀部, 薔薇果, 憂鬱\na. 熟悉內情的\nvt. 使憂鬱, 給(屋頂)造屋脊\ninterj. 喝彩聲",,,CEEC-108,2,,,,大考中心高中英文參考詞彙表（111學年度起適用）,LEVEL 2,官方清單,,,
ceec-108:level-2:hippo,hippo,'hipәu,n.,n. 河馬\n[化] 吐根(的別名),,,CEEC-108,2,,,,大考中心高中英文參考詞彙表（111學年度起適用）,LEVEL 2,官方清單,,,
ceec-108:level-2:hippopotamus,hippopotamus,.hipә'pɒtәmәs,n.,n. 河馬,,,CEEC-108,2,,,,大考中心高中英文參考詞彙表（111學年度起適用）,LEVEL 2,官方清單,,,
ceec-108:level-2:historical,historical,hi'stɒrikәl,adj.,"a. 歷史的, 史實的, 歷史上的\n[法] 歷史性的",,,CEEC-108,2,,,,大考中心高中英文參考詞彙表（111學年度起適用）,LEVEL 2,官方清單,,,
ceec-108:level-2:hole,hole,hәul,n.,"n. 孔, 洞, 穴, 漏洞\nvt. 挖洞, 掘坑\nvi. 進洞, 鑿洞",,,CEEC-108,2,,,,大考中心高中英文參考詞彙表（111學年度起適用）,LEVEL 2,官方清單,,,
ceec-108:level-2:hop,hop,hɒp,n.|v.,"n. 單腳跳, 跳躍, 舞會, 飛行\nvi. 單腳跳, 跳躍\nvt. 躍過, 跳上, 加蛇麻子於, 服麻醉藥\n[計] 跳躍式傳輸",,,CEEC-108,2,,,,大考中心高中英文參考詞彙表（111學年度起適用）,LEVEL 2,官方清單,,,
ceec-108:level-2:host,host,hәust,n.,"n. 主人, 旅館老闆, 節目主持人\nvt. 當主人招待, 作...節目主持人\n[計] 主機, 宿主機",,,CEEC-108,2,,,,大考中心高中英文參考詞彙表（111學年度起適用）,LEVEL 2,官方清單,,,
ceec-108:level-2:hostess,hostess,'hәustis,n.,"n. 女主人, 女房東, 女老闆",,,CEEC-108,2,,,,大考中心高中英文參考詞彙表（111學年度起適用）,LEVEL 2,官方清單,,,
ceec-108:level-2:huge,huge,hju:dʒ,adj.,"a. 極大的, 巨大的, 無限的",,,CEEC-108,2,,,,大考中心高中英文參考詞彙表（111學年度起適用）,LEVEL 2,官方清單,,,
ceec-108:level-2:human,human,'hju:mәn,adj.|n.,"n. 人, 人類\na. 人類的, 似人類的, 人性的, 有同情心的",,,CEEC-108,2,,,,大考中心高中英文參考詞彙表（111學年度起適用）,LEVEL 2,官方清單,,,
ceec-108:level-2:humble,humble,'hʌmbl,adj.,"a. 低下的, 謙遜的, 粗陋的\nvt. 使...卑下, 降低...地位, 貶抑",,,CEEC-108,2,,,,大考中心高中英文參考詞彙表（111學年度起適用）,LEVEL 2,官方清單,,,
ceec-108:level-2:hunt,hunt,hʌnt,n.|v.,"n. 狩獵, 追捕, 搜尋, 獵區\nvt. 狩獵, 打獵, 搜尋\nvi. 打獵, 獵食, 搜尋",,,CEEC-108,2,,,,大考中心高中英文參考詞彙表（111學年度起適用）,LEVEL 2,官方清單,,,
ceec-108:level-2:hunter,hunter,'hʌntә,n.,"n. 獵人, 獵犬, 追求者",,,CEEC-108,2,,,,大考中心高中英文參考詞彙表（111學年度起適用）,LEVEL 2,官方清單,,,
ceec-108:level-2:hurry,hurry,'hʌri,n.|v.,"n. 匆忙, 急忙, 急促\nvt. 急派, 催促\nvi. 匆忙, 趕快",,,CEEC-108,2,,,,大考中心高中英文參考詞彙表（111學年度起適用）,LEVEL 2,官方清單,,,
ceec-108:level-2:ideal,ideal,ai'diәl,adj.|n.,"n. 理想, 典範, 觀念, 思想, 最後目標\na. 理想的, 完美的, 空想的, 觀念的, 唯心論的",,,CEEC-108,2,,,,大考中心高中英文參考詞彙表（111學年度起適用）,LEVEL 2,官方清單,,,
ceec-108:level-2:identity,identity,ai'dentiti,n.,"n. 身份, 相同, 一致, 特性, 恆等式\n[計] (打)標記, 標識",,,CEEC-108,2,,,,大考中心高中英文參考詞彙表（111學年度起適用）,LEVEL 2,官方清單,,,
ceec-108:level-2:ignore,ignore,ig'nɒ:,v.,"vt. 不理睬, 忽視, 駁回, 忽略\n[計] 忽略",,,CEEC-108,2,,,,大考中心高中英文參考詞彙表（111學年度起適用）,LEVEL 2,官方清單,,,
ceec-108:level-2:ill,ill,il,adj.|adv.|n.,"n. 疾病, 壞事, 罪惡, 災難\na. 生病的, 邪惡的, 不吉利的, 敵意的, 不良的, 不順利的\nadv. 有害地, 不幸地, 幾乎不",,,CEEC-108,2,,,,大考中心高中英文參考詞彙表（111學年度起適用）,LEVEL 2,官方清單,,,
ceec-108:level-2:image,image,'imidʒ,n.,"n. 影像, 肖像, 想象, 影象, 形象, 翻版\nvt. 作...的像, 反映, 想象, 象徵\nn. 影象\n[計] 圖象",,,CEEC-108,2,,,,大考中心高中英文參考詞彙表（111學年度起適用）,LEVEL 2,官方清單,,,
ceec-108:level-2:imagine,imagine,i'mædʒin,v.,"vt. 想像, 設想, 猜測\nvi. 想像起來",,,CEEC-108,2,,,,大考中心高中英文參考詞彙表（111學年度起適用）,LEVEL 2,官方清單,,,
ceec-108:level-2:importance,importance,im'pɒ:tәns,n.,"n. 重要, 重要性, 重要地位, 自大\n[機] 重要, 重要性",,,CEEC-108,2,,,,大考中心高中英文參考詞彙表（111學年度起適用）,LEVEL 2,官方清單,,,
ceec-108:level-2:impressive,impressive,im'presiv,adj.,"a. 給人深刻印象的, 威嚴的",,,CEEC-108,2,,,,大考中心高中英文參考詞彙表（111學年度起適用）,LEVEL 2,官方清單,,,
ceec-108:level-2:improve,improve,im'pru:v,v.,"vt. 改良, 提高...的價值, 改善, 利用\nvi. 變得更好, 增加",,,CEEC-108,2,,,,大考中心高中英文參考詞彙表（111學年度起適用）,LEVEL 2,官方清單,,,
ceec-108:level-2:improvement,improvement,im'pru:vmәnt,n.,"n. 進步, 改善, 利用\n[醫] 改善, 好轉, 進步",,,CEEC-108,2,,,,大考中心高中英文參考詞彙表（111學年度起適用）,LEVEL 2,官方清單,,,
ceec-108:level-2:include,include,in'klu:d,v.,"vt. 包括, 把...算入, 包住\n[計] DOS內部命令:在CONFIG.SYS檔案的一個配置塊中包含另一配置塊的內容",,,CEEC-108,2,,,,大考中心高中英文參考詞彙表（111學年度起適用）,LEVEL 2,官方清單,,,
ceec-108:level-2:income,income,'inkʌm,n.,"n. 收入, 收益, 流入\n[經] 收益",,,CEEC-108,2,,,,大考中心高中英文參考詞彙表（111學年度起適用）,LEVEL 2,官方清單,,,
ceec-108:level-2:increase,increase,in'kri:s,n.|v.,"n. 增加, 增進, 利益\nvt. 增加, 加大\nvi. 增加, 繁殖",,,CEEC-108,2,,,,大考中心高中英文參考詞彙表（111學年度起適用）,LEVEL 2,官方清單,,,
ceec-108:level-2:indeed,indeed,in'di:d,adv.,"adv. 的確, 實在, 真正地, 甚至",,,CEEC-108,2,,,,大考中心高中英文參考詞彙表（111學年度起適用）,LEVEL 2,官方清單,,,
ceec-108:level-2:independence,independence,.indi'pendәns,n.,"n. 獨立, 自立, 自主\n[醫] 自主性, 獨立性",,,CEEC-108,2,,,,大考中心高中英文參考詞彙表（111學年度起適用）,LEVEL 2,官方清單,,,
ceec-108:level-2:independent,independent,.indi'pendәnt,adj.,"n. 獨立自主者, 無黨派者\na. 獨立的, 有主見的, 不須依賴的, 不受約束的",,,CEEC-108,2,,,,大考中心高中英文參考詞彙表（111學年度起適用）,LEVEL 2,官方清單,,,
ceec-108:level-2:indicate,indicate,'indikeit,v.,"vt. 顯示, 象徵, 指示, 指出\n[醫] 指示",,,CEEC-108,2,,,,大考中心高中英文參考詞彙表（111學年度起適用）,LEVEL 2,官方清單,,,
ceec-108:level-2:individual,individual,.indi'vidʒuәl,adj.|n.,"n. 人, 個人, 個體\na. 個別的, 個人的, 獨特的",,,CEEC-108,2,,,,大考中心高中英文參考詞彙表（111學年度起適用）,LEVEL 2,官方清單,,,
ceec-108:level-2:industry,industry,'indәstri,n.,"n. 勤勞, 工業, 企業, 產業, 有組織的勞動\n[經] 工業, 實業",,,CEEC-108,2,,,,大考中心高中英文參考詞彙表（111學年度起適用）,LEVEL 2,官方清單,,,
ceec-108:level-2:influence,influence,'influәns,n.|v.,"n. 影響力, 權力, 勢力\nvt. 影響, 改變",,,CEEC-108,2,,,,大考中心高中英文參考詞彙表（111學年度起適用）,LEVEL 2,官方清單,,,
ceec-108:level-2:ink,ink,iŋk,n.|v.,"n. 墨水, 墨汁\nvt. 塗墨水於, 簽署, 加墨水",,,CEEC-108,2,,,,大考中心高中英文參考詞彙表（111學年度起適用）,LEVEL 2,官方清單,,,
ceec-108:level-2:insist,insist,in'sist,v.,"v. 堅持, 堅決主張, 強調",,,CEEC-108,2,,,,大考中心高中英文參考詞彙表（111學年度起適用）,LEVEL 2,官方清單,,,
ceec-108:level-2:instance,instance,'instәns,n.,"n. 建議, 情況, 例子, 場合\nvt. 引以為例, 舉例說明",,,CEEC-108,2,,,,大考中心高中英文參考詞彙表（111學年度起適用）,LEVEL 2,官方清單,,,
ceec-108:level-2:instant,instant,'instәnt,adj.|n.,"n. 立即, 瞬間\na. 緊急的, 立即的, 即時的",,,CEEC-108,2,,,,大考中心高中英文參考詞彙表（111學年度起適用）,LEVEL 2,官方清單,,,
ceec-108:level-2:instead,instead,in'sted,adv.,"adv. 作為替代, 反而",,,CEEC-108,2,,,,大考中心高中英文參考詞彙表（111學年度起適用）,LEVEL 2,官方清單,,,
ceec-108:level-2:instruction,instruction,in'strʌkʃәn,n.,"n. 指令, 教導, 命令\n[計] 指令",,,CEEC-108,2,,,,大考中心高中英文參考詞彙表（111學年度起適用）,LEVEL 2,官方清單,,,
ceec-108:level-2:instrument,instrument,'instrumәnt,n.,"n. 工具, 手段, 儀器\n[化] 儀器",,,CEEC-108,2,,,,大考中心高中英文參考詞彙表（111學年度起適用）,LEVEL 2,官方清單,,,
ceec-108:level-2:internal,internal,in'tә:nәl,adj.,"a. 內在的, 國內的\n[醫] 內的, 內部的",,,CEEC-108,2,,,,大考中心高中英文參考詞彙表（111學年度起適用）,LEVEL 2,官方清單,,,
ceec-108:level-2:international,international,.intә'næʃәnәl,adj.,a. 國際的\nn. 國別設定\n[計] 國別設定,,,CEEC-108,2,,,,大考中心高中英文參考詞彙表（111學年度起適用）,LEVEL 2,官方清單,,,
ceec-108:level-2:internet,internet,'intәnet,n.,"[計] 因特網, 國際互連網, 網際網路, 互連網路, 廣域網",,,CEEC-108,2,,,,大考中心高中英文參考詞彙表（111學年度起適用）,LEVEL 2,官方清單,,,
ceec-108:level-2:introduce,introduce,.intrә'dju:s,v.,"vt. 介紹, 引入, 採用, 輸入\n[法] 引進, 輸入, 介紹",,,CEEC-108,2,,,,大考中心高中英文參考詞彙表（111學年度起適用）,LEVEL 2,官方清單,,,
ceec-108:level-2:introduction,introduction,.intrә'dʌkʃәn,n.,"n. 介紹, 傳入, 採用, 初步",,,CEEC-108,2,,,,大考中心高中英文參考詞彙表（111學年度起適用）,LEVEL 2,官方清單,,,
ceec-108:level-2:iron,iron,'aiәn,adj.|n.|v.,"n. 鐵, 熨斗, 鐵器, 堅強, 烙鐵, 鐐銬\nvt. 燙平, 熨, 用鐵包\nvi. 燙平",,,CEEC-108,2,,,,大考中心高中英文參考詞彙表（111學年度起適用）,LEVEL 2,官方清單,,,
ceec-108:level-2:jam,jam,dʒæm,n.|v.,"n. 果醬, 擁塞之物, 堵塞, 困境\nvt. 擠進, 使塞滿, 混雜, 壓碎, 使堵塞\nvi. 堵塞, 軋住, 擁擠",,,CEEC-108,2,,,,大考中心高中英文參考詞彙表（111學年度起適用）,LEVEL 2,官方清單,,,
ceec-108:level-2:jog,jog,dʒɒg,n.|v.,"n. 輕推, 輕撞, 慢跑\nv. 輕推, (使)蹣跚行進, (使)慢跑",,,CEEC-108,2,,,,大考中心高中英文參考詞彙表（111學年度起適用）,LEVEL 2,官方清單,,,
ceec-108:level-2:joint,joint,dʒɒint,adj.|n.,"n. 連線處, 接合, 關節\na. 共同的, 聯合的, 連線的, 合辦的\nvt. 連線, 接合, 使有接頭\nvi. 貼合, 長節",,,CEEC-108,2,,,,大考中心高中英文參考詞彙表（111學年度起適用）,LEVEL 2,官方清單,,,
ceec-108:level-2:journal,journal,'dʒә:nәl,n.,"n. 日記, 雜誌, 日報\n[化] 軸頸",,,CEEC-108,2,,,,大考中心高中英文參考詞彙表（111學年度起適用）,LEVEL 2,官方清單,,,
ceec-108:level-2:judge,judge,dʒʌdʒ,n.|v.,"n. 法官, 裁判員, 審判官, 鑑定人\nvt. 審理, 鑑定, 判斷, 判決, 裁定\nvi. 下判斷, 作評價",,,CEEC-108,2,,,,大考中心高中英文參考詞彙表（111學年度起適用）,LEVEL 2,官方清單,,,
ceec-108:level-2:judgement,judgement,'dʒʌdʒmәnt,n.,"n. 審判, 判決, 判斷\n[經] 判定, 審定, 鑑定",,,CEEC-108,2,,,,大考中心高中英文參考詞彙表（111學年度起適用）,LEVEL 2,官方清單,,,
ceec-108:level-2:judgment,judgment,'dʒʌdʒmәnt,n.,"n. 裁判, 宣告, 判決書\n[醫] 判斷",,,CEEC-108,2,,,,大考中心高中英文參考詞彙表（111學年度起適用）,LEVEL 2,官方清單,,,
ceec-108:level-2:justice,justice,'dʒʌstis,n.,"n. 正義, 公平, 公正, 正確, 司法, 審判",,,CEEC-108,2,,,,大考中心高中英文參考詞彙表（111學年度起適用）,LEVEL 2,官方清單,,,
ceec-108:level-2:keeper,keeper,'ki:pә,n.,"n. 監護人, 管理人, 看守人\n[機] 保管人, 看守人, 保持片",,,CEEC-108,2,,,,大考中心高中英文參考詞彙表（111學年度起適用）,LEVEL 2,官方清單,,,
ceec-108:level-2:ketchup,ketchup,'ketʃәp,n.,n. 蕃茄醬,,,CEEC-108,2,,,,大考中心高中英文參考詞彙表（111學年度起適用）,LEVEL 2,官方清單,,,
ceec-108:level-2:kilogram,kilogram,'kilәgræm,n.,"n. 千克, 公斤\n[醫] 千克, 公斤",,,CEEC-108,2,,,,大考中心高中英文參考詞彙表（111學年度起適用）,LEVEL 2,官方清單,,,
ceec-108:level-2:lack,lack,læk,n.|v.,"n. 缺乏, 無, 不足\nvt. 缺乏, 短少, 不足, 需要\nvi. 缺乏",,,CEEC-108,2,,,,大考中心高中英文參考詞彙表（111學年度起適用）,LEVEL 2,官方清單,,,
ceec-108:level-2:lady,lady,'leidi,n.,"n. 淑女, 夫人, 女士, 貴婦",,,CEEC-108,2,,,,大考中心高中英文參考詞彙表（111學年度起適用）,LEVEL 2,官方清單,,,
ceec-108:level-2:ladybug,ladybug,'leidibʌg,n.,n. 瓢蟲,,,CEEC-108,2,,,,大考中心高中英文參考詞彙表（111學年度起適用）,LEVEL 2,官方清單,,,
ceec-108:level-2:lamb,lamb,læm,n.|v.,"n. 小羊, 羔羊\nv. 產羊羔",,,CEEC-108,2,,,,大考中心高中英文參考詞彙表（111學年度起適用）,LEVEL 2,官方清單,,,
ceec-108:level-2:lane,lane,lein,n.,"n. 小路, 巷, 弄, 單行道",,,CEEC-108,2,,,,大考中心高中英文參考詞彙表（111學年度起適用）,LEVEL 2,官方清單,,,
ceec-108:level-2:lantern,lantern,'læntәn,n.,"n. 燈籠, 提燈, 航標燈\nvt. 裝上提燈",,,CEEC-108,2,,,,大考中心高中英文參考詞彙表（111學年度起適用）,LEVEL 2,官方清單,,,
ceec-108:level-2:lap,lap,læp,n.,"n. 膝蓋, 舔, 一圈, 下襬, 衣兜, 山坳\nvi. 重疊, 圍住, 輕拍, 舔\nvt. 包圍, 抱...在膝上, 使重疊, 舔, 拍打, 潑濺\n[計] 連結訪問程式",,,CEEC-108,2,,,,大考中心高中英文參考詞彙表（111學年度起適用）,LEVEL 2,官方清單,,,
ceec-108:level-2:latest,latest,'leitist,adj.,a. 最近的,,,CEEC-108,2,,,,大考中心高中英文參考詞彙表（111學年度起適用）,LEVEL 2,官方清單,,,
ceec-108:level-2:latter,latter,'lætә,adj.,"a. 後者的, 較後的, 近來的",,,CEEC-108,2,,,,大考中心高中英文參考詞彙表（111學年度起適用）,LEVEL 2,官方清單,,,
ceec-108:level-2:law,law,lɒ:,n.,"n. 法律, 法則, 定律, 法律的制約, 法學, 司法界, 訴訟\nv. 起訴",,,CEEC-108,2,,,,大考中心高中英文參考詞彙表（111學年度起適用）,LEVEL 2,官方清單,,,
ceec-108:level-2:lay,lay,lei,v.,"vt. 放置, 產, 鋪設, 佈置, 提出, 平息\nvi. 下蛋, 打賭\nn. 位置, 層, 隱藏處\na. 世俗的, 外行的\nlie的過去式",,,CEEC-108,2,,,,大考中心高中英文參考詞彙表（111學年度起適用）,LEVEL 2,官方清單,,,
ceec-108:level-2:leadership,leadership,'li:dәʃip,n.,"n. 領導能力, 領導階層",,,CEEC-108,2,,,,大考中心高中英文參考詞彙表（111學年度起適用）,LEVEL 2,官方清單,,,
ceec-108:level-2:leaf,leaf,li:f,n.,"n. 葉, 樹葉, 花瓣, 頁\nvi. 生葉, 翻書頁\nvt. 在...上長葉, 翻...的頁",,,CEEC-108,2,,,,大考中心高中英文參考詞彙表（111學年度起適用）,LEVEL 2,官方清單,,,
ceec-108:level-2:legal,legal,'li:gәl,adj.,"a. 法律的, 法定的, 合法的\n[經] 法定權利; 法律(上)的, 合法的",,,CEEC-108,2,,,,大考中心高中英文參考詞彙表（111學年度起適用）,LEVEL 2,官方清單,,,
ceec-108:level-2:lend,lend,lend,v.,"vt. 借, 貸款給, 增添, 提供, 出租\nvi. 貸款",,,CEEC-108,2,,,,大考中心高中英文參考詞彙表（111學年度起適用）,LEVEL 2,官方清單,,,
ceec-108:level-2:length,length,leŋθ,n.,"n. 長度, 長, 期間, 一段\n[計] 記錄長度; 塊長; 字長",,,CEEC-108,2,,,,大考中心高中英文參考詞彙表（111學年度起適用）,LEVEL 2,官方清單,,,
ceec-108:level-2:lens,lens,lenz,n.,"n. 透鏡, 鏡頭, 鏡片, 晶狀體\nvt. 給...攝影",,,CEEC-108,2,,,,大考中心高中英文參考詞彙表（111學年度起適用）,LEVEL 2,官方清單,,,
ceec-108:level-2:liberal,liberal,'libәrәl,adj.,"n. 自由主義者\na. 慷慨的, 不拘泥的, 寬大的, 自由主義的",,,CEEC-108,2,,,,大考中心高中英文參考詞彙表（111學年度起適用）,LEVEL 2,官方清單,,,
ceec-108:level-2:lid,lid,lid,n.,"n. 蓋子, 限制, 眼瞼\nvt. 給...蓋蓋子",,,CEEC-108,2,,,,大考中心高中英文參考詞彙表（111學年度起適用）,LEVEL 2,官方清單,,,
ceec-108:level-2:lift,lift,lift,n.|v.,"n. 舉起, 幫助, 昂揚, 電梯\nvt. 升高, 提高, 鼓舞, 清償, 空運, 舉起, 剽竊\nvi. 升起, 消散, 聳立",,,CEEC-108,2,,,,大考中心高中英文參考詞彙表（111學年度起適用）,LEVEL 2,官方清單,,,
ceec-108:level-2:likely,likely,'laikli,adj.|adv.,"a. 有可能的, 合適的, 前途有望的\nadv. 或許, 可能",,,CEEC-108,2,,,,大考中心高中英文參考詞彙表（111學年度起適用）,LEVEL 2,官方清單,,,
ceec-108:level-2:limit,limit,'limit,n.|v.,"n. 界限, 邊界, 限度, 極限, 限制\nvt. 限制, 限定",,,CEEC-108,2,,,,大考中心高中英文參考詞彙表（111學年度起適用）,LEVEL 2,官方清單,,,
ceec-108:level-2:link,link,liŋk,n.|v.,"n. 環, 連結物, 連結, 火把\nvt. 連結, 聯合, 挽住\nvi. 連線起來\n[計] 連線, 鏈路",,,CEEC-108,2,,,,大考中心高中英文參考詞彙表（111學年度起適用）,LEVEL 2,官方清單,,,
ceec-108:level-2:liquid,liquid,'likwid,n.,"n. 液體, 流體, 流音\na. 液體的, 透明的, 明亮的, 流動的, 易變的",,,CEEC-108,2,,,,大考中心高中英文參考詞彙表（111學年度起適用）,LEVEL 2,官方清單,,,
ceec-108:level-2:listener,listener,'lisnә,n.,"n. 收聽者, 聽眾",,,CEEC-108,2,,,,大考中心高中英文參考詞彙表（111學年度起適用）,LEVEL 2,官方清單,,,
ceec-108:level-2:liver,liver,'livә,n.,"n. 肝臟, 生活者, 居民\n[醫] 肝",,,CEEC-108,2,,,,大考中心高中英文參考詞彙表（111學年度起適用）,LEVEL 2,官方清單,,,
ceec-108:level-2:load,load,lәud,n.|v.,"n. 負荷, 擔子, 重擔, 裝載量, 負載, 工作量, 載入\nvt. 裝載, 裝填, 使擔負\nvi. 裝貨, 上客, 裝料\n[計] 載入, 裝入程式",,,CEEC-108,2,,,,大考中心高中英文參考詞彙表（111學年度起適用）,LEVEL 2,官方清單,,,
ceec-108:level-2:local,local,'lәukәl,adj.|n.,"a. 地方性的, 當地的, 區域性的, 鄉土的, 本地的\nn. 當地居民, 本地新聞, 區域性\n[計] 本地的; 區域性",,,CEEC-108,2,,,,大考中心高中英文參考詞彙表（111學年度起適用）,LEVEL 2,官方清單,,,
ceec-108:level-2:lone,lone,lәun,adj.,"a. 孤單的, 孤立的, 單身的, 寂寞的",,,CEEC-108,2,,,,大考中心高中英文參考詞彙表（111學年度起適用）,LEVEL 2,官方清單,,,
ceec-108:level-2:loss,loss,lɒs,n.,"n. 損失, 遺失, 失敗, 輸, 錯過, 傷亡\n[化] 損失; 損耗",,,CEEC-108,2,,,,大考中心高中英文參考詞彙表（111學年度起適用）,LEVEL 2,官方清單,,,
ceec-108:level-2:lower,lower,'lәuә,v.,"a. 低的, 下級的, 下層的\nvi. 降低, 跌落, 減弱\nvt. 放下, 降下, 減弱, 貶低",,,CEEC-108,2,,,,大考中心高中英文參考詞彙表（111學年度起適用）,LEVEL 2,官方清單,,,
ceec-108:level-2:luck,luck,lʌk,n.,"n. 運氣, 幸運, 好運, 僥倖\nvi. 靠好運成功",,,CEEC-108,2,,,,大考中心高中英文參考詞彙表（111學年度起適用）,LEVEL 2,官方清單,,,
ceec-108:level-2:magazine,magazine,.mægә'zi:n,n.,"n. 雜誌, 倉庫, 彈盒, 膠捲盒\n[計] 卡片箱, 介質裝卸程式",,,CEEC-108,2,,,,大考中心高中英文參考詞彙表（111學年度起適用）,LEVEL 2,官方清單,,,
ceec-108:level-2:maintain,maintain,mein'tein,v.,"vt. 維持, 維修, 保持, 堅持, 供養, 主張\n[化] 維修",,,CEEC-108,2,,,,大考中心高中英文參考詞彙表（111學年度起適用）,LEVEL 2,官方清單,,,
ceec-108:level-2:major,major,'meidʒә,adj.|n.|v.,"n. 主修課, 成年人, 陸軍少校\na. 主要的, 較多的, 大部分的, 成年的, 嚴重的\nvi. 主修\n[計] 主要, 主要刻度",,,CEEC-108,2,,,,大考中心高中英文參考詞彙表（111學年度起適用）,LEVEL 2,官方清單,,,
ceec-108:level-2:male,male,meil,adj.|n.,"n. 男人, 雄性動物\na. 男性的, 雄性的, 有力的",,,CEEC-108,2,,,,大考中心高中英文參考詞彙表（111學年度起適用）,LEVEL 2,官方清單,,,
ceec-108:level-2:manage,manage,'mænidʒ,v.,"vi. 處理\nvt. 管理, 控制, 維持, 達成, 經營, 運用",,,CEEC-108,2,,,,大考中心高中英文參考詞彙表（111學年度起適用）,LEVEL 2,官方清單,,,
ceec-108:level-2:management,management,'mænidʒmәnt,n.,"n. 經營, 支配, 管理\n[化] 管理處",,,CEEC-108,2,,,,大考中心高中英文參考詞彙表（111學年度起適用）,LEVEL 2,官方清單,,,
ceec-108:level-2:manager,manager,'mænidʒә,n.,"n. 經理, 管理員, 管理器\n[計] 管理器",,,CEEC-108,2,,,,大考中心高中英文參考詞彙表（111學年度起適用）,LEVEL 2,官方清單,,,
ceec-108:level-2:mango,mango,'mæŋgәu,n.,n. 芒果\n[化] 芒果Mangifera indica,,,CEEC-108,2,,,,大考中心高中英文參考詞彙表（111學年度起適用）,LEVEL 2,官方清單,,,
ceec-108:level-2:manner,manner,'mænә,n.,"n. 樣子, 禮貌, 風格\n[法] 方式, 方法, 樣式",,,CEEC-108,2,,,,大考中心高中英文參考詞彙表（111學年度起適用）,LEVEL 2,官方清單,,,
ceec-108:level-2:marriage,marriage,'mæridʒ,n.,"n. 婚姻, 結婚, 婚禮, 合併\n[醫] 婚姻, 結婚",,,CEEC-108,2,,,,大考中心高中英文參考詞彙表（111學年度起適用）,LEVEL 2,官方清單,,,
ceec-108:level-2:marry,marry,'mæri,v.,"vt. 與...結婚, 娶, 嫁\nvi. 結婚",,,CEEC-108,2,,,,大考中心高中英文參考詞彙表（111學年度起適用）,LEVEL 2,官方清單,,,
ceec-108:level-2:mask,mask,mæsk,n.|v.,"n. 面具, 假面具, 掩飾, 石膏面模\nvt. 戴面具, 掩飾, 使模糊\nvi. 化裝, 戴面具, 掩飾, 參加化裝舞會\n[計] 遮蔽; 掩碼",,,CEEC-108,2,,,,大考中心高中英文參考詞彙表（111學年度起適用）,LEVEL 2,官方清單,,,
ceec-108:level-2:mass,mass,mæs,n.,"n. 塊, 大多數, 質量, 大量, 群眾, 彌撒\na. 群眾的, 大規模的, 整個的\nvt. 使集合, 集中\nvi. 聚集",,,CEEC-108,2,,,,大考中心高中英文參考詞彙表（111學年度起適用）,LEVEL 2,官方清單,,,
ceec-108:level-2:master,master,'mɑ:stә. 'mæstә,n.|v.,"n. 主人, 碩士, 大師, 母機\na. 主人的, 主要的\nvt. 征服, 控制, 精通",,,CEEC-108,2,,,,大考中心高中英文參考詞彙表（111學年度起適用）,LEVEL 2,官方清單,,,
ceec-108:level-2:mat,mat,mæt,n.,"n. 墊, 叢, 襯邊\na. 粗糙的, 無光澤的\nvi. 糾纏在一起\nvt. 鋪席於...上, 使無光澤, 使纏結",,,CEEC-108,2,,,,大考中心高中英文參考詞彙表（111學年度起適用）,LEVEL 2,官方清單,,,
ceec-108:level-2:match,match,mætʃ,n.,"n. 比賽, 火柴, 對手\nvt. 使相配, 使比賽, 與...競爭\nvi. 結婚, 相配\n[計] 比較",,,CEEC-108,2,,,,大考中心高中英文參考詞彙表（111學年度起適用）,LEVEL 2,官方清單,,,
ceec-108:level-2:mate,mate,meit,n.|v.,"n. 配偶, 對手, 助手, (象棋)將死\nvt. 使配對, 使一致, 結伴, (象棋)將死\nvi. 成配偶, 緊密配合",,,CEEC-108,2,,,,大考中心高中英文參考詞彙表（111學年度起適用）,LEVEL 2,官方清單,,,
ceec-108:level-2:material,material,mә'tiәriәl,n.,"n. 材料, 物資, 素材, 布料, 資料\na. 物質的, 肉體的, 重要的",,,CEEC-108,2,,,,大考中心高中英文參考詞彙表（111學年度起適用）,LEVEL 2,官方清單,,,
ceec-108:level-2:mature,mature,mә'tjuә,adj.,"a. 成熟的, 到期的, 充分考慮的\nvt. 使成熟\nvi. 成熟, 到期",,,CEEC-108,2,,,,大考中心高中英文參考詞彙表（111學年度起適用）,LEVEL 2,官方清單,,,
ceec-108:level-2:meaning,meaning,'mi:niŋ,n.,"n. 意義, 含義, 目的, 意圖\na. 意味深長的",,,CEEC-108,2,,,,大考中心高中英文參考詞彙表（111學年度起適用）,LEVEL 2,官方清單,,,
ceec-108:level-2:means,means,mi:nz,n.,"n. 方法, 手段, 工具, 財產, 收入\n[經] 方法, 手段, 工具; 意謂",,,CEEC-108,2,,,,大考中心高中英文參考詞彙表（111學年度起適用）,LEVEL 2,官方清單,,,
ceec-108:level-2:measure,measure,'meʒә,n.|v.,"n. 尺寸, 量度器, 量度標準, 測量, 量具, 程度, 範圍, 限度, 分寸, 措施, 方法\nvt. 測量, 測度, 估量, 權衡, 調節, 拿(自己或自己的力量等)作較量\nvi. 度量",,,CEEC-108,2,,,,大考中心高中英文參考詞彙表（111學年度起適用）,LEVEL 2,官方清單,,,
ceec-108:level-2:measurement,measurement,'meʒәdmәnt,n.,"n. 尺寸, 度量, 度量單位\n[計] 度量, 度量單位",,,CEEC-108,2,,,,大考中心高中英文參考詞彙表（111學年度起適用）,LEVEL 2,官方清單,,,
ceec-108:level-2:medical,medical,'medikl,adj.,"n. 醫生, 體格檢查\na. 醫學的, 內科的, 藥的",,,CEEC-108,2,,,,大考中心高中英文參考詞彙表（111學年度起適用）,LEVEL 2,官方清單,,,
ceec-108:level-2:melody,melody,'melәdi,n.,"n. 曲子, 美妙音樂, 曲調",,,CEEC-108,2,,,,大考中心高中英文參考詞彙表（111學年度起適用）,LEVEL 2,官方清單,,,
ceec-108:level-2:membership,membership,'membәʃip,n.,"n. 會員的資格, 全體會員, 會員數目\n[法] 會員資格, 成員資格, 會籍",,,CEEC-108,2,,,,大考中心高中英文參考詞彙表（111學年度起適用）,LEVEL 2,官方清單,,,
ceec-108:level-2:memory,memory,'memәri,n.,"n. 記憶, 記憶力, 回憶, 紀念, 儲存\nn. 記憶體\n[計] 儲存器, 記憶體, 檢視記憶體實用程式",,,CEEC-108,2,,,,大考中心高中英文參考詞彙表（111學年度起適用）,LEVEL 2,官方清單,,,
ceec-108:level-2:mention,mention,'menʃәn,n.|v.,"n. 提到, 言及, 陳述\nvt. 提到, 提及",,,CEEC-108,2,,,,大考中心高中英文參考詞彙表（111學年度起適用）,LEVEL 2,官方清單,,,
ceec-108:level-2:message,message,'mesidʒ,n.,"n. 訊息, 通訊, 訊息, 教訓, 預言, 廣告詞\nvt. 通知\nvi. 通報, 報告, 報信\n[計] 報文; 訊息; 資訊",,,CEEC-108,2,,,,大考中心高中英文參考詞彙表（111學年度起適用）,LEVEL 2,官方清單,,,
ceec-108:level-2:metal,metal,'metәl,adj.|n.,"n. 金屬, 金屬製品, 合金, 本質, 質料\na. 金屬製的\nvt. 以金屬覆蓋",,,CEEC-108,2,,,,大考中心高中英文參考詞彙表（111學年度起適用）,LEVEL 2,官方清單,,,
ceec-108:level-2:meter,meter,'mi:tә,n.,"n. 米, 公尺, 儀表, 計量器\nvt. 以儀表計量",,,CEEC-108,2,,,,大考中心高中英文參考詞彙表（111學年度起適用）,LEVEL 2,官方清單,,,
ceec-108:level-2:method,method,'meθәd,n.,"n. 方法, 辦法, 條理, 秩序\n[醫] [方]法",,,CEEC-108,2,,,,大考中心高中英文參考詞彙表（111學年度起適用）,LEVEL 2,官方清單,,,
ceec-108:level-2:metro,metro,'metrәu,n.,n. 地鐵,,,CEEC-108,2,,,,大考中心高中英文參考詞彙表（111學年度起適用）,LEVEL 2,官方清單,,,
ceec-108:level-2:midnight,midnight,'midnait,n.,"n. 午夜, 子夜, 半夜\na. 午夜的, 半夜的",,,CEEC-108,2,,,,大考中心高中英文參考詞彙表（111學年度起適用）,LEVEL 2,官方清單,,,
ceec-108:level-2:mile,mile,mail,n.,"n. 英里, 很大距離\n[機] 英里, 哩",,,CEEC-108,2,,,,大考中心高中英文參考詞彙表（111學年度起適用）,LEVEL 2,官方清單,,,
ceec-108:level-2:military,military,'militәri,adj.|n.,"n. 軍隊\na. 軍事的, 軍人的, 適於戰爭的",,,CEEC-108,2,,,,大考中心高中英文參考詞彙表（111學年度起適用）,LEVEL 2,官方清單,,,
ceec-108:level-2:minor,minor,'mainә,adj.|n.,"n. 未成年人, 副修科目\na. 較小的, 二流的, 未成年的\nvi. 副修\n[計] 次要",,,CEEC-108,2,,,,大考中心高中英文參考詞彙表（111學年度起適用）,LEVEL 2,官方清單,,,
ceec-108:level-2:minority,minority,mai'nɒriti,n.,"n. 少數, 未成年, 少數民族\na. 少數的, 屬於少數派的",,,CEEC-108,2,,,,大考中心高中英文參考詞彙表（111學年度起適用）,LEVEL 2,官方清單,,,
ceec-108:level-2:mirror,mirror,'mirә,n.|v.,"n. 鏡子, 寫真, 典範\nvt. 反映, 映出",,,CEEC-108,2,,,,大考中心高中英文參考詞彙表（111學年度起適用）,LEVEL 2,官方清單,,,
ceec-108:level-2:mix,mix,miks,n.|v.,"n. 混合物, 混亂, 糊塗\nvt. 使混合, 弄混, 使結合, 混淆\nvi. 相混合, 交往, 參與",,,CEEC-108,2,,,,大考中心高中英文參考詞彙表（111學年度起適用）,LEVEL 2,官方清單,,,
ceec-108:level-2:mixture,mixture,'mikstʃә,n.,"n. 混合, 混淆, 混合物\n[化] 混合物",,,CEEC-108,2,,,,大考中心高中英文參考詞彙表（111學年度起適用）,LEVEL 2,官方清單,,,
ceec-108:level-2:model,model,'mɒdәl,n.|v.,"n. 模型, 模範, 模特兒\na. 模範的, 作模型用的\nvi. 做模型, 做模特兒\nvt. 使模仿, 塑造\n[計] 模型",,,CEEC-108,2,,,,大考中心高中英文參考詞彙表（111學年度起適用）,LEVEL 2,官方清單,,,
ceec-108:level-2:mood,mood,mu:d,n.,"n. 心情, 氣氛, 生氣, 基調\n[醫] 心境",,,CEEC-108,2,,,,大考中心高中英文參考詞彙表（111學年度起適用）,LEVEL 2,官方清單,,,
ceec-108:level-2:mop,mop,mɒp,n.|v.,"n. 拖把, 鬼臉\nvt. 用拖把洗擦, 擦, 拭\nvi. 做鬼臉\n[計] 維護操作協議",,,CEEC-108,2,,,,大考中心高中英文參考詞彙表（111學年度起適用）,LEVEL 2,官方清單,,,
ceec-108:level-2:motion,motion,'mәuʃәn,n.,"n. 移動, 手勢, 動作, 意向, 請求, 提議\nv. 打手勢",,,CEEC-108,2,,,,大考中心高中英文參考詞彙表（111學年度起適用）,LEVEL 2,官方清單,,,
ceec-108:level-2:motorcycle,motorcycle,'mәutәsaikl,n.,"n. 摩托車\n[機] 機動車, 機踏車, 摩托車",,,CEEC-108,2,,,,大考中心高中英文參考詞彙表（111學年度起適用）,LEVEL 2,官方清單,,,
ceec-108:level-2:mug,mug,mʌg,n.,"n. 有柄大杯, 臉, 苦讀者\nvt. 給...拍照, 攻擊, 苦讀\nvi. 拼命用功",,,CEEC-108,2,,,,大考中心高中英文參考詞彙表（111學年度起適用）,LEVEL 2,官方清單,,,
ceec-108:level-2:musical,musical,'mju:zikl,adj.|n.,"n. 音樂片, 音樂舞臺劇\na. 音樂的, 聲音美妙的, 喜愛音樂的",,,CEEC-108,2,,,,大考中心高中英文參考詞彙表（111學年度起適用）,LEVEL 2,官方清單,,,
ceec-108:level-2:musician,musician,mju:'ziʃәn,n.,"n. 音樂家, 樂師, 作曲家",,,CEEC-108,2,,,,大考中心高中英文參考詞彙表（111學年度起適用）,LEVEL 2,官方清單,,,
ceec-108:level-2:nail,nail,neil,n.,"n. 釘子, 指甲\nvt. 用釘釘牢, 使固定, 截住, 揭露",,,CEEC-108,2,,,,大考中心高中英文參考詞彙表（111學年度起適用）,LEVEL 2,官方清單,,,
ceec-108:level-2:narrow,narrow,'nærәu,adj.|v.,"n. 狹窄部分, 隘路\na. 狹窄的, 仔細的, 有限的, 勉強的, 狹隘的, 手緊的\nvi. 變窄\nvt. 使變狹窄",,,CEEC-108,2,,,,大考中心高中英文參考詞彙表（111學年度起適用）,LEVEL 2,官方清單,,,
ceec-108:level-2:nation,nation,'neiʃәn,n.,"n. 國家, 民族\n[法] 民族, 國家",,,CEEC-108,2,,,,大考中心高中英文參考詞彙表（111學年度起適用）,LEVEL 2,官方清單,,,
ceec-108:level-2:natural,natural,'nætʃәrәl,adj.,"n. 白痴\na. 自然的, 自然界的, 本能的, 天然的, 物質的, 正常的, 原始的, 自然數的",,,CEEC-108,2,,,,大考中心高中英文參考詞彙表（111學年度起適用）,LEVEL 2,官方清單,,,
ceec-108:level-2:naughty,naughty,'nɒ:ti,adj.,"a. 頑皮的, 沒規矩的, 不適當的, 下流的",,,CEEC-108,2,,,,大考中心高中英文參考詞彙表（111學年度起適用）,LEVEL 2,官方清單,,,
ceec-108:level-2:nearby,nearby,'niәbai,adj.|adv.,"a. 附近的, 近旁的\nadv. 在附近, 近旁地\nprep. 在...附近",,,CEEC-108,2,,,,大考中心高中英文參考詞彙表（111學年度起適用）,LEVEL 2,官方清單,,,
ceec-108:level-2:nearly,nearly,'niәli,adv.,"adv. 幾乎, 密切地",,,CEEC-108,2,,,,大考中心高中英文參考詞彙表（111學年度起適用）,LEVEL 2,官方清單,,,
ceec-108:level-2:necessary,necessary,'nesisәri,adj.,a. 必要的；必然的；必需的,,,CEEC-108,2,,,,大考中心高中英文參考詞彙表（111學年度起適用）,LEVEL 2,官方清單,,,
ceec-108:level-2:necklace,necklace,'neklis,n.,n. 項鍊,,,CEEC-108,2,,,,大考中心高中英文參考詞彙表（111學年度起適用）,LEVEL 2,官方清單,,,
ceec-108:level-2:needle,needle,'ni:dl,n.,"n. 針, 尖\nvt. 用針縫\nvi. 縫紉\n[計] 探針",,,CEEC-108,2,,,,大考中心高中英文參考詞彙表（111學年度起適用）,LEVEL 2,官方清單,,,
ceec-108:level-2:negative,negative,'negәtiv,adj.|n.,"n. 否定, 否定語, 負數, 底片\na. 否定的, 消極的, 負的, 陰性的\nn. 負數, 負值\n[計] 負數, 負值",,,CEEC-108,2,,,,大考中心高中英文參考詞彙表（111學年度起適用）,LEVEL 2,官方清單,,,
ceec-108:level-2:neighbor,neighbor,'neibә,n.,"n. 鄰居\nvt. 鄰接\nvi. 毗鄰而居, 友好\na. 鄰近的",,,CEEC-108,2,,,,大考中心高中英文參考詞彙表（111學年度起適用）,LEVEL 2,官方清單,,,
ceec-108:level-2:neither,neither,'naiðә,adj.|adv.|conj.|pron.,"adv. 皆不, 兩個都不\na. (兩者)都不的\npron. 兩者都不\nconj. 既非, 既不",,,CEEC-108,2,,,,大考中心高中英文參考詞彙表（111學年度起適用）,LEVEL 2,官方清單,,,
ceec-108:level-2:nephew,nephew,'nefju:,n.,"n. 侄子, 外甥",,,CEEC-108,2,,,,大考中心高中英文參考詞彙表（111學年度起適用）,LEVEL 2,官方清單,,,
ceec-108:level-2:nerve,nerve,nә:v,n.,"n. 精神, 勇氣, 葉脈, 神經\nvt. 鼓起勇氣",,,CEEC-108,2,,,,大考中心高中英文參考詞彙表（111學年度起適用）,LEVEL 2,官方清單,,,
ceec-108:level-2:nervous,nervous,'nә:vәs,adj.,"a. 神經緊張的, 不安的, 神經的\n[醫] 神經的; 神經質的, 神經過敏的",,,CEEC-108,2,,,,大考中心高中英文參考詞彙表（111學年度起適用）,LEVEL 2,官方清單,,,
ceec-108:level-2:network,network,'netwә:k,n.|v.,"n. 網路, 廣播網, 網狀物\n[計] 網路",,,CEEC-108,2,,,,大考中心高中英文參考詞彙表（111學年度起適用）,LEVEL 2,官方清單,,,
ceec-108:level-2:niece,niece,ni:s,n.,"n. 侄女, 甥女",,,CEEC-108,2,,,,大考中心高中英文參考詞彙表（111學年度起適用）,LEVEL 2,官方清單,,,
ceec-108:level-2:nod,nod,nɒd,n.|v.,"n. 點頭, 打盹, 晃動\nvi. 點頭, 打盹\nvt. 點頭表示, 點(頭)",,,CEEC-108,2,,,,大考中心高中英文參考詞彙表（111學年度起適用）,LEVEL 2,官方清單,,,
ceec-108:level-2:none,none,nʌn,adv.|pron.,"adv. 一點也不, 毫不\npron. 沒有人, 無一物, 並無一個\na. 沒有的",,,CEEC-108,2,,,,大考中心高中英文參考詞彙表（111學年度起適用）,LEVEL 2,官方清單,,,
ceec-108:level-2:noodle,noodle,'nu:dl,n.,"n. 麵條, 笨蛋",,,CEEC-108,2,,,,大考中心高中英文參考詞彙表（111學年度起適用）,LEVEL 2,官方清單,,,
ceec-108:level-2:nor,nor,nɒ:,conj.,"conj. 也不, 也沒有\n[計] 或非",,,CEEC-108,2,,,,大考中心高中英文參考詞彙表（111學年度起適用）,LEVEL 2,官方清單,,,
ceec-108:level-2:northern,northern,'nɒ:ðәn,adj.,"n. 北方人\na. 北方的, 向北的, 自北方來的",,,CEEC-108,2,,,,大考中心高中英文參考詞彙表（111學年度起適用）,LEVEL 2,官方清單,,,
ceec-108:level-2:notebook,notebook,'nәutbuk,n.,"n. 筆記本, 手冊, 期票簿",,,CEEC-108,2,,,,大考中心高中英文參考詞彙表（111學年度起適用）,LEVEL 2,官方清單,,,
ceec-108:level-2:novel,novel,'nɒvl,adj.|n.,"n. 小說, 長篇故事\na. 新奇的, 異常的",,,CEEC-108,2,,,,大考中心高中英文參考詞彙表（111學年度起適用）,LEVEL 2,官方清單,,,
ceec-108:level-2:nut,nut,nʌt,n.,"n. 堅果, 核心, 螺帽\n[計] Novell NetWare伺服器實用程式",,,CEEC-108,2,,,,大考中心高中英文參考詞彙表（111學年度起適用）,LEVEL 2,官方清單,,,
ceec-108:level-2:obey,obey,ә'bei,v.,"vt. 服從, 遵從, 順從\nvi. 服從",,,CEEC-108,2,,,,大考中心高中英文參考詞彙表（111學年度起適用）,LEVEL 2,官方清單,,,
ceec-108:level-2:object,object,'ɒbdʒekt,n.|v.,"n. 物體, 目標, 目的, 物件, 賓語, 客體\nvi. 反對, 抱反感\nvt. 提出...來反對\n[計] 物件",,,CEEC-108,2,,,,大考中心高中英文參考詞彙表（111學年度起適用）,LEVEL 2,官方清單,,,
ceec-108:level-2:obvious,obvious,'ɒbviәs,adj.,"a. 明顯的, 明白的, 顯然的, 平淡無奇的",,,CEEC-108,2,,,,大考中心高中英文參考詞彙表（111學年度起適用）,LEVEL 2,官方清單,,,
ceec-108:level-2:occur,occur,ә'kә:,v.,"vi. 發生, 被想到, 存在",,,CEEC-108,2,,,,大考中心高中英文參考詞彙表（111學年度起適用）,LEVEL 2,官方清單,,,
ceec-108:level-2:ocean,ocean,'әuʃәn,n.,"n. 海洋, 廣闊, 許多, 一大片\n[法] 海洋, 海",,,CEEC-108,2,,,,大考中心高中英文參考詞彙表（111學年度起適用）,LEVEL 2,官方清單,,,
ceec-108:level-2:offer,offer,'ɒfә,n.|v.,"n. 給予(物), 出價, 提議, 意圖, 報價\nvt. 提供, 出價, 奉獻, 試圖, 使出現, 演出\nvi. 出現, 獻祭, 提議, 求婚",,,CEEC-108,2,,,,大考中心高中英文參考詞彙表（111學年度起適用）,LEVEL 2,官方清單,,,
ceec-108:level-2:official,official,ә'fiʃәl,adj.|n.,"n. 官員, 公務員, 職員\na. 公務的, 官方的, 正式的",,,CEEC-108,2,,,,大考中心高中英文參考詞彙表（111學年度起適用）,LEVEL 2,官方清單,,,
ceec-108:level-2:operate,operate,'ɒpәreit,v.,"v. 操作, 運轉, 動手術, 活動",,,CEEC-108,2,,,,大考中心高中英文參考詞彙表（111學年度起適用）,LEVEL 2,官方清單,,,
ceec-108:level-2:operator,operator,'ɒpәreitә,n.,"n. 操作員, 行家, 經紀人, 運算元, 運算子\n[計] 運算子",,,CEEC-108,2,,,,大考中心高中英文參考詞彙表（111學年度起適用）,LEVEL 2,官方清單,,,
ceec-108:level-2:opinion,opinion,ә'pinjәn,n.,"n. 意見, 評價, 主張\n[經] 意見",,,CEEC-108,2,,,,大考中心高中英文參考詞彙表（111學年度起適用）,LEVEL 2,官方清單,,,
ceec-108:level-2:ordinary,ordinary,'ɒ:dinәri,adj.,"a. 平常的, 普通的, 平凡的\nn. 平常的人(或事)",,,CEEC-108,2,,,,大考中心高中英文參考詞彙表（111學年度起適用）,LEVEL 2,官方清單,,,
ceec-108:level-2:organ,organ,'ɒ:gәn,n.,"n. 風琴, 器官, 元件, 機構, 機關\n[電] 風琴",,,CEEC-108,2,,,,大考中心高中英文參考詞彙表（111學年度起適用）,LEVEL 2,官方清單,,,
ceec-108:level-2:organization,organization,.ɒ:gәnai'zeiʃәn,n.,"n. 組織, 結構, 團體, 體制\n[醫] 組織, 機構, 機化(血栓或壞死組織)",,,CEEC-108,2,,,,大考中心高中英文參考詞彙表（111學年度起適用）,LEVEL 2,官方清單,,,
ceec-108:level-2:origin,origin,'ɒridʒin,n.,"n. 起源, 起因, 出身, 開端\n[計] 原點; 起始地址; 信件來源的相關資料",,,CEEC-108,2,,,,大考中心高中英文參考詞彙表（111學年度起適用）,LEVEL 2,官方清單,,,
ceec-108:level-2:owner,owner,'әunә,n.,"n. 擁有者, 物主, 所有人\n[經] 所有者, 物主, 業主",,,CEEC-108,2,,,,大考中心高中英文參考詞彙表（111學年度起適用）,LEVEL 2,官方清單,,,
ceec-108:level-2:pain,pain,pein,n.|v.,"n. 痛苦, 疼痛, 辛苦\nvt. 使痛苦, 痛苦\nvi. 作痛, 疼",,,CEEC-108,2,,,,大考中心高中英文參考詞彙表（111學年度起適用）,LEVEL 2,官方清單,,,
ceec-108:level-2:painful,painful,'peinful,adj.,"a. 痛苦的, 困難的, 令人煩惱的\n[醫] 疼痛的",,,CEEC-108,2,,,,大考中心高中英文參考詞彙表（111學年度起適用）,LEVEL 2,官方清單,,,
ceec-108:level-2:painting,painting,'peintiŋ,n.,"n. 畫, 繪畫, 油漆\n[化] 塗漆",,,CEEC-108,2,,,,大考中心高中英文參考詞彙表（111學年度起適用）,LEVEL 2,官方清單,,,
ceec-108:level-2:pajamas,pajamas,pә'dʒɑ:mәs,n.,"n. 睡衣, 寬鬆褲, 喇叭褲",,,CEEC-108,2,,,,大考中心高中英文參考詞彙表（111學年度起適用）,LEVEL 2,官方清單,,,
ceec-108:level-2:pale,pale,peil,adj.,"n. 柵欄, 界線, 範圍\na. 蒼白的, 暗淡的, 無力的\nvi. 變蒼白, 變暗, 失色\nvt. 使變蒼白, 使失色, 用柵欄圍",,,CEEC-108,2,,,,大考中心高中英文參考詞彙表（111學年度起適用）,LEVEL 2,官方清單,,,
ceec-108:level-2:pan,pan,pæn,n.,"n. 平鍋, 淺盤, 盆地, 硬土層, 拍攝全景\nv. 上下左右移動, 搖鏡頭, 淘洗, 淘金",,,CEEC-108,2,,,,大考中心高中英文參考詞彙表（111學年度起適用）,LEVEL 2,官方清單,,,
ceec-108:level-2:panda,panda,'pændә,n.,"n. 大熊貓, 小熊貓",,,CEEC-108,2,,,,大考中心高中英文參考詞彙表（111學年度起適用）,LEVEL 2,官方清單,,,
ceec-108:level-2:papaya,papaya,pә'paiә,n.,n. 番木瓜樹\n[化] 番瓜; 番木瓜,,,CEEC-108,2,,,,大考中心高中英文參考詞彙表（111學年度起適用）,LEVEL 2,官方清單,,,
ceec-108:level-2:pardon,pardon,'pɑ:dn,n.|v.,"n. 原諒, 赦免\nvt. 寬恕, 原諒",,,CEEC-108,2,,,,大考中心高中英文參考詞彙表（111學年度起適用）,LEVEL 2,官方清單,,,
ceec-108:level-2:participate,participate,pɑ:'tisipeit,v.,"vi. 參加, 分享, 參與, 帶有\nvt. 分享, 分擔",,,CEEC-108,2,,,,大考中心高中英文參考詞彙表（111學年度起適用）,LEVEL 2,官方清單,,,
ceec-108:level-2:particular,particular,pә'tikjulә,adj.,"n. 一項(或條、點), 個別專案, 詳細說明\na. 特別的, 獨有的, 挑剔的, 詳盡的",,,CEEC-108,2,,,,大考中心高中英文參考詞彙表（111學年度起適用）,LEVEL 2,官方清單,,,
ceec-108:level-2:partner,partner,'pɑ:tnә,n.,"n. 合夥人, 股東, 夥伴, 伴侶\nvt. 與...合夥, 組成一對\nvi. 做夥伴, 當助手",,,CEEC-108,2,,,,大考中心高中英文參考詞彙表（111學年度起適用）,LEVEL 2,官方清單,,,
ceec-108:level-2:password,password,'pæswә:d,n.,"n. 密碼, 口令, 通行手段\n[計] 口令",,,CEEC-108,2,,,,大考中心高中英文參考詞彙表（111學年度起適用）,LEVEL 2,官方清單,,,
ceec-108:level-2:paste,paste,peist,n.|v.,"n. 麵糰, 麵食, 漿糊, 糊狀物, 貼上, 用拳重擊\nvt. 用漿糊粘, 張貼, 狠狠地打\n[計] 貼上",,,CEEC-108,2,,,,大考中心高中英文參考詞彙表（111學年度起適用）,LEVEL 2,官方清單,,,
ceec-108:level-2:path,path,pɑ:θ,n.,"n. 路徑, 小路, 道路, 途徑, 路線, 軌道\n[計] 路徑; DOS內部命令:設定DOS讀取程式的路徑",,,CEEC-108,2,,,,大考中心高中英文參考詞彙表（111學年度起適用）,LEVEL 2,官方清單,,,
ceec-108:level-2:patient,patient,'peiʃәnt,adj.|n.,"n. 病人, 承受者\na. 忍耐的, 容忍的, 有耐性的, 堅忍的",,,CEEC-108,2,,,,大考中心高中英文參考詞彙表（111學年度起適用）,LEVEL 2,官方清單,,,
ceec-108:level-2:pattern,pattern,'pætәn,n.|v.,"n. 模範, 典型, 式樣, 樣品, 圖案, 格調, 模式\nvt. 模仿, 仿造, 以圖案裝飾\nvi. 形成圖案\n[計] 模式, 圖案",,,CEEC-108,2,,,,大考中心高中英文參考詞彙表（111學年度起適用）,LEVEL 2,官方清單,,,
ceec-108:level-2:peace,peace,pi:s,n.,"n. 和平, 和約, 治安, 和睦, 安寧, 靜寂\nvi. 安靜下來, 不作聲",,,CEEC-108,2,,,,大考中心高中英文參考詞彙表（111學年度起適用）,LEVEL 2,官方清單,,,
ceec-108:level-2:peaceful,peaceful,'pi:sful,adj.,"a. 平靜的, 和平的, 和平時期的, 愛好和平的, 喜愛安靜的\n[法] 和平的, 愛好和平的, 和平時期的",,,CEEC-108,2,,,,大考中心高中英文參考詞彙表（111學年度起適用）,LEVEL 2,官方清單,,,
ceec-108:level-2:peach,peach,pi:tʃ,n.,"n. 桃子, 桃樹, 桃色, 美人兒, 極好的事物\nvt. 告發\nvi. 告密, 檢舉",,,CEEC-108,2,,,,大考中心高中英文參考詞彙表（111學年度起適用）,LEVEL 2,官方清單,,,
ceec-108:level-2:peak,peak,pi:k,n.|v.,"n. 山峰, 巔, 山頂, 頂點, 尖峰, 帽舌\na. 最高的, 最大值的\nvi. 到達最高點, 消瘦, 變憔悴, 逐漸縮小\nvt. 使豎起, 使達到最高點",,,CEEC-108,2,,,,大考中心高中英文參考詞彙表（111學年度起適用）,LEVEL 2,官方清單,,,
ceec-108:level-2:pear,pear,pєә,n.,"n. 梨子, 梨樹, 梨木\n[機] 梨木",,,CEEC-108,2,,,,大考中心高中英文參考詞彙表（111學年度起適用）,LEVEL 2,官方清單,,,
ceec-108:level-2:per,per,pә:,prep.,"prep. 每一, 透過, 經, 按照\n[經] 每, 按照",,,CEEC-108,2,,,,大考中心高中英文參考詞彙表（111學年度起適用）,LEVEL 2,官方清單,,,
ceec-108:level-2:perfect,perfect,'pә:fikt,adj.|n.|v.,"n. 完成時\na. 完美的, 完好的, 理想的, 熟練的, 精確的, 完成式的\nvt. 使完美, 修改, 使精通, 改善, 使熟練",,,CEEC-108,2,,,,大考中心高中英文參考詞彙表（111學年度起適用）,LEVEL 2,官方清單,,,
ceec-108:level-2:period,period,'piәriәd,n.,"n. 時期, 節段, 節, 句點, 學時, 週期\na. 當時特有的, 過去某段時期的\ninterj. 就是這話, 就是這麼回事",,,CEEC-108,2,,,,大考中心高中英文參考詞彙表（111學年度起適用）,LEVEL 2,官方清單,,,
ceec-108:level-2:personal,personal,'pә:snl,adj.,"a. 私人的, 涉及隱私的, 有人性的, 人稱的, 親自的, 身體的\n[醫] 人的; 個人的, 自身的",,,CEEC-108,2,,,,大考中心高中英文參考詞彙表（111學年度起適用）,LEVEL 2,官方清單,,,
ceec-108:level-2:personality,personality,.pә:sә'næliti,n.,"n. 個性, 人格, (團體、地方、國家)特有特性, 名人\n[醫] 人格; 個性",,,CEEC-108,2,,,,大考中心高中英文參考詞彙表（111學年度起適用）,LEVEL 2,官方清單,,,
ceec-108:level-2:phrase,phrase,freiz,n.|v.,"n. 慣用語, 片語, 成語, 措詞, 樂句\nvt. 用短語表達, 把(樂曲)分成短句\n[計] 短語",,,CEEC-108,2,,,,大考中心高中英文參考詞彙表（111學年度起適用）,LEVEL 2,官方清單,,,
ceec-108:level-2:pillow,pillow,'pilәu,n.,"n. 枕頭, 靠墊, 枕狀巖\nvt. 作...的枕頭, 墊, 枕於\nvi. 靠在枕上",,,CEEC-108,2,,,,大考中心高中英文參考詞彙表（111學年度起適用）,LEVEL 2,官方清單,,,
ceec-108:level-2:pizza,pizza,'pi:tsә,n.,n. 比薩餅,,,CEEC-108,2,,,,大考中心高中英文參考詞彙表（111學年度起適用）,LEVEL 2,官方清單,,,
ceec-108:level-2:plain,plain,plein,adj.|n.,"n. 平原, 草原, 樸實無華的東西, 無格式\na. 簡單的, 明白的, 平常的, 不好看的, 樸素的, 清晰的, 普通的, 平坦的, 十足的\nadv. 清楚地, 顯然地\n[計] 無格式",,,CEEC-108,2,,,,大考中心高中英文參考詞彙表（111學年度起適用）,LEVEL 2,官方清單,,,
ceec-108:level-2:platform,platform,'plætfɒ:m,n.,"n. 站臺, 月臺, 講臺, 論壇, 平臺\n[計] 平臺",,,CEEC-108,2,,,,大考中心高中英文參考詞彙表（111學年度起適用）,LEVEL 2,官方清單,,,
ceec-108:level-2:playground,playground,'pleigraund,n.,"n. 運動場, 操場, 度假勝地, 活動場所",,,CEEC-108,2,,,,大考中心高中英文參考詞彙表（111學年度起適用）,LEVEL 2,官方清單,,,
ceec-108:level-2:pleasant,pleasant,'pleznt,adj.,"a. 愉快的, 可愛的, 活潑的, 親切的",,,CEEC-108,2,,,,大考中心高中英文參考詞彙表（111學年度起適用）,LEVEL 2,官方清單,,,
ceec-108:level-2:plus,plus,plʌs,adj.|n.|prep.,"prep. 加上, 加, 外加\na. 正的, 附加的\nn. 正號, 加號, 附加額, 正數, 增益\n[計] 正差",,,CEEC-108,2,,,,大考中心高中英文參考詞彙表（111學年度起適用）,LEVEL 2,官方清單,,,
ceec-108:level-2:poem,poem,'pәuim,n.,"n. 詩, 詩般美的事物",,,CEEC-108,2,,,,大考中心高中英文參考詞彙表（111學年度起適用）,LEVEL 2,官方清單,,,
ceec-108:level-2:poet,poet,'pәuit,n.,n. 詩人,,,CEEC-108,2,,,,大考中心高中英文參考詞彙表（111學年度起適用）,LEVEL 2,官方清單,,,
ceec-108:level-2:poetry,poetry,'pәuitri,n.,"n. 詩, 韻文, 詩歌藝術",,,CEEC-108,2,,,,大考中心高中英文參考詞彙表（111學年度起適用）,LEVEL 2,官方清單,,,
ceec-108:level-2:poison,poison,'pɒizn,n.|v.,"n. 毒藥, 毒, 毒物, 有毒害的事物\nvt. 毒害, 毒殺, 使中毒\nvi. 放毒, 下毒",,,CEEC-108,2,,,,大考中心高中英文參考詞彙表（111學年度起適用）,LEVEL 2,官方清單,,,
ceec-108:level-2:policeman,policeman,pә'li:smәn,n.,n. 警察\n[化] 澱帚,,,CEEC-108,2,,,,大考中心高中英文參考詞彙表（111學年度起適用）,LEVEL 2,官方清單,,,
ceec-108:level-2:policy,policy,'pɒlisi,n.,"n. 政策, 方針, 策略, 保險單\n[醫] 憑單, 保險單",,,CEEC-108,2,,,,大考中心高中英文參考詞彙表（111學年度起適用）,LEVEL 2,官方清單,,,
ceec-108:level-2:pop,pop,pɒp,adj.|n.,"n. 砰然聲, 槍擊, 含氣飲料, 流行音樂, 通俗藝術\na. 流行的, 熱門的, 通俗的\nvt. 使發出爆裂聲, 開槍打, 突然伸出\nvi. 發出爆裂聲, 射擊, 突然出現, 瞪大\nadv. 突然, 砰地\n[計] 出現點, 郵局協議",,,CEEC-108,2,,,,大考中心高中英文參考詞彙表（111學年度起適用）,LEVEL 2,官方清單,,,
ceec-108:level-2:population,population,.pɒpju'leiʃәn,n.,"n. 人口, 人口數\n[化] 群體; 總體",,,CEEC-108,2,,,,大考中心高中英文參考詞彙表（111學年度起適用）,LEVEL 2,官方清單,,,
ceec-108:level-2:pork,pork,pɒ:k,n.,n. 豬肉\n[醫] 豬肉,,,CEEC-108,2,,,,大考中心高中英文參考詞彙表（111學年度起適用）,LEVEL 2,官方清單,,,
ceec-108:level-2:port,port,pɒ:t,n.,"n. 港口, 埠, 艙門, 避風港, 左舷, 炮眼, 姿勢, 意義\nvt. 左轉舵, 持(槍)\nvi. 左轉舵\n[計] 埠, 移植",,,CEEC-108,2,,,,大考中心高中英文參考詞彙表（111學年度起適用）,LEVEL 2,官方清單,,,
ceec-108:level-2:pose,pose,pәuz,n.|v.,"n. 姿勢, 姿態, 裝模作樣, 偽裝\nvi. 擺姿勢, 裝模作樣, 假裝\nvt. 使擺好姿勢, 提出, 造成",,,CEEC-108,2,,,,大考中心高中英文參考詞彙表（111學年度起適用）,LEVEL 2,官方清單,,,
ceec-108:level-2:position,position,pә'ziʃәn,n.|v.,"n. 位置, 地位, 身分, 形勢, 姿勢, 立場, 職位, 狀態, 陣地\nvt. 安置, 決定...的位置\n[計] 位置",,,CEEC-108,2,,,,大考中心高中英文參考詞彙表（111學年度起適用）,LEVEL 2,官方清單,,,
ceec-108:level-2:positive,positive,'pɒzitiv,adj.|n.,"a. 肯定的, 積極的, 有把握的\n[醫] 正的, 陽性的",,,CEEC-108,2,,,,大考中心高中英文參考詞彙表（111學年度起適用）,LEVEL 2,官方清單,,,
ceec-108:level-2:possibility,possibility,.pɒsә'biliti,n.,"n. 可能性, 可能的事\n[法] 可能性, 可能發生的事, 不確定權",,,CEEC-108,2,,,,大考中心高中英文參考詞彙表（111學年度起適用）,LEVEL 2,官方清單,,,
ceec-108:level-2:post,post,pәust,adv.|n.|v.,"n. 柱, 杆, 準星, 郵件, 郵政, 標竿, 職位, 崗位, 哨所, 兵營\nvt. 張帖, 郵遞, 公佈, 登入帳, 使熟悉, 佈置\nvi. 快速行進\nadv. 急速地\n[計] 記入; 登記, 上電自檢",,,CEEC-108,2,,,,大考中心高中英文參考詞彙表（111學年度起適用）,LEVEL 2,官方清單,,,
ceec-108:level-2:postcard,postcard,'pәustkɑ:d,n.,n. 明信片,,,CEEC-108,2,,,,大考中心高中英文參考詞彙表（111學年度起適用）,LEVEL 2,官方清單,,,
ceec-108:level-2:pound,pound,paund,n.,"n. 磅, 英鎊, 重擊, 魚塘, 拘留所, 獸欄\nvt. 強烈打擊, 搗爛, 監禁, 關入欄內\nvi. 連續重擊, 苦幹",,,CEEC-108,2,,,,大考中心高中英文參考詞彙表（111學年度起適用）,LEVEL 2,官方清單,,,
ceec-108:level-2:powerful,powerful,'pauәful,adj.,"a. 有力的, 有權力的, 強大的\n[機] 強力的",,,CEEC-108,2,,,,大考中心高中英文參考詞彙表（111學年度起適用）,LEVEL 2,官方清單,,,
ceec-108:level-2:praise,praise,preiz,n.|v.,"n. 讚美, 稱讚, 崇拜\nvt. 稱讚, 讚美\nvi. 讚揚, 表揚",,,CEEC-108,2,,,,大考中心高中英文參考詞彙表（111學年度起適用）,LEVEL 2,官方清單,,,
ceec-108:level-2:pray,pray,prei,v.,"v. 祈禱, 懇求, 請",,,CEEC-108,2,,,,大考中心高中英文參考詞彙表（111學年度起適用）,LEVEL 2,官方清單,,,
ceec-108:level-2:prayer,prayer,prєә. 'preiә,n.,"n. 祈禱, 懇求, 禱辭, 祈禱者",,,CEEC-108,2,,,,大考中心高中英文參考詞彙表（111學年度起適用）,LEVEL 2,官方清單,,,
ceec-108:level-2:prefer,prefer,pri'fә:,v.,"vt. 寧可, 較喜歡, 提出\n[法] 給予優先權, 優先償還, 提出",,,CEEC-108,2,,,,大考中心高中英文參考詞彙表（111學年度起適用）,LEVEL 2,官方清單,,,
ceec-108:level-2:president,president,'prezidәnt,n.,"n. 總統, 總裁, 董事長, (學院)院長, (大學)校長, 主管人, 主持人\n[經] 總經理, 董事長, 總裁",,,CEEC-108,2,,,,大考中心高中英文參考詞彙表（111學年度起適用）,LEVEL 2,官方清單,,,
ceec-108:level-2:press,press,pres,n.|v.,"n. 壓, 撳, 按, 人群, 印刷機, 壓力, 出版社, 記者, 報刊, 新聞輿論, 緊迫\nvt. 壓, 壓榨, 緊抱, 逼迫, 推進, 強迫徵募, 催逼\nvi. 壓, 重壓, 催促, 擁擠, 奮力前進, 受壓",,,CEEC-108,2,,,,大考中心高中英文參考詞彙表（111學年度起適用）,LEVEL 2,官方清單,,,
ceec-108:level-2:pressure,pressure,'preʃә,n.|v.,"n. 壓, 榨, 按, 強制, 壓力, 壓迫, 壓強\nvt. 迫使, 使增壓, 密封",,,CEEC-108,2,,,,大考中心高中英文參考詞彙表（111學年度起適用）,LEVEL 2,官方清單,,,
ceec-108:level-2:pride,pride,praid,n.|v.,"n. 驕傲, 自尊心, 自豪, 精華, 勇氣\nvt. 以...自豪",,,CEEC-108,2,,,,大考中心高中英文參考詞彙表（111學年度起適用）,LEVEL 2,官方清單,,,
ceec-108:level-2:priest,priest,pri:st,n.,"n. 祭司, 牧師, 神父, 神質人員, 僧侶, 泰斗",,,CEEC-108,2,,,,大考中心高中英文參考詞彙表（111學年度起適用）,LEVEL 2,官方清單,,,
ceec-108:level-2:primary,primary,'praimәri,adj.,"n. 最主要者, 原色\na. 主要的, 初期的, 根本的, 原始的, 首要的, 基本的\n[計] 初等量; 主要的; 一次的",,,CEEC-108,2,,,,大考中心高中英文參考詞彙表（111學年度起適用）,LEVEL 2,官方清單,,,
ceec-108:level-2:prince,prince,prins,n.,"n. 王子, 親王, 國君, 貴族, 諸侯, 有權勢的大人物",,,CEEC-108,2,,,,大考中心高中英文參考詞彙表（111學年度起適用）,LEVEL 2,官方清單,,,
ceec-108:level-2:princess,princess,'prinsis,n.,"n. 公主, 王妃, 女巨頭",,,CEEC-108,2,,,,大考中心高中英文參考詞彙表（111學年度起適用）,LEVEL 2,官方清單,,,
ceec-108:level-2:principal,principal,'prinsipәl,adj.|n.,"n. 校長, 首長, 本金, 主犯, 資本, 委託人\na. 主要的, 最重要的, 首要的",,,CEEC-108,2,,,,大考中心高中英文參考詞彙表（111學年度起適用）,LEVEL 2,官方清單,,,
ceec-108:level-2:principle,principle,'prinsipl,n.,"n. 原則, 原理, 主義\n[化] 原理",,,CEEC-108,2,,,,大考中心高中英文參考詞彙表（111學年度起適用）,LEVEL 2,官方清單,,,
ceec-108:level-2:print,print,print,n.|v.,"n. 列印, 版, 印刷物, 痕跡, 印刷業, 印刷字型, 圖片, 印花布, 印章\nv. 列印, 印刷, 銘記, 留印記於, 用印刷體寫\n[計] DOS外部命令:在印表機上列印檔案, 可一邊列印檔案一邊執行其他工作",,,CEEC-108,2,,,,大考中心高中英文參考詞彙表（111學年度起適用）,LEVEL 2,官方清單,,,
ceec-108:level-2:printer,printer,'printә,n.,"n. 印刷工, 印表機\n[計] 印表機",,,CEEC-108,2,,,,大考中心高中英文參考詞彙表（111學年度起適用）,LEVEL 2,官方清單,,,
ceec-108:level-2:prison,prison,'prizn,n.,"n. 監獄, 監禁, 拘留所\nvt. 監禁",,,CEEC-108,2,,,,大考中心高中英文參考詞彙表（111學年度起適用）,LEVEL 2,官方清單,,,
ceec-108:level-2:prisoner,prisoner,'priznә,n.,"n. 囚犯, 犯人, 戰俘\n[法] 犯人, 囚犯, 扣押犯",,,CEEC-108,2,,,,大考中心高中英文參考詞彙表（111學年度起適用）,LEVEL 2,官方清單,,,
ceec-108:level-2:private,private,'praivit,adj.,"a. 私人的, 秘密的, 私立的, 隱蔽的\nn. 士兵, 隱士, 陰部\n[計] 私人的",,,CEEC-108,2,,,,大考中心高中英文參考詞彙表（111學年度起適用）,LEVEL 2,官方清單,,,
ceec-108:level-2:prize,prize,praiz,n.|v.,"n. 獎賞, 獎金, 獎品, 戰利品, 捕獲\na. 得獎的\nvt. 珍視, 估價, 捕獲, 撬, 撬動",,,CEEC-108,2,,,,大考中心高中英文參考詞彙表（111學年度起適用）,LEVEL 2,官方清單,,,
ceec-108:level-2:produce,produce,prә'dju:s,n.|v.,"n. 生產品, 物產, 後代\nvt. 產生, 生產, 提出, 出示\nvi. 生產, 製造",,,CEEC-108,2,,,,大考中心高中英文參考詞彙表（111學年度起適用）,LEVEL 2,官方清單,,,
ceec-108:level-2:production,production,prә'dʌkʃәn,n.,"n. 製造, 生產, 產物\n[醫] 產生, 生成",,,CEEC-108,2,,,,大考中心高中英文參考詞彙表（111學年度起適用）,LEVEL 2,官方清單,,,
ceec-108:level-2:progress,progress,'prәugres,n.|v.,"n. 進步, 發展, 前進\nvi. 進步, 進行",,,CEEC-108,2,,,,大考中心高中英文參考詞彙表（111學年度起適用）,LEVEL 2,官方清單,,,
ceec-108:level-2:project,project,'prɒdʒekt,n.,"n. 計劃, 設計, 事業\nvt. 計劃, 設計, 投擲, 發射, 使凸出, 放映\nvi. 凸出",,,CEEC-108,2,,,,大考中心高中英文參考詞彙表（111學年度起適用）,LEVEL 2,官方清單,,,
ceec-108:level-2:promise,promise,'prɒmis,n.|v.,"n. 諾言, 約定的事情, 有指望\nvt. 允諾, 約定, 預示\nvi. 允諾, 有前途, 有指望",,,CEEC-108,2,,,,大考中心高中英文參考詞彙表（111學年度起適用）,LEVEL 2,官方清單,,,
ceec-108:level-2:proper,proper,'prɒpә,adj.,"a. 適當的, 固有的, 高尚的, 專屬的\nadv. 完全地, 徹底地",,,CEEC-108,2,,,,大考中心高中英文參考詞彙表（111學年度起適用）,LEVEL 2,官方清單,,,
ceec-108:level-2:propose,propose,prә'pәuz,v.,"vt. 計劃, 打算, 建議, 提議, 求(婚)\nvi. 打算, 求婚",,,CEEC-108,2,,,,大考中心高中英文參考詞彙表（111學年度起適用）,LEVEL 2,官方清單,,,
ceec-108:level-2:protect,protect,prә'tekt,v.,"vt. 防衛, 保護, 警戒\n[法] 庇護, 保護, 警戒",,,CEEC-108,2,,,,大考中心高中英文參考詞彙表（111學年度起適用）,LEVEL 2,官方清單,,,
ceec-108:level-2:protective,protective,prә'tektiv,adj.,"a. 給予保護的, 保護的\n[醫] 保護的, 防護的, 保護劑, 保護物, 油綢",,,CEEC-108,2,,,,大考中心高中英文參考詞彙表（111學年度起適用）,LEVEL 2,官方清單,,,
ceec-108:level-2:prove,prove,pru:v,v.,"vt. 證明, 查驗, 檢驗, 勘探, 顯示\nvi. 證明是",,,CEEC-108,2,,,,大考中心高中英文參考詞彙表（111學年度起適用）,LEVEL 2,官方清單,,,
ceec-108:level-2:provide,provide,prә'vaid,v.,"vt. 提供, 供應, 規定, 預備\nvi. 作準備, 撫養, 規定",,,CEEC-108,2,,,,大考中心高中英文參考詞彙表（111學年度起適用）,LEVEL 2,官方清單,,,
ceec-108:level-2:pudding,pudding,'pudiŋ,n.,n. 布丁,,,CEEC-108,2,,,,大考中心高中英文參考詞彙表（111學年度起適用）,LEVEL 2,官方清單,,,
ceec-108:level-2:pumpkin,pumpkin,'pʌmpkin,n.,n. 南瓜,,,CEEC-108,2,,,,大考中心高中英文參考詞彙表（111學年度起適用）,LEVEL 2,官方清單,,,
ceec-108:level-2:punish,punish,'pʌniʃ,v.,"vt. 處罰, 懲罰, 嚴厲對待\nvi. 懲罰",,,CEEC-108,2,,,,大考中心高中英文參考詞彙表（111學年度起適用）,LEVEL 2,官方清單,,,
ceec-108:level-2:punishment,punishment,'pʌniʃmәnt,n.,"n. 處罰, 刑罰, 懲罰\n[法] 罰, 處罰, 刑罰",,,CEEC-108,2,,,,大考中心高中英文參考詞彙表（111學年度起適用）,LEVEL 2,官方清單,,,
ceec-108:level-2:pupil,pupil,'pju:pl,n.,"n. 學生, 門生, 未成年人, 瞳孔\n[醫] 瞳孔",,,CEEC-108,2,,,,大考中心高中英文參考詞彙表（111學年度起適用）,LEVEL 2,官方清單,,,
ceec-108:level-2:puppy,puppy,'pʌpi,n.,"n. 小狗, 小動物, 自負的年輕人",,,CEEC-108,2,,,,大考中心高中英文參考詞彙表（111學年度起適用）,LEVEL 2,官方清單,,,
ceec-108:level-2:purple,purple,'pә:pl,adj.|n.,"n. 紫色, 帝位\na. 紫色的, 帝王的, 華而不實的\nv. (使)成紫色",,,CEEC-108,2,,,,大考中心高中英文參考詞彙表（111學年度起適用）,LEVEL 2,官方清單,,,
ceec-108:level-2:purpose,purpose,'pә:pәs,n.,"n. 目的, 意向, 決心, 用途, 效果, 論題\nvt. 意欲, 企圖, 計劃",,,CEEC-108,2,,,,大考中心高中英文參考詞彙表（111學年度起適用）,LEVEL 2,官方清單,,,
ceec-108:level-2:puzzle,puzzle,'pʌzl,n.|v.,"n. 難題, 迷惑\nvt. 使困惑, 使為難\nvi. 迷惑, 苦思",,,CEEC-108,2,,,,大考中心高中英文參考詞彙表（111學年度起適用）,LEVEL 2,官方清單,,,
ceec-108:level-2:quality,quality,'kwɒlәti,n.,"n. 品質, 特性, 才能, 質量\na. 優質的\n[計] 品質",,,CEEC-108,2,,,,大考中心高中英文參考詞彙表（111學年度起適用）,LEVEL 2,官方清單,,,
ceec-108:level-2:quantity,quantity,'kwɒntәti,n.,"n. 量, 數量, 總量\n[計] 數量; 量",,,CEEC-108,2,,,,大考中心高中英文參考詞彙表（111學年度起適用）,LEVEL 2,官方清單,,,
ceec-108:level-2:quiz,quiz,kwiz,n.,"n. 考查, 課堂測驗, 惡作劇, 智力測驗\nvt. 戲弄, 考查, 惡作劇",,,CEEC-108,2,,,,大考中心高中英文參考詞彙表（111學年度起適用）,LEVEL 2,官方清單,,,
ceec-108:level-2:railroad,railroad,'reilrәud,n.,"n. 鐵路, 鐵路公司\nvt. 鋪設鐵路, 用鐵路運輸\nvi. 在鐵路工作",,,CEEC-108,2,,,,大考中心高中英文參考詞彙表（111學年度起適用）,LEVEL 2,官方清單,,,
ceec-108:level-2:railway,railway,'reilwei,n.,"n. 鐵路, 軌道\n[經] 鐵路",,,CEEC-108,2,,,,大考中心高中英文參考詞彙表（111學年度起適用）,LEVEL 2,官方清單,,,
ceec-108:level-2:raincoat,raincoat,'reinkәut,n.,n. 雨衣,,,CEEC-108,2,,,,大考中心高中英文參考詞彙表（111學年度起適用）,LEVEL 2,官方清單,,,
ceec-108:level-2:range,range,'reindʒ,n.|v.,"n. 排, 行, 山脈, 範圍, 行列, 射程\nvt. 排列, 歸類於, 使並列, 放牧\nvi. 平行, 延伸, 漫遊\n[計] 量程; 範圍; 域; 距離",,,CEEC-108,2,,,,大考中心高中英文參考詞彙表（111學年度起適用）,LEVEL 2,官方清單,,,
ceec-108:level-2:rapid,rapid,'ræpid,adj.,"a. 迅速的, 飛快的, 急促的, 陡的\nn. 急流",,,CEEC-108,2,,,,大考中心高中英文參考詞彙表（111學年度起適用）,LEVEL 2,官方清單,,,
ceec-108:level-2:rare,rare,rєә,adj.,"a. 稀罕的, 罕有的, 珍奇的, 稀薄的, 半熟的, 非常好的\nadv. 非常",,,CEEC-108,2,,,,大考中心高中英文參考詞彙表（111學年度起適用）,LEVEL 2,官方清單,,,
ceec-108:level-2:rat,rat,ræt,n.,"n. 鼠, 卑鄙的人, 破壞者, 變節者\nvi. 捕鼠, 變節\nvt. 弄蓬鬆",,,CEEC-108,2,,,,大考中心高中英文參考詞彙表（111學年度起適用）,LEVEL 2,官方清單,,,
ceec-108:level-2:rather,rather,'ræðә,adv.,"adv. 寧可, 稍微, 相當",,,CEEC-108,2,,,,大考中心高中英文參考詞彙表（111學年度起適用）,LEVEL 2,官方清單,,,
ceec-108:level-2:reality,reality,ri'æliti,n.,"n. 實在, 事實, 實體, 逼真\n[法] 現實, 實在存在的事物, 實在性",,,CEEC-108,2,,,,大考中心高中英文參考詞彙表（111學年度起適用）,LEVEL 2,官方清單,,,
ceec-108:level-2:realize,realize,'riәlaiz,v.,"vt. 瞭解, 實現, 使顯得逼真, 變賣\nvi. 變賣",,,CEEC-108,2,,,,大考中心高中英文參考詞彙表（111學年度起適用）,LEVEL 2,官方清單,,,
ceec-108:level-2:receive,receive,ri'si:v,v.,"vt. 收到, 接到, 得到, 接待, 迎接, 承受\nvi. 收到, 會客\n[計] 接收",,,CEEC-108,2,,,,大考中心高中英文參考詞彙表（111學年度起適用）,LEVEL 2,官方清單,,,
ceec-108:level-2:recent,recent,'ri:snt,adj.,"a. 最近的, 近代的, 最新的\n[經] 最近的, 新進的",,,CEEC-108,2,,,,大考中心高中英文參考詞彙表（111學年度起適用）,LEVEL 2,官方清單,,,
ceec-108:level-2:record,record,ri'kɒ:d,n.|v.,"n. 記錄, 履歷, 檔案, 審判記錄, 最高紀錄, 唱片\nvt. 記錄, 記載, 標明, 將...錄音\nvi. 記錄, 錄音, 可被錄音\na. 創紀錄的\n[計] 錄製, 記錄",,,CEEC-108,2,,,,大考中心高中英文參考詞彙表（111學年度起適用）,LEVEL 2,官方清單,,,
ceec-108:level-2:recover,recover,ri'kʌvә,v.,"vt. 重新獲得, 恢復, 復原, 拯救\nvi. 痊癒, 復原, 勝訴\n[計] 恢復",,,CEEC-108,2,,,,大考中心高中英文參考詞彙表（111學年度起適用）,LEVEL 2,官方清單,,,
ceec-108:level-2:refrigerator,refrigerator,ri'fridʒәreitә,n.,"n. 電冰箱, 冷藏庫\n[計] 冷凍機; 致冷器",,,CEEC-108,2,,,,大考中心高中英文參考詞彙表（111學年度起適用）,LEVEL 2,官方清單,,,
ceec-108:level-2:refuse,refuse,ri'fju:z,v.,"vt. 拒絕, 謝絕\nvi. 拒絕\nn. 廢物\na. 扔掉的, 無用的",,,CEEC-108,2,,,,大考中心高中英文參考詞彙表（111學年度起適用）,LEVEL 2,官方清單,,,
ceec-108:level-2:regard,regard,ri'gɑ:d,n.|v.,"n. 關心, 注意, 尊敬, 關係, 問候\nvt. 視為, 注意, 考慮, 和...有關, 看待\nvi. 注視, 注意",,,CEEC-108,2,,,,大考中心高中英文參考詞彙表（111學年度起適用）,LEVEL 2,官方清單,,,
ceec-108:level-2:region,region,'ri:dʒәn,n.,"n. 區域, 地帶, 地區, 領域, 範圍, 區\n[計] 區, 區域",,,CEEC-108,2,,,,大考中心高中英文參考詞彙表（111學年度起適用）,LEVEL 2,官方清單,,,
ceec-108:level-2:regular,regular,'regjulә,adj.|n.,"a. 規則的, 常例的, 有秩序的, 整齊的, 等邊的, 定期的, 經常的, 合格的, 常備軍的\nn. 正規軍, 正式隊員\nadv. 經常地\nn. 正常體\n[計] 正常體",,,CEEC-108,2,,,,大考中心高中英文參考詞彙表（111學年度起適用）,LEVEL 2,官方清單,,,
ceec-108:level-2:reject,reject,ri'dʒekt,v.,"n. 被拒之人, 被棄之物, 不合格品, 次品\nvt. 拒絕, 抵制, 否決, 駁回, 丟棄, 嘔出",,,CEEC-108,2,,,,大考中心高中英文參考詞彙表（111學年度起適用）,LEVEL 2,官方清單,,,
ceec-108:level-2:relate,relate,ri'leit,v.,"vt. 講, 敘述, 使互相關聯\nvi. 有關, 符合, 相處得好",,,CEEC-108,2,,,,大考中心高中英文參考詞彙表（111學年度起適用）,LEVEL 2,官方清單,,,
ceec-108:level-2:relation,relation,ri'leiʃәn,n.,"n. 關係, 聯絡, 敘述, 故事, 家屬, 親戚\n[計] 關係",,,CEEC-108,2,,,,大考中心高中英文參考詞彙表（111學年度起適用）,LEVEL 2,官方清單,,,
ceec-108:level-2:relationship,relationship,ri'leiʃәnʃip,n.,"n. 關係, 關聯\n[醫] 關係",,,CEEC-108,2,,,,大考中心高中英文參考詞彙表（111學年度起適用）,LEVEL 2,官方清單,,,
ceec-108:level-2:religion,religion,ri'lidʒәn,n.,"n. 宗教, 信仰\n[法] 宗教, 宗教信仰, 信仰",,,CEEC-108,2,,,,大考中心高中英文參考詞彙表（111學年度起適用）,LEVEL 2,官方清單,,,
ceec-108:level-2:remove,remove,ri'mu:v,v.,"vt. 移動, 調動, 除去, 遷移, 開除, 移交\nvi. 遷移, 移動, 搬家\nn. 班級, 升級, 移動, 搬家, 間距\n[計] 刪除",,,CEEC-108,2,,,,大考中心高中英文參考詞彙表（111學年度起適用）,LEVEL 2,官方清單,,,
ceec-108:level-2:rent,rent,rent,n.|v.,"n. 租金, 房租, 出租物, 裂縫, 破裂處, 分裂\nvt. 租用, 租出\nvi. 出租\na. 分裂的, 破裂的\nrend的過去式和過去分詞",,,CEEC-108,2,,,,大考中心高中英文參考詞彙表（111學年度起適用）,LEVEL 2,官方清單,,,
ceec-108:level-2:repair,repair,ri'pєә,n.|v.,"n. 修理, 補救, 修復\nvt. 修理, 修補, 補救, 恢復, 補償\nvi. 修理, 修補, 補救, 恢復, 去, 常去, 集合",,,CEEC-108,2,,,,大考中心高中英文參考詞彙表（111學年度起適用）,LEVEL 2,官方清單,,,
ceec-108:level-2:reply,reply,ri'plai,n.|v.,"n. 答覆, 回答, 答辯\nvi. 答覆, 回答, 回擊, 反響, 答辯\nvt. 回答\n[計] 答覆",,,CEEC-108,2,,,,大考中心高中英文參考詞彙表（111學年度起適用）,LEVEL 2,官方清單,,,
ceec-108:level-2:require,require,ri'kwaiә,v.,"vt. 需要, 命令, 要求\n[法] 需要, 要求, 命令",,,CEEC-108,2,,,,大考中心高中英文參考詞彙表（111學年度起適用）,LEVEL 2,官方清單,,,
ceec-108:level-2:requirement,requirement,ri'kwaiәmәnt,n.,"n. 需求, 必要條件, 要求\n[化] 要求; 合同要求",,,CEEC-108,2,,,,大考中心高中英文參考詞彙表（111學年度起適用）,LEVEL 2,官方清單,,,
ceec-108:level-2:respect,respect,ri'spekt,n.|v.,"n. 尊敬, 尊重, 問候\nvt. 尊敬, 注意, 遵守",,,CEEC-108,2,,,,大考中心高中英文參考詞彙表（111學年度起適用）,LEVEL 2,官方清單,,,
ceec-108:level-2:respond,respond,ri'spɒnd,v.,"vt. 以...回答\nvi. 回答, 響應, 回報, 有反應, 承擔責任",,,CEEC-108,2,,,,大考中心高中英文參考詞彙表（111學年度起適用）,LEVEL 2,官方清單,,,
ceec-108:level-2:responsible,responsible,ri'spɒnsәbl,adj.,"a. 有責任的, 負責的, 責任重大的\n[法] 應負責任的, 有責任的, 能履行責任的",,,CEEC-108,2,,,,大考中心高中英文參考詞彙表（111學年度起適用）,LEVEL 2,官方清單,,,
ceec-108:level-2:restroom,restroom,'restru:m,n.,n. 洗手間；休息室；更衣室；廁所,,,CEEC-108,2,,,,大考中心高中英文參考詞彙表（111學年度起適用）,LEVEL 2,官方清單,,,
ceec-108:level-2:result,result,ri'zʌlt,n.|v.,"n. 結果, 成績, 答案\nvi. 產生, 結果, 致使\n[計] 結果",,,CEEC-108,2,,,,大考中心高中英文參考詞彙表（111學年度起適用）,LEVEL 2,官方清單,,,
ceec-108:level-2:return,return,ri'tә:n,n.|v.,"n. 回來, 返回, 來回票, 歸還, 報答, 利潤率, 報告書\na. 返回的, 回程的, 報答的, 反向的, 重現的, 復原的\nvi. 返回, 歸還, 回來\nvt. 歸還, 還, 回報, 產生, 反射, 報告, 申報, 退回\n[計] 返回",,,CEEC-108,2,,,,大考中心高中英文參考詞彙表（111學年度起適用）,LEVEL 2,官方清單,,,
ceec-108:level-2:review,review,ri'vju:,n.|v.,"n. 檢討, 複習, 回顧, 檢閱, 評論\nvt. 溫習, 檢討, 評論, 再檢察, 複審\nvi. 複習功課, 寫評論",,,CEEC-108,2,,,,大考中心高中英文參考詞彙表（111學年度起適用）,LEVEL 2,官方清單,,,
ceec-108:level-2:riches,riches,'ritʃiz,n.,"pl. 財富, 財產, 富有\n[經] 財富, 財寶, 房地產",,,CEEC-108,2,,,,大考中心高中英文參考詞彙表（111學年度起適用）,LEVEL 2,官方清單,,,
ceec-108:level-2:roach,roach,rәutʃ,n.,n. 斜齒鯿\nvt. 使成凹狀,,,CEEC-108,2,,,,大考中心高中英文參考詞彙表（111學年度起適用）,LEVEL 2,官方清單,,,
ceec-108:level-2:rocky,rocky,'rɒki,adj.,"a. 岩石的, 多石的, 像岩石的, 無情的, 搖動的, 搖晃的",,,CEEC-108,2,,,,大考中心高中英文參考詞彙表（111學年度起適用）,LEVEL 2,官方清單,,,
ceec-108:level-2:role,role,rәul,n.,"n. 角色, 職責, 任務\n[醫] 作用, 功用",,,CEEC-108,2,,,,大考中心高中英文參考詞彙表（111學年度起適用）,LEVEL 2,官方清單,,,
ceec-108:level-2:roof,roof,ru:f,n.|v.,"n. 屋頂, 室頂\nvt. 給...蓋屋頂, 遮蔽",,,CEEC-108,2,,,,大考中心高中英文參考詞彙表（111學年度起適用）,LEVEL 2,官方清單,,,
ceec-108:level-2:rooster,rooster,'ru:stә,n.,"n. 公雞, 棲息的鳥\n[機] 爐篦",,,CEEC-108,2,,,,大考中心高中英文參考詞彙表（111學年度起適用）,LEVEL 2,官方清單,,,
ceec-108:level-2:royal,royal,'rɒiәl,adj.,"n. 王室, 皇族\na. 王室的, 皇家的, 盛大的, 莊嚴的",,,CEEC-108,2,,,,大考中心高中英文參考詞彙表（111學年度起適用）,LEVEL 2,官方清單,,,
ceec-108:level-2:rub,rub,rʌb,n.|v.,"n. 摩擦, 困難, 障礙, 磨損處\nvt. 擦, 搓, 摩擦, 惹怒\nvi. 摩擦, 擦破",,,CEEC-108,2,,,,大考中心高中英文參考詞彙表（111學年度起適用）,LEVEL 2,官方清單,,,
ceec-108:level-2:rubber,rubber,'rʌbә,n.,"n. 橡皮, 橡膠, 做摩擦動作的人, 按摩師, 決勝盤\nvt. 用橡膠製造, 塗橡膠於",,,CEEC-108,2,,,,大考中心高中英文參考詞彙表（111學年度起適用）,LEVEL 2,官方清單,,,
ceec-108:level-2:rude,rude,ru:d,adj.,"a. 粗魯無禮的, 粗陋的, 粗暴的, 原始的, 未開化的, 大略的, 崎嶇不平的, 狂暴的",,,CEEC-108,2,,,,大考中心高中英文參考詞彙表（111學年度起適用）,LEVEL 2,官方清單,,,
ceec-108:level-2:runner,runner,'rʌnә,n.,"n. 跑步者, 賽跑者, 送信人, 走私船, 操作者, 滑槽\n[化] 碾碎機; 壓碎機",,,CEEC-108,2,,,,大考中心高中英文參考詞彙表（111學年度起適用）,LEVEL 2,官方清單,,,
ceec-108:level-2:safety,safety,'seifti,n.,"n. 安全, 保險, 平安, 保安裝置\nvt. 保護, 防護",,,CEEC-108,2,,,,大考中心高中英文參考詞彙表（111學年度起適用）,LEVEL 2,官方清單,,,
ceec-108:level-2:sail,sail,seil,n.|v.,"n. 帆, 篷, 帆船, 航程, 帆狀物\nvi. 航行, 啟航, 張帆而行\nvt. 航行於, 駕船",,,CEEC-108,2,,,,大考中心高中英文參考詞彙表（111學年度起適用）,LEVEL 2,官方清單,,,
ceec-108:level-2:sailor,sailor,'seilә,n.,"n. 水手, 船員, 海員\n[法] 水手, 船員, 海員",,,CEEC-108,2,,,,大考中心高中英文參考詞彙表（111學年度起適用）,LEVEL 2,官方清單,,,
ceec-108:level-2:salesman,salesman,'seilzmәn,n.,"n. 售貨員, 推銷員\n[經] 售貨員, 店員, 推銷員",,,CEEC-108,2,,,,大考中心高中英文參考詞彙表（111學年度起適用）,LEVEL 2,官方清單,,,
ceec-108:level-2:salesperson,salesperson,'seilzpә:sәn,n.,n. 售貨員,,,CEEC-108,2,,,,大考中心高中英文參考詞彙表（111學年度起適用）,LEVEL 2,官方清單,,,
ceec-108:level-2:saleswoman,saleswoman,'seilzwumәn,n.,"n. 女售貨員, 女店員",,,CEEC-108,2,,,,大考中心高中英文參考詞彙表（111學年度起適用）,LEVEL 2,官方清單,,,
ceec-108:level-2:salty,salty,'sɒ:lti,adj.,"a. 有鹽分的, 鹹味濃的, 海洋的, 辛辣的, 有經驗的",,,CEEC-108,2,,,,大考中心高中英文參考詞彙表（111學年度起適用）,LEVEL 2,官方清單,,,
ceec-108:level-2:sample,sample,'sæmpl,n.|v.,"n. 樣品, 範例, 樣本\nvt. 抽樣, 嘗試\n[計] 示例, 字樣",,,CEEC-108,2,,,,大考中心高中英文參考詞彙表（111學年度起適用）,LEVEL 2,官方清單,,,
ceec-108:level-2:sand,sand,sænd,n.|v.,"n. 沙, 沙子, 沙灘, 光陰, 生涯\nvt. 撒沙, 以沙掩蓋",,,CEEC-108,2,,,,大考中心高中英文參考詞彙表（111學年度起適用）,LEVEL 2,官方清單,,,
ceec-108:level-2:sandwich,sandwich,'sændwitʃ,n.|v.,"n. 三明治, 夾心麵包, 夾層板\nvt. 插入, 夾入, 把...製成三明治",,,CEEC-108,2,,,,大考中心高中英文參考詞彙表（111學年度起適用）,LEVEL 2,官方清單,,,
ceec-108:level-2:satisfy,satisfy,'sætisfai,v.,"vt. 使滿意, 滿足, 符合, 使確信, 賠償\nvi. 令人滿意, 替人贖罪",,,CEEC-108,2,,,,大考中心高中英文參考詞彙表（111學年度起適用）,LEVEL 2,官方清單,,,
ceec-108:level-2:saw,saw,sɒ:,n.|v.,"n. 鋸子, 諺語\nvt. 鋸, 鋸開, 來回移動\nvi. 拉鋸, 移動\nsee的過去式",,,CEEC-108,2,,,,大考中心高中英文參考詞彙表（111學年度起適用）,LEVEL 2,官方清單,,,
ceec-108:level-2:scare,scare,skєә,n.|v.,"n. 驚嚇, 恐慌\nvt. 驚嚇, 使恐慌\nvi. 受驚",,,CEEC-108,2,,,,大考中心高中英文參考詞彙表（111學年度起適用）,LEVEL 2,官方清單,,,
ceec-108:level-2:scared,scared,skeәd,adj.,"a. 害怕的, 擔驚受怕的, 驚慌的, 嚇壞了的",,,CEEC-108,2,,,,大考中心高中英文參考詞彙表（111學年度起適用）,LEVEL 2,官方清單,,,
ceec-108:level-2:scene,scene,si:n,n.,"n. 場, 情景, 鏡頭, 發生地點, 道具, 佈景, 景色\n[化] 現場",,,CEEC-108,2,,,,大考中心高中英文參考詞彙表（111學年度起適用）,LEVEL 2,官方清單,,,
ceec-108:level-2:schedule,schedule,'skedʒuәl,n.|v.,"n. 時間表, 一覽表, 計劃表, 議事日程\nvt. 預定, 編制目錄, 制...表, 安排",,,CEEC-108,2,,,,大考中心高中英文參考詞彙表（111學年度起適用）,LEVEL 2,官方清單,,,
ceec-108:level-2:scooter,scooter,'sku:tә,n.,"n. 小型摩托車, 踏板車\n[機] 機車",,,CEEC-108,2,,,,大考中心高中英文參考詞彙表（111學年度起適用）,LEVEL 2,官方清單,,,
ceec-108:level-2:score,score,skɒ:,n.|v.,"n. 得分, 抓痕, 二十個, 刻痕, 帳目, 樂譜, 起跑線, 終點線, 大量\nvt. 刻劃, 劃線, 獲得, 評價, 把...記下\nvi. 刻痕, 記分, 得分\n[計] 得分",,,CEEC-108,2,,,,大考中心高中英文參考詞彙表（111學年度起適用）,LEVEL 2,官方清單,,,
ceec-108:level-2:screen,screen,skri:n,n.,"n. 幕, 銀幕, 屏風, 掩蔽物, 遮蔽, 篩子\nvt. 掩蔽, 放映, 拍攝, 掩護, 篩, 甄別\nvi. 拍電影\n[計] 篩選; 螢幕",,,CEEC-108,2,,,,大考中心高中英文參考詞彙表（111學年度起適用）,LEVEL 2,官方清單,,,
ceec-108:level-2:seafood,seafood,'si:fu:d,n.,"n. 海味, 海鮮, 魚類",,,CEEC-108,2,,,,大考中心高中英文參考詞彙表（111學年度起適用）,LEVEL 2,官方清單,,,
ceec-108:level-2:search,search,sә:tʃ,n.|v.,"n. 搜尋, 查究\nv. 搜尋, 搜查, 探求, 調查, 搜尋\n[計] 搜尋, 路徑檢索程式",,,CEEC-108,2,,,,大考中心高中英文參考詞彙表（111學年度起適用）,LEVEL 2,官方清單,,,
ceec-108:level-2:secondary,secondary,'sekәndәri,adj.,"a. 中級的, 中等的, 次要的, 第二的, 從屬的, 輔助的\n[化] 仲(指CH-3...CH(CH-3)-型支鏈烴基或指二元胺及R-2CHOH型的醇); 第二",,,CEEC-108,2,,,,大考中心高中英文參考詞彙表（111學年度起適用）,LEVEL 2,官方清單,,,
ceec-108:level-2:secret,secret,'si:krit,adj.|n.,"n. 秘密, 機密, 秘訣, 秘方\na. 秘密的, 極機密的, 隱蔽的, 暗中的, 神秘的, 偏僻的",,,CEEC-108,2,,,,大考中心高中英文參考詞彙表（111學年度起適用）,LEVEL 2,官方清單,,,
ceec-108:level-2:section,section,'sekʃәn,n.,"n. 區段, 部分, 區域, 節, 截面, 處, 科, 區, 扇區\nvt. 把...分段, 把...切片\nvi. 被切成片\n[計] 扇區",,,CEEC-108,2,,,,大考中心高中英文參考詞彙表（111學年度起適用）,LEVEL 2,官方清單,,,
ceec-108:level-2:seek,seek,si:k,v.,"vt. 尋求, 尋找, 探索, 追求, 搜尋, 請求\nvi. 尋找, 搜尋\n[計] 查詢",,,CEEC-108,2,,,,大考中心高中英文參考詞彙表（111學年度起適用）,LEVEL 2,官方清單,,,
ceec-108:level-2:seem,seem,si:m,v.,"vi. 象是, 似乎",,,CEEC-108,2,,,,大考中心高中英文參考詞彙表（111學年度起適用）,LEVEL 2,官方清單,,,
ceec-108:level-2:seesaw,seesaw,'si:sɒ:,n.,"n. 蹺蹺板, 蹺蹺板遊戲, 起伏交替的動作\na. 上下或前後搖動的, 互動的\nvi. 玩蹺蹺板, 上下或來回搖動\nvt. 使上下或來回搖動",,,CEEC-108,2,,,,大考中心高中英文參考詞彙表（111學年度起適用）,LEVEL 2,官方清單,,,
ceec-108:level-2:seldom,seldom,'seldәm,adv.,"a. 不常的, 稀少的\nadv. 很少, 不常",,,CEEC-108,2,,,,大考中心高中英文參考詞彙表（111學年度起適用）,LEVEL 2,官方清單,,,
ceec-108:level-2:select,select,si'lekt,adj.|v.,"a. 挑選出來的, 極好的\nv. 選擇, 挑選\nn. 被挑選者, 精萃\n[計] 選定",,,CEEC-108,2,,,,大考中心高中英文參考詞彙表（111學年度起適用）,LEVEL 2,官方清單,,,
ceec-108:level-2:selection,selection,si'lekʃәn,n.,"n. 選擇, 選文, 精選品\n[醫] 選擇, 淘汰",,,CEEC-108,2,,,,大考中心高中英文參考詞彙表（111學年度起適用）,LEVEL 2,官方清單,,,
ceec-108:level-2:self,self,self,n.,"n. 自己, 自我, 本性, 本質, 私心, 本人\nvt. 使近親繁殖, 使自花授精\nvi. 自花授精\na. 同一的",,,CEEC-108,2,,,,大考中心高中英文參考詞彙表（111學年度起適用）,LEVEL 2,官方清單,,,
ceec-108:level-2:selfish,selfish,'selfiʃ,adj.,"a. 自私的, 利己主義的, 自我中心的",,,CEEC-108,2,,,,大考中心高中英文參考詞彙表（111學年度起適用）,LEVEL 2,官方清單,,,
ceec-108:level-2:sense,sense,sens,n.|v.,"n. 感應, 感覺, 感官, 意識, 觀念, 情理, 知覺, 理智\nvt. 感覺, 覺察, 檢測\n[計] 閱讀; 檢測",,,CEEC-108,2,,,,大考中心高中英文參考詞彙表（111學年度起適用）,LEVEL 2,官方清單,,,
ceec-108:level-2:sensitive,sensitive,'sensitiv,adj.,"a. 敏感的, 易感的, 靈敏的, 感光的\n[機] 敏感的, 靈敏的, 感度高的",,,CEEC-108,2,,,,大考中心高中英文參考詞彙表（111學年度起適用）,LEVEL 2,官方清單,,,
ceec-108:level-2:separate,separate,'sepәreit,adj.|v.,"n. 獨立件, 抽印本\na. 分開的, 各別的, 單獨的, 分隔的\nvi. 分開, 隔開, 分居\nvt. 使分離, 使分開, 區分, 使分居",,,CEEC-108,2,,,,大考中心高中英文參考詞彙表（111學年度起適用）,LEVEL 2,官方清單,,,
ceec-108:level-2:servant,servant,'sә:vәnt,n.,"n. 僕人, 有用物, 公務員, 僱員\n[法] 受僱人, 服務者, 公務員",,,CEEC-108,2,,,,大考中心高中英文參考詞彙表（111學年度起適用）,LEVEL 2,官方清單,,,
ceec-108:level-2:serve,serve,sә:v,v.,"vt. 可作...用, 服務, 經歷, 招待, 供應, 送交, 對待\nvi. 服務, 服役, 侍應, 適合, 有用, 開球\nn. 發球, 輪到發球",,,CEEC-108,2,,,,大考中心高中英文參考詞彙表（111學年度起適用）,LEVEL 2,官方清單,,,
ceec-108:level-2:settle,settle,'setl,v.,"n. 有背長椅\nvt. 決定, 整理, 安放, 使定居, 使平靜, 支付, 安排, 解決, 結算\nvi. 停留, 下陷, 沉澱, 澄清, 安下心來, 結清, 定居, 安家",,,CEEC-108,2,,,,大考中心高中英文參考詞彙表（111學年度起適用）,LEVEL 2,官方清單,,,
ceec-108:level-2:settlement,settlement,'setlmәnt,n.,"n. 安頓, 解決, 處理, 結算, 殖民, 殖民地, 沉降\n[醫] 居住區; 沉渣",,,CEEC-108,2,,,,大考中心高中英文參考詞彙表（111學年度起適用）,LEVEL 2,官方清單,,,
ceec-108:level-2:sex,sex,seks,n.,"n. 性別, 性慾\nvt. 區別...的性別, 引起...的性慾",,,CEEC-108,2,,,,大考中心高中英文參考詞彙表（111學年度起適用）,LEVEL 2,官方清單,,,
ceec-108:level-2:shame,shame,ʃeim,n.|v.,"n. 羞恥, 羞愧, 恥辱\nvt. 使羞愧, 侮辱",,,CEEC-108,2,,,,大考中心高中英文參考詞彙表（111學年度起適用）,LEVEL 2,官方清單,,,
ceec-108:level-2:shark,shark,ʃɑ:k,n.,"n. 鯊魚, 騙子\nv. 詐騙",,,CEEC-108,2,,,,大考中心高中英文參考詞彙表（111學年度起適用）,LEVEL 2,官方清單,,,
ceec-108:level-2:sheet,sheet,ʃi:t,n.,"n. 床單, 張, 紙張, 印刷品, 裹屍布, 薄片\nvt. 蓋上被單, 遍佈\nvi. 大片落下\na. 片狀的, 成薄片的\n[計] 工作表",,,CEEC-108,2,,,,大考中心高中英文參考詞彙表（111學年度起適用）,LEVEL 2,官方清單,,,
ceec-108:level-2:shelf,shelf,ʃelf,n.,"n. 架子, 擱板\n[化] 架子",,,CEEC-108,2,,,,大考中心高中英文參考詞彙表（111學年度起適用）,LEVEL 2,官方清單,,,
ceec-108:level-2:shell,shell,ʃel,n.,"n. 貝殼, 殼, 外形, 炮彈\nvt. 去殼, 脫落, 炮轟\nvi. 剝落, 脫殼\n[計] 外殼; DOS內部命令:指定命令列處理程式",,,CEEC-108,2,,,,大考中心高中英文參考詞彙表（111學年度起適用）,LEVEL 2,官方清單,,,
ceec-108:level-2:shine,shine,ʃain,n.|v.,"n. 光澤, 陽光\nvt. 使發光\nvi. 照耀, 發光, 發亮",,,CEEC-108,2,,,,大考中心高中英文參考詞彙表（111學年度起適用）,LEVEL 2,官方清單,,,
ceec-108:level-2:shock,shock,ʃɒk,n.|v.,"n. 震動, 衝突, 震驚, 衝擊, 突擊, 禾束堆, 休克, 長毛狗\nvt. 使震動, 使休克, 使受電擊, 震驚得\nvi. 震動, 嚇人\na. 蓬亂濃密的",,,CEEC-108,2,,,,大考中心高中英文參考詞彙表（111學年度起適用）,LEVEL 2,官方清單,,,
ceec-108:level-2:shoot,shoot,ʃu:t,n.|v.,"n. 射擊, 狩獵, 芽, 射傷, 發射, 發芽, 急流, 推力, 攝影, 急送, 滑運道, 浪費\nvt. 射擊, 射中, 損毀, 拍攝, 噴出, 投射, 揮出, 飛速行進, 揮霍, 給...注射\nvi. 射出, 射擊, 發出, 拍電影, 射門, 發芽",,,CEEC-108,2,,,,大考中心高中英文參考詞彙表（111學年度起適用）,LEVEL 2,官方清單,,,
ceec-108:level-2:shopkeeper,shopkeeper,'ʃɒp.ki:pә,n.,"n. 零售商, 店主, 老闆",,,CEEC-108,2,,,,大考中心高中英文參考詞彙表（111學年度起適用）,LEVEL 2,官方清單,,,
ceec-108:level-2:shore,shore,ʃɒ:,n.,"n. 海岸, 海濱, 斜撐柱\nvt. 把...送上岸, 支撐, 支援",,,CEEC-108,2,,,,大考中心高中英文參考詞彙表（111學年度起適用）,LEVEL 2,官方清單,,,
ceec-108:level-2:shot,shot,ʃɒt,n.,"n. 發射, 炮彈, 射擊, 射手, 投籃, 射門, 子彈, 射程, 拍攝, 注射\nvt. 裝彈, 使成顆粒狀\na. 雜色的, 交織著的, 滲透的, 點焊的, 破舊的\nshoot的過去式和過去分詞",,,CEEC-108,2,,,,大考中心高中英文參考詞彙表（111學年度起適用）,LEVEL 2,官方清單,,,
ceec-108:level-2:shut,shut,ʃʌʃ,adj.|v.,"n. 關閉\nvt. 關上, 閉起, 幽禁, 合攏, 軋住\nvi. 關上, 停止營業",,,CEEC-108,2,,,,大考中心高中英文參考詞彙表（111學年度起適用）,LEVEL 2,官方清單,,,
ceec-108:level-2:shy,shy,ʃai,adj.,"n. 驚跳, 驚避\na. 膽怯的, 畏縮的, 遲疑的, 羞怯的\nvi. 驚退, 亂投, 亂擲, 厭惡, 避開\nvt. 亂投, 亂擲",,,CEEC-108,2,,,,大考中心高中英文參考詞彙表（111學年度起適用）,LEVEL 2,官方清單,,,
ceec-108:level-2:sidewalk,sidewalk,'saidwɒ:k,n.,n. 人行道,,,CEEC-108,2,,,,大考中心高中英文參考詞彙表（111學年度起適用）,LEVEL 2,官方清單,,,
ceec-108:level-2:silence,silence,'sailәns,n.|v.,"n. 沉默, 無聲, 靜寂, 湮沒, 無聲息\nvt. 使緘默\ninterj. 安靜",,,CEEC-108,2,,,,大考中心高中英文參考詞彙表（111學年度起適用）,LEVEL 2,官方清單,,,
ceec-108:level-2:silent,silent,'sailәnt,adj.,"a. 沉默的, 安靜的, 無聲的, 靜止的\n[醫] 靜止的, 無症狀的",,,CEEC-108,2,,,,大考中心高中英文參考詞彙表（111學年度起適用）,LEVEL 2,官方清單,,,
ceec-108:level-2:silly,silly,'sili,adj.,"a. 愚蠢的, 糊塗的",,,CEEC-108,2,,,,大考中心高中英文參考詞彙表（111學年度起適用）,LEVEL 2,官方清單,,,
ceec-108:level-2:silver,silver,'silvә,adj.|n.,"n. 銀, 銀幣, 銀器\na. 銀的, 銀製的, 銀器的\nvt. 鍍銀\nvi. 變銀白色",,,CEEC-108,2,,,,大考中心高中英文參考詞彙表（111學年度起適用）,LEVEL 2,官方清單,,,
ceec-108:level-2:similar,similar,'similә,adj.,"a. 相似的, 類似的\nn. 相似的東西",,,CEEC-108,2,,,,大考中心高中英文參考詞彙表（111學年度起適用）,LEVEL 2,官方清單,,,
ceec-108:level-2:simply,simply,'simpli,adv.,"adv. 簡單地, 只是, 簡直, 簡樸地, 坦白地",,,CEEC-108,2,,,,大考中心高中英文參考詞彙表（111學年度起適用）,LEVEL 2,官方清單,,,
ceec-108:level-2:single,single,'siŋgl,adj.|n.|v.,"a. 單身的, 單程的, 單一的, 個別的, 孤獨的, 專一的\nn. 一個, 單打, 單程票\nvt. 選出\nvi. 擊出一壘打\n[計] 單精度型",,,CEEC-108,2,,,,大考中心高中英文參考詞彙表（111學年度起適用）,LEVEL 2,官方清單,,,
ceec-108:level-2:skill,skill,'skil,n.,"n. 技術, 技巧, 技能, 熟練, 熟練工人\n[化] 技能",,,CEEC-108,2,,,,大考中心高中英文參考詞彙表（111學年度起適用）,LEVEL 2,官方清單,,,
ceec-108:level-2:skilled,skilled,'skild,adj.,"a. 熟練的\n[經] 熟練的, 有技能的",,,CEEC-108,2,,,,大考中心高中英文參考詞彙表（111學年度起適用）,LEVEL 2,官方清單,,,
ceec-108:level-2:skin,skin,skin,n.,"n. 皮膚, 皮\nvt. 剝皮, 在...植皮\nvi. 長皮, 癒合, 蛻皮",,,CEEC-108,2,,,,大考中心高中英文參考詞彙表（111學年度起適用）,LEVEL 2,官方清單,,,
ceec-108:level-2:sleepy,sleepy,'sli:pi,adj.,"a. 睏乏的, 欲睡的",,,CEEC-108,2,,,,大考中心高中英文參考詞彙表（111學年度起適用）,LEVEL 2,官方清單,,,
ceec-108:level-2:slide,slide,slaid,n.|v.,"n. 滑, 滑道, 山崩, 雪崩, 幻燈片\nvt. 使滑動, 偷偷放入\nvi. 滑動, 滑落, 不知不覺陷入, 偷偷地走",,,CEEC-108,2,,,,大考中心高中英文參考詞彙表（111學年度起適用）,LEVEL 2,官方清單,,,
ceec-108:level-2:slip,slip,slip,n.|v.,"n. 滑, 滑行, 事故, 溜, 差錯, 滑臺, 下降, 插條, 後裔, 板條, 瘦長的年輕人\nvi. 滑動, 滑倒, 失足, 溜走, 滑落, 犯錯, 變壞\nvt. 使滑動, 滑過, 擺脫, 閃開, 塞入, 從...取接枝\na. 滑動的, 滑移的, 活絡的, 有活結的\n[計] 序列線介面協議",,,CEEC-108,2,,,,大考中心高中英文參考詞彙表（111學年度起適用）,LEVEL 2,官方清單,,,
ceec-108:level-2:slipper,slipper,'slipә,n.,"n. 拖鞋, 制輪器\nvt. 用拖鞋打",,,CEEC-108,2,,,,大考中心高中英文參考詞彙表（111學年度起適用）,LEVEL 2,官方清單,,,
ceec-108:level-2:smooth,smooth,smu:ð,adj.|v.,"a. 平滑的, 平穩的, 流暢的, 和藹的, 安祥的, 圓滑的, 調勻的, 無毛的\nvt. 使光滑, 燙平, 使平和, 消除\nvi. 變平滑, 變平靜\nn. 一塊平地, 平滑部分",,,CEEC-108,2,,,,大考中心高中英文參考詞彙表（111學年度起適用）,LEVEL 2,官方清單,,,
ceec-108:level-2:snack,snack,snæk,n.|v.,"n. 小吃, 點心, 快餐\nvi. 吃零食, 吃快餐",,,CEEC-108,2,,,,大考中心高中英文參考詞彙表（111學年度起適用）,LEVEL 2,官方清單,,,
ceec-108:level-2:snail,snail,sneil,n.,"n. 蝸牛, 行動遲緩的人, 腦筋遲鈍的人, 蝸形凸輪\nvt. (蝸牛般)緩慢地打發(時間)\nvi. 緩慢移動",,,CEEC-108,2,,,,大考中心高中英文參考詞彙表（111學年度起適用）,LEVEL 2,官方清單,,,
ceec-108:level-2:snowy,snowy,'snәui,adj.,"a. 多雪的, 雪的, 被雪所覆蓋著的, 下雪的",,,CEEC-108,2,,,,大考中心高中英文參考詞彙表（111學年度起適用）,LEVEL 2,官方清單,,,
ceec-108:level-2:soap,soap,sәup,n.|v.,"n. 肥皂, 阿諛\nvt. 以肥皂洗, 阿諛\n[計] 評語",,,CEEC-108,2,,,,大考中心高中英文參考詞彙表（111學年度起適用）,LEVEL 2,官方清單,,,
ceec-108:level-2:soccer,soccer,'sɒkә,n.,n. 英式足球,,,CEEC-108,2,,,,大考中心高中英文參考詞彙表（111學年度起適用）,LEVEL 2,官方清單,,,
ceec-108:level-2:social,social,'sәuʃәl,adj.,"a. 社會的, 群居的, 社交的\nn. 聯歡會",,,CEEC-108,2,,,,大考中心高中英文參考詞彙表（111學年度起適用）,LEVEL 2,官方清單,,,
ceec-108:level-2:society,society,sә'saiәti,n.,n. 社會；社交界；交往；社團,,,CEEC-108,2,,,,大考中心高中英文參考詞彙表（111學年度起適用）,LEVEL 2,官方清單,,,
ceec-108:level-2:sock,sock,sɒk,n.,"n. 短襪, 鞋墊, 一擊\nvt. 重擊, 猛投, 給...穿襪\nvi. 打擊\nadv. 正著地, 不偏不倚地\na. 非常成功的",,,CEEC-108,2,,,,大考中心高中英文參考詞彙表（111學年度起適用）,LEVEL 2,官方清單,,,
ceec-108:level-2:soda,soda,'sәudә,n.,"n. 蘇打, 碳酸水\n[化] 純鹼; 蘇打; 碳酸鈉",,,CEEC-108,2,,,,大考中心高中英文參考詞彙表（111學年度起適用）,LEVEL 2,官方清單,,,
ceec-108:level-2:soft,soft,sɒft,adj.,"a. 軟的, 溫和的, 柔和的, 柔滑的, 溫柔的, 軟弱的, 坡度小的, 笨的, 紙幣的\nn. 柔軟的東西, 笨人, 紙幣\nadv. 柔軟地, 溫和地",,,CEEC-108,2,,,,大考中心高中英文參考詞彙表（111學年度起適用）,LEVEL 2,官方清單,,,
ceec-108:level-2:soil,soil,sɒil,n.,"n. 土壤, 土地, 國家, 國土, 溫床, 汙物, 糞便, 水池\nvt. 弄髒, 汙辱\nvi. 變髒",,,CEEC-108,2,,,,大考中心高中英文參考詞彙表（111學年度起適用）,LEVEL 2,官方清單,,,
ceec-108:level-2:solution,solution,sә'lu:ʃәn,n.,"n. 解決, 解答, 溶液\n[化] 溶液",,,CEEC-108,2,,,,大考中心高中英文參考詞彙表（111學年度起適用）,LEVEL 2,官方清單,,,
ceec-108:level-2:solve,solve,sɒlv,v.,"vt. 解決, 付給, 溶解\nvt. 求解\nvi. 求解\n[計] 求解",,,CEEC-108,2,,,,大考中心高中英文參考詞彙表（111學年度起適用）,LEVEL 2,官方清單,,,
ceec-108:level-2:somewhat,somewhat,'sʌmhwɒt,adv.,"n. 某物, 幾分\nadv. 多少, 幾分",,,CEEC-108,2,,,,大考中心高中英文參考詞彙表（111學年度起適用）,LEVEL 2,官方清單,,,
ceec-108:level-2:sort,sort,sɒ:t,n.|v.,"n. 種類, 方式, 品質, 態度, 舉止\nvt. 分類, 排序, 挑選\nvi. 交往, 協調\n[計] 排序; DOS外部命令:從標準輸入裝置接收資料, 整個資料輸入完後\n對它以行為單位進行排序, 然後在標準輸出裝置上輸出",,,CEEC-108,2,,,,大考中心高中英文參考詞彙表（111學年度起適用）,LEVEL 2,官方清單,,,
ceec-108:level-2:soul,soul,sәul,n.,"n. 靈魂, 心靈, 精神, 精髓, 人, 化身, 典型, 鬼魂\na. 黑人的",,,CEEC-108,2,,,,大考中心高中英文參考詞彙表（111學年度起適用）,LEVEL 2,官方清單,,,
ceec-108:level-2:sour,sour,'sauә,adj.|n.|v.,"a. 酸的, 酸臭的, 發酵的, 慍怒的, 討厭的, 拙劣的, 不健全的\nvi. 變酸, 發酵, 厭煩, 變壞\nvt. 使變酸, 使失望\nn. 酸味, 酸飲料",,,CEEC-108,2,,,,大考中心高中英文參考詞彙表（111學年度起適用）,LEVEL 2,官方清單,,,
ceec-108:level-2:source,source,sɒ:s,n.,"n. 來源, 水源, 根源, 原始資料, 源\n[計] 來源, 源程式",,,CEEC-108,2,,,,大考中心高中英文參考詞彙表（111學年度起適用）,LEVEL 2,官方清單,,,
ceec-108:level-2:southern,southern,'sʌðәn,adj.,"n. 南方人, 男風\na. 向南方的, 來自南方的",,,CEEC-108,2,,,,大考中心高中英文參考詞彙表（111學年度起適用）,LEVEL 2,官方清單,,,
ceec-108:level-2:soybean,soybean,'sɒibi:n,n.,n. 大豆\n[化] 大豆,,,CEEC-108,2,,,,大考中心高中英文參考詞彙表（111學年度起適用）,LEVEL 2,官方清單,,,
ceec-108:level-2:speaker,speaker,'spi:kә,n.,"n. 說話人, 講演者, 發言人, 喇叭, 揚聲器\n[計] 揚聲器",,,CEEC-108,2,,,,大考中心高中英文參考詞彙表（111學年度起適用）,LEVEL 2,官方清單,,,
ceec-108:level-2:speech,speech,spi:tʃ,n.,"n. 演講, 說話, 談話, 言語, 引語, 民族語言\n[醫] 言語, 語言",,,CEEC-108,2,,,,大考中心高中英文參考詞彙表（111學年度起適用）,LEVEL 2,官方清單,,,
ceec-108:level-2:speed,speed,spi:d,n.|v.,"n. 速率, 速度, 迅速\nvi. 加速, 超速, 快進\nvt. 快速傳送, 促進, 使加速\n[計] 中央處理機速度設定程式",,,CEEC-108,2,,,,大考中心高中英文參考詞彙表（111學年度起適用）,LEVEL 2,官方清單,,,
ceec-108:level-2:spelling,spelling,'speliŋ,n.,"n. 拼, 拼字, 拼法\n[計] 拼寫檢查",,,CEEC-108,2,,,,大考中心高中英文參考詞彙表（111學年度起適用）,LEVEL 2,官方清單,,,
ceec-108:level-2:spider,spider,'spaidә,n.,"n. 蜘蛛, 設圈套者\n[化] 星形輪",,,CEEC-108,2,,,,大考中心高中英文參考詞彙表（111學年度起適用）,LEVEL 2,官方清單,,,
ceec-108:level-2:spirit,spirit,'spirit,n.,"n. 精神, 心靈, 靈魂, 態度, 志氣, 人格, 情緒, 心情, 烈酒\nvt. 誘拐, 鼓勵, 鼓舞",,,CEEC-108,2,,,,大考中心高中英文參考詞彙表（111學年度起適用）,LEVEL 2,官方清單,,,
ceec-108:level-2:spoon,spoon,spu:n,n.,"n. 匙, 調羹, 匙形工具\nvt. 以匙舀起, 調情, 使成匙狀",,,CEEC-108,2,,,,大考中心高中英文參考詞彙表（111學年度起適用）,LEVEL 2,官方清單,,,
ceec-108:level-2:sport,sport,spɒ:t,n.|v.,"n. 運動, 遊戲, 娛樂, 消遣, 玩笑\na. 運動的, 戶外穿戴的\nvi. 遊戲, 參加體育運動, 戲弄, 產生變種\nvt. 炫耀, 使產生變種",,,CEEC-108,2,,,,大考中心高中英文參考詞彙表（111學年度起適用）,LEVEL 2,官方清單,,,
ceec-108:level-2:spot,spot,spɒt,n.|v.,"n. 汙點, 地點, 斑點, 點, 娛樂場所, 處境, 少量\na. 當場的, 現場的, 現貨買賣的, 現金交易的, 抽樣的\nvt. 點綴, 玷汙, 認出, 準確定...的位, 用燈光照射\nvi. 玷汙, (從空中)偵察敵方目標",,,CEEC-108,2,,,,大考中心高中英文參考詞彙表（111學年度起適用）,LEVEL 2,官方清單,,,
ceec-108:level-2:spread,spread,spred,n.|v.,"n. 傳播, 散佈, 伸展\na. 雙唇展開的, 伸展的\nvt. 展開, 鋪開, 傳播, 推廣, 伸出, 塗, 敷, 延伸\nvi. 展開, 擴大, 傳開, 延伸\n[計] 展開",,,CEEC-108,2,,,,大考中心高中英文參考詞彙表（111學年度起適用）,LEVEL 2,官方清單,,,
ceec-108:level-2:stage,stage,steidʒ,n.|v.,"n. 階段, 舞臺, 場所, 戲劇, 站, 驛站, 級, 層, 腳手架\nvt. 上演, 表演, 籌劃\nvi. 適於上演, 乘驛車旅行",,,CEEC-108,2,,,,大考中心高中英文參考詞彙表（111學年度起適用）,LEVEL 2,官方清單,,,
ceec-108:level-2:stamp,stamp,stæmp,n.|v.,"n. 印, 郵票, 列印器, 戳子, 圖章, 印花稅票, 標誌, 特徵, 型別, 跺腳\nvt. 蓋章於, 頓足, 貼上郵票, 銘刻, 搗碎, 撲滅\nvi. 搗碎, 跺腳",,,CEEC-108,2,,,,大考中心高中英文參考詞彙表（111學年度起適用）,LEVEL 2,官方清單,,,
ceec-108:level-2:standard,standard,'stændәd,adj.|n.,"n. 標準, 規格, 旗, 軍旗, 本位\na. 標準的, 合規格的\n[計] 標準",,,CEEC-108,2,,,,大考中心高中英文參考詞彙表（111學年度起適用）,LEVEL 2,官方清單,,,
ceec-108:level-2:state,state,steit,v.,"n. 州, 狀態, 情形, 國家, 政府, 領土, 國務, 社會地位\na. 國家的, 正式的, 禮儀用的, 州的\nvt. 說明, 陳述, 規定\n[計] 狀態",,,CEEC-108,2,,,,大考中心高中英文參考詞彙表（111學年度起適用）,LEVEL 2,官方清單,,,
ceec-108:level-2:statement,statement,'steitmәnt,n.,"n. 陳述, 指令, 宣告\n[計] 程式語句; 語句",,,CEEC-108,2,,,,大考中心高中英文參考詞彙表（111學年度起適用）,LEVEL 2,官方清單,,,
ceec-108:level-2:steak,steak,steik,n.,"n. 牛排, 魚排, 肉排",,,CEEC-108,2,,,,大考中心高中英文參考詞彙表（111學年度起適用）,LEVEL 2,官方清單,,,
ceec-108:level-2:steel,steel,sti:l,n.|v.,"n. 鋼, 鋼製品, 鋼鐵, 堅硬, 堅固\na. 鋼的, 鋼製的, 鋼鐵業的, 堅強的\nvt. 使堅強, 鋼化, 使冷酷",,,CEEC-108,2,,,,大考中心高中英文參考詞彙表（111學年度起適用）,LEVEL 2,官方清單,,,
ceec-108:level-2:step,step,step,n.|v.,"n. 步驟, 步, 步幅, 腳步聲, 踏級, 步伐, 短距離, 步態, 手段, 等級\nvt. 踏, 以步測量, 跨步, 使成階梯狀\nvi. 跨步, 輕快地走, 跳舞, 踩, 踏上, 行走\n[計] 步驟",,,CEEC-108,2,,,,大考中心高中英文參考詞彙表（111學年度起適用）,LEVEL 2,官方清單,,,
ceec-108:level-2:stick,stick,stik,n.|v.,"n. 棍, 棒, 刺, 枯枝, 莖, 條狀物\nvt. 插進, 刺入, 釘住, 伸出, 貼上, 停止\nvi. 粘住, 停留, 堅持, 陷住, 伸出",,,CEEC-108,2,,,,大考中心高中英文參考詞彙表（111學年度起適用）,LEVEL 2,官方清單,,,
ceec-108:level-2:stomachache,stomachache,'stʌmәkeik,n.,"n. 胃痛, 肚子痛",,,CEEC-108,2,,,,大考中心高中英文參考詞彙表（111學年度起適用）,LEVEL 2,官方清單,,,
ceec-108:level-2:stone,stone,stәun,n.|v.,"n. 石頭, 寶石, 果核, 紀念碑, 結石\nvt. 投扔石子, 鋪石頭\na. 石的, 石制的, 完全的",,,CEEC-108,2,,,,大考中心高中英文參考詞彙表（111學年度起適用）,LEVEL 2,官方清單,,,
ceec-108:level-2:storm,storm,stɒ:m,n.|v.,"n. 暴風雨, 騷動, 風波, 風暴, 猛攻\nvi. 起風, 猛衝, 怒吼\nvt. 猛攻",,,CEEC-108,2,,,,大考中心高中英文參考詞彙表（111學年度起適用）,LEVEL 2,官方清單,,,
ceec-108:level-2:stranger,stranger,'streindʒә,n.,"n. 陌生人, 門外漢\n[法] 局外人, 非當事人, 第三者",,,CEEC-108,2,,,,大考中心高中英文參考詞彙表（111學年度起適用）,LEVEL 2,官方清單,,,
ceec-108:level-2:strawberry,strawberry,'strɒ:bәri,n.,n. 草莓,,,CEEC-108,2,,,,大考中心高中英文參考詞彙表（111學年度起適用）,LEVEL 2,官方清單,,,
ceec-108:level-2:stream,stream,stri:m,n.|v.,"n. 水流, 小河, 流出, 趨勢, 人潮\nvt. 流出, 流動, 展開\nvi. 流, 湧, 飄揚\n[計] 流",,,CEEC-108,2,,,,大考中心高中英文參考詞彙表（111學年度起適用）,LEVEL 2,官方清單,,,
ceec-108:level-2:stress,stress,stres,n.|v.,"n. 壓力, 緊迫, 強調, 重音, 重點, 應力\nvt. 加壓力於, 著重, 重讀",,,CEEC-108,2,,,,大考中心高中英文參考詞彙表（111學年度起適用）,LEVEL 2,官方清單,,,
ceec-108:level-2:stretch,stretch,stretʃ,n.|v.,"n. 伸展, 張開, 連綿, 一段路, 一段時間\na. 可伸縮的, 彈性的\nvt. 伸展, 張開, 曲解, 使過度伸展\nvi. 伸展, 延伸\n[計] 伸展",,,CEEC-108,2,,,,大考中心高中英文參考詞彙表（111學年度起適用）,LEVEL 2,官方清單,,,
ceec-108:level-2:strict,strict,strikt,adj.,"a. 嚴厲的, 絕對的, 詳盡的, 嚴格的, 精確的\n[法] 嚴格的, 精確的, 絕對的",,,CEEC-108,2,,,,大考中心高中英文參考詞彙表（111學年度起適用）,LEVEL 2,官方清單,,,
ceec-108:level-2:strike,strike,straik,n.|v.,"n. 罷工, 打擊, 毆打\nvt. 打, 撞擊, 衝擊, 侵襲, 取消, 結算, 打掉, 罷工, 刺透, 使生根, 遇見\nvi. 打, 打擊, 抓, 罷工, 搏動, 觸礁, 敲, 響, 穿透, 打動",,,CEEC-108,2,,,,大考中心高中英文參考詞彙表（111學年度起適用）,LEVEL 2,官方清單,,,
ceec-108:level-2:struggle,struggle,'strʌgl,n.|v.,"n. 鬥爭, 努力, 奮鬥\nvi. 努力, 奮鬥, 掙扎",,,CEEC-108,2,,,,大考中心高中英文參考詞彙表（111學年度起適用）,LEVEL 2,官方清單,,,
ceec-108:level-2:style,style,stail,n.|v.,"n. 風格, 時尚, 文體, 風度, 字型, 型別\nvt. 稱呼, (根據新款式)設計, 使合潮流\nn. 風格, 樣式\n[計] 風格, 樣式",,,CEEC-108,2,,,,大考中心高中英文參考詞彙表（111學年度起適用）,LEVEL 2,官方清單,,,
ceec-108:level-2:subway,subway,'sʌbwei,n.,"n. 地鐵, 地道\nvi. 乘地鐵",,,CEEC-108,2,,,,大考中心高中英文參考詞彙表（111學年度起適用）,LEVEL 2,官方清單,,,
ceec-108:level-2:succeed,succeed,sәk'si:d,v.,"vi. 成功, 繼承, 繼續\nvt. 繼承, 接替",,,CEEC-108,2,,,,大考中心高中英文參考詞彙表（111學年度起適用）,LEVEL 2,官方清單,,,
ceec-108:level-2:success,success,sәk'ses,n.,"n. 成功, 成就, 勝利",,,CEEC-108,2,,,,大考中心高中英文參考詞彙表（111學年度起適用）,LEVEL 2,官方清單,,,
ceec-108:level-2:such,such,sʌtʃ,adj.|pron.,"a. 如此的, 這樣的",,,CEEC-108,2,,,,大考中心高中英文參考詞彙表（111學年度起適用）,LEVEL 2,官方清單,,,
ceec-108:level-2:sudden,sudden,'sʌdn,adj.|n.,"n. 突然, 忽然\na. 突然的, 意外的, 快速的",,,CEEC-108,2,,,,大考中心高中英文參考詞彙表（111學年度起適用）,LEVEL 2,官方清單,,,
ceec-108:level-2:suggest,suggest,sәg'dʒest,v.,"vt. 提議, 建議, 促成, 暗示, 啟發, 使人想起\n[法] 建議, 提出, 提議",,,CEEC-108,2,,,,大考中心高中英文參考詞彙表（111學年度起適用）,LEVEL 2,官方清單,,,
ceec-108:level-2:suit,suit,sju:t. su:t,n.|v.,"n. 套裝, 訴訟, 請求, 起訴, 套, 組\nvt. 適合, 使適應\nvi. 合適, 相稱",,,CEEC-108,2,,,,大考中心高中英文參考詞彙表（111學年度起適用）,LEVEL 2,官方清單,,,
ceec-108:level-2:suitable,suitable,'sju:tәbl,adj.,"a. 適當的, 相配的\n[法] 合適的, 適宜的, 適當的",,,CEEC-108,2,,,,大考中心高中英文參考詞彙表（111學年度起適用）,LEVEL 2,官方清單,,,
ceec-108:level-2:super,super,'sju:pә,adj.|adv.,"n. 跑龍套角色, 冗員, 特級品, 特大號, 管理人\na. 上等的, 特大的, 超級的, 極好的, 十分的, 過分的\nadv. 非常",,,CEEC-108,2,,,,大考中心高中英文參考詞彙表（111學年度起適用）,LEVEL 2,官方清單,,,
ceec-108:level-2:supper,supper,'sʌpә,n.,n. 晚餐,,,CEEC-108,2,,,,大考中心高中英文參考詞彙表（111學年度起適用）,LEVEL 2,官方清單,,,
ceec-108:level-2:supply,supply,sә'plai,n.|v.,"n. 補給, 供給, 供應品\nvt. 補給, 供給, 提供, 補充\nvi. 替代",,,CEEC-108,2,,,,大考中心高中英文參考詞彙表（111學年度起適用）,LEVEL 2,官方清單,,,
ceec-108:level-2:support,support,sә'pɒ:t,n.|v.,"n. 支援, 支撐, 援助, 供養, 支撐物\nvt. 支援, 支撐, 幫助, 支援, 忍受, 供養, 證實\n[計] 後援; 支援",,,CEEC-108,2,,,,大考中心高中英文參考詞彙表（111學年度起適用）,LEVEL 2,官方清單,,,
ceec-108:level-2:suppose,suppose,sә'pәuz,v.,"vt. 推想, 假設, 以為, 想像, 假定\nvi. 料想",,,CEEC-108,2,,,,大考中心高中英文參考詞彙表（111學年度起適用）,LEVEL 2,官方清單,,,
ceec-108:level-2:surf,surf,sә:f,v.,"n. 海浪, 拍岸浪\nvi. 作衝浪運動",,,CEEC-108,2,,,,大考中心高中英文參考詞彙表（111學年度起適用）,LEVEL 2,官方清單,,,
ceec-108:level-2:surface,surface,'sә:fis,n.|v.,"n. 面, 表面, 水面, 外表, 平面\na. 表面的, 外觀的, 膚淺的, 水面上的\nvt. 使成平面, 使浮出水面\nvi. 浮出水面, 呈現, 在地面上工作",,,CEEC-108,2,,,,大考中心高中英文參考詞彙表（111學年度起適用）,LEVEL 2,官方清單,,,
ceec-108:level-2:survival,survival,sә'vaivәl,n.,"n. 生存, 殘存, 倖存者\na. 賴以生存的",,,CEEC-108,2,,,,大考中心高中英文參考詞彙表（111學年度起適用）,LEVEL 2,官方清單,,,
ceec-108:level-2:survive,survive,sә'vaiv,v.,"vt. 比...活得長, 生存, 生還, 倖免於\nvi. 活下來, 倖存",,,CEEC-108,2,,,,大考中心高中英文參考詞彙表（111學年度起適用）,LEVEL 2,官方清單,,,
ceec-108:level-2:swallow,swallow,'swɒlәu,n.|v.,"n. 燕子, 吞嚥, 喉\nvt. 咽, 淹沒, 吞沒, 耗盡, 輕信, 忍受, 抑制\nvi. 吞下, 嚥下",,,CEEC-108,2,,,,大考中心高中英文參考詞彙表（111學年度起適用）,LEVEL 2,官方清單,,,
ceec-108:level-2:sweater,sweater,'swetә,n.,"n. 毛衣, 毛線衫, 運動衫, 出汗者\n[化] 發汗器",,,CEEC-108,2,,,,大考中心高中英文參考詞彙表（111學年度起適用）,LEVEL 2,官方清單,,,
ceec-108:level-2:sweep,sweep,swi:p,v.,"n. 掃除, 打掃, 肅清, 視野, 範圍, 全勝\nvt. 掃除, 撣去, 猛拉, 掃蕩, 肅清, 沖走, 颳起, 環視, 掠過, 掃射\nvi. 掃, 打掃, 襲擊, 席捲, 掃視, 掠過",,,CEEC-108,2,,,,大考中心高中英文參考詞彙表（111學年度起適用）,LEVEL 2,官方清單,,,
ceec-108:level-2:swim,swim,swim,n.|v.,"n. 游泳, 漂浮, 潮流, 眩暈\nvi. 游泳, 遊, 漂浮, 浸, 覆蓋, 充溢, 大量擁有, 旋轉, 眩暈\nvt. 遊過, 使浮起",,,CEEC-108,2,,,,大考中心高中英文參考詞彙表（111學年度起適用）,LEVEL 2,官方清單,,,
ceec-108:level-2:swimsuit,swimsuit,'swimsju:t,n.,n. 游泳衣,,,CEEC-108,2,,,,大考中心高中英文參考詞彙表（111學年度起適用）,LEVEL 2,官方清單,,,
ceec-108:level-2:swing,swing,swiŋ,n.|v.,"n. 搖擺, 振幅, 音律, 節奏, 漲落, 鞦韆, 旋轉, 行動自由\nvi. 搖擺, 懸掛, 旋轉, 大搖大擺地走, 轉向\nvt. 揮舞, 使旋轉, 使轉向, 懸掛, 吊運\na. 旋轉的, 懸掛的, 強節奏爵士音樂的",,,CEEC-108,2,,,,大考中心高中英文參考詞彙表（111學年度起適用）,LEVEL 2,官方清單,,,
ceec-108:level-2:switch,switch,switʃ,n.|v.,"n. 開關, 電閘, 轉換, 軟枝, 鞭子, 道岔\nvt. 轉變, 切換, 擺動, 轉換, 使轉軌\nvi. 轉換, 變換, 擺動\n[計] 開關; 翻轉; 轉移",,,CEEC-108,2,,,,大考中心高中英文參考詞彙表（111學年度起適用）,LEVEL 2,官方清單,,,
ceec-108:level-2:symbol,symbol,'simbl,n.,"n. 符號, 象徵, 代號, 信條\n[計] 符號; 碼元",,,CEEC-108,2,,,,大考中心高中英文參考詞彙表（111學年度起適用）,LEVEL 2,官方清單,,,
ceec-108:level-2:system,system,'sistәm,n.,"n. 系統, 體系, 制度, 方式, 秩序, 分類原則\n[計] 系統; 體制; 體系",,,CEEC-108,2,,,,大考中心高中英文參考詞彙表（111學年度起適用）,LEVEL 2,官方清單,,,
ceec-108:level-2:tale,tale,teil,n.,"n. 故事, 謊言, 謠言, 陳述, 敘述\n[法] 虛語, 誹語, 謠言",,,CEEC-108,2,,,,大考中心高中英文參考詞彙表（111學年度起適用）,LEVEL 2,官方清單,,,
ceec-108:level-2:target,target,'tɑ:git,n.|v.,"n. 目標, 靶子, 指標\nvt. 對準, 訂指標",,,CEEC-108,2,,,,大考中心高中英文參考詞彙表（111學年度起適用）,LEVEL 2,官方清單,,,
ceec-108:level-2:task,task,tɑ:sk,n.|v.,"n. 工作, 任務, 作業, 困難的工作\nvt. 派給...工作, 使辛勞\n[計] 任務",,,CEEC-108,2,,,,大考中心高中英文參考詞彙表（111學年度起適用）,LEVEL 2,官方清單,,,
ceec-108:level-2:tax,tax,tæks,n.|v.,"n. 稅, 稅款, 重負, 會費\nvt. 課以稅, 使負重荷, 斥責",,,CEEC-108,2,,,,大考中心高中英文參考詞彙表（111學年度起適用）,LEVEL 2,官方清單,,,
ceec-108:level-2:teapot,teapot,'ti:pɒt,n.,n. 茶壺,,,CEEC-108,2,,,,大考中心高中英文參考詞彙表（111學年度起適用）,LEVEL 2,官方清單,,,
ceec-108:level-2:tear,tear,tiә. tєә,n.|v.,"n. 淚滴, 眼淚, 撕, 扯, 裂縫, 激怒, 飛奔\nvi. 流淚, 撕破, 趕快, 飛奔, 被撕破\nvt. 撕裂, 戳破, 拉掉, 撕掉, 使分裂, 使精神不安, 折磨",,,CEEC-108,2,,,,大考中心高中英文參考詞彙表（111學年度起適用）,LEVEL 2,官方清單,,,
ceec-108:level-2:technology,technology,tek'nɒlәdʒi,n.,"n. 技術, 工業技術, 術語\n[醫] 技術學, 工藝學",,,CEEC-108,2,,,,大考中心高中英文參考詞彙表（111學年度起適用）,LEVEL 2,官方清單,,,
ceec-108:level-2:teens,teens,ti:ns,n.,n. 十三歲到十九歲,,,CEEC-108,2,,,,大考中心高中英文參考詞彙表（111學年度起適用）,LEVEL 2,官方清單,,,
ceec-108:level-2:temperature,temperature,'temprәtʃә,n.,"n. 溫度, 發燒, 熱度\n[化] 溫度",,,CEEC-108,2,,,,大考中心高中英文參考詞彙表（111學年度起適用）,LEVEL 2,官方清單,,,
ceec-108:level-2:term,term,tә:m,n.|v.,"n. 術語, 專有名詞, 期限, 學期, 任期, 條件, 價錢, 關係, 地位, 項, 界石\nvt. 稱, 呼\n[計] 檢索詞; 項",,,CEEC-108,2,,,,大考中心高中英文參考詞彙表（111學年度起適用）,LEVEL 2,官方清單,,,
ceec-108:level-2:terrorism,terrorism,'terәrizm,n.,"n. 恐怖主義, 恐怖統治, 恐怖狀態\n[法] 脅迫, 暴政, 恐怖政治",,,CEEC-108,2,,,,大考中心高中英文參考詞彙表（111學年度起適用）,LEVEL 2,官方清單,,,
ceec-108:level-2:terrorist,terrorist,'terәrist,adj.,"n. 恐怖分子\n[法] 恐怖份子, 恐怖主義",,,CEEC-108,2,,,,大考中心高中英文參考詞彙表（111學年度起適用）,LEVEL 2,官方清單,,,
ceec-108:level-2:text,text,tekst,n.,"n. 文字, 正文, 課文, 主題, 聖經文句, 樂譜\n[計] 電文; 文字; 正文",,,CEEC-108,2,,,,大考中心高中英文參考詞彙表（111學年度起適用）,LEVEL 2,官方清單,,,
ceec-108:level-2:textbook,textbook,'tekstbuk,n.,n. 教科書,,,CEEC-108,2,,,,大考中心高中英文參考詞彙表（111學年度起適用）,LEVEL 2,官方清單,,,
ceec-108:level-2:therefore,therefore,'ðєәfɒ:,adv.,"adv. 因此, 所以",,,CEEC-108,2,,,,大考中心高中英文參考詞彙表（111學年度起適用）,LEVEL 2,官方清單,,,
ceec-108:level-2:thief,thief,θi:f,n.,"n. 小偷, 賊\n[化] 取樣",,,CEEC-108,2,,,,大考中心高中英文參考詞彙表（111學年度起適用）,LEVEL 2,官方清單,,,
ceec-108:level-2:thirsty,thirsty,'θә:sti,adj.,"a. 口渴的, 渴望的, 乾燥的",,,CEEC-108,2,,,,大考中心高中英文參考詞彙表（111學年度起適用）,LEVEL 2,官方清單,,,
ceec-108:level-2:thought,thought,θɒ:t,n.,"n. 想法, 思想, 思維, 關心, 掛念\nthink的過去式和過去分詞",,,CEEC-108,2,,,,大考中心高中英文參考詞彙表（111學年度起適用）,LEVEL 2,官方清單,,,
ceec-108:level-2:throughout,throughout,θru:'aut,adv.|prep.,"adv. 到處, 貫穿全部地, 自始至終\nprep. 遍及, 在各處\n[計] 吞吐量",,,CEEC-108,2,,,,大考中心高中英文參考詞彙表（111學年度起適用）,LEVEL 2,官方清單,,,
ceec-108:level-2:thunder,thunder,'θʌndә,n.|v.,"n. 雷, 雷聲\nvi. 打雷, 轟隆地響, 怒喝\nvt. 大聲喊出, 轟隆地發出",,,CEEC-108,2,,,,大考中心高中英文參考詞彙表（111學年度起適用）,LEVEL 2,官方清單,,,
ceec-108:level-2:thus,thus,ðʌs,adv.,"adv. 如此, 因此, 到如此程度\n[醫] 乳香",,,CEEC-108,2,,,,大考中心高中英文參考詞彙表（111學年度起適用）,LEVEL 2,官方清單,,,
ceec-108:level-2:till,till,til,conj.|prep.,"prep. 直到, 在...以前, 迄\nconj. 直到...為止\nvt. 耕種\nn. 放錢的抽屜, 備用現金, 冰磧",,,CEEC-108,2,,,,大考中心高中英文參考詞彙表（111學年度起適用）,LEVEL 2,官方清單,,,
ceec-108:level-2:tiny,tiny,'taini,adj.,"a. 很少的, 微小的",,,CEEC-108,2,,,,大考中心高中英文參考詞彙表（111學年度起適用）,LEVEL 2,官方清單,,,
ceec-108:level-2:tire,tire,taiә,n.|v.,"n. 輪胎, 頭飾\nvt. 使疲倦, 使厭煩, 打扮\nvi. 疲勞, 厭倦",,,CEEC-108,2,,,,大考中心高中英文參考詞彙表（111學年度起適用）,LEVEL 2,官方清單,,,
ceec-108:level-2:tissue,tissue,'tiʃu:,n.,"n. 薄的織物, 薄紗, 棉紙, 組織, 一套\n[化] 組織",,,CEEC-108,2,,,,大考中心高中英文參考詞彙表（111學年度起適用）,LEVEL 2,官方清單,,,
ceec-108:level-2:title,title,'taitl,n.|v.,"n. 頭銜, 名稱, 標題, 書名, 扉頁, 權利, 資格, 冠軍, 字幕\nvt. 授予頭銜, 加標題於\n[計] 標題",,,CEEC-108,2,,,,大考中心高中英文參考詞彙表（111學年度起適用）,LEVEL 2,官方清單,,,
ceec-108:level-2:toast,toast,tәust,n.|v.,"n. 吐司, 烤麵包, 乾杯\nvt. 敬酒, 烤, 使暖和\nvi. 烤, 烘",,,CEEC-108,2,,,,大考中心高中英文參考詞彙表（111學年度起適用）,LEVEL 2,官方清單,,,
ceec-108:level-2:tofu,tofu,'tәufu:,n.,n. 豆腐,,,CEEC-108,2,,,,大考中心高中英文參考詞彙表（111學年度起適用）,LEVEL 2,官方清單,,,
ceec-108:level-2:tone,tone,tәun,n.,"n. 音調, 音質, 語調, 語氣, 色調, 氣氛, 狀況, 思想狀態\nvt. 給...定色調, 增強, 使...的聲調和諧, 定音調\nvi. 顏色調和\n[計] 雙音訊",,,CEEC-108,2,,,,大考中心高中英文參考詞彙表（111學年度起適用）,LEVEL 2,官方清單,,,
ceec-108:level-2:tongue,tongue,tʌŋ,n.,"n. 舌, 語言能力, 講話方式, 語言\nvt. 舔, 斥責, 發...的音\nvi. 使用舌頭, 吹管樂器",,,CEEC-108,2,,,,大考中心高中英文參考詞彙表（111學年度起適用）,LEVEL 2,官方清單,,,
ceec-108:level-2:toothache,toothache,'tu:θeik,n.,n. 牙痛\n[醫] 牙痛,,,CEEC-108,2,,,,大考中心高中英文參考詞彙表（111學年度起適用）,LEVEL 2,官方清單,,,
ceec-108:level-2:toothbrush,toothbrush,'tu:θbrʌʃ,n.,n. 牙刷,,,CEEC-108,2,,,,大考中心高中英文參考詞彙表（111學年度起適用）,LEVEL 2,官方清單,,,
ceec-108:level-2:tour,tour,tuә,n.|v.,"n. 旅遊, 觀光旅行, 任期\nvi. 旅行, 周遊, 巡迴\nvt. 周遊, 觀光, 遊歷, 使巡迴演出",,,CEEC-108,2,,,,大考中心高中英文參考詞彙表（111學年度起適用）,LEVEL 2,官方清單,,,
ceec-108:level-2:toward,toward,tә'wɒ:d,prep.,"prep. 向, 對於, 為了\na. 即將來臨的, 進行中的",,,CEEC-108,2,,,,大考中心高中英文參考詞彙表（111學年度起適用）,LEVEL 2,官方清單,,,
ceec-108:level-2:towards,towards,tә'wɔ:dz,prep.,"prep. 向, 對於, 為了",,,CEEC-108,2,,,,大考中心高中英文參考詞彙表（111學年度起適用）,LEVEL 2,官方清單,,,
ceec-108:level-2:track,track,træk,n.|v.,"n. 軌跡, 足跡, 徑跡, 小道, 軌道, 磁軌, 途徑\nvt. 循路而行, 追蹤, 透過, 用纖拉\nvi. 追蹤, 留下足跡, 沿軌道執行\n[計] 跟蹤",,,CEEC-108,2,,,,大考中心高中英文參考詞彙表（111學年度起適用）,LEVEL 2,官方清單,,,
ceec-108:level-2:trade,trade,treid,n.|v.,"n. 貿易, 商業, 交易, 生意, 職業, 顧客, 信風\nvi. 進行交易, 做買賣, 經商, 對換, 購物\nvt. 用...進行交換",,,CEEC-108,2,,,,大考中心高中英文參考詞彙表（111學年度起適用）,LEVEL 2,官方清單,,,
ceec-108:level-2:tradition,tradition,trә'diʃәn,n.,"n. 傳說, 傳統, 交付\n[法] 傳統, 慣例, 移交",,,CEEC-108,2,,,,大考中心高中英文參考詞彙表（111學年度起適用）,LEVEL 2,官方清單,,,
ceec-108:level-2:traditional,traditional,trә'diʃәnl,adj.,"a. 傳統的, 慣例的\n[經] 傳統的, 慣例的",,,CEEC-108,2,,,,大考中心高中英文參考詞彙表（111學年度起適用）,LEVEL 2,官方清單,,,
ceec-108:level-2:trap,trap,træp,n.|v.,"n. 圈套, 陷阱, 詭計, 存水彎\nvi. 設圈套, 設陷阱\nvt. 誘捕, 誘騙, 抓住, 使受限制\n[計] 俘獲; 陷井",,,CEEC-108,2,,,,大考中心高中英文參考詞彙表（111學年度起適用）,LEVEL 2,官方清單,,,
ceec-108:level-2:trash,trash,træʃ,n.|v.,"n. 垃圾, 廢物\nvt. 丟棄",,,CEEC-108,2,,,,大考中心高中英文參考詞彙表（111學年度起適用）,LEVEL 2,官方清單,,,
ceec-108:level-2:travel,travel,'trævl,n.|v.,"n. 旅行, 遊歷, 行進\nvi. 旅行, 行進, 移動, 被傳播\nvt. 旅行, 透過, 使移動",,,CEEC-108,2,,,,大考中心高中英文參考詞彙表（111學年度起適用）,LEVEL 2,官方清單,,,
ceec-108:level-2:treasure,treasure,'treʒә,n.|v.,"n. 寶物, 財富\nvt. 珍愛, 重視, 秘藏",,,CEEC-108,2,,,,大考中心高中英文參考詞彙表（111學年度起適用）,LEVEL 2,官方清單,,,
ceec-108:level-2:trial,trial,'traiәl,n.,"n. 審判, 試驗, 艱苦, 麻煩事, 考驗\na. 審訊的, 試驗性的",,,CEEC-108,2,,,,大考中心高中英文參考詞彙表（111學年度起適用）,LEVEL 2,官方清單,,,
ceec-108:level-2:triangle,triangle,'traiæŋgl,n.,"n. 三角形, 三個一組, 三角關係\n[醫] 三角, 三角形",,,CEEC-108,2,,,,大考中心高中英文參考詞彙表（111學年度起適用）,LEVEL 2,官方清單,,,
ceec-108:level-2:trick,trick,trik,n.|v.,"n. 詭計, 欺詐, 謀略, 惡作劇, 習慣, 決竅\nvt. 愚弄, 欺騙, 裝飾\nvi. 哄騙, 戲弄\na. 有決竅的, 特技的, 欺詐的, 漂亮的, 靠不住的",,,CEEC-108,2,,,,大考中心高中英文參考詞彙表（111學年度起適用）,LEVEL 2,官方清單,,,
ceec-108:level-2:true,true,tru:,adj.|adv.|v.,"a. 真實的, 正確的, 忠誠的, 可靠的, 純粹的, 正式的\nn. 真實, 準確\nadv. 真實地, 準確地",,,CEEC-108,2,,,,大考中心高中英文參考詞彙表（111學年度起適用）,LEVEL 2,官方清單,,,
ceec-108:level-2:trust,trust,trʌst,n.|v.,"n. 信任, 信賴, 相信, 受託, 職責, 信心, 托拉斯\na. 信託的, 托拉斯的\nvt. 信賴, 信任, 相信, 盼望, 賒賣給\nvi. 相信, 信賴, 依靠\n[計] 委託, 信任",,,CEEC-108,2,,,,大考中心高中英文參考詞彙表（111學年度起適用）,LEVEL 2,官方清單,,,
ceec-108:level-2:truth,truth,tru:θ,n.,"n. 事實, 實情\n[法] 真實, 真相, 事實",,,CEEC-108,2,,,,大考中心高中英文參考詞彙表（111學年度起適用）,LEVEL 2,官方清單,,,
ceec-108:level-2:tube,tube,tju:b,n.,"n. 管, 軟管, 隧道\nvt. 把...裝管, 使透過管子\n[計] 管子",,,CEEC-108,2,,,,大考中心高中英文參考詞彙表（111學年度起適用）,LEVEL 2,官方清單,,,
ceec-108:level-2:turtle,turtle,'tә:tl,n.,n. 海龜,,,CEEC-108,2,,,,大考中心高中英文參考詞彙表（111學年度起適用）,LEVEL 2,官方清單,,,
ceec-108:level-2:typhoon,typhoon,tai'fu:n,n.,n. 颱風,,,CEEC-108,2,,,,大考中心高中英文參考詞彙表（111學年度起適用）,LEVEL 2,官方清單,,,
ceec-108:level-2:typical,typical,'tipikl,adj.,"a. 典型的, 象徵性的\n[醫] 典型的",,,CEEC-108,2,,,,大考中心高中英文參考詞彙表（111學年度起適用）,LEVEL 2,官方清單,,,
ceec-108:level-2:ugly,ugly,'ʌgli,adj.,"a. 醜陋的, 邪惡的, 險惡的, 不祥的\nn. 醜陋的人(或物)",,,CEEC-108,2,,,,大考中心高中英文參考詞彙表（111學年度起適用）,LEVEL 2,官方清單,,,
ceec-108:level-2:umbrella,umbrella,ʌm'brelә,n.,"n. 傘, 雨傘, 保護傘\na. 傘的, 包羅永珍的\nvt. 用傘遮掩",,,CEEC-108,2,,,,大考中心高中英文參考詞彙表（111學年度起適用）,LEVEL 2,官方清單,,,
ceec-108:level-2:underground,underground,'ʌndәgraund,n.,"n. 地下, 地鐵, 地道, 秘密活動\na. 地下的, 秘密的\nadv. 在地下, 秘密地",,,CEEC-108,2,,,,大考中心高中英文參考詞彙表（111學年度起適用）,LEVEL 2,官方清單,,,
ceec-108:level-2:unit,unit,'ju:nit,n.,"n. 單位, 分隊, 部隊, 單元, 部件, 裝置\na. 單位的, 單元的\n[計] 單元常數; 部件",,,CEEC-108,2,,,,大考中心高中英文參考詞彙表（111學年度起適用）,LEVEL 2,官方清單,,,
ceec-108:level-2:universe,universe,'ju:nivә:s,n.,"n. 宇宙, 星系, (思想等)範圍",,,CEEC-108,2,,,,大考中心高中英文參考詞彙表（111學年度起適用）,LEVEL 2,官方清單,,,
ceec-108:level-2:university,university,.ju:ni'vә:siti,n.,n. 大學,,,CEEC-108,2,,,,大考中心高中英文參考詞彙表（111學年度起適用）,LEVEL 2,官方清單,,,
ceec-108:level-2:unless,unless,.ʌn'les,conj.,conj. 除非\nprep. 除...之外,,,CEEC-108,2,,,,大考中心高中英文參考詞彙表（111學年度起適用）,LEVEL 2,官方清單,,,
ceec-108:level-2:upload,upload,"'ʌp,lәud",v.,"[計] 上裝, 載入, 儲入",,,CEEC-108,2,,,,大考中心高中英文參考詞彙表（111學年度起適用）,LEVEL 2,官方清單,,,
ceec-108:level-2:upon,upon,ә'pɒn,prep.,"prep. 在...之上, 迫近, 緊接著",,,CEEC-108,2,,,,大考中心高中英文參考詞彙表（111學年度起適用）,LEVEL 2,官方清單,,,
ceec-108:level-2:upper,upper,'ʌpә,adj.,"a. 上面的, 較高的, 上級的, 上院的, 穿在外面的, 北部的, 地表的, 後期的\nn. 鞋幫, 上齒",,,CEEC-108,2,,,,大考中心高中英文參考詞彙表（111學年度起適用）,LEVEL 2,官方清單,,,
ceec-108:level-2:upset,upset,ʌp'set,adj.|n.|v.,"a. 弄翻的, 混亂的, 心煩的\nvt. 弄翻, 顛覆, 推翻, 打亂, 使不適, 使心煩\nvi. 翻倒",,,CEEC-108,2,,,,大考中心高中英文參考詞彙表（111學年度起適用）,LEVEL 2,官方清單,,,
ceec-108:level-2:upstairs,upstairs,'ʌp'stєәz,adj.|adv.|n.,"a. 樓上的\nadv. 在樓上, 向樓上, 處於更高地位\nn. 樓層",,,CEEC-108,2,,,,大考中心高中英文參考詞彙表（111學年度起適用）,LEVEL 2,官方清單,,,
ceec-108:level-2:used,used,'ju:st,adj.,"a. 使用過的, 二手的, 習慣的",,,CEEC-108,2,,,,大考中心高中英文參考詞彙表（111學年度起適用）,LEVEL 2,官方清單,,,
ceec-108:level-2:user,user,'ju:zә,n.,n. 使用者\n[計] 使用者,,,CEEC-108,2,,,,大考中心高中英文參考詞彙表（111學年度起適用）,LEVEL 2,官方清單,,,
ceec-108:level-2:usual,usual,'ju:ʒuәl,adj.,"a. 平常的, 通常的",,,CEEC-108,2,,,,大考中心高中英文參考詞彙表（111學年度起適用）,LEVEL 2,官方清單,,,
ceec-108:level-2:vacation,vacation,vei'keiʃәn,n.|v.,"n. 假期, 休假\n[法] 假期, 停審期, 休庭期",,,CEEC-108,2,,,,大考中心高中英文參考詞彙表（111學年度起適用）,LEVEL 2,官方清單,,,
ceec-108:level-2:valley,valley,'væli,n.,"n. 山谷, 溪谷, 流域, 凹地\n[醫] 谷",,,CEEC-108,2,,,,大考中心高中英文參考詞彙表（111學年度起適用）,LEVEL 2,官方清單,,,
ceec-108:level-2:valuable,valuable,'væljuәbl,adj.,"a. 有價值的, 貴重的, 寶貴的, 可估價的\n[經] 有價值的, 可估價的, 貴重的",,,CEEC-108,2,,,,大考中心高中英文參考詞彙表（111學年度起適用）,LEVEL 2,官方清單,,,
ceec-108:level-2:value,value,'vælju:,n.|v.,"n. 價值, 價格, 購買力, 評價, 估價, 計算結果\nvt. 評價, 估價, 重視\n[計] 計算結果",,,CEEC-108,2,,,,大考中心高中英文參考詞彙表（111學年度起適用）,LEVEL 2,官方清單,,,
ceec-108:level-2:victory,victory,'viktәri,n.,"n. 勝利, 戰勝, 克服",,,CEEC-108,2,,,,大考中心高中英文參考詞彙表（111學年度起適用）,LEVEL 2,官方清單,,,
ceec-108:level-2:view,view,vju:,n.|v.,"n. 視野, 風景, 見解, 視力, 觀看, 檢視, 指望, 意圖, 印象\nvt. 看, 考慮, 視察, 檢視, 估量\n[計] 檢視",,,CEEC-108,2,,,,大考中心高中英文參考詞彙表（111學年度起適用）,LEVEL 2,官方清單,,,
ceec-108:level-2:village,village,'vilidʒ,n.,"n. 村莊\na. 鄉村的, 村莊的",,,CEEC-108,2,,,,大考中心高中英文參考詞彙表（111學年度起適用）,LEVEL 2,官方清單,,,
ceec-108:level-2:vote,vote,vәut,n.|v.,"n. 投票, 選舉, 選票, 表決, 選舉權, 得票數\nvi. 投票, 選舉\nvt. 投票選舉, 投票決定, 公認, 使投票",,,CEEC-108,2,,,,大考中心高中英文參考詞彙表（111學年度起適用）,LEVEL 2,官方清單,,,
ceec-108:level-2:waist,waist,weist,n.,"n. 腰部, 腰\n[醫] 腰",,,CEEC-108,2,,,,大考中心高中英文參考詞彙表（111學年度起適用）,LEVEL 2,官方清單,,,
ceec-108:level-2:waiter,waiter,'weitә,n.,n. 侍者,,,CEEC-108,2,,,,大考中心高中英文參考詞彙表（111學年度起適用）,LEVEL 2,官方清單,,,
ceec-108:level-2:waitress,waitress,'weitris,n.,"n. 女侍者, 女服務員",,,CEEC-108,2,,,,大考中心高中英文參考詞彙表（111學年度起適用）,LEVEL 2,官方清單,,,
ceec-108:level-2:wallet,wallet,'wɒlit,n.,"n. 皮夾\n[法] 皮包, 皮夾, 錢袋",,,CEEC-108,2,,,,大考中心高中英文參考詞彙表（111學年度起適用）,LEVEL 2,官方清單,,,
ceec-108:level-2:war,war,wɒ:,n.,"n. 戰爭, 戰爭狀態, 戰術, 軍事, 衝突, 鬥爭, 競爭\nvi. 進行戰爭, 作戰, 打仗, 戰鬥\na. 戰爭的, 戰時用的",,,CEEC-108,2,,,,大考中心高中英文參考詞彙表（111學年度起適用）,LEVEL 2,官方清單,,,
ceec-108:level-2:wash,wash,wɒʃ,n.|v.,"n. 洗, 洗滌, 沖洗, 洗的衣服, 沖積物, 窪地\nvt. 洗, 洗滌, 洗清, 用水沖洗, 流過, 弄溼, 粉刷, 鍍金屬薄層於\nvi. 洗滌, 洗澡, 被沖蝕, 漂浮",,,CEEC-108,2,,,,大考中心高中英文參考詞彙表（111學年度起適用）,LEVEL 2,官方清單,,,
ceec-108:level-2:waste,waste,weist,n.|v.,"n. 浪費, 廢物, 損耗, 消耗, 荒地, 垃圾, 地面風化物\na. 廢棄的, 荒蕪的, 多餘的\nvt. 浪費, 消耗, 使荒蕪\nvi. 浪費, 消耗, 變消瘦",,,CEEC-108,2,,,,大考中心高中英文參考詞彙表（111學年度起適用）,LEVEL 2,官方清單,,,
ceec-108:level-2:watermelon,watermelon,'wɒtә.melәn,n.,n. 西瓜,,,CEEC-108,2,,,,大考中心高中英文參考詞彙表（111學年度起適用）,LEVEL 2,官方清單,,,
ceec-108:level-2:wealth,wealth,welθ,n.,"n. 財富, 資源, 財產, 豐富, 富裕, 大量\n[經] 財富",,,CEEC-108,2,,,,大考中心高中英文參考詞彙表（111學年度起適用）,LEVEL 2,官方清單,,,
ceec-108:level-2:wedding,wedding,'wediŋ,n.,"n. 婚禮, 結婚, 結婚週年紀念日, 結合\n[法] 結婚, 婚禮, 結婚紀念日",,,CEEC-108,2,,,,大考中心高中英文參考詞彙表（111學年度起適用）,LEVEL 2,官方清單,,,
ceec-108:level-2:weekday,weekday,'wi:kdei,n.,"n. 週日, 平日\n[計] 工作日",,,CEEC-108,2,,,,大考中心高中英文參考詞彙表（111學年度起適用）,LEVEL 2,官方清單,,,
ceec-108:level-2:weigh,weigh,wei,v.,"vt. 稱...重量, 衡量, 把...壓彎, 考慮, 權衡, 起錨\nvi. 稱分量, 有意義, 重壓, 起錨\nn. 過秤, 稱分量",,,CEEC-108,2,,,,大考中心高中英文參考詞彙表（111學年度起適用）,LEVEL 2,官方清單,,,
ceec-108:level-2:weight,weight,weit,n.,"n. 重, 重量, 體重, 砝碼, 重大, 影響, 力量\nvt. 加重量於, 壓迫, 使加權, 稱重量\n[計] 粗細",,,CEEC-108,2,,,,大考中心高中英文參考詞彙表（111學年度起適用）,LEVEL 2,官方清單,,,
ceec-108:level-2:western,western,'westәn,adj.|n.,"n. 西方人, 西部片, 西部小說\na. 向西方的, 來自西方的, 西方的, 西洋的, 西部的",,,CEEC-108,2,,,,大考中心高中英文參考詞彙表（111學年度起適用）,LEVEL 2,官方清單,,,
ceec-108:level-2:whale,whale,hweil,n.,"n. 鯨\nvi. 捕鯨\nvt. 使慘敗, 猛揍",,,CEEC-108,2,,,,大考中心高中英文參考詞彙表（111學年度起適用）,LEVEL 2,官方清單,,,
ceec-108:level-2:whatever,whatever,hwɒt'evә,adj.|pron.,pron. 無論什麼,,,CEEC-108,2,,,,大考中心高中英文參考詞彙表（111學年度起適用）,LEVEL 2,官方清單,,,
ceec-108:level-2:wheel,wheel,hwi:l,n.,"n. 輪子, 車輪, 輪, 方向盤, 旋轉, 機構, 重要人物\nvt. 使旋轉, 轉動, 使轉向\nvi. 旋轉, 轉彎, 盤旋",,,CEEC-108,2,,,,大考中心高中英文參考詞彙表（111學年度起適用）,LEVEL 2,官方清單,,,
ceec-108:level-2:whenever,whenever,hwen'evә,adv.|conj.,"conj. 每當\nadv. 不論何時, 每逢",,,CEEC-108,2,,,,大考中心高中英文參考詞彙表（111學年度起適用）,LEVEL 2,官方清單,,,
ceec-108:level-2:wherever,wherever,hwєәr'evә,adv.|conj.,adv. 無論哪裡,,,CEEC-108,2,,,,大考中心高中英文參考詞彙表（111學年度起適用）,LEVEL 2,官方清單,,,
ceec-108:level-2:whisper,whisper,'hwispә,n.|v.,"n. 耳語, 密談, 謠傳, 沙沙聲\nvi. 耳語, 密談, 沙沙地響\nvt. 低聲說",,,CEEC-108,2,,,,大考中心高中英文參考詞彙表（111學年度起適用）,LEVEL 2,官方清單,,,
ceec-108:level-2:whoever,whoever,hu'evә,pron.,"pron. 任何人, 無論誰",,,CEEC-108,2,,,,大考中心高中英文參考詞彙表（111學年度起適用）,LEVEL 2,官方清單,,,
ceec-108:level-2:whole,whole,hәul,adj.|n.,"n. 全部, 全體, 整體, 完全之體系\na. 所有的, 完整的, 完全的, 純粹的",,,CEEC-108,2,,,,大考中心高中英文參考詞彙表（111學年度起適用）,LEVEL 2,官方清單,,,
ceec-108:level-2:whom,whom,hu:m,pron.,pron. 誰,,,CEEC-108,2,,,,大考中心高中英文參考詞彙表（111學年度起適用）,LEVEL 2,官方清單,,,
ceec-108:level-2:width,width,widθ,n.,"n. 寬度, 寬廣, 廣博\n[醫] 寬度",,,CEEC-108,2,,,,大考中心高中英文參考詞彙表（111學年度起適用）,LEVEL 2,官方清單,,,
ceec-108:level-2:wild,wild,waild,adj.|adv.|n.,"n. 荒野, 荒地\na. 野性的, 野蠻的, 野生的, 失控的, 任性的, 雜亂的, 輕率的, 狂熱的, 瘋狂的\nadv. 狂暴地, 失控地",,,CEEC-108,2,,,,大考中心高中英文參考詞彙表（111學年度起適用）,LEVEL 2,官方清單,,,
ceec-108:level-2:willing,willing,'wiliŋ,adj.,"a. 樂意的, 自願的, 甘願的",,,CEEC-108,2,,,,大考中心高中英文參考詞彙表（111學年度起適用）,LEVEL 2,官方清單,,,
ceec-108:level-2:windy,windy,'windi,adj.,"a. 多風的, 風強的, 腹脹的, 吹牛的",,,CEEC-108,2,,,,大考中心高中英文參考詞彙表（111學年度起適用）,LEVEL 2,官方清單,,,
ceec-108:level-2:wine,wine,wain,n.,"n. 葡萄酒, 果酒, 暗紅色\nv. (請)喝酒",,,CEEC-108,2,,,,大考中心高中英文參考詞彙表（111學年度起適用）,LEVEL 2,官方清單,,,
ceec-108:level-2:wing,wing,wiŋ,n.,"n. 翅膀, 翼, 機翼, 派別\nvt. 給...裝上翼, 飛過, 使飛, 空運, 增加...速度\nvi. 飛行",,,CEEC-108,2,,,,大考中心高中英文參考詞彙表（111學年度起適用）,LEVEL 2,官方清單,,,
ceec-108:level-2:wire,wire,'waiә,n.,"n. 電線, 電報, 電信, 鐵絲網, 金屬絲\nvt. 用金屬絲捆紮, 拍電報\nvi. 打電報",,,CEEC-108,2,,,,大考中心高中英文參考詞彙表（111學年度起適用）,LEVEL 2,官方清單,,,
ceec-108:level-2:within,within,wi'ðin,adv.|prep.,"n. 內部, 裡頭\nadv. 在內部, 在內心裡\nprep. 在...之內",,,CEEC-108,2,,,,大考中心高中英文參考詞彙表（111學年度起適用）,LEVEL 2,官方清單,,,
ceec-108:level-2:wolf,wolf,wulf,n.,"n. 狼, 殘忍貪婪之人, 極度窮困\nvt. 狼吞虎嚥, 大吃",,,CEEC-108,2,,,,大考中心高中英文參考詞彙表（111學年度起適用）,LEVEL 2,官方清單,,,
ceec-108:level-2:wonder,wonder,'wʌndә,n.|v.,"n. 奇蹟, 驚奇, 驚愕\nvt. 驚奇, 想知道\nvi. 驚訝, 懷疑",,,CEEC-108,2,,,,大考中心高中英文參考詞彙表（111學年度起適用）,LEVEL 2,官方清單,,,
ceec-108:level-2:wood,wood,wud,n.,"n. 木材, 木製品\nvt. 植林於, 給...新增木柴\nvi. 收集木材",,,CEEC-108,2,,,,大考中心高中英文參考詞彙表（111學年度起適用）,LEVEL 2,官方清單,,,
ceec-108:level-2:wooden,wooden,'wudn,adj.,"a. 木製的, 呆笨的, 木然的",,,CEEC-108,2,,,,大考中心高中英文參考詞彙表（111學年度起適用）,LEVEL 2,官方清單,,,
ceec-108:level-2:wool,wool,wul,n.,"n. 羊毛, 毛織物, 毛線, 絨線\n[醫] 羊毛, 絨毛, 棉[花]",,,CEEC-108,2,,,,大考中心高中英文參考詞彙表（111學年度起適用）,LEVEL 2,官方清單,,,
ceec-108:level-2:workbook,workbook,'w\\\\:kbjk,n.,"n. 輔助練習冊, 工作規程書, 工作記事簿, 筆記本, 工作手冊\n[計] 工作簿",,,CEEC-108,2,,,,大考中心高中英文參考詞彙表（111學年度起適用）,LEVEL 2,官方清單,,,
ceec-108:level-2:worm,worm,wә:m,n.|v.,"n. 蟲, 蠕蟲, 小人物, 螺紋, 蝸桿\nvi. 蠕行, 慢慢前進\nvt. 使蠕行, 慢慢地走, 除蟲\n[計] 蠕蟲病毒",,,CEEC-108,2,,,,大考中心高中英文參考詞彙表（111學年度起適用）,LEVEL 2,官方清單,,,
ceec-108:level-2:worse,worse,wә:s,adj.|adv.|n.,"n. 更壞的事, 更惡劣的事, 敗局\na. 更壞的, 更惡劣的\nadv. 更壞地, 更惡劣地",,,CEEC-108,2,,,,大考中心高中英文參考詞彙表（111學年度起適用）,LEVEL 2,官方清單,,,
ceec-108:level-2:worst,worst,wә:st,adj.|adv.|n.,"n. 最壞, 最壞的時候\na. 最壞的, 最惡劣的, 最不利的\nadv. 最壞, 最糟",,,CEEC-108,2,,,,大考中心高中英文參考詞彙表（111學年度起適用）,LEVEL 2,官方清單,,,
ceec-108:level-2:worth,worth,wә:θ,adj.|n.,"n. 價值, 財產\na. 值...的, 值得的",,,CEEC-108,2,,,,大考中心高中英文參考詞彙表（111學年度起適用）,LEVEL 2,官方清單,,,
ceec-108:level-2:wound,wound,wu:nd,n.|v.,"n. 創傷, 傷口, 傷疤, 傷害, 痛苦\nvt. 傷害, 損害, 使受傷\nvi. 打傷, 傷害\nwind的過去式和過去分詞",,,CEEC-108,2,,,,大考中心高中英文參考詞彙表（111學年度起適用）,LEVEL 2,官方清單,,,
ceec-108:level-2:yam,yam,jæm,n.,"n. 山藥, 薯蕷\n[醫] 薯蕷屬植物",,,CEEC-108,2,,,,大考中心高中英文參考詞彙表（111學年度起適用）,LEVEL 2,官方清單,,,
ceec-108:level-2:youth,youth,ju:θ,n.,"n. 年輕, 青年時代, 青年們, 青春\n[法] 青年, 青年時期, 青春時期",,,CEEC-108,2,,,,大考中心高中英文參考詞彙表（111學年度起適用）,LEVEL 2,官方清單,,,
ceec-108:level-2:zebra,zebra,'zi:brә,n.,n. 斑馬,,,CEEC-108,2,,,,大考中心高中英文參考詞彙表（111學年度起適用）,LEVEL 2,官方清單,,,
ceec-108:level-3:aboard,aboard,ә'bɒ:d,adv.|prep.,"adv. 在船上, 在火車上, 在飛機上\nprep. 在...之上",,,CEEC-108,3,,,,大考中心高中英文參考詞彙表（111學年度起適用）,LEVEL 3,官方清單,,,
ceec-108:level-3:acceptable,acceptable,әk'septәbl,adj.,"a. 可接受的, 合意的, 可忍受的",,,CEEC-108,3,,,,大考中心高中英文參考詞彙表（111學年度起適用）,LEVEL 3,官方清單,,,
ceec-108:level-3:accurate,accurate,'ækjurәt,adj.,"a. 正確的, 精確的\n[經] 準確的, 精確的",,,CEEC-108,3,,,,大考中心高中英文參考詞彙表（111學年度起適用）,LEVEL 3,官方清單,,,
ceec-108:level-3:ache,ache,eik,n.|v.,"n. 疼痛\nvi. 痛, 哀憐, 渴望",,,CEEC-108,3,,,,大考中心高中英文參考詞彙表（111學年度起適用）,LEVEL 3,官方清單,,,
ceec-108:level-3:achieve,achieve,ә'tʃi:v,v.,"vt. 完成, 達到\nvi. 如願以償",,,CEEC-108,3,,,,大考中心高中英文參考詞彙表（111學年度起適用）,LEVEL 3,官方清單,,,
ceec-108:level-3:achievement,achievement,ә'tʃi:vmәnt,n.,"n. 完成, 成就, 功業",,,CEEC-108,3,,,,大考中心高中英文參考詞彙表（111學年度起適用）,LEVEL 3,官方清單,,,
ceec-108:level-3:ad,ad,æd,n.,"n. 廣告\n[計] 地址, 模擬-數字",,,CEEC-108,3,,,,大考中心高中英文參考詞彙表（111學年度起適用）,LEVEL 3,官方清單,,,
ceec-108:level-3:additional,additional,ә'diʃәnәl,adj.,"a. 附加的, 另外的, 額外的\n[機] 加添的, 附加的",,,CEEC-108,3,,,,大考中心高中英文參考詞彙表（111學年度起適用）,LEVEL 3,官方清單,,,
ceec-108:level-3:admire,admire,әd'maiә,v.,"vt. 讚美, 欽佩, 愛慕\nvi. 稱讚, 驚奇",,,CEEC-108,3,,,,大考中心高中英文參考詞彙表（111學年度起適用）,LEVEL 3,官方清單,,,
ceec-108:level-3:advanced,advanced,әd'vɑ:nst,adj.,"a. 在前的, 高階的, 先進的, 年老的\n[法] 預付的, 預支的, 墊付的",,,CEEC-108,3,,,,大考中心高中英文參考詞彙表（111學年度起適用）,LEVEL 3,官方清單,,,
ceec-108:level-3:advantage,advantage,әd'vɑ:ntidʒ,n.,"n. 優點, 便利, 好處, 優勢\nvt. 有助於",,,CEEC-108,3,,,,大考中心高中英文參考詞彙表（111學年度起適用）,LEVEL 3,官方清單,,,
ceec-108:level-3:adventure,adventure,әd'ventʃә,n.,"n. 冒險, 冒險經歷\nv. 冒險",,,CEEC-108,3,,,,大考中心高中英文參考詞彙表（111學年度起適用）,LEVEL 3,官方清單,,,
ceec-108:level-3:advertise,advertise,'ædvәtaiz,v.,"vt. 做廣告, 通知, 公佈\nvi. 做廣告",,,CEEC-108,3,,,,大考中心高中英文參考詞彙表（111學年度起適用）,LEVEL 3,官方清單,,,
ceec-108:level-3:advertisement,advertisement,.ædvә'taizmәnt,n.,"n. 廣告, 啟事, 廣告宣傳\n[法] 廣告, 公告, 告示",,,CEEC-108,3,,,,大考中心高中英文參考詞彙表（111學年度起適用）,LEVEL 3,官方清單,,,
ceec-108:level-3:advise,advise,әd'vaiz,v.,"vt. 勸告, 給...出主意, 通知, 建議\nvi. 提意見, 商量",,,CEEC-108,3,,,,大考中心高中英文參考詞彙表（111學年度起適用）,LEVEL 3,官方清單,,,
ceec-108:level-3:adviser,adviser,әd'vaizә,n.,"n. 顧問, 勸告者, 指導教師\n[法] 顧問, 勸告者",,,CEEC-108,3,,,,大考中心高中英文參考詞彙表（111學年度起適用）,LEVEL 3,官方清單,,,
ceec-108:level-3:advisor,advisor,әd'vaizә,n.,"n. 顧問, 勸告者, 指導教師",,,CEEC-108,3,,,,大考中心高中英文參考詞彙表（111學年度起適用）,LEVEL 3,官方清單,,,
ceec-108:level-3:afford,afford,ә'fɒ:d,v.,"vt. 買得起, 足以, 給予",,,CEEC-108,3,,,,大考中心高中英文參考詞彙表（111學年度起適用）,LEVEL 3,官方清單,,,
ceec-108:level-3:afterward,afterward,'ɑ:ftәwәd,adv.,"adv. 然後, 後來",,,CEEC-108,3,,,,大考中心高中英文參考詞彙表（111學年度起適用）,LEVEL 3,官方清單,,,
ceec-108:level-3:afterwards,afterwards,'ɑ:ftәwәdz,adv.,"adv. 然後, 後來",,,CEEC-108,3,,,,大考中心高中英文參考詞彙表（111學年度起適用）,LEVEL 3,官方清單,,,
ceec-108:level-3:agriculture,agriculture,'ægrikʌltʃә,n.,"n. 農業\n[機] 農業, 農學",,,CEEC-108,3,,,,大考中心高中英文參考詞彙表（111學年度起適用）,LEVEL 3,官方清單,,,
ceec-108:level-3:airline,airline,'єәlain,n.,"n. 航線, 航線的裝置, 航空公司",,,CEEC-108,3,,,,大考中心高中英文參考詞彙表（111學年度起適用）,LEVEL 3,官方清單,,,
ceec-108:level-3:alley,alley,'æli,n.,"n. 小路, 巷",,,CEEC-108,3,,,,大考中心高中英文參考詞彙表（111學年度起適用）,LEVEL 3,官方清單,,,
ceec-108:level-3:almond,almond,'ɑ:mәnd,n.,n. 杏仁\n[化] 杏仁,,,CEEC-108,3,,,,大考中心高中英文參考詞彙表（111學年度起適用）,LEVEL 3,官方清單,,,
ceec-108:level-3:alphabet,alphabet,'ælfәbit,n.,n. 字母\n[計] 字母表,,,CEEC-108,3,,,,大考中心高中英文參考詞彙表（111學年度起適用）,LEVEL 3,官方清單,,,
ceec-108:level-3:amaze,amaze,ә'meiz,v.,vt. 使吃驚,,,CEEC-108,3,,,,大考中心高中英文參考詞彙表（111學年度起適用）,LEVEL 3,官方清單,,,
ceec-108:level-3:amazement,amazement,ә'meizmәnt,n.,"n. 驚愕, 驚異",,,CEEC-108,3,,,,大考中心高中英文參考詞彙表（111學年度起適用）,LEVEL 3,官方清單,,,
ceec-108:level-3:ambassador,ambassador,æm'bæsәdә,n.,"n. 大使\n[法] 大使, 使節, 代理",,,CEEC-108,3,,,,大考中心高中英文參考詞彙表（111學年度起適用）,LEVEL 3,官方清單,,,
ceec-108:level-3:ambition,ambition,æm'biʃәn,n.,"n. 野心, 志向",,,CEEC-108,3,,,,大考中心高中英文參考詞彙表（111學年度起適用）,LEVEL 3,官方清單,,,
ceec-108:level-3:ambulance,ambulance,'æmbjulәns,n.,n. 救護車\n[醫] 救護車,,,CEEC-108,3,,,,大考中心高中英文參考詞彙表（111學年度起適用）,LEVEL 3,官方清單,,,
ceec-108:level-3:angel,angel,'eindʒәl,n.,"n. 天使, 守護神, 善人",,,CEEC-108,3,,,,大考中心高中英文參考詞彙表（111學年度起適用）,LEVEL 3,官方清單,,,
ceec-108:level-3:announce,announce,ә'nauns,v.,"vt. 宣佈, 聲稱, 顯示, 預告\nvi. 當報幕員, 宣佈參加競選",,,CEEC-108,3,,,,大考中心高中英文參考詞彙表（111學年度起適用）,LEVEL 3,官方清單,,,
ceec-108:level-3:announcement,announcement,ә'naunsmәnt,n.,"n. 公告, 發表, 告知\n[經] 通告, 佈告, 公告",,,CEEC-108,3,,,,大考中心高中英文參考詞彙表（111學年度起適用）,LEVEL 3,官方清單,,,
ceec-108:level-3:anxious,anxious,'æŋʃәs,adj.,"a. 憂慮的, 發愁的, 渴望的",,,CEEC-108,3,,,,大考中心高中英文參考詞彙表（111學年度起適用）,LEVEL 3,官方清單,,,
ceec-108:level-3:anyhow,anyhow,'enihau,adv.,"adv. 無論如何, 至少",,,CEEC-108,3,,,,大考中心高中英文參考詞彙表（111學年度起適用）,LEVEL 3,官方清單,,,
ceec-108:level-3:apart,apart,ә'pɑ:t,adv.,"adv. 成零碎, 成距離, 分別地, 分離著\na. 分離的",,,CEEC-108,3,,,,大考中心高中英文參考詞彙表（111學年度起適用）,LEVEL 3,官方清單,,,
ceec-108:level-3:apologize,apologize,ә'pɒlәdʒaiz,v.,"vi. 道歉, 辯解",,,CEEC-108,3,,,,大考中心高中英文參考詞彙表（111學年度起適用）,LEVEL 3,官方清單,,,
ceec-108:level-3:appeal,appeal,ә'pi:l,n.|v.,"n. 懇求, 訴請, 上訴, 吸引力\nvi. 呼籲, 訴請, 要求, 上訴, 有吸引力\nvt. 將...上訴",,,CEEC-108,3,,,,大考中心高中英文參考詞彙表（111學年度起適用）,LEVEL 3,官方清單,,,
ceec-108:level-3:approve,approve,ә'pru:v,v.,"vt. 贊同, 核准, 為...提供證據\nvi. 讚許",,,CEEC-108,3,,,,大考中心高中英文參考詞彙表（111學年度起適用）,LEVEL 3,官方清單,,,
ceec-108:level-3:apron,apron,'eiprәn,n.,n. 圍裙\n[醫] 圍裙,,,CEEC-108,3,,,,大考中心高中英文參考詞彙表（111學年度起適用）,LEVEL 3,官方清單,,,
ceec-108:level-3:armed,armed,ɑ:md,adj.,"a. 有扶手的, 武裝的, 有防衛器官的\n[法] 武裝的, 持械的, ""F帶武器的",,,CEEC-108,3,,,,大考中心高中英文參考詞彙表（111學年度起適用）,LEVEL 3,官方清單,,,
ceec-108:level-3:arrest,arrest,ә'rest,n.|v.,"n. 逮捕, 監禁\nvt. 拘捕, 抑制, 吸引, 阻止",,,CEEC-108,3,,,,大考中心高中英文參考詞彙表（111學年度起適用）,LEVEL 3,官方清單,,,
ceec-108:level-3:ash,ash,æʃ,n.,"n. 灰, 灰燼\n[化] 灰分",,,CEEC-108,3,,,,大考中心高中英文參考詞彙表（111學年度起適用）,LEVEL 3,官方清單,,,
ceec-108:level-3:aside,aside,ә'said,adv.,"n. 小聲說的話, 旁白\nadv. 在一邊, 離開, 另外",,,CEEC-108,3,,,,大考中心高中英文參考詞彙表（111學年度起適用）,LEVEL 3,官方清單,,,
ceec-108:level-3:assist,assist,ә'sist,v.,"n. 幫助, 協助\nvt. 幫助, 促進\nvi. 協助, 參加",,,CEEC-108,3,,,,大考中心高中英文參考詞彙表（111學年度起適用）,LEVEL 3,官方清單,,,
ceec-108:level-3:assistant,assistant,ә'sistәnt,n.,"n. 助手, 助理, 助教\na. 有幫助的, 輔助的, 助理的",,,CEEC-108,3,,,,大考中心高中英文參考詞彙表（111學年度起適用）,LEVEL 3,官方清單,,,
ceec-108:level-3:assume,assume,ә'sju:m,v.,"vt. 假定, 承擔, 呈現\nvi. 裝腔作勢, 僭越",,,CEEC-108,3,,,,大考中心高中英文參考詞彙表（111學年度起適用）,LEVEL 3,官方清單,,,
ceec-108:level-3:athlete,athlete,'æθli:t,n.,"n. 運動員, 運動選手\n[醫] 運動員",,,CEEC-108,3,,,,大考中心高中英文參考詞彙表（111學年度起適用）,LEVEL 3,官方清單,,,
ceec-108:level-3:attitude,attitude,'ætitju:d,n.,"n. 態度, 看法, 姿勢\n[醫] 體態, 姿勢, 態度",,,CEEC-108,3,,,,大考中心高中英文參考詞彙表（111學年度起適用）,LEVEL 3,官方清單,,,
ceec-108:level-3:attract,attract,ә'trækt,v.,"vt. 吸引, 誘惑\nvi. 有吸引力",,,CEEC-108,3,,,,大考中心高中英文參考詞彙表（111學年度起適用）,LEVEL 3,官方清單,,,
ceec-108:level-3:attractive,attractive,ә'træktiv,adj.,"a. 吸引人的, 有魅力的\n[法] 有吸引力的, 有迷惑力的",,,CEEC-108,3,,,,大考中心高中英文參考詞彙表（111學年度起適用）,LEVEL 3,官方清單,,,
ceec-108:level-3:audience,audience,'ɒ:diәns,n.,"n. 聽眾, 觀眾, 讀者\n[法] 聽訟, 觀眾, 聽眾",,,CEEC-108,3,,,,大考中心高中英文參考詞彙表（111學年度起適用）,LEVEL 3,官方清單,,,
ceec-108:level-3:auto,auto,'ɒ:tәu,n.,"n. 汽車\npref. 表示""自己""、""本身"", 表示""自己的"", 表示""自動的""",,,CEEC-108,3,,,,大考中心高中英文參考詞彙表（111學年度起適用）,LEVEL 3,官方清單,,,
ceec-108:level-3:automatic,automatic,.ɒ:tә'mætik,adj.,"n. 自動手槍, 自動機械\na. 自動的, 機械的, 必然的, 無意識的",,,CEEC-108,3,,,,大考中心高中英文參考詞彙表（111學年度起適用）,LEVEL 3,官方清單,,,
ceec-108:level-3:automobile,automobile,'ɒ:tәmәbi:l,n.,n. 汽車\n[機] 汽車,,,CEEC-108,3,,,,大考中心高中英文參考詞彙表（111學年度起適用）,LEVEL 3,官方清單,,,
ceec-108:level-3:avenue,avenue,'ævәnju:,n.,"n. 大街, 途徑, 林蔭路",,,CEEC-108,3,,,,大考中心高中英文參考詞彙表（111學年度起適用）,LEVEL 3,官方清單,,,
ceec-108:level-3:awake,awake,ә'weik,adj.|v.,"a. 醒著的\nvt. 喚醒, 喚起, 使意識到\nvi. 醒來, 被喚起, 意識到",,,CEEC-108,3,,,,大考中心高中英文參考詞彙表（111學年度起適用）,LEVEL 3,官方清單,,,
ceec-108:level-3:awaken,awaken,ә'weikәn,v.,"vt. 喚醒, 喚起, 使意識到\nvi. 覺醒, 意識到",,,CEEC-108,3,,,,大考中心高中英文參考詞彙表（111學年度起適用）,LEVEL 3,官方清單,,,
ceec-108:level-3:award,award,ә'wɒ:d,n.|v.,"n. 獎品, 裁定, 判決\nvt. 授予, 給予",,,CEEC-108,3,,,,大考中心高中英文參考詞彙表（111學年度起適用）,LEVEL 3,官方清單,,,
ceec-108:level-3:aware,aware,ә'wєә,adj.,"a. 知道的, 有覺悟的",,,CEEC-108,3,,,,大考中心高中英文參考詞彙表（111學年度起適用）,LEVEL 3,官方清單,,,
ceec-108:level-3:awful,awful,'ɒ:ful,adj.,"a. 可怕的, 莊嚴的, 虔敬的",,,CEEC-108,3,,,,大考中心高中英文參考詞彙表（111學年度起適用）,LEVEL 3,官方清單,,,
ceec-108:level-3:awkward,awkward,'ɒ:kwәd,adj.,"a. 笨拙的, 棘手的",,,CEEC-108,3,,,,大考中心高中英文參考詞彙表（111學年度起適用）,LEVEL 3,官方清單,,,
ceec-108:level-3:background,background,'bækgraund,n.,"n. 背景, 背景資料\n[計] 背景, 後臺",,,CEEC-108,3,,,,大考中心高中英文參考詞彙表（111學年度起適用）,LEVEL 3,官方清單,,,
ceec-108:level-3:bacon,bacon,'beikәn,n.,n. 燻豬肉\n[機] 醃肉,,,CEEC-108,3,,,,大考中心高中英文參考詞彙表（111學年度起適用）,LEVEL 3,官方清單,,,
ceec-108:level-3:bacteria,bacteria,bæk'tiәriә,n.,"pl. 細菌\n[醫] 細菌, [無芽胞]桿菌",,,CEEC-108,3,,,,大考中心高中英文參考詞彙表（111學年度起適用）,LEVEL 3,官方清單,,,
ceec-108:level-3:badly,badly,'bædli,adv.,"adv. 嚴重地, 惡劣地, 極度地",,,CEEC-108,3,,,,大考中心高中英文參考詞彙表（111學年度起適用）,LEVEL 3,官方清單,,,
ceec-108:level-3:baggage,baggage,'bægidʒ,n.,n. 行李\n[經] 行李,,,CEEC-108,3,,,,大考中心高中英文參考詞彙表（111學年度起適用）,LEVEL 3,官方清單,,,
ceec-108:level-3:bait,bait,beit,n.|v.,"n. 餌\nvt. 以餌引誘, 欺負\nvi. 中途休息",,,CEEC-108,3,,,,大考中心高中英文參考詞彙表（111學年度起適用）,LEVEL 3,官方清單,,,
ceec-108:level-3:bamboo,bamboo,bæm'bu:,n.,n. 竹子\n[醫] 竹類,,,CEEC-108,3,,,,大考中心高中英文參考詞彙表（111學年度起適用）,LEVEL 3,官方清單,,,
ceec-108:level-3:bang,bang,bæŋ,adv.|n.|v.,"n. 重擊, 突然巨響, 劉海\nv. 發巨響, 重擊\nadv. 砰然地, 突然巨響地, 直接地\n[計] 撞擊符",,,CEEC-108,3,,,,大考中心高中英文參考詞彙表（111學年度起適用）,LEVEL 3,官方清單,,,
ceec-108:level-3:banker,banker,'bæŋkә,n.,"n. 銀行家, 莊家\n[經] 銀行業者, 銀行家",,,CEEC-108,3,,,,大考中心高中英文參考詞彙表（111學年度起適用）,LEVEL 3,官方清單,,,
ceec-108:level-3:bare,bare,bєә,adj.|v.,"a. 赤裸的, 缺少的, 無遮蔽的, 坦率的\nvt. 使赤裸, 露出",,,CEEC-108,3,,,,大考中心高中英文參考詞彙表（111學年度起適用）,LEVEL 3,官方清單,,,
ceec-108:level-3:barely,barely,'bєәli,adv.,adv. 幾乎不,,,CEEC-108,3,,,,大考中心高中英文參考詞彙表（111學年度起適用）,LEVEL 3,官方清單,,,
ceec-108:level-3:barn,barn,bɑ:n,n.,n. 穀倉\n[化] 靶(恩)(核反應截面單位),,,CEEC-108,3,,,,大考中心高中英文參考詞彙表（111學年度起適用）,LEVEL 3,官方清單,,,
ceec-108:level-3:barrel,barrel,'bærәl,n.,n. 桶\nvt. 裝入桶內,,,CEEC-108,3,,,,大考中心高中英文參考詞彙表（111學年度起適用）,LEVEL 3,官方清單,,,
ceec-108:level-3:basement,basement,'beismәnt,n.,"n. 地下室, 牆腳\n[化] 地下室",,,CEEC-108,3,,,,大考中心高中英文參考詞彙表（111學年度起適用）,LEVEL 3,官方清單,,,
ceec-108:level-3:bay,bay,bei,n.,"n. 海灣, 狗吠聲, 月桂\nvt. 吠, 使走投無路\nvi. 吠",,,CEEC-108,3,,,,大考中心高中英文參考詞彙表（111學年度起適用）,LEVEL 3,官方清單,,,
ceec-108:level-3:bead,bead,bi:d,n.,"n. 珠子, 滴\nvt. 用珠裝飾\nvi. 形成珠\n[計] 珠",,,CEEC-108,3,,,,大考中心高中英文參考詞彙表（111學年度起適用）,LEVEL 3,官方清單,,,
ceec-108:level-3:beam,beam,bi:m,n.|v.,"n. 橫樑, 杆, 光線, 容光煥發\nvi. 用梁支承, 微笑, 射出光線\nvt. 照耀, 感到欣喜\n[計] 束",,,CEEC-108,3,,,,大考中心高中英文參考詞彙表（111學年度起適用）,LEVEL 3,官方清單,,,
ceec-108:level-3:beast,beast,bi:st,n.,"n. 畜生, 動物, 野獸, 獸性",,,CEEC-108,3,,,,大考中心高中英文參考詞彙表（111學年度起適用）,LEVEL 3,官方清單,,,
ceec-108:level-3:beetle,beetle,'bi:tl,n.,"n. 甲蟲, 大槌\nvi. 快速移動\nvt. 捶",,,CEEC-108,3,,,,大考中心高中英文參考詞彙表（111學年度起適用）,LEVEL 3,官方清單,,,
ceec-108:level-3:beneath,beneath,bi'ni:θ,prep.,prep. 在...下方\nadv. 在...下方,,,CEEC-108,3,,,,大考中心高中英文參考詞彙表（111學年度起適用）,LEVEL 3,官方清單,,,
ceec-108:level-3:benefit,benefit,'benifit,n.|v.,n. 利益\nvt. 有益於\nvi. 受益,,,CEEC-108,3,,,,大考中心高中英文參考詞彙表（111學年度起適用）,LEVEL 3,官方清單,,,
ceec-108:level-3:berry,berry,'beri,n.,n. 漿果\nvi. 採集漿果,,,CEEC-108,3,,,,大考中心高中英文參考詞彙表（111學年度起適用）,LEVEL 3,官方清單,,,
ceec-108:level-3:besides,besides,bi'saidz,adv.|prep.,"prep. 除...之外\nadv. 而且, 此外",,,CEEC-108,3,,,,大考中心高中英文參考詞彙表（111學年度起適用）,LEVEL 3,官方清單,,,
ceec-108:level-3:bet,bet,bet,n.|v.,"n. 打賭, 賭注\nv. 打賭",,,CEEC-108,3,,,,大考中心高中英文參考詞彙表（111學年度起適用）,LEVEL 3,官方清單,,,
ceec-108:level-3:bind,bind,baind,v.,"vt. 綁, 約束, 裝訂, 包紮, 使結合\nvi. 凝固, 有約束力\n[計] 賦值, 繫結",,,CEEC-108,3,,,,大考中心高中英文參考詞彙表（111學年度起適用）,LEVEL 3,官方清單,,,
ceec-108:level-3:bitter,bitter,'bitә,adj.,"a. 苦的, 痛苦的, 懷恨的\nadv. 刺骨\nv. (使)變苦",,,CEEC-108,3,,,,大考中心高中英文參考詞彙表（111學年度起適用）,LEVEL 3,官方清單,,,
ceec-108:level-3:bleed,bleed,bli:d,v.,"vi. 流血, 悲痛, 滲出\nvt. 使出血, 榨取",,,CEEC-108,3,,,,大考中心高中英文參考詞彙表（111學年度起適用）,LEVEL 3,官方清單,,,
ceec-108:level-3:bless,bless,bles,v.,"vt. 祝福, 祈佑, 使神聖化",,,CEEC-108,3,,,,大考中心高中英文參考詞彙表（111學年度起適用）,LEVEL 3,官方清單,,,
ceec-108:level-3:bloody,bloody,'blʌdi,adj.,"a. 血腥的, 嗜殺的, 有血的",,,CEEC-108,3,,,,大考中心高中英文參考詞彙表（111學年度起適用）,LEVEL 3,官方清單,,,
ceec-108:level-3:blouse,blouse,blauz,n.,n. 寬鬆的上衣,,,CEEC-108,3,,,,大考中心高中英文參考詞彙表（111學年度起適用）,LEVEL 3,官方清單,,,
ceec-108:level-3:bold,bold,bәuld,adj.,a. 大膽的\nn. 粗體\n[計] 粗體,,,CEEC-108,3,,,,大考中心高中英文參考詞彙表（111學年度起適用）,LEVEL 3,官方清單,,,
ceec-108:level-3:bomb,bomb,bɒm,n.|v.,"n. 炸彈\nvt. 轟炸, 投彈於\nvi. 失敗",,,CEEC-108,3,,,,大考中心高中英文參考詞彙表（111學年度起適用）,LEVEL 3,官方清單,,,
ceec-108:level-3:bookcase,bookcase,'bukkeis,n.,"n. 書架, 書櫃",,,CEEC-108,3,,,,大考中心高中英文參考詞彙表（111學年度起適用）,LEVEL 3,官方清單,,,
ceec-108:level-3:boot,boot,bu:t,n.|v.,"n. 長靴, 踢, 解僱, 效用\nvt. 使穿靴, 踢, 解僱, 有用\n[計] 引導, 自舉",,,CEEC-108,3,,,,大考中心高中英文參考詞彙表（111學年度起適用）,LEVEL 3,官方清單,,,
ceec-108:level-3:bore,bore,bɒ:,n.|v.,"n. 令人討厭的人, 激浪, 槍膛, 孔\nvt. 使煩擾, 鑽孔\nvi. 鑽孔\nbear的過去式\n[計] 內徑; 孔徑",,,CEEC-108,3,,,,大考中心高中英文參考詞彙表（111學年度起適用）,LEVEL 3,官方清單,,,
ceec-108:level-3:bowling,bowling,'bәuliŋ,n.,n. 保齡球戲,,,CEEC-108,3,,,,大考中心高中英文參考詞彙表（111學年度起適用）,LEVEL 3,官方清單,,,
ceec-108:level-3:brake,brake,breik,n.|v.,"n. 剎車, 阻礙, 叢林\nv. 剎車",,,CEEC-108,3,,,,大考中心高中英文參考詞彙表（111學年度起適用）,LEVEL 3,官方清單,,,
ceec-108:level-3:brass,brass,bræs.brɑ:s,adj.|n.,"n. 黃銅, 黃銅製品\na. 黃銅的, 銅管樂器的\nv. 鍍以黃銅, 支付",,,CEEC-108,3,,,,大考中心高中英文參考詞彙表（111學年度起適用）,LEVEL 3,官方清單,,,
ceec-108:level-3:bravery,bravery,'breivәri,n.,n. 勇敢,,,CEEC-108,3,,,,大考中心高中英文參考詞彙表（111學年度起適用）,LEVEL 3,官方清單,,,
ceec-108:level-3:breast,breast,brest,n.,"n. 胸部, 乳房, 胸懷\nvt. 以胸對著, 面對",,,CEEC-108,3,,,,大考中心高中英文參考詞彙表（111學年度起適用）,LEVEL 3,官方清單,,,
ceec-108:level-3:breath,breath,breθ,n.,"n. 呼吸, 氣息, 瞬間\n[醫] 呼氣, 呵氣, 口氣, 呼吸",,,CEEC-108,3,,,,大考中心高中英文參考詞彙表（111學年度起適用）,LEVEL 3,官方清單,,,
ceec-108:level-3:breathe,breathe,bri:ð,v.,"vi. 呼吸, 生存, 低語\nvt. 呼吸, 使喘息, 發散, 低聲說",,,CEEC-108,3,,,,大考中心高中英文參考詞彙表（111學年度起適用）,LEVEL 3,官方清單,,,
ceec-108:level-3:breeze,breeze,bri:z,n.|v.,"n. 微風, 煤屑, 輕而易舉的事\nvi. 吹微風, 逃走",,,CEEC-108,3,,,,大考中心高中英文參考詞彙表（111學年度起適用）,LEVEL 3,官方清單,,,
ceec-108:level-3:brick,brick,brik,n.,"n. 磚塊, 積木\na. 用磚做的\nvt. 用磚造, 用磚砌",,,CEEC-108,3,,,,大考中心高中英文參考詞彙表（111學年度起適用）,LEVEL 3,官方清單,,,
ceec-108:level-3:bride,bride,braid,n.,n. 新娘,,,CEEC-108,3,,,,大考中心高中英文參考詞彙表（111學年度起適用）,LEVEL 3,官方清單,,,
ceec-108:level-3:broadcast,broadcast,'brɒ:dkæst,n.|v.,"n. 廣播, 傳播\na. 廣播的\nv. 廣播\nadv. 經廣播, 四散地\n[計] 廣播命令, 廣播",,,CEEC-108,3,,,,大考中心高中英文參考詞彙表（111學年度起適用）,LEVEL 3,官方清單,,,
ceec-108:level-3:brunch,brunch,brʌntʃ,n.,n. 早午餐,,,CEEC-108,3,,,,大考中心高中英文參考詞彙表（111學年度起適用）,LEVEL 3,官方清單,,,
ceec-108:level-3:bubble,bubble,'bʌbl,n.|v.,"n. 泡沫\nvi. 冒泡, 沸騰\nvt. 使冒泡, 滔滔不絕地說",,,CEEC-108,3,,,,大考中心高中英文參考詞彙表（111學年度起適用）,LEVEL 3,官方清單,,,
ceec-108:level-3:bucket,bucket,'bʌkit,n.,n. 桶\n[計] 儲存桶; 桶,,,CEEC-108,3,,,,大考中心高中英文參考詞彙表（111學年度起適用）,LEVEL 3,官方清單,,,
ceec-108:level-3:bud,bud,bʌd,n.|v.,"n. 芽, 花蕾\nvi. 發芽, 萌芽\nvt. 使發芽",,,CEEC-108,3,,,,大考中心高中英文參考詞彙表（111學年度起適用）,LEVEL 3,官方清單,,,
ceec-108:level-3:budget,budget,'bʌdʒit,n.|v.,"n. 預算\nvi. 編預算\nvt. 編入預算, 安排\na. 廉價的",,,CEEC-108,3,,,,大考中心高中英文參考詞彙表（111學年度起適用）,LEVEL 3,官方清單,,,
ceec-108:level-3:buffalo,buffalo,'bʌfәlәu,n.,n. 水牛\n[機] 水牛,,,CEEC-108,3,,,,大考中心高中英文參考詞彙表（111學年度起適用）,LEVEL 3,官方清單,,,
ceec-108:level-3:buffet,buffet,'bʌfit,n.,"n. 自助餐, 小賣部, 碗櫥, 毆打, 衝擊\nvt. 連續打, 衝擊, 搏鬥\nvi. 奮鬥",,,CEEC-108,3,,,,大考中心高中英文參考詞彙表（111學年度起適用）,LEVEL 3,官方清單,,,
ceec-108:level-3:bulb,bulb,bʌlb,n.,"n. 球莖, 電燈泡\n[醫] 球, 鱗莖, 球莖",,,CEEC-108,3,,,,大考中心高中英文參考詞彙表（111學年度起適用）,LEVEL 3,官方清單,,,
ceec-108:level-3:bull,bull,bul,n.,"n. 公牛\n[法] 買方, 買空者",,,CEEC-108,3,,,,大考中心高中英文參考詞彙表（111學年度起適用）,LEVEL 3,官方清單,,,
ceec-108:level-3:bullet,bullet,'bulit,n.,"n. 子彈\n[醫] 彈, 子彈, 距節(馬)",,,CEEC-108,3,,,,大考中心高中英文參考詞彙表（111學年度起適用）,LEVEL 3,官方清單,,,
ceec-108:level-3:bump,bump,bʌmp,n.|v.,"n. 撞擊, 腫塊\nvt. 碰撞\nvi. 撞, 顛簸而行",,,CEEC-108,3,,,,大考中心高中英文參考詞彙表（111學年度起適用）,LEVEL 3,官方清單,,,
ceec-108:level-3:bunch,bunch,bʌntʃ,n.,"n. 串, 束\n[醫] 骨腫塊(馬)",,,CEEC-108,3,,,,大考中心高中英文參考詞彙表（111學年度起適用）,LEVEL 3,官方清單,,,
ceec-108:level-3:bundle,bundle,'bʌndl,n.,"n. 捆, 束\nvt. 包紮, 胡亂塞進\nvi. 匆忙離開",,,CEEC-108,3,,,,大考中心高中英文參考詞彙表（111學年度起適用）,LEVEL 3,官方清單,,,
ceec-108:level-3:bury,bury,'beri,v.,"vt. 埋葬, 埋藏",,,CEEC-108,3,,,,大考中心高中英文參考詞彙表（111學年度起適用）,LEVEL 3,官方清單,,,
ceec-108:level-3:bush,bush,buʃ,n.,n. 矮樹叢\n[化] 管襯,,,CEEC-108,3,,,,大考中心高中英文參考詞彙表（111學年度起適用）,LEVEL 3,官方清單,,,
ceec-108:level-3:buzz,buzz,bʌz,n.|v.,"n. 嗡嗡聲, 流言\nvi. 發出嗡嗡聲, 說閒話\nvt. 使嗡嗡叫, 散佈",,,CEEC-108,3,,,,大考中心高中英文參考詞彙表（111學年度起適用）,LEVEL 3,官方清單,,,
ceec-108:level-3:cabin,cabin,'kæbin,n.,"n. 小屋, 客艙\nvt. 關在小屋",,,CEEC-108,3,,,,大考中心高中英文參考詞彙表（111學年度起適用）,LEVEL 3,官方清單,,,
ceec-108:level-3:cable,cable,'keibl,n.|v.,"n. 電纜, 海底電報, 纜, 索\nvi. 打海底電報\nvt. 發海底電報, 縛住\n[計] 電纜",,,CEEC-108,3,,,,大考中心高中英文參考詞彙表（111學年度起適用）,LEVEL 3,官方清單,,,
ceec-108:level-3:cafeteria,cafeteria,.kæfi'tiәriә,n.,n. 自助餐廳\n[經] 自助餐廳,,,CEEC-108,3,,,,大考中心高中英文參考詞彙表（111學年度起適用）,LEVEL 3,官方清單,,,
ceec-108:level-3:campus,campus,'kæmpәs,n.,"n. 校園, 大學生活",,,CEEC-108,3,,,,大考中心高中英文參考詞彙表（111學年度起適用）,LEVEL 3,官方清單,,,
ceec-108:level-3:canyon,canyon,'kænjәn,n.,"n. 峽谷, 海底懸崖",,,CEEC-108,3,,,,大考中心高中英文參考詞彙表（111學年度起適用）,LEVEL 3,官方清單,,,
ceec-108:level-3:capable,capable,'keipәbl,adj.,"a. 有能力的, 能的, 能幹的",,,CEEC-108,3,,,,大考中心高中英文參考詞彙表（111學年度起適用）,LEVEL 3,官方清單,,,
ceec-108:level-3:captain,captain,'kæptin,n.,"n. 船長, 指揮官, 海軍上校, 首領\nvt. 率領, 指揮",,,CEEC-108,3,,,,大考中心高中英文參考詞彙表（111學年度起適用）,LEVEL 3,官方清單,,,
ceec-108:level-3:capture,capture,'kæptʃә,n.|v.,"n. 抓取, 戰利品, 捕獲之物\nvt. 抓取, 獲得, 迷住\n[計] 截獲命令",,,CEEC-108,3,,,,大考中心高中英文參考詞彙表（111學年度起適用）,LEVEL 3,官方清單,,,
ceec-108:level-3:career,career,kә'riә,n.,"n. 事業, 生涯, 成功\n[法] 職業, 專業, 履歷",,,CEEC-108,3,,,,大考中心高中英文參考詞彙表（111學年度起適用）,LEVEL 3,官方清單,,,
ceec-108:level-3:carpenter,carpenter,'kɑ:pintә,n.,n. 木匠,,,CEEC-108,3,,,,大考中心高中英文參考詞彙表（111學年度起適用）,LEVEL 3,官方清單,,,
ceec-108:level-3:carpet,carpet,'kɑ:pit,n.|v.,"n. 地毯, 地毯狀物\nvt. 鋪以地毯, 鋪蓋",,,CEEC-108,3,,,,大考中心高中英文參考詞彙表（111學年度起適用）,LEVEL 3,官方清單,,,
ceec-108:level-3:carriage,carriage,'kæridʒ,n.,"n. 馬車, 客車, 舉止, 運輸\n[經] 搬運費, 運費",,,CEEC-108,3,,,,大考中心高中英文參考詞彙表（111學年度起適用）,LEVEL 3,官方清單,,,
ceec-108:level-3:cart,cart,kɑ:t,n.|v.,n. 二輪運貨馬車\nvi. 駕運貨馬車\nvt. 用車裝載,,,CEEC-108,3,,,,大考中心高中英文參考詞彙表（111學年度起適用）,LEVEL 3,官方清單,,,
ceec-108:level-3:cast,cast,kɑ:st. kæst,n.|v.,"n. 演員陣容, 投擲, 鑄件, 預測, 特性\nvt. 投, 擲, 拋, 脫落, 鑄, 使彎曲, 計算\nvi. 投, 計算, 澆鑄成型",,,CEEC-108,3,,,,大考中心高中英文參考詞彙表（111學年度起適用）,LEVEL 3,官方清單,,,
ceec-108:level-3:casual,casual,'kæʒjuәl,adj.,"a. 偶然的, 不經意的, 便裝的\nn. 臨時工, 待命士兵",,,CEEC-108,3,,,,大考中心高中英文參考詞彙表（111學年度起適用）,LEVEL 3,官方清單,,,
ceec-108:level-3:cattle,cattle,kætl,n.,"n. 牛, 家畜\n[法] 家畜",,,CEEC-108,3,,,,大考中心高中英文參考詞彙表（111學年度起適用）,LEVEL 3,官方清單,,,
ceec-108:level-3:cave,cave,keiv,n.|v.,"n. 洞, 穴\nvi. 凹陷, 塌落\nvt. 挖洞, 使凹陷, 損壞...的基礎",,,CEEC-108,3,,,,大考中心高中英文參考詞彙表（111學年度起適用）,LEVEL 3,官方清單,,,
ceec-108:level-3:champion,champion,'tʃæmpiәn,n.,"n. 冠軍, 擁護者, 戰士\nvt. 保衛, 擁護\na. 優勝的",,,CEEC-108,3,,,,大考中心高中英文參考詞彙表（111學年度起適用）,LEVEL 3,官方清單,,,
ceec-108:level-3:charm,charm,tʃɑ:m,n.|v.,"n. 吸引力, 魔力, 符咒\nvt. 迷住, 使陶醉, 行魔法\nvi. 用符咒, 有魅力",,,CEEC-108,3,,,,大考中心高中英文參考詞彙表（111學年度起適用）,LEVEL 3,官方清單,,,
ceec-108:level-3:chat,chat,tʃæt,n.|v.,"n. 閒談\nvi. 閒談, 聊天",,,CEEC-108,3,,,,大考中心高中英文參考詞彙表（111學年度起適用）,LEVEL 3,官方清單,,,
ceec-108:level-3:cheek,cheek,tʃi:k,n.,"n. 頰, 厚顏, 臉蛋\n[醫] 頰",,,CEEC-108,3,,,,大考中心高中英文參考詞彙表（111學年度起適用）,LEVEL 3,官方清單,,,
ceec-108:level-3:cheerful,cheerful,'tʃiәful,adj.,"a. 快活的, 高興的, 興高采烈的",,,CEEC-108,3,,,,大考中心高中英文參考詞彙表（111學年度起適用）,LEVEL 3,官方清單,,,
ceec-108:level-3:cherry,cherry,'tʃeri,adj.|n.,"n. 櫻桃, 櫻桃樹, 櫻桃色\n[醫] 櫻桃",,,CEEC-108,3,,,,大考中心高中英文參考詞彙表（111學年度起適用）,LEVEL 3,官方清單,,,
ceec-108:level-3:chest,chest,tʃest,n.,"n. 胸, 胸部, 衣櫃, 箱子\n[醫] 胸, 胸廓",,,CEEC-108,3,,,,大考中心高中英文參考詞彙表（111學年度起適用）,LEVEL 3,官方清單,,,
ceec-108:level-3:chill,chill,tʃil,adj.|n.|v.,"n. 寒冷, 寒意, 失意\na. 寒冷的, 冷漠的\nvt. 使寒心, 冷凍\nvi. 變冷",,,CEEC-108,3,,,,大考中心高中英文參考詞彙表（111學年度起適用）,LEVEL 3,官方清單,,,
ceec-108:level-3:chilly,chilly,'tʃili,adj.,"a. 寒冷的, 冷淡的, 不友好的\n[建] 番椒, 冷",,,CEEC-108,3,,,,大考中心高中英文參考詞彙表（111學年度起適用）,LEVEL 3,官方清單,,,
ceec-108:level-3:chimney,chimney,'tʃimni,n.,"n. 煙囪, 燈罩\n[電] 煙囪",,,CEEC-108,3,,,,大考中心高中英文參考詞彙表（111學年度起適用）,LEVEL 3,官方清單,,,
ceec-108:level-3:chin,chin,tʃin,n.,"n. 下巴, 頦\n[醫] 頦",,,CEEC-108,3,,,,大考中心高中英文參考詞彙表（111學年度起適用）,LEVEL 3,官方清單,,,
ceec-108:level-3:chip,chip,tʃip,n.|v.,"n. 屑片, 薄片, 碎片\nvt. 削, 切, 削成碎片, 使摔倒, 鑿\nvi. 削下屑片\n[計] 孔屑; 元件; 晶片; 晶片",,,CEEC-108,3,,,,大考中心高中英文參考詞彙表（111學年度起適用）,LEVEL 3,官方清單,,,
ceec-108:level-3:chop,chop,tʃɒp,n.|v.,"n. 肋條肉, 排骨, 砍, 戳記, 商標\nvt. 剁碎, 砍, 切擊, 割斷\nvi. 砍, 突然轉向",,,CEEC-108,3,,,,大考中心高中英文參考詞彙表（111學年度起適用）,LEVEL 3,官方清單,,,
ceec-108:level-3:cigarette,cigarette,.sigә'ret,n.,"n. 香菸, 紙菸",,,CEEC-108,3,,,,大考中心高中英文參考詞彙表（111學年度起適用）,LEVEL 3,官方清單,,,
ceec-108:level-3:cinema,cinema,'sinәmә,n.,"n. 電影院, 電影",,,CEEC-108,3,,,,大考中心高中英文參考詞彙表（111學年度起適用）,LEVEL 3,官方清單,,,
ceec-108:level-3:circus,circus,'sә:kәs,n.,"n. 馬戲團, 馬戲, 競技場",,,CEEC-108,3,,,,大考中心高中英文參考詞彙表（111學年度起適用）,LEVEL 3,官方清單,,,
ceec-108:level-3:citizen,citizen,'sitizn,n.,"n. 市民, 公民\n[法] 公民, 國民, 市民",,,CEEC-108,3,,,,大考中心高中英文參考詞彙表（111學年度起適用）,LEVEL 3,官方清單,,,
ceec-108:level-3:civil,civil,'sivәl,adj.,"a. 市民的, 公民的, 有禮貌的\n[法] 公民的, 國民的, 民用的",,,CEEC-108,3,,,,大考中心高中英文參考詞彙表（111學年度起適用）,LEVEL 3,官方清單,,,
ceec-108:level-3:clay,clay,klei,n.,"n. 泥土, 肉體, 黏土\n[化] 粘土",,,CEEC-108,3,,,,大考中心高中英文參考詞彙表（111學年度起適用）,LEVEL 3,官方清單,,,
ceec-108:level-3:cleaner,cleaner,'kli:nә,n.,"n. 清潔工人, 清潔劑, 乾洗商\n[化] 濾清器; 除垢器; 洗淨劑; 清潔劑",,,CEEC-108,3,,,,大考中心高中英文參考詞彙表（111學年度起適用）,LEVEL 3,官方清單,,,
ceec-108:level-3:client,client,'klaiәnt,n.,"n. 客戶, 顧客, 委託人\n[計] 客戶, 客戶機, 客戶機程式",,,CEEC-108,3,,,,大考中心高中英文參考詞彙表（111學年度起適用）,LEVEL 3,官方清單,,,
ceec-108:level-3:clinic,clinic,'klinik,n.,"n. 診所, 臨床教學\n[醫] 診所(門診部); 臨床(講解); 臨床(學)科",,,CEEC-108,3,,,,大考中心高中英文參考詞彙表（111學年度起適用）,LEVEL 3,官方清單,,,
ceec-108:level-3:clip,clip,klip,n.|v.,"n. 修剪, 夾子, 回形針, 剪下來的東西\nvt. 修剪, 痛打, 夾牢, 剪報\nvi. 剪報",,,CEEC-108,3,,,,大考中心高中英文參考詞彙表（111學年度起適用）,LEVEL 3,官方清單,,,
ceec-108:level-3:closet,closet,'klɒzit,n.,"n. 壁櫥, 小室\na. 秘密的, 空談的\nvt. 把...關入小室",,,CEEC-108,3,,,,大考中心高中英文參考詞彙表（111學年度起適用）,LEVEL 3,官方清單,,,
ceec-108:level-3:clothe,clothe,klәuð,v.,"vt. 給...穿衣, 蓋上, 賦予",,,CEEC-108,3,,,,大考中心高中英文參考詞彙表（111學年度起適用）,LEVEL 3,官方清單,,,
ceec-108:level-3:clown,clown,klaun,n.|v.,"n. 小丑, 鄉下人",,,CEEC-108,3,,,,大考中心高中英文參考詞彙表（111學年度起適用）,LEVEL 3,官方清單,,,
ceec-108:level-3:clue,clue,klu:,n.,"n. 線索, 暗示\nvt. 暗示, 提供線索",,,CEEC-108,3,,,,大考中心高中英文參考詞彙表（111學年度起適用）,LEVEL 3,官方清單,,,
ceec-108:level-3:coach,coach,kәutʃ,n.|v.,"n. 四輪大馬車, 教練\nvt. 訓練, 指導\nvi. 坐馬車旅行, 作指導",,,CEEC-108,3,,,,大考中心高中英文參考詞彙表（111學年度起適用）,LEVEL 3,官方清單,,,
ceec-108:level-3:cock,cock,kɒk,n.,"n. 公雞, 雄禽, 龍頭, 頭目, 錐形小乾草堆\nvt. 使聳立, 使豎起, 堆成錐形小乾草堆\nvi. 大搖大擺地走, 翹起",,,CEEC-108,3,,,,大考中心高中英文參考詞彙表（111學年度起適用）,LEVEL 3,官方清單,,,
ceec-108:level-3:cocktail,cocktail,'kɒkteil,n.,"n. 雞尾酒, 開味品\na. 雞尾酒會的",,,CEEC-108,3,,,,大考中心高中英文參考詞彙表（111學年度起適用）,LEVEL 3,官方清單,,,
ceec-108:level-3:coconut,coconut,'kәukәnәt,n.,n. 椰子\n[醫] 椰子(實),,,CEEC-108,3,,,,大考中心高中英文參考詞彙表（111學年度起適用）,LEVEL 3,官方清單,,,
ceec-108:level-3:collar,collar,'kɒlә,n.,"n. 衣領, 頸圈\nvt. 控制, 扭住衣領, 給...裝上領子",,,CEEC-108,3,,,,大考中心高中英文參考詞彙表（111學年度起適用）,LEVEL 3,官方清單,,,
ceec-108:level-3:collection,collection,kә'lekʃәn,n.,"n. 收集, 採集, (一批)收藏品, 募捐\n[醫] 收集; 收集品, 標本",,,CEEC-108,3,,,,大考中心高中英文參考詞彙表（111學年度起適用）,LEVEL 3,官方清單,,,
ceec-108:level-3:colony,colony,'kɒlәni,n.,"n. 殖民地, 移民隊\n[醫] 菌(集)落, 菌叢; 移民區",,,CEEC-108,3,,,,大考中心高中英文參考詞彙表（111學年度起適用）,LEVEL 3,官方清單,,,
ceec-108:level-3:colorful,colorful,'kʌlәful,adj.,"a. 華美的, 富有色彩的, 有趣的",,,CEEC-108,3,,,,大考中心高中英文參考詞彙表（111學年度起適用）,LEVEL 3,官方清單,,,
ceec-108:level-3:column,column,'kɒlәm,n.,"n. 專欄, 圓柱, 縱隊, 列, 柱形物\n[計] 列, 柱形圖",,,CEEC-108,3,,,,大考中心高中英文參考詞彙表（111學年度起適用）,LEVEL 3,官方清單,,,
ceec-108:level-3:comfort,comfort,'kʌmfәt,n.|v.,"n. 舒適, 安慰, 安慰者\nvt. 安慰",,,CEEC-108,3,,,,大考中心高中英文參考詞彙表（111學年度起適用）,LEVEL 3,官方清單,,,
ceec-108:level-3:comma,comma,'kɒmә,n.,"n. 逗點, 逗號",,,CEEC-108,3,,,,大考中心高中英文參考詞彙表（111學年度起適用）,LEVEL 3,官方清單,,,
ceec-108:level-3:committee,committee,kә'miti,n.,n. 委員會\n[經] 委員會,,,CEEC-108,3,,,,大考中心高中英文參考詞彙表（111學年度起適用）,LEVEL 3,官方清單,,,
ceec-108:level-3:communicate,communicate,kә'mju:nikeit,v.,"vt. 顯露, 傳達, 感染\nvi. 通訊",,,CEEC-108,3,,,,大考中心高中英文參考詞彙表（111學年度起適用）,LEVEL 3,官方清單,,,
ceec-108:level-3:comparison,comparison,kәm'pærisn,n.,"n. 比較, 對照, 比喻\n[經] 比較, 對比",,,CEEC-108,3,,,,大考中心高中英文參考詞彙表（111學年度起適用）,LEVEL 3,官方清單,,,
ceec-108:level-3:compete,compete,kәm'pi:t,v.,"vi. 競爭, 對抗",,,CEEC-108,3,,,,大考中心高中英文參考詞彙表（111學年度起適用）,LEVEL 3,官方清單,,,
ceec-108:level-3:complain,complain,kәm'plein,v.,"v. 抱怨, 抗議, 控訴",,,CEEC-108,3,,,,大考中心高中英文參考詞彙表（111學年度起適用）,LEVEL 3,官方清單,,,
ceec-108:level-3:complaint,complaint,kәm'pleint,n.,"n. 訴苦, 抱怨, 控訴\n[醫] 陳訴; 病",,,CEEC-108,3,,,,大考中心高中英文參考詞彙表（111學年度起適用）,LEVEL 3,官方清單,,,
ceec-108:level-3:concert,concert,'kɒnsәt,n.,"n. 音樂會, 和聲, 一致\nvt. 協力, 協調\nvi. 協力\n[計] 美國北卡羅來納州Internet網",,,CEEC-108,3,,,,大考中心高中英文參考詞彙表（111學年度起適用）,LEVEL 3,官方清單,,,
ceec-108:level-3:conclusion,conclusion,kәn'klu:ʒәn,n.,"n. 結論, 結尾, 推論\n[法] 締結, 結論, 推論",,,CEEC-108,3,,,,大考中心高中英文參考詞彙表（111學年度起適用）,LEVEL 3,官方清單,,,
ceec-108:level-3:cone,cone,kәun,n.,"n. 圓錐體, 球果\nvt. 使成錐形",,,CEEC-108,3,,,,大考中心高中英文參考詞彙表（111學年度起適用）,LEVEL 3,官方清單,,,
ceec-108:level-3:confirm,confirm,kәn'fә:m,v.,"vt. 證實, 確定, 批准, 使鞏固\n[計] 確認",,,CEEC-108,3,,,,大考中心高中英文參考詞彙表（111學年度起適用）,LEVEL 3,官方清單,,,
ceec-108:level-3:confuse,confuse,kәn'fju:z,v.,"vt. 使混亂, 使狼狽, 使困惑\n[法] 混淆",,,CEEC-108,3,,,,大考中心高中英文參考詞彙表（111學年度起適用）,LEVEL 3,官方清單,,,
ceec-108:level-3:connect,connect,kә'nekt,v.,"v. 連線, 聯合, 聯絡",,,CEEC-108,3,,,,大考中心高中英文參考詞彙表（111學年度起適用）,LEVEL 3,官方清單,,,
ceec-108:level-3:conscious,conscious,'kɒnʃәs,adj.,"a. 有意識的, 知覺的, 覺察的\n[醫] 有意識的, 清醒的",,,CEEC-108,3,,,,大考中心高中英文參考詞彙表（111學年度起適用）,LEVEL 3,官方清單,,,
ceec-108:level-3:considerable,considerable,kәn'sidәrәbl,adj.,"a. 相當的, 可觀的, 重要的",,,CEEC-108,3,,,,大考中心高中英文參考詞彙表（111學年度起適用）,LEVEL 3,官方清單,,,
ceec-108:level-3:constant,constant,'kɒnstәnt,adj.|n.,"n. 常數, 恆量\na. 不變的, 一定的, 時常的\n[計] 常量; 常數; 恆值",,,CEEC-108,3,,,,大考中心高中英文參考詞彙表（111學年度起適用）,LEVEL 3,官方清單,,,
ceec-108:level-3:continent,continent,'kɒntinәnt,n.,"n. 大陸, 洲\na. 自制的",,,CEEC-108,3,,,,大考中心高中英文參考詞彙表（111學年度起適用）,LEVEL 3,官方清單,,,
ceec-108:level-3:controller,controller,kәn'trәulә,n.,"n. 控制器, 管理者\n[計] 控制器",,,CEEC-108,3,,,,大考中心高中英文參考詞彙表（111學年度起適用）,LEVEL 3,官方清單,,,
ceec-108:level-3:cooker,cooker,'kukә,n.,"n. 炊事用具, 爐灶, 鍋, 炊具, 烹飪用水果, 竄改者, 偽造者\n[化] 蒸鍋",,,CEEC-108,3,,,,大考中心高中英文參考詞彙表（111學年度起適用）,LEVEL 3,官方清單,,,
ceec-108:level-3:costly,costly,'kɒstli,adj.,"a. 昂貴的, 奢華的, 費用大的",,,CEEC-108,3,,,,大考中心高中英文參考詞彙表（111學年度起適用）,LEVEL 3,官方清單,,,
ceec-108:level-3:cotton,cotton,'kɒtn,n.,"n. 棉花\nvi. 和諧, 有好感, 理解",,,CEEC-108,3,,,,大考中心高中英文參考詞彙表（111學年度起適用）,LEVEL 3,官方清單,,,
ceec-108:level-3:cough,cough,kɒf,n.|v.,n. 咳嗽\nvi. 咳嗽\nvt. 咳出,,,CEEC-108,3,,,,大考中心高中英文參考詞彙表（111學年度起適用）,LEVEL 3,官方清單,,,
ceec-108:level-3:countable,countable,'kauntәbl,adj.,"a. 能算的, 可計算的\nn. 可數的東西, 可數名詞",,,CEEC-108,3,,,,大考中心高中英文參考詞彙表（111學年度起適用）,LEVEL 3,官方清單,,,
ceec-108:level-3:county,county,'kaunti,n.,"n. 縣, 郡",,,CEEC-108,3,,,,大考中心高中英文參考詞彙表（111學年度起適用）,LEVEL 3,官方清單,,,
ceec-108:level-3:crab,crab,kræb,n.,"n. 螃蟹, 偏航, 脾氣乖戾的人, 沙果\nvi. 捕蟹, 偏航, 發牢騷\nvt. 使偏航, 抱怨, 破壞",,,CEEC-108,3,,,,大考中心高中英文參考詞彙表（111學年度起適用）,LEVEL 3,官方清單,,,
ceec-108:level-3:cradle,cradle,'kreidl,n.|v.,"n. 搖籃, 發祥地, 孩提時代\nvt. 放在搖籃內, 撫育\nvi. 刈割",,,CEEC-108,3,,,,大考中心高中英文參考詞彙表（111學年度起適用）,LEVEL 3,官方清單,,,
ceec-108:level-3:crane,crane,krein,n.|v.,"n. 鶴, 起重機\nvt. 伸頸, 起重機起吊\nvi. 伸頸看, 遲疑",,,CEEC-108,3,,,,大考中心高中英文參考詞彙表（111學年度起適用）,LEVEL 3,官方清單,,,
ceec-108:level-3:crash,crash,kræʃ,n.|v.,"n. 嘩啦聲, 猛撞, 崩潰, 粗布\nv. 撞碎, 破碎, (使)...墜毀\na. 速成的\n[計] 崩潰",,,CEEC-108,3,,,,大考中心高中英文參考詞彙表（111學年度起適用）,LEVEL 3,官方清單,,,
ceec-108:level-3:crawl,crawl,krɒ:l,n.|v.,"n. 爬行, 匍匐而行, 養魚池\nv. 爬行",,,CEEC-108,3,,,,大考中心高中英文參考詞彙表（111學年度起適用）,LEVEL 3,官方清單,,,
ceec-108:level-3:creative,creative,kri:'eitiv,adj.,"a. 有創造力的, 創作的, 產生的",,,CEEC-108,3,,,,大考中心高中英文參考詞彙表（111學年度起適用）,LEVEL 3,官方清單,,,
ceec-108:level-3:creator,creator,kri:'eitә(r),n.,"n. 上帝, 創造者, 創作者",,,CEEC-108,3,,,,大考中心高中英文參考詞彙表（111學年度起適用）,LEVEL 3,官方清單,,,
ceec-108:level-3:creature,creature,'kri:tʃә,n.,"n. 人, 動物, 創造物, 生物",,,CEEC-108,3,,,,大考中心高中英文參考詞彙表（111學年度起適用）,LEVEL 3,官方清單,,,
ceec-108:level-3:credit,credit,'kredit,n.|v.,"n. 信用, 信任, 榮譽, 貸款, 學分\nvt. 歸功於, 讚頌, 信任, 相信\n[計] 信用量",,,CEEC-108,3,,,,大考中心高中英文參考詞彙表（111學年度起適用）,LEVEL 3,官方清單,,,
ceec-108:level-3:crew,crew,kru:,n.,"n. 全體人員, 一群人, 全體隊員\ncrow的過去式",,,CEEC-108,3,,,,大考中心高中英文參考詞彙表（111學年度起適用）,LEVEL 3,官方清單,,,
ceec-108:level-3:cricket,cricket,'krikit,n.,"n. 蟋蟀, 板球",,,CEEC-108,3,,,,大考中心高中英文參考詞彙表（111學年度起適用）,LEVEL 3,官方清單,,,
ceec-108:level-3:criminal,criminal,'kriminәl,adj.|n.,"n. 罪犯, 犯人, 刑事\na. 犯了罪的, 刑事的, 有罪的",,,CEEC-108,3,,,,大考中心高中英文參考詞彙表（111學年度起適用）,LEVEL 3,官方清單,,,
ceec-108:level-3:crispy,crispy,'krispi,adj.,"a. 捲曲的, 鬆脆的, 易碎的, 乾脆的, 乾淨利落的, 生氣勃勃的",,,CEEC-108,3,,,,大考中心高中英文參考詞彙表（111學年度起適用）,LEVEL 3,官方清單,,,
ceec-108:level-3:crop,crop,krɒp,n.|v.,"n. 農作物, 產量, 平頭\nvt. 收割, 修剪, 種植\nvi. 收穫\n[計] 裁剪",,,CEEC-108,3,,,,大考中心高中英文參考詞彙表（111學年度起適用）,LEVEL 3,官方清單,,,
ceec-108:level-3:crown,crown,kraun,n.|v.,"n. 王冠, 王權, 頂點\nvt. 使成王, 加冕, 居...之頂",,,CEEC-108,3,,,,大考中心高中英文參考詞彙表（111學年度起適用）,LEVEL 3,官方清單,,,
ceec-108:level-3:cruel,cruel,'kru:әl,adj.,"a. 殘酷的, 令人極痛苦的\n[法] 殘忍的, 殘酷的",,,CEEC-108,3,,,,大考中心高中英文參考詞彙表（111學年度起適用）,LEVEL 3,官方清單,,,
ceec-108:level-3:cupboard,cupboard,'kʌpbɒ:d,n.,"n. 食櫥, 碗櫃, 餐具櫃",,,CEEC-108,3,,,,大考中心高中英文參考詞彙表（111學年度起適用）,LEVEL 3,官方清單,,,
ceec-108:level-3:dairy,dairy,'dєәri,n.,"n. 牛奶公司, 乳品店, 乳牛場",,,CEEC-108,3,,,,大考中心高中英文參考詞彙表（111學年度起適用）,LEVEL 3,官方清單,,,
ceec-108:level-3:dam,dam,dæm,n.|v.,"n. 水壩, 障礙\nv. 控制, 築壩\n[計] 直接存取法",,,CEEC-108,3,,,,大考中心高中英文參考詞彙表（111學年度起適用）,LEVEL 3,官方清單,,,
ceec-108:level-3:dare,dare,dєә,aux.|v.,"n. 挑戰, 挑動, 大膽\nv. 敢, 膽敢",,,CEEC-108,3,,,,大考中心高中英文參考詞彙表（111學年度起適用）,LEVEL 3,官方清單,,,
ceec-108:level-3:darling,darling,'dɑ:liŋ,adj.|n.,"n. 親愛的, 可愛的人, 可愛的物\na. 可愛的, 親愛的",,,CEEC-108,3,,,,大考中心高中英文參考詞彙表（111學年度起適用）,LEVEL 3,官方清單,,,
ceec-108:level-3:dash,dash,dæʃ,n.|v.,"n. 衝撞, 破折號, 短跑\nvi. 猛衝, 衝撞\nvt. 潑濺, 使猛撞, 攙和, 使破滅, 使沮喪",,,CEEC-108,3,,,,大考中心高中英文參考詞彙表（111學年度起適用）,LEVEL 3,官方清單,,,
ceec-108:level-3:database,database,'deitәbeis,n.,n. 資料庫\n[計] 資料庫,,,CEEC-108,3,,,,大考中心高中英文參考詞彙表（111學年度起適用）,LEVEL 3,官方清單,,,
ceec-108:level-3:dawn,dawn,dɒ:n,n.|v.,"n. 破曉, 黎明\nvi. 破曉",,,CEEC-108,3,,,,大考中心高中英文參考詞彙表（111學年度起適用）,LEVEL 3,官方清單,,,
ceec-108:level-3:dealer,dealer,'di:lә,n.,"n. 經銷商, 商人\n[經] 交易員, 販賣商",,,CEEC-108,3,,,,大考中心高中英文參考詞彙表（111學年度起適用）,LEVEL 3,官方清單,,,
ceec-108:level-3:decade,decade,'dekeid,n.,"n. 十年, 十",,,CEEC-108,3,,,,大考中心高中英文參考詞彙表（111學年度起適用）,LEVEL 3,官方清單,,,
ceec-108:level-3:deck,deck,dek,n.,"n. 甲板, (汽車後部的)行李倉\nvt. 裝飾, 打扮, 裝甲板\n[計] 紙牌背面圖案",,,CEEC-108,3,,,,大考中心高中英文參考詞彙表（111學年度起適用）,LEVEL 3,官方清單,,,
ceec-108:level-3:decorate,decorate,'dekәreit,v.,v. 裝飾,,,CEEC-108,3,,,,大考中心高中英文參考詞彙表（111學年度起適用）,LEVEL 3,官方清單,,,
ceec-108:level-3:decrease,decrease,'di:kri:s,n.|v.,"n. 減少, 減少量\nv. 減少",,,CEEC-108,3,,,,大考中心高中英文參考詞彙表（111學年度起適用）,LEVEL 3,官方清單,,,
ceec-108:level-3:deed,deed,di:d,n.,"n. 行為, 實行, 契約\nvt. 立契轉讓",,,CEEC-108,3,,,,大考中心高中英文參考詞彙表（111學年度起適用）,LEVEL 3,官方清單,,,
ceec-108:level-3:deepen,deepen,'dipәn,v.,"vi. 深化\nvt. 使加深, 使強烈",,,CEEC-108,3,,,,大考中心高中英文參考詞彙表（111學年度起適用）,LEVEL 3,官方清單,,,
ceec-108:level-3:definition,definition,.defi'niʃәn,n.,"n. 定義, 精確度, 清晰度\n[計] 清晰度; 清晰度",,,CEEC-108,3,,,,大考中心高中英文參考詞彙表（111學年度起適用）,LEVEL 3,官方清單,,,
ceec-108:level-3:democracy,democracy,di'mɒkrәsi,n.,"n. 民主政治, 民主主義\n[法] 民主, 民主政治, 民主政體",,,CEEC-108,3,,,,大考中心高中英文參考詞彙表（111學年度起適用）,LEVEL 3,官方清單,,,
ceec-108:level-3:democratic,democratic,.demә'krætik,adj.,"a. 民主的\n[法] 民主的, 民主政體的, 平民的",,,CEEC-108,3,,,,大考中心高中英文參考詞彙表（111學年度起適用）,LEVEL 3,官方清單,,,
ceec-108:level-3:deposit,deposit,di'pɒzit,n.|v.,"n. 存款, 定金, 堆積物\nvt. 存放, 堆積\nvi. 沉澱",,,CEEC-108,3,,,,大考中心高中英文參考詞彙表（111學年度起適用）,LEVEL 3,官方清單,,,
ceec-108:level-3:designer,designer,di'zainә,n.,"n. 設計者, 謀劃者, 製圖者\n[計] 設計員",,,CEEC-108,3,,,,大考中心高中英文參考詞彙表（111學年度起適用）,LEVEL 3,官方清單,,,
ceec-108:level-3:desirable,desirable,di'zairәbl,adj.,"a. 令人想望的, 可取的",,,CEEC-108,3,,,,大考中心高中英文參考詞彙表（111學年度起適用）,LEVEL 3,官方清單,,,
ceec-108:level-3:desire,desire,di'zaiә,n.|v.,"n. 慾望, 要求\nvt. 想要, 請求\nvi. 渴望",,,CEEC-108,3,,,,大考中心高中英文參考詞彙表（111學年度起適用）,LEVEL 3,官方清單,,,
ceec-108:level-3:dessert,dessert,di'zә:t,n.,n. 餐後甜點,,,CEEC-108,3,,,,大考中心高中英文參考詞彙表（111學年度起適用）,LEVEL 3,官方清單,,,
ceec-108:level-3:destroy,destroy,di'strɒi,v.,"vt. 破壞, 毀壞, 消滅",,,CEEC-108,3,,,,大考中心高中英文參考詞彙表（111學年度起適用）,LEVEL 3,官方清單,,,
ceec-108:level-3:detect,detect,di'tekt,v.,"vt. 發現, 察覺, 探測\n[法] 發現, 查明, 探測",,,CEEC-108,3,,,,大考中心高中英文參考詞彙表（111學年度起適用）,LEVEL 3,官方清單,,,
ceec-108:level-3:determine,determine,di'tә:min,v.,"v. 決定, 決心",,,CEEC-108,3,,,,大考中心高中英文參考詞彙表（111學年度起適用）,LEVEL 3,官方清單,,,
ceec-108:level-3:devil,devil,'devәl,n.,"n. 魔鬼\nvt. 折磨, 戲弄",,,CEEC-108,3,,,,大考中心高中英文參考詞彙表（111學年度起適用）,LEVEL 3,官方清單,,,
ceec-108:level-3:dim,dim,dim,adj.|v.,"a. 暗淡的, 模糊的\nvt. 使暗淡\n[計] 資料解釋模組",,,CEEC-108,3,,,,大考中心高中英文參考詞彙表（111學年度起適用）,LEVEL 3,官方清單,,,
ceec-108:level-3:dime,dime,daim,n.,n. 10分硬幣(美、加),,,CEEC-108,3,,,,大考中心高中英文參考詞彙表（111學年度起適用）,LEVEL 3,官方清單,,,
ceec-108:level-3:dine,dine,dain,v.,"vi. 用正餐, 進餐\nvt. 宴請",,,CEEC-108,3,,,,大考中心高中英文參考詞彙表（111學年度起適用）,LEVEL 3,官方清單,,,
ceec-108:level-3:dinosaur,dinosaur,'dainәsɒ:,n.,n. 恐龍,,,CEEC-108,3,,,,大考中心高中英文參考詞彙表（111學年度起適用）,LEVEL 3,官方清單,,,
ceec-108:level-3:dip,dip,dip,n.|v.,"v. 浸, 降下, 把(手、勺等)伸入, 舀取\nn. 浸, 涉獵\n[計] 雙列直插式元件, 分散式輸入輸出系統, 雙排直插封裝",,,CEEC-108,3,,,,大考中心高中英文參考詞彙表（111學年度起適用）,LEVEL 3,官方清單,,,
ceec-108:level-3:dirt,dirt,dә:t,n.,"n. 汙垢, 泥土\n[化] 汙垢",,,CEEC-108,3,,,,大考中心高中英文參考詞彙表（111學年度起適用）,LEVEL 3,官方清單,,,
ceec-108:level-3:disc,disc,disk,n.,"n. 圓盤, 唱片\nvt. 灌唱片",,,CEEC-108,3,,,,大考中心高中英文參考詞彙表（111學年度起適用）,LEVEL 3,官方清單,,,
ceec-108:level-3:discount,discount,'diskaunt,n.|v.,"n. 折扣, 貼現率\nvt. 打折扣\nvi. 貼現",,,CEEC-108,3,,,,大考中心高中英文參考詞彙表（111學年度起適用）,LEVEL 3,官方清單,,,
ceec-108:level-3:dishonest,dishonest,dis'ɒnist,adj.,"a. 不誠實的\n[法] 不忠實的, 不誠實的, 欺詐的",,,CEEC-108,3,,,,大考中心高中英文參考詞彙表（111學年度起適用）,LEVEL 3,官方清單,,,
ceec-108:level-3:disk,disk,disk,n.,"n. 圓盤, 磁碟\n[計] 磁碟",,,CEEC-108,3,,,,大考中心高中英文參考詞彙表（111學年度起適用）,LEVEL 3,官方清單,,,
ceec-108:level-3:dislike,dislike,dis'laik,n.|v.,"n. 嫌惡\nvt. 討厭, 不喜歡",,,CEEC-108,3,,,,大考中心高中英文參考詞彙表（111學年度起適用）,LEVEL 3,官方清單,,,
ceec-108:level-3:ditch,ditch,ditʃ,n.|v.,n. 溝渠\nvt. 在...開溝\nvi. 開溝,,,CEEC-108,3,,,,大考中心高中英文參考詞彙表（111學年度起適用）,LEVEL 3,官方清單,,,
ceec-108:level-3:dive,dive,daiv,n.|v.,"n. 潛水, 跳水\nvi. 跳水, 俯衝, 猛衝\nvt. 把...突然伸入",,,CEEC-108,3,,,,大考中心高中英文參考詞彙表（111學年度起適用）,LEVEL 3,官方清單,,,
ceec-108:level-3:dizzy,dizzy,'dizi,adj.,"a. 暈眩的, 眼花繚亂的\nvt. 使暈眩",,,CEEC-108,3,,,,大考中心高中英文參考詞彙表（111學年度起適用）,LEVEL 3,官方清單,,,
ceec-108:level-3:dock,dock,dɒk,n.|v.,"n. 碼頭, 船塢, 被告席, 尾巴的骨肉部分\nvt. 使靠碼頭, 使(船)進港, 剪短\nvi. 進港",,,CEEC-108,3,,,,大考中心高中英文參考詞彙表（111學年度起適用）,LEVEL 3,官方清單,,,
ceec-108:level-3:dolphin,dolphin,'dɒlfin,n.,n. 海豚,,,CEEC-108,3,,,,大考中心高中英文參考詞彙表（111學年度起適用）,LEVEL 3,官方清單,,,
ceec-108:level-3:donkey,donkey,'dɒŋki,n.,"n. 驢子, 笨蛋, 頑固者, 輔助發動機, 輔助泵",,,CEEC-108,3,,,,大考中心高中英文參考詞彙表（111學年度起適用）,LEVEL 3,官方清單,,,
ceec-108:level-3:dose,dose,dәus,n.|v.,"n. 劑量, 服用量\nvt. 給藥, (用藥)醫治\nvi. 服藥",,,CEEC-108,3,,,,大考中心高中英文參考詞彙表（111學年度起適用）,LEVEL 3,官方清單,,,
ceec-108:level-3:doubtful,doubtful,'dautful,adj.,"a. 可疑的, 疑心的, 不明確的\n[法] 懷疑的, 有疑問的, 未確的",,,CEEC-108,3,,,,大考中心高中英文參考詞彙表（111學年度起適用）,LEVEL 3,官方清單,,,
ceec-108:level-3:doughnut,doughnut,'dәunʌt,n.,"n. 油炸圈餅, 環狀物\n[計] 圓環圖",,,CEEC-108,3,,,,大考中心高中英文參考詞彙表（111學年度起適用）,LEVEL 3,官方清單,,,
ceec-108:level-3:downtown,downtown,'daun'taun,adj.|adv.|n.,n. 市中心區\na. 市中心的\nadv. 往鬧市區,,,CEEC-108,3,,,,大考中心高中英文參考詞彙表（111學年度起適用）,LEVEL 3,官方清單,,,
ceec-108:level-3:drag,drag,dræg,n.|v.,"n. 拖, 拖累\nv. 拖累, 拖拉, 沉重緩慢地走, 拖動\n[計] 拖動",,,CEEC-108,3,,,,大考中心高中英文參考詞彙表（111學年度起適用）,LEVEL 3,官方清單,,,
ceec-108:level-3:dragonfly,dragonfly,'drægәnflai,n.,n. 蜻蜓,,,CEEC-108,3,,,,大考中心高中英文參考詞彙表（111學年度起適用）,LEVEL 3,官方清單,,,
ceec-108:level-3:drain,drain,drein,n.|v.,"n. 排水溝, 消耗, 排水\nvt. 排出, 喝光, 耗盡\nvi. 排水, 流乾",,,CEEC-108,3,,,,大考中心高中英文參考詞彙表（111學年度起適用）,LEVEL 3,官方清單,,,
ceec-108:level-3:dramatic,dramatic,drә'mætik,adj.,"a. 戲劇性的, 生動的",,,CEEC-108,3,,,,大考中心高中英文參考詞彙表（111學年度起適用）,LEVEL 3,官方清單,,,
ceec-108:level-3:drip,drip,drip,n.|v.,n. 水滴\nv. (使)滴下,,,CEEC-108,3,,,,大考中心高中英文參考詞彙表（111學年度起適用）,LEVEL 3,官方清單,,,
ceec-108:level-3:drown,drown,draun,v.,"vi. 淹死\nvt. 把...淹死, 淹沒",,,CEEC-108,3,,,,大考中心高中英文參考詞彙表（111學年度起適用）,LEVEL 3,官方清單,,,
ceec-108:level-3:drugstore,drugstore,'drʌgstɒ:,n.,"n. 藥房, 雜貨店",,,CEEC-108,3,,,,大考中心高中英文參考詞彙表（111學年度起適用）,LEVEL 3,官方清單,,,
ceec-108:level-3:drunk,drunk,drʌŋk,adj.|n.,a. 喝醉了的\ndrink的過去式,,,CEEC-108,3,,,,大考中心高中英文參考詞彙表（111學年度起適用）,LEVEL 3,官方清單,,,
ceec-108:level-3:dumb,dumb,dʌm,adj.,"a. 啞的, 不說話的, 無聲音的\n[醫] 啞的",,,CEEC-108,3,,,,大考中心高中英文參考詞彙表（111學年度起適用）,LEVEL 3,官方清單,,,
ceec-108:level-3:dump,dump,dʌmp,n.|v.,"n. 垃圾場\nvt. 傾倒, 傾銷\nvi. 倒垃圾, 傾銷商品\n[計] 轉出; 轉儲; 傾卸; 切斷電源",,,CEEC-108,3,,,,大考中心高中英文參考詞彙表（111學年度起適用）,LEVEL 3,官方清單,,,
ceec-108:level-3:dumpling,dumpling,'dʌmpliŋ,n.,"n. 麵糰布丁, 糰子",,,CEEC-108,3,,,,大考中心高中英文參考詞彙表（111學年度起適用）,LEVEL 3,官方清單,,,
ceec-108:level-3:dust,dust,dʌst,n.|v.,"n. 灰塵, 塵埃, 粉末, 花粉, 土, 騷亂\nvt. 拂去灰塵, 撒, 弄成粉末\nvi. 拂去灰塵, 化為粉末",,,CEEC-108,3,,,,大考中心高中英文參考詞彙表（111學年度起適用）,LEVEL 3,官方清單,,,
ceec-108:level-3:eager,eager,'i:gә,adj.,"a. 熱心的, 渴望的, 熱望的",,,CEEC-108,3,,,,大考中心高中英文參考詞彙表（111學年度起適用）,LEVEL 3,官方清單,,,
ceec-108:level-3:echo,echo,'ekәu,n.|v.,"n. 回聲, 迴音, 回波\nvi. 發回聲, 隨聲附和\nvt. 摹仿, 重複, 反射\n[計] 回顯; DOS批處理命令:控制MS-DOS命令是否在螢幕上顯示",,,CEEC-108,3,,,,大考中心高中英文參考詞彙表（111學年度起適用）,LEVEL 3,官方清單,,,
ceec-108:level-3:edit,edit,'edit,v.,"vt. 編輯, 編校, 修訂, 剪輯\n[計] 編輯; DOS外部命令:該命令是一個用於編輯文字檔案的全螢幕編輯程式",,,CEEC-108,3,,,,大考中心高中英文參考詞彙表（111學年度起適用）,LEVEL 3,官方清單,,,
ceec-108:level-3:editor,editor,'editә,n.,"n. 編者, 編輯, 主筆, 編輯器, 編輯裝置\n[計] 編輯器",,,CEEC-108,3,,,,大考中心高中英文參考詞彙表（111學年度起適用）,LEVEL 3,官方清單,,,
ceec-108:level-3:educate,educate,'edjukeit,v.,"vt. 教育, 培養, 訓練",,,CEEC-108,3,,,,大考中心高中英文參考詞彙表（111學年度起適用）,LEVEL 3,官方清單,,,
ceec-108:level-3:educational,educational,.edju'keiʃәnl,adj.,"a. 教育的, 教育性的",,,CEEC-108,3,,,,大考中心高中英文參考詞彙表（111學年度起適用）,LEVEL 3,官方清單,,,
ceec-108:level-3:efficient,efficient,i'fiʃәnt,adj.,"a. 有效率的, 能幹的",,,CEEC-108,3,,,,大考中心高中英文參考詞彙表（111學年度起適用）,LEVEL 3,官方清單,,,
ceec-108:level-3:elbow,elbow,'elbәu,n.|v.,"n. 手肘, 彎頭, 扶手\nv. 用手肘推開, 推擠",,,CEEC-108,3,,,,大考中心高中英文參考詞彙表（111學年度起適用）,LEVEL 3,官方清單,,,
ceec-108:level-3:elderly,elderly,'eldәli,adj.,"a. 過了中年的, 稍老的",,,CEEC-108,3,,,,大考中心高中英文參考詞彙表（111學年度起適用）,LEVEL 3,官方清單,,,
ceec-108:level-3:elect,elect,i'lekt,adj.|v.,"n. 當選人, 被選的人\na. 被選的, 選出的\nvt. 選舉, 選擇\nvi. 作選擇",,,CEEC-108,3,,,,大考中心高中英文參考詞彙表（111學年度起適用）,LEVEL 3,官方清單,,,
ceec-108:level-3:election,election,i'lekʃәn,n.,"n. 選舉, 當選, 選擇權\n[法] 選舉, 當選",,,CEEC-108,3,,,,大考中心高中英文參考詞彙表（111學年度起適用）,LEVEL 3,官方清單,,,
ceec-108:level-3:electricity,electricity,.ilek'trisiti,n.,"n. 電, 電流, 電學, 熱情, 電力供應\n[化] 電學; 電",,,CEEC-108,3,,,,大考中心高中英文參考詞彙表（111學年度起適用）,LEVEL 3,官方清單,,,
ceec-108:level-3:electronic,electronic,.ilek'trɒnik,adj.,a. 電子的\n[計] 電子工業協會介面,,,CEEC-108,3,,,,大考中心高中英文參考詞彙表（111學年度起適用）,LEVEL 3,官方清單,,,
ceec-108:level-3:element,element,'elimәnt,n.,"n. 元件, 元素, 要素\n[計] 部分; 成分; 單元; 碼元; 元件; 元素; 單元",,,CEEC-108,3,,,,大考中心高中英文參考詞彙表（111學年度起適用）,LEVEL 3,官方清單,,,
ceec-108:level-3:elevator,elevator,'eliveitә,n.,"n. 電梯, 升降機\n[化] 提升機",,,CEEC-108,3,,,,大考中心高中英文參考詞彙表（111學年度起適用）,LEVEL 3,官方清單,,,
ceec-108:level-3:emergency,emergency,i'mә:dʒәnsi,n.,"n. 緊急狀況, 緊急事件, 緊急需要\n[化] 緊急情況",,,CEEC-108,3,,,,大考中心高中英文參考詞彙表（111學年度起適用）,LEVEL 3,官方清單,,,
ceec-108:level-3:emotional,emotional,i'mәuʃәnәl,adj.,"a. 情緒的, 情感的\n[醫] 情緒的",,,CEEC-108,3,,,,大考中心高中英文參考詞彙表（111學年度起適用）,LEVEL 3,官方清單,,,
ceec-108:level-3:emperor,emperor,'empәrә,n.,"n. 皇帝, 君主",,,CEEC-108,3,,,,大考中心高中英文參考詞彙表（111學年度起適用）,LEVEL 3,官方清單,,,
ceec-108:level-3:enable,enable,i'neibl,v.,"vt. 使能夠\n[計] 允許, 使能, 開啟",,,CEEC-108,3,,,,大考中心高中英文參考詞彙表（111學年度起適用）,LEVEL 3,官方清單,,,
ceec-108:level-3:energetic,energetic,.enә'dʒetik,adj.,"a. 精力充沛的, 積極的",,,CEEC-108,3,,,,大考中心高中英文參考詞彙表（111學年度起適用）,LEVEL 3,官方清單,,,
ceec-108:level-3:engage,engage,in'geidʒ,v.,"vi. 答應, 從事, 交戰\nvt. 使忙碌, 僱傭, 預定, 使從事於, 使參加",,,CEEC-108,3,,,,大考中心高中英文參考詞彙表（111學年度起適用）,LEVEL 3,官方清單,,,
ceec-108:level-3:engagement,engagement,in'geidʒdmәnt,n.,"n. 諾言, 約會, 婚約, 交戰\n[醫] 銜接",,,CEEC-108,3,,,,大考中心高中英文參考詞彙表（111學年度起適用）,LEVEL 3,官方清單,,,
ceec-108:level-3:enjoyable,enjoyable,in'dʒɒiәbl,adj.,"a. 可從中得到樂趣的, 令人愉快的",,,CEEC-108,3,,,,大考中心高中英文參考詞彙表（111學年度起適用）,LEVEL 3,官方清單,,,
ceec-108:level-3:entry,entry,'entri,n.,"n. 登入, 條目, 進入, 入口, 報關\n[計] 登入項, 輸入項, 條目",,,CEEC-108,3,,,,大考中心高中英文參考詞彙表（111學年度起適用）,LEVEL 3,官方清單,,,
ceec-108:level-3:envy,envy,'envi,n.|v.,"n. 羨慕, 嫉妒\nvt. 羨慕, 嫉妒",,,CEEC-108,3,,,,大考中心高中英文參考詞彙表（111學年度起適用）,LEVEL 3,官方清單,,,
ceec-108:level-3:erase,erase,i'reis,v.,"vt. 抹去, 擦掉\n[計] 清洗; 擦除; 抹除; DOS內部命令:從磁碟上刪除一個或多個檔案",,,CEEC-108,3,,,,大考中心高中英文參考詞彙表（111學年度起適用）,LEVEL 3,官方清單,,,
ceec-108:level-3:excellence,excellence,'ekslәns,n.,"n. 優秀, 卓越, 優點",,,CEEC-108,3,,,,大考中心高中英文參考詞彙表（111學年度起適用）,LEVEL 3,官方清單,,,
ceec-108:level-3:exchange,exchange,iks'tʃeindʒ,n.|v.,"n. 交換, (電話)交換局, 交換機, 匯兌, 交易所\nv. 交換, 交易, 兌換\n[計] 交換; 電話局",,,CEEC-108,3,,,,大考中心高中英文參考詞彙表（111學年度起適用）,LEVEL 3,官方清單,,,
ceec-108:level-3:exhibition,exhibition,.eksi'biʃәn,n.,"n. 表現, 展覽會, 展覽品\n[醫] 投藥, 展覽, 展出",,,CEEC-108,3,,,,大考中心高中英文參考詞彙表（111學年度起適用）,LEVEL 3,官方清單,,,
ceec-108:level-3:expectation,expectation,.ekspek'teiʃәn,n.,"n. 期待, 指望, 展望\n[化] 期望值",,,CEEC-108,3,,,,大考中心高中英文參考詞彙表（111學年度起適用）,LEVEL 3,官方清單,,,
ceec-108:level-3:experiment,experiment,ik'sperimәnt,n.|v.,"n. 實驗, 試驗, 實驗儀器\nvi. 實驗, 嘗試",,,CEEC-108,3,,,,大考中心高中英文參考詞彙表（111學年度起適用）,LEVEL 3,官方清單,,,
ceec-108:level-3:explode,explode,ik'splәud,v.,"vi. 爆炸, 爆發, 激增\nvt. 使爆炸",,,CEEC-108,3,,,,大考中心高中英文參考詞彙表（111學年度起適用）,LEVEL 3,官方清單,,,
ceec-108:level-3:explore,explore,ik'splɒ:,v.,"v. 探險, 探測, 探究",,,CEEC-108,3,,,,大考中心高中英文參考詞彙表（111學年度起適用）,LEVEL 3,官方清單,,,
ceec-108:level-3:export,export,ik'spɒ:t,n.|v.,"n. 輸出品, 輸出\nvt. 輸出, 出口\nvi. 輸出物資\n[計] 匯出",,,CEEC-108,3,,,,大考中心高中英文參考詞彙表（111學年度起適用）,LEVEL 3,官方清單,,,
ceec-108:level-3:expressive,expressive,ik'spresiv,adj.,"a. 表達的, 富於表情的",,,CEEC-108,3,,,,大考中心高中英文參考詞彙表（111學年度起適用）,LEVEL 3,官方清單,,,
ceec-108:level-3:extreme,extreme,ik'stri:m,adj.|n.,"n. 極端, 末端\na. 極端的, 盡頭的, 極度的, 偏激的",,,CEEC-108,3,,,,大考中心高中英文參考詞彙表（111學年度起適用）,LEVEL 3,官方清單,,,
ceec-108:level-3:fade,fade,feid,v.,"vi. 褪色, 消失, 凋謝\nvt. 使褪色\nn. 淡入, 淡出\na. 平淡的",,,CEEC-108,3,,,,大考中心高中英文參考詞彙表（111學年度起適用）,LEVEL 3,官方清單,,,
ceec-108:level-3:faint,faint,feint,adj.|n.|v.,"n. 昏厥, 昏倒\na. 模糊的, 微弱的, 無力的\nvi. 昏倒, 變得微弱",,,CEEC-108,3,,,,大考中心高中英文參考詞彙表（111學年度起適用）,LEVEL 3,官方清單,,,
ceec-108:level-3:fairly,fairly,'fєәli,adv.,"adv. 美觀地, 公平地, 相當地, 清楚地",,,CEEC-108,3,,,,大考中心高中英文參考詞彙表（111學年度起適用）,LEVEL 3,官方清單,,,
ceec-108:level-3:fairy,fairy,'fєәri,adj.|n.,"n. 仙女, 精靈\na. 仙女的",,,CEEC-108,3,,,,大考中心高中英文參考詞彙表（111學年度起適用）,LEVEL 3,官方清單,,,
ceec-108:level-3:faith,faith,feiθ,n.,"n. 信心, 信任, 忠實, 保證\n[法] 信任, 信仰, 信念",,,CEEC-108,3,,,,大考中心高中英文參考詞彙表（111學年度起適用）,LEVEL 3,官方清單,,,
ceec-108:level-3:fake,fake,feik,adj.|n.|v.,"n. 假貨, 欺騙, 詭計\na. 假的\nvt. 假造, 仿造\nvi. 偽裝",,,CEEC-108,3,,,,大考中心高中英文參考詞彙表（111學年度起適用）,LEVEL 3,官方清單,,,
ceec-108:level-3:familiar,familiar,fә'miljә,adj.,"a. 熟悉的, 常見的, 親密的\nn. 熟友, 常客",,,CEEC-108,3,,,,大考中心高中英文參考詞彙表（111學年度起適用）,LEVEL 3,官方清單,,,
ceec-108:level-3:fancy,fancy,'fænsi,adj.|n.|v.,"n. 想象力, 幻想, 喜好\na. 想象的, 精美的, 新奇的, 奇特的, 高價的, 特級的\nvt. 想象, 設想, 相信, 喜愛\nvi. 想象, 幻想",,,CEEC-108,3,,,,大考中心高中英文參考詞彙表（111學年度起適用）,LEVEL 3,官方清單,,,
ceec-108:level-3:fare,fare,fєә,n.,"n. 費用, 旅客, 食物\nvi. 進展, 進步, 經營, 過活",,,CEEC-108,3,,,,大考中心高中英文參考詞彙表（111學年度起適用）,LEVEL 3,官方清單,,,
ceec-108:level-3:farther,farther,'fɑ:ðә,adj.|adv.,"a. 更遠的, 進一步的\nadv. 更遠的, 此外, far的比較級",,,CEEC-108,3,,,,大考中心高中英文參考詞彙表（111學年度起適用）,LEVEL 3,官方清單,,,
ceec-108:level-3:fashionable,fashionable,'fæʃәnәbl,adj.,"a. 時髦的, 上流社會的, 流行的",,,CEEC-108,3,,,,大考中心高中英文參考詞彙表（111學年度起適用）,LEVEL 3,官方清單,,,
ceec-108:level-3:faucet,faucet,'fɒ:sit,n.,"n. 龍頭, 開關, 旋塞",,,CEEC-108,3,,,,大考中心高中英文參考詞彙表（111學年度起適用）,LEVEL 3,官方清單,,,
ceec-108:level-3:fearful,fearful,'fiәful,adj.,"a. 可怕的, 恐怕的, 擔心的",,,CEEC-108,3,,,,大考中心高中英文參考詞彙表（111學年度起適用）,LEVEL 3,官方清單,,,
ceec-108:level-3:feather,feather,'feðә,n.,n. 羽毛\nvi. 長羽毛\nvt. 用羽毛裝飾,,,CEEC-108,3,,,,大考中心高中英文參考詞彙表（111學年度起適用）,LEVEL 3,官方清單,,,
ceec-108:level-3:fence,fence,fens,n.,"n. 圍牆, 柵欄, 買賣贓物的人, 劍術\nvt. 用籬笆圍住, 練習劍術, 防護\nvi. 擊劍, 搪塞",,,CEEC-108,3,,,,大考中心高中英文參考詞彙表（111學年度起適用）,LEVEL 3,官方清單,,,
ceec-108:level-3:fighter,fighter,'faitә,n.,"n. 鬥士, 戰士, 好戰者, 戰鬥機",,,CEEC-108,3,,,,大考中心高中英文參考詞彙表（111學年度起適用）,LEVEL 3,官方清單,,,
ceec-108:level-3:firework,firework,,n.,"n. 煙火具, 煙火, 煙火訊號彈, 焰火, 激情的表現",,,CEEC-108,3,,,,大考中心高中英文參考詞彙表（111學年度起適用）,LEVEL 3,官方清單,,,
ceec-108:level-3:fist,fist,fist,n.|v.,"n. 拳頭, 手\nvt. 拳打, 握成拳, 緊握",,,CEEC-108,3,,,,大考中心高中英文參考詞彙表（111學年度起適用）,LEVEL 3,官方清單,,,
ceec-108:level-3:flame,flame,fleim,n.|v.,"n. 火焰, 火舌, 熱情, 光輝\nvt. 焚燒, 用火焰給...滅菌, 用火焰傳送(訊號), 點燃, 激動\nvi. 燃燒, 爆發, 閃耀\n[計] 無聊郵件, 無益郵件",,,CEEC-108,3,,,,大考中心高中英文參考詞彙表（111學年度起適用）,LEVEL 3,官方清單,,,
ceec-108:level-3:flash,flash,flæʃ,n.|v.,"n. 閃光, 閃現, 一瞬間\nvi. 閃光, 閃現, 反射\nvt. 使閃光, 反射",,,CEEC-108,3,,,,大考中心高中英文參考詞彙表（111學年度起適用）,LEVEL 3,官方清單,,,
ceec-108:level-3:flashlight,flashlight,'flæʃlait,n.,"n. 手電筒, 閃光訊號燈",,,CEEC-108,3,,,,大考中心高中英文參考詞彙表（111學年度起適用）,LEVEL 3,官方清單,,,
ceec-108:level-3:flavor,flavor,'fleivә,n.|v.,"n. 滋味, 調味品\nvt. 加味於",,,CEEC-108,3,,,,大考中心高中英文參考詞彙表（111學年度起適用）,LEVEL 3,官方清單,,,
ceec-108:level-3:flesh,flesh,'fleʃ,n.,"n. 肉, 肉體, 肉慾, 人性, 親屬, 人類, 眾生, 人體\nvt. 以肉喂, 激起...的殺戳情緒, 使肥, 賦以血肉\nvi. 長胖",,,CEEC-108,3,,,,大考中心高中英文參考詞彙表（111學年度起適用）,LEVEL 3,官方清單,,,
ceec-108:level-3:float,float,flәut,n.|v.,"n. 漂流物, 浮舟, 漂浮, 浮萍, 彩車\nvi. 浮動, 飄動, 散播, 搖擺, 動搖, 浮動\nvt. 使漂浮, 容納, 淹沒, 發行, 實行\n[計] 浮動",,,CEEC-108,3,,,,大考中心高中英文參考詞彙表（111學年度起適用）,LEVEL 3,官方清單,,,
ceec-108:level-3:flock,flock,flɒk,n.|v.,"n. 獸群, 鳥群, 一群人, 大量, 棉束\nvi. 成群而行, 聚集\nvt. 用棉束填滿",,,CEEC-108,3,,,,大考中心高中英文參考詞彙表（111學年度起適用）,LEVEL 3,官方清單,,,
ceec-108:level-3:flood,flood,flʌd,n.|v.,"n. 洪水, 大量之水, 漲潮\nvt. 淹沒, 使氾濫, 注滿\nvi. 被淹, 溢位, 湧進",,,CEEC-108,3,,,,大考中心高中英文參考詞彙表（111學年度起適用）,LEVEL 3,官方清單,,,
ceec-108:level-3:flour,flour,'flauә,n.,"n. 麵粉, 粉沫, 碎粉\n[醫] 麵粉, 麥粉",,,CEEC-108,3,,,,大考中心高中英文參考詞彙表（111學年度起適用）,LEVEL 3,官方清單,,,
ceec-108:level-3:flute,flute,flu:t,n.,"n. 笛, 橫笛, 凹槽\nvi. 吹笛子\nvt. 用長笛奏, 刻凹槽於",,,CEEC-108,3,,,,大考中心高中英文參考詞彙表（111學年度起適用）,LEVEL 3,官方清單,,,
ceec-108:level-3:foggy,foggy,'fɒgi,adj.,"a. 霧深的, 模糊的",,,CEEC-108,3,,,,大考中心高中英文參考詞彙表（111學年度起適用）,LEVEL 3,官方清單,,,
ceec-108:level-3:fold,fold,fәuld,n.|v.,"n. 折層, 折, 羊欄, 摺痕, 信徒\nvt. 摺疊, 包, 合攏, 交迭\nvi. 摺疊起來, 徹底失敗\n[計] 摺疊; 合併",,,CEEC-108,3,,,,大考中心高中英文參考詞彙表（111學年度起適用）,LEVEL 3,官方清單,,,
ceec-108:level-3:follower,follower,'fɒlәuә,n.,"n. 從者, 屬下, 追補者\n[電] 隨動機",,,CEEC-108,3,,,,大考中心高中英文參考詞彙表（111學年度起適用）,LEVEL 3,官方清單,,,
ceec-108:level-3:fond,fond,fɒnd,adj.,"a. 喜歡的, 寵愛的, 溫柔的",,,CEEC-108,3,,,,大考中心高中英文參考詞彙表（111學年度起適用）,LEVEL 3,官方清單,,,
ceec-108:level-3:forever,forever,fә'revә,adv.,adv. 永遠,,,CEEC-108,3,,,,大考中心高中英文參考詞彙表（111學年度起適用）,LEVEL 3,官方清單,,,
ceec-108:level-3:fortune,fortune,'fɒ:tʃәn,n.,"n. 財富, 運氣, 興隆, 大量財產, 好運, 命運\n[法] 命運, 財產, 大量財產",,,CEEC-108,3,,,,大考中心高中英文參考詞彙表（111學年度起適用）,LEVEL 3,官方清單,,,
ceec-108:level-3:fountain,fountain,'fauntin,n.,"n. 水源, 源, 噴泉, 泉水, 本源\n[醫] 泉",,,CEEC-108,3,,,,大考中心高中英文參考詞彙表（111學年度起適用）,LEVEL 3,官方清單,,,
ceec-108:level-3:frank,frank,fræŋk,adj.,"a. 坦白的, 率直的, 老實的\nvt. 免費郵寄\nn. 免費郵寄特權",,,CEEC-108,3,,,,大考中心高中英文參考詞彙表（111學年度起適用）,LEVEL 3,官方清單,,,
ceec-108:level-3:freeze,freeze,fri:z,n.|v.,"vi. 凍結, 冷凍, 僵硬, 楞住\nvt. 使結冰, 使凍住, 使呆住\nn. 結冰, 凝固\n[計] 凍結",,,CEEC-108,3,,,,大考中心高中英文參考詞彙表（111學年度起適用）,LEVEL 3,官方清單,,,
ceec-108:level-3:freezer,freezer,fri:zә,n.,"n. 冰庫, 冰箱, 冷凍庫",,,CEEC-108,3,,,,大考中心高中英文參考詞彙表（111學年度起適用）,LEVEL 3,官方清單,,,
ceec-108:level-3:frequent,frequent,'fri:kwәnt,adj.|v.,"a. 時常發生的, 頻繁的, 快速的\nvt. 時常來訪, 常常聚集, 常與...交往",,,CEEC-108,3,,,,大考中心高中英文參考詞彙表（111學年度起適用）,LEVEL 3,官方清單,,,
ceec-108:level-3:fright,fright,frait,n.,"n. 驚駭, 吃驚\n[醫] 驚嚇",,,CEEC-108,3,,,,大考中心高中英文參考詞彙表（111學年度起適用）,LEVEL 3,官方清單,,,
ceec-108:level-3:frighten,frighten,'fraitn,v.,vt. 使驚嚇\nvi. 驚恐,,,CEEC-108,3,,,,大考中心高中英文參考詞彙表（111學年度起適用）,LEVEL 3,官方清單,,,
ceec-108:level-3:fuel,fuel,'fjuәl,n.|v.,"n. 燃料, 木炭\nvt. 加燃料, 供燃料\nvi. 得到燃料",,,CEEC-108,3,,,,大考中心高中英文參考詞彙表（111學年度起適用）,LEVEL 3,官方清單,,,
ceec-108:level-3:fund,fund,fʌnd,n.|v.,"n. 基金, 資金, 存款, 財源, 貯藏\nvt. 提供資金, 積累",,,CEEC-108,3,,,,大考中心高中英文參考詞彙表（111學年度起適用）,LEVEL 3,官方清單,,,
ceec-108:level-3:fur,fur,fә:,n.,"n. 毛皮\nvt. 以毛皮製作, 使生苔, 使生水垢\nvi. 生苔, 積水垢",,,CEEC-108,3,,,,大考中心高中英文參考詞彙表（111學年度起適用）,LEVEL 3,官方清單,,,
ceec-108:level-3:gallon,gallon,'gælәn,n.,n. 加侖\n[醫] 加侖,,,CEEC-108,3,,,,大考中心高中英文參考詞彙表（111學年度起適用）,LEVEL 3,官方清單,,,
ceec-108:level-3:gamble,gamble,'gæmbl,n.|v.,"n. 賭博, 冒險\nv. 賭博, 孤注一擲",,,CEEC-108,3,,,,大考中心高中英文參考詞彙表（111學年度起適用）,LEVEL 3,官方清單,,,
ceec-108:level-3:gang,gang,gæŋ,n.|v.,"n. 隊, 群, 幫\nvi. 成群結隊, 結成一夥\nvt. 使成群結隊",,,CEEC-108,3,,,,大考中心高中英文參考詞彙表（111學年度起適用）,LEVEL 3,官方清單,,,
ceec-108:level-3:gap,gap,gæp,n.,"n. 縫隙, 缺口, 間斷, 間距, 通用匯程式設計序\nvt. 開啟缺口, 造成縫隙\nvi. 豁開\n[計] 通用匯程式設計序, 圖形應用程式, 間距",,,CEEC-108,3,,,,大考中心高中英文參考詞彙表（111學年度起適用）,LEVEL 3,官方清單,,,
ceec-108:level-3:garage,garage,gә'rɑ:ʒ. 'gærɑ:ʒ,n.,"n. 車庫, 汽車修理廠, 機庫\nvt. 把車送入修車場",,,CEEC-108,3,,,,大考中心高中英文參考詞彙表（111學年度起適用）,LEVEL 3,官方清單,,,
ceec-108:level-3:gas,gas,gæs,n.,"n. 氣體, 汽油, 瓦斯\n[化] 氣體; 煤氣; 瓦斯; 毒氣",,,CEEC-108,3,,,,大考中心高中英文參考詞彙表（111學年度起適用）,LEVEL 3,官方清單,,,
ceec-108:level-3:gasoline,gasoline,'gæsәli:n,n.,n. 汽油\n[化] 汽油,,,CEEC-108,3,,,,大考中心高中英文參考詞彙表（111學年度起適用）,LEVEL 3,官方清單,,,
ceec-108:level-3:geography,geography,dʒi'ɒgrәfi,n.,"n. 地理學, 地理\n[醫] 地理",,,CEEC-108,3,,,,大考中心高中英文參考詞彙表（111學年度起適用）,LEVEL 3,官方清單,,,
ceec-108:level-3:gesture,gesture,'dʒestʃә,n.|v.,"n. 手勢, 姿態\nvi. 作手勢, 作姿態",,,CEEC-108,3,,,,大考中心高中英文參考詞彙表（111學年度起適用）,LEVEL 3,官方清單,,,
ceec-108:level-3:glance,glance,'glɑ:ns,n.|v.,"n. 一瞥, 閃光, 掠過, 輝礦類\nvi. 掃視, 閃光, 掠過, 提到, 略說\nvt. 掃視, 反射, 使掠過",,,CEEC-108,3,,,,大考中心高中英文參考詞彙表（111學年度起適用）,LEVEL 3,官方清單,,,
ceec-108:level-3:global,global,'glәubl,adj.,"a. 通用的, 全球的, 球形的, 綜合的, 普遍的\n[計] 共用",,,CEEC-108,3,,,,大考中心高中英文參考詞彙表（111學年度起適用）,LEVEL 3,官方清單,,,
ceec-108:level-3:glory,glory,'glɒ:ri,n.,"n. 光榮, 榮耀, 榮譽, 壯麗, 繁榮\nvi. 自豪",,,CEEC-108,3,,,,大考中心高中英文參考詞彙表（111學年度起適用）,LEVEL 3,官方清單,,,
ceec-108:level-3:glow,glow,glәu,n.|v.,"n. 赤熱, 光輝, 熱情, 熱烈, 紅光\nvi. 發紅光, 紅光煥發, 發熱, 洋溢, 激動",,,CEEC-108,3,,,,大考中心高中英文參考詞彙表（111學年度起適用）,LEVEL 3,官方清單,,,
ceec-108:level-3:golf,golf,gɒlf,n.|v.,n. 高爾夫球\nvi. 打高爾夫球,,,CEEC-108,3,,,,大考中心高中英文參考詞彙表（111學年度起適用）,LEVEL 3,官方清單,,,
ceec-108:level-3:gossip,gossip,'gɒsip,n.|v.,"n. 閒聊, 隨筆, 流言, 愛講閒話的人\nvi. 說閒話, 閒聊",,,CEEC-108,3,,,,大考中心高中英文參考詞彙表（111學年度起適用）,LEVEL 3,官方清單,,,
ceec-108:level-3:governor,governor,'gʌvәnә,n.,"n. (美)州長, (英)總督, 統治者, 管理者, 理事\n[醫] 節制器, 調節器",,,CEEC-108,3,,,,大考中心高中英文參考詞彙表（111學年度起適用）,LEVEL 3,官方清單,,,
ceec-108:level-3:grab,grab,græb,n.|v.,"n. 抓握, 掠奪, 強佔, 東方沿岸帆船\nvi. 抓取, 搶去\nvt. 攫取, 捕獲, 霸佔",,,CEEC-108,3,,,,大考中心高中英文參考詞彙表（111學年度起適用）,LEVEL 3,官方清單,,,
ceec-108:level-3:graduate,graduate,'grædʒueit,n.|v.,"n. 畢業生, 量杯\na. 已得學位的, 研究生的, 畢業的\nvi. 畢業, 得學位, 逐漸變為\nvt. 准予...畢業, 授予...學位, 分等級, 刻刻度",,,CEEC-108,3,,,,大考中心高中英文參考詞彙表（111學年度起適用）,LEVEL 3,官方清單,,,
ceec-108:level-3:grasp,grasp,græsp,n.|v.,"n. 把握, 抓緊, 理解, 抓, 柄, 控制\nvt. 抓住, 緊握, 領會\nvi. 抓",,,CEEC-108,3,,,,大考中心高中英文參考詞彙表（111學年度起適用）,LEVEL 3,官方清單,,,
ceec-108:level-3:grasshopper,grasshopper,'græshɒpә,n.,"n. 蚱蜢, 蝗蟲",,,CEEC-108,3,,,,大考中心高中英文參考詞彙表（111學年度起適用）,LEVEL 3,官方清單,,,
ceec-108:level-3:grassy,grassy,'græsi,adj.,"a. 草綠色的, 象草的, 長滿草的",,,CEEC-108,3,,,,大考中心高中英文參考詞彙表（111學年度起適用）,LEVEL 3,官方清單,,,
ceec-108:level-3:greedy,greedy,'gri:di,adj.,"a. 貪婪的, 貪得的, 貪吃的",,,CEEC-108,3,,,,大考中心高中英文參考詞彙表（111學年度起適用）,LEVEL 3,官方清單,,,
ceec-108:level-3:greenhouse,greenhouse,'gri:nhaus,n.,n. 溫室,,,CEEC-108,3,,,,大考中心高中英文參考詞彙表（111學年度起適用）,LEVEL 3,官方清單,,,
ceec-108:level-3:grin,grin,grin,n.|v.,n. 露齒笑\nv. 露齒而笑,,,CEEC-108,3,,,,大考中心高中英文參考詞彙表（111學年度起適用）,LEVEL 3,官方清單,,,
ceec-108:level-3:grocery,grocery,'grәusәri,n.,"n. 食品雜貨店, 食品雜貨業",,,CEEC-108,3,,,,大考中心高中英文參考詞彙表（111學年度起適用）,LEVEL 3,官方清單,,,
ceec-108:level-3:guidance,guidance,'gaidns,n.,"n. 指導, 領導\n[醫] 導",,,CEEC-108,3,,,,大考中心高中英文參考詞彙表（111學年度起適用）,LEVEL 3,官方清單,,,
ceec-108:level-3:gum,gum,gʌm,n.,"n. 樹膠, 橡皮, 橡皮糖, 牙床, 老天\nvt. 塗以樹膠, 用膠粘, 使有粘性\nvi. 分泌樹膠, 發粘",,,CEEC-108,3,,,,大考中心高中英文參考詞彙表（111學年度起適用）,LEVEL 3,官方清單,,,
ceec-108:level-3:hairdresser,hairdresser,'hєәdresә,n.,"n. 美髮師, 理髮師",,,CEEC-108,3,,,,大考中心高中英文參考詞彙表（111學年度起適用）,LEVEL 3,官方清單,,,
ceec-108:level-3:hallway,hallway,'hɔ:lwei,n.,n. 門廳；玄關；走廊,,,CEEC-108,3,,,,大考中心高中英文參考詞彙表（111學年度起適用）,LEVEL 3,官方清單,,,
ceec-108:level-3:hammer,hammer,'hæmә,n.|v.,"n. 錘, 鐵錘, 釘錘\nvt. 錘打, 敲打, 釘\nvi. 連續錘打\n[計] 錘頭",,,CEEC-108,3,,,,大考中心高中英文參考詞彙表（111學年度起適用）,LEVEL 3,官方清單,,,
ceec-108:level-3:handful,handful,'hændful,n.,"n. 少數, 一把, 棘手事",,,CEEC-108,3,,,,大考中心高中英文參考詞彙表（111學年度起適用）,LEVEL 3,官方清單,,,
ceec-108:level-3:handkerchief,handkerchief,'hæŋkәtʃif,n.,"n. 手帕, 頭巾, 圍巾",,,CEEC-108,3,,,,大考中心高中英文參考詞彙表（111學年度起適用）,LEVEL 3,官方清單,,,
ceec-108:level-3:handy,handy,'hændi,adj.,"a. 便利的, 敏捷的, 容易取得的\n[化] 便於使用的; 易操作的",,,CEEC-108,3,,,,大考中心高中英文參考詞彙表（111學年度起適用）,LEVEL 3,官方清單,,,
ceec-108:level-3:hanger,hanger,'hæŋә,n.,"n. 掛鉤, 吊架, 衣架, 掛衣鉤\n[經] (掛在店內的)廣告牌",,,CEEC-108,3,,,,大考中心高中英文參考詞彙表（111學年度起適用）,LEVEL 3,官方清單,,,
ceec-108:level-3:harbor,harbor,'hɑ:bә,n.|v.,"n. 港, 避難所\nv. 庇護, 藏匿, (使)入港停泊",,,CEEC-108,3,,,,大考中心高中英文參考詞彙表（111學年度起適用）,LEVEL 3,官方清單,,,
ceec-108:level-3:harm,harm,hɑ:m,n.|v.,"n. 傷害, 害處\nvt. 傷害, 損害",,,CEEC-108,3,,,,大考中心高中英文參考詞彙表（111學年度起適用）,LEVEL 3,官方清單,,,
ceec-108:level-3:harmful,harmful,'hɑ:mful,adj.,"a. 有害的, 傷害的",,,CEEC-108,3,,,,大考中心高中英文參考詞彙表（111學年度起適用）,LEVEL 3,官方清單,,,
ceec-108:level-3:harvest,harvest,'hɑ:vist,n.|v.,"n. 收穫, 成果, 收穫物, 收穫期\nv. 收割, 收穫",,,CEEC-108,3,,,,大考中心高中英文參考詞彙表（111學年度起適用）,LEVEL 3,官方清單,,,
ceec-108:level-3:hasty,hasty,'heisti,adj.,"a. 匆匆的, 輕率的, 性怠的",,,CEEC-108,3,,,,大考中心高中英文參考詞彙表（111學年度起適用）,LEVEL 3,官方清單,,,
ceec-108:level-3:hatch,hatch,hætʃ,n.|v.,"n. 孵化, 艙口\nvt. 孵, 孵出, 策劃\nvi. 孵化",,,CEEC-108,3,,,,大考中心高中英文參考詞彙表（111學年度起適用）,LEVEL 3,官方清單,,,
ceec-108:level-3:hateful,hateful,'heitful,adj.,"a. 憎恨的, 可恨的, 可惡的",,,CEEC-108,3,,,,大考中心高中英文參考詞彙表（111學年度起適用）,LEVEL 3,官方清單,,,
ceec-108:level-3:hay,hay,hei,n.,"n. 乾草\nvt. 制乾草, 供給乾草\nvi. 曬乾草",,,CEEC-108,3,,,,大考中心高中英文參考詞彙表（111學年度起適用）,LEVEL 3,官方清單,,,
ceec-108:level-3:headline,headline,'hedlain,n.|v.,"n. 大標題, 新聞摘要\nvt. 為...做標題, 寫標題",,,CEEC-108,3,,,,大考中心高中英文參考詞彙表（111學年度起適用）,LEVEL 3,官方清單,,,
ceec-108:level-3:headquarters,headquarters,hed'kwɒ:tәz,n.,"n. 總部, 司令部, 總部人員\n[經] 本部, 總部, 總署",,,CEEC-108,3,,,,大考中心高中英文參考詞彙表（111學年度起適用）,LEVEL 3,官方清單,,,
ceec-108:level-3:heal,heal,hi:l,v.,"vi. 痊癒\nvt. 使復原, 使和解, 治癒",,,CEEC-108,3,,,,大考中心高中英文參考詞彙表（111學年度起適用）,LEVEL 3,官方清單,,,
ceec-108:level-3:heap,heap,hi:p,n.|v.,"n. 堆, 許多, 累積\nvt. 堆積, 裝滿\n[計] 堆",,,CEEC-108,3,,,,大考中心高中英文參考詞彙表（111學年度起適用）,LEVEL 3,官方清單,,,
ceec-108:level-3:heater,heater,'hi:tә,n.,"n. 加熱器, 燈絲, 加熱工\n[化] 加熱器",,,CEEC-108,3,,,,大考中心高中英文參考詞彙表（111學年度起適用）,LEVEL 3,官方清單,,,
ceec-108:level-3:heel,heel,hi:l,n.|v.,"n. 腳後跟, 踵, 後部, 傾側\nvt. 尾隨, 裝以鞋跟, 傾側, 追趕\nvi. 緊隨, 用腳後跟傳球",,,CEEC-108,3,,,,大考中心高中英文參考詞彙表（111學年度起適用）,LEVEL 3,官方清單,,,
ceec-108:level-3:hell,hell,hel,n.,"n. 地獄, 邪惡勢力, 苦境, 陰間, 毀壞, 訓斥\nvi. 狂飲, 飛馳",,,CEEC-108,3,,,,大考中心高中英文參考詞彙表（111學年度起適用）,LEVEL 3,官方清單,,,
ceec-108:level-3:helmet,helmet,'helmit,n.,"n. 鋼盔, 盔, 防護帽\nvt. 給...戴頭盔",,,CEEC-108,3,,,,大考中心高中英文參考詞彙表（111學年度起適用）,LEVEL 3,官方清單,,,
ceec-108:level-3:hesitate,hesitate,'heziteit,v.,"vi. 猶豫, 遲疑, 躊躇, 支吾, 停頓",,,CEEC-108,3,,,,大考中心高中英文參考詞彙表（111學年度起適用）,LEVEL 3,官方清單,,,
ceec-108:level-3:hint,hint,hint,n.|v.,"n. 暗示, 提示\nv. 暗示, 示意",,,CEEC-108,3,,,,大考中心高中英文參考詞彙表（111學年度起適用）,LEVEL 3,官方清單,,,
ceec-108:level-3:hire,hire,haiә,n.|v.,"n. 租金, 租用, 僱用\nvt. 僱請, 出租\nvi. 受僱",,,CEEC-108,3,,,,大考中心高中英文參考詞彙表（111學年度起適用）,LEVEL 3,官方清單,,,
ceec-108:level-3:historian,historian,hi'stɒ:riәn,n.,"n. 歷史學家, 記事者",,,CEEC-108,3,,,,大考中心高中英文參考詞彙表（111學年度起適用）,LEVEL 3,官方清單,,,
ceec-108:level-3:historic,historic,hi'stɒrik,adj.,"a. 歷史上著名的, 有歷史性的",,,CEEC-108,3,,,,大考中心高中英文參考詞彙表（111學年度起適用）,LEVEL 3,官方清單,,,
ceec-108:level-3:holder,holder,'hәuldә,n.,"n. 持有人, 所有人, 支援物\n[化] 夾持器; 夾具; 貯罐",,,CEEC-108,3,,,,大考中心高中英文參考詞彙表（111學年度起適用）,LEVEL 3,官方清單,,,
ceec-108:level-3:hollow,hollow,'hɒlәu,adj.|n.|v.,"n. 洞, 窟窿, 山谷\na. 空的, 虛偽的, 空腹的, 凹的\nvi. 形成空洞\nvt. 挖空",,,CEEC-108,3,,,,大考中心高中英文參考詞彙表（111學年度起適用）,LEVEL 3,官方清單,,,
ceec-108:level-3:holy,holy,'hәuli,adj.,"a. 神聖的, 聖潔的, 至善的\nn. 神聖的東西",,,CEEC-108,3,,,,大考中心高中英文參考詞彙表（111學年度起適用）,LEVEL 3,官方清單,,,
ceec-108:level-3:homesick,homesick,'hәumsik,adj.,"a. 思家的, 思鄉病的",,,CEEC-108,3,,,,大考中心高中英文參考詞彙表（111學年度起適用）,LEVEL 3,官方清單,,,
ceec-108:level-3:hometown,hometown,hәum'taun,n.,"n. 故鄉, 家鄉",,,CEEC-108,3,,,,大考中心高中英文參考詞彙表（111學年度起適用）,LEVEL 3,官方清單,,,
ceec-108:level-3:honesty,honesty,'ɒnisti,n.,"n. 誠實, 公正, 正直",,,CEEC-108,3,,,,大考中心高中英文參考詞彙表（111學年度起適用）,LEVEL 3,官方清單,,,
ceec-108:level-3:honor,honor,'ɒnә,n.|v.,"n. 榮譽, 頭銜, 信用, 尊敬, 名譽, 閣下, 勳章\nvt. 尊敬, 授予榮譽, 承兌, 實踐",,,CEEC-108,3,,,,大考中心高中英文參考詞彙表（111學年度起適用）,LEVEL 3,官方清單,,,
ceec-108:level-3:hopeful,hopeful,'hәupful,adj.,"n. 有希望之人, 有前途之人\na. 有希望的, 懷抱希望的, 保持樂觀的",,,CEEC-108,3,,,,大考中心高中英文參考詞彙表（111學年度起適用）,LEVEL 3,官方清單,,,
ceec-108:level-3:horn,horn,hɒ:n,n.,"n. 角, 角質, 喇叭, 號角\na. 角制的\nvt. 用角觸, 長角於",,,CEEC-108,3,,,,大考中心高中英文參考詞彙表（111學年度起適用）,LEVEL 3,官方清單,,,
ceec-108:level-3:horrible,horrible,'hɒrәbl,adj.,"a. 可怕的, 遭透的, 極討厭的",,,CEEC-108,3,,,,大考中心高中英文參考詞彙表（111學年度起適用）,LEVEL 3,官方清單,,,
ceec-108:level-3:horror,horror,'hɒrә,n.,"n. 驚駭, 恐怖, 慘狀\n[醫] 恐怖, 恐懼",,,CEEC-108,3,,,,大考中心高中英文參考詞彙表（111學年度起適用）,LEVEL 3,官方清單,,,
ceec-108:level-3:hourly,hourly,'auәli,adj.|adv.,"a. 每小時的, 以小時計的, 頻繁的\nadv. 每小時地, 頻繁地, 不絕地",,,CEEC-108,3,,,,大考中心高中英文參考詞彙表（111學年度起適用）,LEVEL 3,官方清單,,,
ceec-108:level-3:housekeeper,housekeeper,'hauski:pә,n.,"n. 主婦, 女管家",,,CEEC-108,3,,,,大考中心高中英文參考詞彙表（111學年度起適用）,LEVEL 3,官方清單,,,
ceec-108:level-3:hug,hug,hʌg,n.|v.,"n. 緊抱, 擁抱\nvt. 緊抱, 堅持, 使沾沾自喜",,,CEEC-108,3,,,,大考中心高中英文參考詞彙表（111學年度起適用）,LEVEL 3,官方清單,,,
ceec-108:level-3:hum,hum,hʌm,v.,"n. 嗡嗡聲, 哼聲, 雜聲\nvi. 發低哼聲\nvt. 哼, 用哼聲表示\ninterj. 哼, 嗯",,,CEEC-108,3,,,,大考中心高中英文參考詞彙表（111學年度起適用）,LEVEL 3,官方清單,,,
ceec-108:level-3:humankind,humankind,'hju:mәnkaind,n.,n. 人類,,,CEEC-108,3,,,,大考中心高中英文參考詞彙表（111學年度起適用）,LEVEL 3,官方清單,,,
ceec-108:level-3:humid,humid,'hju:mid,adj.,"a. 潮溼的, 溼潤的, 多溼氣的",,,CEEC-108,3,,,,大考中心高中英文參考詞彙表（111學年度起適用）,LEVEL 3,官方清單,,,
ceec-108:level-3:humor,humor,'hju:mә,n.,"n. 幽默, 詼諧, 心情\nvt. 迎合, 牽就, 順應",,,CEEC-108,3,,,,大考中心高中英文參考詞彙表（111學年度起適用）,LEVEL 3,官方清單,,,
ceec-108:level-3:humorous,humorous,'hju:mәrәs,adj.,"a. 富幽默感的, 滑稽的, 詼諧的",,,CEEC-108,3,,,,大考中心高中英文參考詞彙表（111學年度起適用）,LEVEL 3,官方清單,,,
ceec-108:level-3:hunger,hunger,'hʌŋgә,n.,"n. 飢餓, 渴望, 饑荒\nvt. 使捱餓\nvi. 捱餓, 渴望",,,CEEC-108,3,,,,大考中心高中英文參考詞彙表（111學年度起適用）,LEVEL 3,官方清單,,,
ceec-108:level-3:hut,hut,hʌt,n.,"n. 小屋, 茅舍, 臨時軍營\nv. (使)住在茅舍",,,CEEC-108,3,,,,大考中心高中英文參考詞彙表（111學年度起適用）,LEVEL 3,官方清單,,,
ceec-108:level-3:icy,icy,'aisi,adj.,"a. 冰的, 冰冷的, 冷淡的, 滑溜的",,,CEEC-108,3,,,,大考中心高中英文參考詞彙表（111學年度起適用）,LEVEL 3,官方清單,,,
ceec-108:level-3:imagination,imagination,i.mædʒi'neiʃәn,n.,"n. 想像, 聽覺, 想像力\n[醫] 想像",,,CEEC-108,3,,,,大考中心高中英文參考詞彙表（111學年度起適用）,LEVEL 3,官方清單,,,
ceec-108:level-3:immediate,immediate,i'mi:diәt,adj.,"a. 立即的, 直接的, 接近的\n[醫] 直接的, 立即的",,,CEEC-108,3,,,,大考中心高中英文參考詞彙表（111學年度起適用）,LEVEL 3,官方清單,,,
ceec-108:level-3:import,import,im'pɒ:t,n.|v.,"n. 進口貨, 進口, 輸入, 含義, 重要性\nvt. 輸入, 引入, 進口, 含...的意思, 重要\nvi. 有關係\n[計] 引入",,,CEEC-108,3,,,,大考中心高中英文參考詞彙表（111學年度起適用）,LEVEL 3,官方清單,,,
ceec-108:level-3:impress,impress,im'pres,v.,"n. 印象, 特徵, 印記\nvt. 使有印象, 印, 銘刻, 傳送, 影響, 強徵\nvi. 給人印象",,,CEEC-108,3,,,,大考中心高中英文參考詞彙表（111學年度起適用）,LEVEL 3,官方清單,,,
ceec-108:level-3:indoor,indoor,'indɒ:,adj.,"a. 戶內的, 室內的",,,CEEC-108,3,,,,大考中心高中英文參考詞彙表（111學年度起適用）,LEVEL 3,官方清單,,,
ceec-108:level-3:indoors,indoors,'in'dɒ:z,adv.,adv. 在戶內,,,CEEC-108,3,,,,大考中心高中英文參考詞彙表（111學年度起適用）,LEVEL 3,官方清單,,,
ceec-108:level-3:industrial,industrial,in'dʌstriәl,adj.,"a. 工業的, 供工業用的, 工業高度發展的, 產業的\nn. 工業工人, 工業股票",,,CEEC-108,3,,,,大考中心高中英文參考詞彙表（111學年度起適用）,LEVEL 3,官方清單,,,
ceec-108:level-3:inferior,inferior,in'fiәriә,adj.|n.,"a. 次等的, 較差的, 下方的, 下級的\nn. 部下, 次品, 下標(符號)",,,CEEC-108,3,,,,大考中心高中英文參考詞彙表（111學年度起適用）,LEVEL 3,官方清單,,,
ceec-108:level-3:inform,inform,in'fɒ:m,v.,"vt. 通知, 使瞭解, 使充滿\nvi. 提供資料, 告發",,,CEEC-108,3,,,,大考中心高中英文參考詞彙表（111學年度起適用）,LEVEL 3,官方清單,,,
ceec-108:level-3:information,information,.infә'meiʃәn,n.,"n. 訊息, 知識, 通知, 情報, 資訊, 問訊處, 起訴\n[計] 資訊",,,CEEC-108,3,,,,大考中心高中英文參考詞彙表（111學年度起適用）,LEVEL 3,官方清單,,,
ceec-108:level-3:injury,injury,'indʒәri,n.,"n. 傷害, 侮辱\n[醫] 傷, 損傷",,,CEEC-108,3,,,,大考中心高中英文參考詞彙表（111學年度起適用）,LEVEL 3,官方清單,,,
ceec-108:level-3:inn,inn,in,n.,"n. 旅館, 客棧\nvi. 住旅館",,,CEEC-108,3,,,,大考中心高中英文參考詞彙表（111學年度起適用）,LEVEL 3,官方清單,,,
ceec-108:level-3:inner,inner,'inә,adj.,"a. 內部的, 內心的\nn. 內部",,,CEEC-108,3,,,,大考中心高中英文參考詞彙表（111學年度起適用）,LEVEL 3,官方清單,,,
ceec-108:level-3:innocent,innocent,'inәsәnt,adj.,"a. 無罪的, 不懂事的, 無知的\nn. 天真的人, 笨蛋",,,CEEC-108,3,,,,大考中心高中英文參考詞彙表（111學年度起適用）,LEVEL 3,官方清單,,,
ceec-108:level-3:inspect,inspect,in'spekt,v.,"vt. 檢查, 檢閱, 檢驗\nvi. 檢查",,,CEEC-108,3,,,,大考中心高中英文參考詞彙表（111學年度起適用）,LEVEL 3,官方清單,,,
ceec-108:level-3:inspector,inspector,in'spektә,n.,"n. 檢查員, 巡視員\n[化] 檢查員",,,CEEC-108,3,,,,大考中心高中英文參考詞彙表（111學年度起適用）,LEVEL 3,官方清單,,,
ceec-108:level-3:intelligent,intelligent,in'telidʒәnt,adj.,"a. 聰明的, 智慧的, 瞭解的",,,CEEC-108,3,,,,大考中心高中英文參考詞彙表（111學年度起適用）,LEVEL 3,官方清單,,,
ceec-108:level-3:interrupt,interrupt,.intә'rʌpt,v.,"vt. 中斷, 妨礙, 插嘴\nvi. 打斷\nn. 中斷\n[計] 中斷",,,CEEC-108,3,,,,大考中心高中英文參考詞彙表（111學年度起適用）,LEVEL 3,官方清單,,,
ceec-108:level-3:invent,invent,in'vent,v.,"vt. 發明, 創作, 虛構\n[機] 發明",,,CEEC-108,3,,,,大考中心高中英文參考詞彙表（111學年度起適用）,LEVEL 3,官方清單,,,
ceec-108:level-3:inventor,inventor,in'ventә,n.,"n. 發明家\n[法] 發明人, 發明家, 創造者",,,CEEC-108,3,,,,大考中心高中英文參考詞彙表（111學年度起適用）,LEVEL 3,官方清單,,,
ceec-108:level-3:investigate,investigate,in'vestigeit,v.,"v. 調查, 審查",,,CEEC-108,3,,,,大考中心高中英文參考詞彙表（111學年度起適用）,LEVEL 3,官方清單,,,
ceec-108:level-3:invitation,invitation,.invi'teiʃәn,n.,"n. 邀請, 請柬, 引誘\n[經] 邀請, 招待, 吸引",,,CEEC-108,3,,,,大考中心高中英文參考詞彙表（111學年度起適用）,LEVEL 3,官方清單,,,
ceec-108:level-3:ivory,ivory,'aivәri,adj.|n.,"n. 象牙, 乳白色\na. 象牙制的, 乳白色的",,,CEEC-108,3,,,,大考中心高中英文參考詞彙表（111學年度起適用）,LEVEL 3,官方清單,,,
ceec-108:level-3:jail,jail,dʒeil,n.|v.,"n. 監牢, 監獄, 拘留所\nvt. 監禁, 下獄",,,CEEC-108,3,,,,大考中心高中英文參考詞彙表（111學年度起適用）,LEVEL 3,官方清單,,,
ceec-108:level-3:jar,jar,dʒɑ:,n.,"n. 廣口瓶, 震動, 刺耳聲\nvi. 震驚, 衝突, 發刺耳聲, 不一致\nvt. 震動, 刺激",,,CEEC-108,3,,,,大考中心高中英文參考詞彙表（111學年度起適用）,LEVEL 3,官方清單,,,
ceec-108:level-3:jaw,jaw,dʒɒ:,n.,"n. 顎, 頜\nv. 閒談, 教訓, 嘮叨",,,CEEC-108,3,,,,大考中心高中英文參考詞彙表（111學年度起適用）,LEVEL 3,官方清單,,,
ceec-108:level-3:jazz,jazz,dʒæz,n.,"n. 爵士樂, 喧鬧\na. 爵士樂的, 喧吵的\nvi. 演奏爵士樂, 跳爵士舞, 遊蕩\nvt. 奏爵士樂, 使活潑",,,CEEC-108,3,,,,大考中心高中英文參考詞彙表（111學年度起適用）,LEVEL 3,官方清單,,,
ceec-108:level-3:jealous,jealous,'dʒelәs,adj.,"a. 嫉妒的, 羨慕的, 留心的, 戒備的",,,CEEC-108,3,,,,大考中心高中英文參考詞彙表（111學年度起適用）,LEVEL 3,官方清單,,,
ceec-108:level-3:jeep,jeep,dʒi:p,n.,n. 吉普車\nvi. 乘吉普車\nvt. 用吉普車運,,,CEEC-108,3,,,,大考中心高中英文參考詞彙表（111學年度起適用）,LEVEL 3,官方清單,,,
ceec-108:level-3:jelly,jelly,'dʒeli,n.,"n. 果凍, 果凍甜食, 膠狀物\nv. (使)結凍, (使)成膠狀",,,CEEC-108,3,,,,大考中心高中英文參考詞彙表（111學年度起適用）,LEVEL 3,官方清單,,,
ceec-108:level-3:jet,jet,dʒet,n.|v.,"n. 噴射流, 噴嘴, 煤玉\nv. 射出, 迸出, 噴射\na. 黑而發亮的, 墨黑的",,,CEEC-108,3,,,,大考中心高中英文參考詞彙表（111學年度起適用）,LEVEL 3,官方清單,,,
ceec-108:level-3:jewel,jewel,'dʒu:әl,n.,"n. 珠寶, 貴重物, 鑲珠寶的飾物\nvt. 飾以珠寶, 鑲以寶石",,,CEEC-108,3,,,,大考中心高中英文參考詞彙表（111學年度起適用）,LEVEL 3,官方清單,,,
ceec-108:level-3:jewelry,jewelry,'dʒu:әlri,n.,"n. 珠寶, 珠寶類",,,CEEC-108,3,,,,大考中心高中英文參考詞彙表（111學年度起適用）,LEVEL 3,官方清單,,,
ceec-108:level-3:journey,journey,'dʒә:ni,n.|v.,"n. 旅程, 旅行, 行程\nvi. 旅行\nvt. 遊歷",,,CEEC-108,3,,,,大考中心高中英文參考詞彙表（111學年度起適用）,LEVEL 3,官方清單,,,
ceec-108:level-3:joyful,joyful,'dʒɒiful,adj.,"a. 歡喜的, 高興的, 令人高興的",,,CEEC-108,3,,,,大考中心高中英文參考詞彙表（111學年度起適用）,LEVEL 3,官方清單,,,
ceec-108:level-3:juicy,juicy,'dʒusi,adj.,"a. 多汁液的, 生動的, 多水分的",,,CEEC-108,3,,,,大考中心高中英文參考詞彙表（111學年度起適用）,LEVEL 3,官方清單,,,
ceec-108:level-3:jungle,jungle,'dʒʌŋgl,n.,"n. 叢林, 雜亂的一堆, 弱肉強食的地方",,,CEEC-108,3,,,,大考中心高中英文參考詞彙表（111學年度起適用）,LEVEL 3,官方清單,,,
ceec-108:level-3:junior,junior,'dʒu:njә,adj.|n.,"n. 年少者, 地位較低者, 大學三年級學生\na. 年少的, 下級的, 後進的",,,CEEC-108,3,,,,大考中心高中英文參考詞彙表（111學年度起適用）,LEVEL 3,官方清單,,,
ceec-108:level-3:junk,junk,dʒʌŋk,n.|v.,"n. 垃圾, 烏七八糟的東西, 舢板\n[計] 清除",,,CEEC-108,3,,,,大考中心高中英文參考詞彙表（111學年度起適用）,LEVEL 3,官方清單,,,
ceec-108:level-3:kangaroo,kangaroo,.kæŋgә'ru:,n.,n. 袋鼠\n[醫] 袋鼠(澳洲產),,,CEEC-108,3,,,,大考中心高中英文參考詞彙表（111學年度起適用）,LEVEL 3,官方清單,,,
ceec-108:level-3:keyboard,keyboard,'ki:bɒ:d,n.,n. 鍵盤\n[計] 鍵盤,,,CEEC-108,3,,,,大考中心高中英文參考詞彙表（111學年度起適用）,LEVEL 3,官方清單,,,
ceec-108:level-3:kidney,kidney,'kidni,n.,"n. 腎, 個性\n[醫] 腎",,,CEEC-108,3,,,,大考中心高中英文參考詞彙表（111學年度起適用）,LEVEL 3,官方清單,,,
ceec-108:level-3:kilometer,kilometer,'kilәmi:tә,n.,"n. 千米, 公里\n[醫] 千米, 公里",,,CEEC-108,3,,,,大考中心高中英文參考詞彙表（111學年度起適用）,LEVEL 3,官方清單,,,
ceec-108:level-3:kindergarten,kindergarten,'kindә.gɑ:tn,n.,n. 幼稚園,,,CEEC-108,3,,,,大考中心高中英文參考詞彙表（111學年度起適用）,LEVEL 3,官方清單,,,
ceec-108:level-3:kingdom,kingdom,'kiŋdәm,n.,"n. 王國, 領域\n[醫] 界(動物,植物,礦物)",,,CEEC-108,3,,,,大考中心高中英文參考詞彙表（111學年度起適用）,LEVEL 3,官方清單,,,
ceec-108:level-3:kit,kit,kit,n.,"n. 裝備, 工具箱, 成套工具\n[計] 成套部件; 成套零件",,,CEEC-108,3,,,,大考中心高中英文參考詞彙表（111學年度起適用）,LEVEL 3,官方清單,,,
ceec-108:level-3:knight,knight,nait,n.,"n. 騎士, 爵士\nvt. 授以爵位",,,CEEC-108,3,,,,大考中心高中英文參考詞彙表（111學年度起適用）,LEVEL 3,官方清單,,,
ceec-108:level-3:knit,knit,nit,n.|v.,"v. 編織, 結合",,,CEEC-108,3,,,,大考中心高中英文參考詞彙表（111學年度起適用）,LEVEL 3,官方清單,,,
ceec-108:level-3:knot,knot,nɒt,n.|v.,"n. 結, 群, 難題\nv. 打結, (使)糾纏",,,CEEC-108,3,,,,大考中心高中英文參考詞彙表（111學年度起適用）,LEVEL 3,官方清單,,,
ceec-108:level-3:koala,koala,kә'ɑ:lә,n.,n. 袋熊,,,CEEC-108,3,,,,大考中心高中英文參考詞彙表（111學年度起適用）,LEVEL 3,官方清單,,,
ceec-108:level-3:label,label,'leibl,n.|v.,"n. 標籤, 稱號, 商標, 標誌\nvt. 貼標籤於, 標註\n[計] 標誌; 標註; DOS外部命令:用於建立改變或刪除磁碟卷標號",,,CEEC-108,3,,,,大考中心高中英文參考詞彙表（111學年度起適用）,LEVEL 3,官方清單,,,
ceec-108:level-3:lace,lace,leis,n.|v.,"n. 飾帶, 花邊, 緞帶, 鞋帶\nvt. 結帶子, 飾以花邊\nvi. 繫帶子\n[計] 全穿孔",,,CEEC-108,3,,,,大考中心高中英文參考詞彙表（111學年度起適用）,LEVEL 3,官方清單,,,
ceec-108:level-3:ladder,ladder,'lædә,n.,"n. 梯, 梯狀物, 發跡的途徑\nvi. 襪子抽絲, 成名",,,CEEC-108,3,,,,大考中心高中英文參考詞彙表（111學年度起適用）,LEVEL 3,官方清單,,,
ceec-108:level-3:lately,lately,'leitli,adv.,"adv. 近來, 最近",,,CEEC-108,3,,,,大考中心高中英文參考詞彙表（111學年度起適用）,LEVEL 3,官方清單,,,
ceec-108:level-3:laughter,laughter,'lɑ:ftә,n.,"n. 笑, 笑聲\n[醫] 笑, 大笑",,,CEEC-108,3,,,,大考中心高中英文參考詞彙表（111學年度起適用）,LEVEL 3,官方清單,,,
ceec-108:level-3:laundry,laundry,'lɒ:ndri,n.,"n. 洗衣店, 洗好的衣服, 洗滌\n[機] 洗衣作, 洗衣店, 洗衣房",,,CEEC-108,3,,,,大考中心高中英文參考詞彙表（111學年度起適用）,LEVEL 3,官方清單,,,
ceec-108:level-3:lawn,lawn,lɒ:n,n.,"n. 草地, 草坪, 上等細麻布\n[機] 細篩",,,CEEC-108,3,,,,大考中心高中英文參考詞彙表（111學年度起適用）,LEVEL 3,官方清單,,,
ceec-108:level-3:leak,leak,li:k,n.|v.,"n. 漏洞, 漏處, 漏出, 洩漏\nvi. 漏, 洩漏\nvt. 使滲漏",,,CEEC-108,3,,,,大考中心高中英文參考詞彙表（111學年度起適用）,LEVEL 3,官方清單,,,
ceec-108:level-3:leap,leap,li:p,n.|v.,"n. 跳躍, 劇增, 急變, 被越過之物\nvi. 跳躍, 突然經過\nvt. 躍過, 使躍過",,,CEEC-108,3,,,,大考中心高中英文參考詞彙表（111學年度起適用）,LEVEL 3,官方清單,,,
ceec-108:level-3:learning,learning,'lә:niŋ,n.,"n. 學問, 學識, 學習\n[計] 學習",,,CEEC-108,3,,,,大考中心高中英文參考詞彙表（111學年度起適用）,LEVEL 3,官方清單,,,
ceec-108:level-3:leather,leather,'leðә,n.,"n. 皮革, 皮製品, 馬鐙的皮帶\nvt. 覆以皮革, 鞭苔, 抽打\na. 皮革的, 皮製的",,,CEEC-108,3,,,,大考中心高中英文參考詞彙表（111學年度起適用）,LEVEL 3,官方清單,,,
ceec-108:level-3:leisure,leisure,'li:ʒә,n.,"n. 空閒, 閒暇, 悠閒\na. 空閒的, 有閒的",,,CEEC-108,3,,,,大考中心高中英文參考詞彙表（111學年度起適用）,LEVEL 3,官方清單,,,
ceec-108:level-3:lemonade,lemonade,.lemә'neid,n.,n. 檸檬水\n[醫] 檸檬水,,,CEEC-108,3,,,,大考中心高中英文參考詞彙表（111學年度起適用）,LEVEL 3,官方清單,,,
ceec-108:level-3:leopard,leopard,'lepәd,n.,"n. 豹, 美洲豹",,,CEEC-108,3,,,,大考中心高中英文參考詞彙表（111學年度起適用）,LEVEL 3,官方清單,,,
ceec-108:level-3:lettuce,lettuce,'letis,n.,"n. 萵苣, 生菜, 紙幣\n[醫] 萵苣",,,CEEC-108,3,,,,大考中心高中英文參考詞彙表（111學年度起適用）,LEVEL 3,官方清單,,,
ceec-108:level-3:liberty,liberty,'libәli,n.,"n. 自由, 特權, 許可, 冒失\n[法] 自由, 自由權, 自由區域",,,CEEC-108,3,,,,大考中心高中英文參考詞彙表（111學年度起適用）,LEVEL 3,官方清單,,,
ceec-108:level-3:lick,lick,lik,n.|v.,"n. 舔, 少許, 打\nvt. 舔, 捲過, 鞭打\nvi. 輕輕拍打",,,CEEC-108,3,,,,大考中心高中英文參考詞彙表（111學年度起適用）,LEVEL 3,官方清單,,,
ceec-108:level-3:lifetime,lifetime,'laiftaim,n.,"n. 一生, 終生\na. 一生的, 終生的",,,CEEC-108,3,,,,大考中心高中英文參考詞彙表（111學年度起適用）,LEVEL 3,官方清單,,,
ceec-108:level-3:lighthouse,lighthouse,'laithaus,n.,n. 燈塔,,,CEEC-108,3,,,,大考中心高中英文參考詞彙表（111學年度起適用）,LEVEL 3,官方清單,,,
ceec-108:level-3:lightning,lightning,'laitniŋ,n.,n. 閃電\nvi. 閃電\na. 閃電的,,,CEEC-108,3,,,,大考中心高中英文參考詞彙表（111學年度起適用）,LEVEL 3,官方清單,,,
ceec-108:level-3:lily,lily,'lili,n.,"n. 百合, 百合花\na. 潔白的, 純白色的, 純潔的",,,CEEC-108,3,,,,大考中心高中英文參考詞彙表（111學年度起適用）,LEVEL 3,官方清單,,,
ceec-108:level-3:limb,limb,lim,n.,"n. 四肢, 枝幹, 翼, 邊緣\nvt. 切斷...之手足",,,CEEC-108,3,,,,大考中心高中英文參考詞彙表（111學年度起適用）,LEVEL 3,官方清單,,,
ceec-108:level-3:litter,litter,'litә,n.|v.,"n. 垃圾, 雜亂, 轎, 擔架\nvt. 亂丟, 鋪草, 弄亂\nvi. 產仔, 亂丟垃圾",,,CEEC-108,3,,,,大考中心高中英文參考詞彙表（111學年度起適用）,LEVEL 3,官方清單,,,
ceec-108:level-3:lively,lively,'laivli,adj.,"a. 活潑的, 鮮明的, 生動的",,,CEEC-108,3,,,,大考中心高中英文參考詞彙表（111學年度起適用）,LEVEL 3,官方清單,,,
ceec-108:level-3:loaf,loaf,lәuf,n.,"n. 一條麵包, 塊, 遊蕩\nv. 遊手好閒, 虛度光陰",,,CEEC-108,3,,,,大考中心高中英文參考詞彙表（111學年度起適用）,LEVEL 3,官方清單,,,
ceec-108:level-3:lobby,lobby,'lɒbi,n.,"n. 大廳, 休息室, 遊說議員者\nvi. 遊說議員, 遊說\nvt. 遊說",,,CEEC-108,3,,,,大考中心高中英文參考詞彙表（111學年度起適用）,LEVEL 3,官方清單,,,
ceec-108:level-3:locate,locate,'lәukeit,v.,"vt. 找出, 設於, 位於\nvi. 定居",,,CEEC-108,3,,,,大考中心高中英文參考詞彙表（111學年度起適用）,LEVEL 3,官方清單,,,
ceec-108:level-3:location,location,lәu'keiʃәn,n.,"n. 位置, 場所, 特定區域\n[計] 位置",,,CEEC-108,3,,,,大考中心高中英文參考詞彙表（111學年度起適用）,LEVEL 3,官方清單,,,
ceec-108:level-3:lock,lock,lɒk,n.|v.,"n. 鎖, 剎車, 水閘, 一縷頭髮\nvt. 鎖, 鎖上, 拘禁, 隱藏, (用鎖等)拴住, 剎住\nvi. 鎖住, (齒輪等)齧合, (船)過閘",,,CEEC-108,3,,,,大考中心高中英文參考詞彙表（111學年度起適用）,LEVEL 3,官方清單,,,
ceec-108:level-3:log,log,lɒg,n.|v.,"n. 記錄, 圓木, 日誌, 計程儀\nvt. 伐木, 切, 航行\nvi. 伐木\n[計] 日誌",,,CEEC-108,3,,,,大考中心高中英文參考詞彙表（111學年度起適用）,LEVEL 3,官方清單,,,
ceec-108:level-3:lollipop,lollipop,'lɒlipɒp,n.,n. 棒棒糖,,,CEEC-108,3,,,,大考中心高中英文參考詞彙表（111學年度起適用）,LEVEL 3,官方清單,,,
ceec-108:level-3:loose,loose,lu:s,adj.,"n. 發射, 放任, 放縱\na. 寬鬆的, 松的, 寬的, 不牢固的, 散漫的, 自由的, 不精確的\nvt. 釋放, 放槍, 開船\nvi. 變鬆, 開火\nadv. 鬆散地",,,CEEC-108,3,,,,大考中心高中英文參考詞彙表（111學年度起適用）,LEVEL 3,官方清單,,,
ceec-108:level-3:lord,lord,lɒ:d,n.,"n. 統治者, 閣下, 上帝\nvi. 稱王, 作威作福\nvt. 使成貴族",,,CEEC-108,3,,,,大考中心高中英文參考詞彙表（111學年度起適用）,LEVEL 3,官方清單,,,
ceec-108:level-3:loser,loser,'lu:zә,n.,"n. 失敗者, 遺失者\n[法] 失敗者, 失物者, 遺失者",,,CEEC-108,3,,,,大考中心高中英文參考詞彙表（111學年度起適用）,LEVEL 3,官方清單,,,
ceec-108:level-3:lover,lover,'lʌvә,n.,"n. 愛人, 愛好者",,,CEEC-108,3,,,,大考中心高中英文參考詞彙表（111學年度起適用）,LEVEL 3,官方清單,,,
ceec-108:level-3:luggage,luggage,'lʌgidʒ,n.,"n. 行李, 皮箱",,,CEEC-108,3,,,,大考中心高中英文參考詞彙表（111學年度起適用）,LEVEL 3,官方清單,,,
ceec-108:level-3:lung,lung,lʌŋ,n.,"n. 肺, 肺臟, 空地\n[醫] 肺",,,CEEC-108,3,,,,大考中心高中英文參考詞彙表（111學年度起適用）,LEVEL 3,官方清單,,,
ceec-108:level-3:magical,magical,'mædʒikәl,adj.,"a. 魔術的, 有魔力的, 不可思議的",,,CEEC-108,3,,,,大考中心高中英文參考詞彙表（111學年度起適用）,LEVEL 3,官方清單,,,
ceec-108:level-3:magician,magician,mә'dʒiʃәn,n.,"n. 魔術家, 幻術家, 術士",,,CEEC-108,3,,,,大考中心高中英文參考詞彙表（111學年度起適用）,LEVEL 3,官方清單,,,
ceec-108:level-3:magnet,magnet,'mægnit,n.,"n. 磁鐵, 有吸引力之人, 有吸引力之物\n[化] 磁體",,,CEEC-108,3,,,,大考中心高中英文參考詞彙表（111學年度起適用）,LEVEL 3,官方清單,,,
ceec-108:level-3:maid,maid,meid,n.,"n. 少女, 未婚女子, 女僕",,,CEEC-108,3,,,,大考中心高中英文參考詞彙表（111學年度起適用）,LEVEL 3,官方清單,,,
ceec-108:level-3:majority,majority,mә'dʒɒriti,n.,"n. 多數, 大半\n[計] 多數邏輯",,,CEEC-108,3,,,,大考中心高中英文參考詞彙表（111學年度起適用）,LEVEL 3,官方清單,,,
ceec-108:level-3:mall,mall,mɔ:l,n.,n. 林蔭路,,,CEEC-108,3,,,,大考中心高中英文參考詞彙表（111學年度起適用）,LEVEL 3,官方清單,,,
ceec-108:level-3:mankind,mankind,mæn'kaind,n.,"n. 人類, 男性",,,CEEC-108,3,,,,大考中心高中英文參考詞彙表（111學年度起適用）,LEVEL 3,官方清單,,,
ceec-108:level-3:marble,marble,'mɑ:bl,n.,"n. 大理石, 石彈, 雕刻品\na. 大理石的, 冷酷無情的, 有大理石花紋的",,,CEEC-108,3,,,,大考中心高中英文參考詞彙表（111學年度起適用）,LEVEL 3,官方清單,,,
ceec-108:level-3:march,march,mɑ:tʃ,n.|v.,"n. 三月, 進行, 行軍, 步伐, 長途跋涉, 進行曲, 邊界\nvi. 進軍, 前進, 交界\nvt. 使行軍, 使行進",,,CEEC-108,3,,,,大考中心高中英文參考詞彙表（111學年度起適用）,LEVEL 3,官方清單,,,
ceec-108:level-3:marker,marker,'mɑ:kә,n.,"n. 作記號的人, 記分員, 書籤, 紀念碑, 里程碑, 標識物, 標記\n[計] 標記",,,CEEC-108,3,,,,大考中心高中英文參考詞彙表（111學年度起適用）,LEVEL 3,官方清單,,,
ceec-108:level-3:marvelous,marvelous,'mɑ:vәlәs,adj.,"a. 令人驚異的, 了不起的, 不平常的",,,CEEC-108,3,,,,大考中心高中英文參考詞彙表（111學年度起適用）,LEVEL 3,官方清單,,,
ceec-108:level-3:mathematical,mathematical,.mæθә'mætikl,adj.,"a. 數學的, 精確的\n[機] 數學上的",,,CEEC-108,3,,,,大考中心高中英文參考詞彙表（111學年度起適用）,LEVEL 3,官方清單,,,
ceec-108:level-3:mayor,mayor,'mєә,n.,n. 市長\n[法] 市長,,,CEEC-108,3,,,,大考中心高中英文參考詞彙表（111學年度起適用）,LEVEL 3,官方清單,,,
ceec-108:level-3:meadow,meadow,'medәu,n.,"n. 草地, 牧場",,,CEEC-108,3,,,,大考中心高中英文參考詞彙表（111學年度起適用）,LEVEL 3,官方清單,,,
ceec-108:level-3:meaningful,meaningful,'mi:niŋful,adj.,a. 意味深長的,,,CEEC-108,3,,,,大考中心高中英文參考詞彙表（111學年度起適用）,LEVEL 3,官方清單,,,
ceec-108:level-3:meanwhile,meanwhile,'mi:nhwail,adv.|n.,"n. 其時, 其間\nadv. 同時, 於此時",,,CEEC-108,3,,,,大考中心高中英文參考詞彙表（111學年度起適用）,LEVEL 3,官方清單,,,
ceec-108:level-3:medal,medal,'medl,n.,"n. 獎牌, 勳章\nvt. 授勳予",,,CEEC-108,3,,,,大考中心高中英文參考詞彙表（111學年度起適用）,LEVEL 3,官方清單,,,
ceec-108:level-3:melon,melon,'melәn,n.,"n. 瓜, 甜瓜, 紅利, 贓物\n[化] 三聚二氰亞胺",,,CEEC-108,3,,,,大考中心高中英文參考詞彙表（111學年度起適用）,LEVEL 3,官方清單,,,
ceec-108:level-3:melt,melt,melt,v.,"n. 熔化, 熔化物, 溶解\nv. (使)熔化, (使)溶解, (使)消散, (使)變軟",,,CEEC-108,3,,,,大考中心高中英文參考詞彙表（111學年度起適用）,LEVEL 3,官方清單,,,
ceec-108:level-3:mend,mend,mend,v.,"n. 改進, 修補, 好轉\nvt. 修改, 改進, 加快, 修理\nvi. 好轉, 改善",,,CEEC-108,3,,,,大考中心高中英文參考詞彙表（111學年度起適用）,LEVEL 3,官方清單,,,
ceec-108:level-3:mental,mental,'mentl,adj.,"a. 心智的, 精神病的, 心理的, 頦的\nn. 精神病患者",,,CEEC-108,3,,,,大考中心高中英文參考詞彙表（111學年度起適用）,LEVEL 3,官方清單,,,
ceec-108:level-3:merry,merry,'meri,adj.,"a. 快樂的, 愉快的, 嬉戲作樂的",,,CEEC-108,3,,,,大考中心高中英文參考詞彙表（111學年度起適用）,LEVEL 3,官方清單,,,
ceec-108:level-3:mess,mess,mes,n.|v.,"n. 食堂, 伙食, 用膳, 一份食品, 混亂, 亂七八糟, 困境\nvt. 將...弄糟, 妨礙, 使紊亂, 使就餐\nvi. 陷入困境, 搞亂, 用膳",,,CEEC-108,3,,,,大考中心高中英文參考詞彙表（111學年度起適用）,LEVEL 3,官方清單,,,
ceec-108:level-3:microphone,microphone,'maikrәfәun,n.,"n. 擴音器, 麥克風\n[醫] 擴音器, 傳聲器",,,CEEC-108,3,,,,大考中心高中英文參考詞彙表（111學年度起適用）,LEVEL 3,官方清單,,,
ceec-108:level-3:microwave,microwave,'maikrәuweiv,n.|v.,n. 微波\n[計] 微波,,,CEEC-108,3,,,,大考中心高中英文參考詞彙表（111學年度起適用）,LEVEL 3,官方清單,,,
ceec-108:level-3:mighty,mighty,'maiti,adj.,"n. 有勢力的人\na. 有勢力的, 強大的, 有力的\nadv. 很, 極",,,CEEC-108,3,,,,大考中心高中英文參考詞彙表（111學年度起適用）,LEVEL 3,官方清單,,,
ceec-108:level-3:mike,mike,maik,n.,"vi. 偷懶, 遊手好閒\nn. 休息, 遊手好閒, 擴音器, 話筒",,,CEEC-108,3,,,,大考中心高中英文參考詞彙表（111學年度起適用）,LEVEL 3,官方清單,,,
ceec-108:level-3:minus,minus,'mainәs,adj.|n.|prep.,"n. 負號, 不足\na. 減的, 負的, 陰性的\nprep. 減, 缺\n[計] 負差",,,CEEC-108,3,,,,大考中心高中英文參考詞彙表（111學年度起適用）,LEVEL 3,官方清單,,,
ceec-108:level-3:miracle,miracle,'mirәkl,n.,"n. 奇蹟, 奇事",,,CEEC-108,3,,,,大考中心高中英文參考詞彙表（111學年度起適用）,LEVEL 3,官方清單,,,
ceec-108:level-3:misery,misery,'mizәri,n.,"n. 痛苦, 悲慘, 不幸, 窮困",,,CEEC-108,3,,,,大考中心高中英文參考詞彙表（111學年度起適用）,LEVEL 3,官方清單,,,
ceec-108:level-3:missile,missile,'misail,n.,"n. 發射物, 導彈, 飛彈, 火箭\na. 可發射的",,,CEEC-108,3,,,,大考中心高中英文參考詞彙表（111學年度起適用）,LEVEL 3,官方清單,,,
ceec-108:level-3:missing,missing,'misiŋ,adj.,"a. 不見的, 缺少的\n[法] 行蹤不明的, 失蹤的, 遺失的",,,CEEC-108,3,,,,大考中心高中英文參考詞彙表（111學年度起適用）,LEVEL 3,官方清單,,,
ceec-108:level-3:mission,mission,'miʃәn,n.,"n. 任務, 代表團, 使命, 傳教團\nvt. 派遣, 向...傳教",,,CEEC-108,3,,,,大考中心高中英文參考詞彙表（111學年度起適用）,LEVEL 3,官方清單,,,
ceec-108:level-3:mist,mist,mist,n.|v.,"n. 霧, 迷濛, 朦朧不清\nvt. 使模糊, 使蒙上霧\nvi. 變模糊, 下霧",,,CEEC-108,3,,,,大考中心高中英文參考詞彙表（111學年度起適用）,LEVEL 3,官方清單,,,
ceec-108:level-3:mob,mob,mɒb,n.|v.,"n. 暴民, 民眾, 暴徒\nvt. 大舉包圍, 蜂擁進入, 圍攻\nvi. 聚眾生事",,,CEEC-108,3,,,,大考中心高中英文參考詞彙表（111學年度起適用）,LEVEL 3,官方清單,,,
ceec-108:level-3:mobile,mobile,'mәubil,adj.,"a. 移動的, 易變的, 機動的\nn. 活動物體",,,CEEC-108,3,,,,大考中心高中英文參考詞彙表（111學年度起適用）,LEVEL 3,官方清單,,,
ceec-108:level-3:moist,moist,mɒist,adj.,"a. 潮溼的, 多雨的, 感傷的, 含淚的\n[醫] 溼的",,,CEEC-108,3,,,,大考中心高中英文參考詞彙表（111學年度起適用）,LEVEL 3,官方清單,,,
ceec-108:level-3:moisture,moisture,'mɒistʃә,n.,"n. 溼氣, 水分, 降雨\n[化] 含水量; 含溼量",,,CEEC-108,3,,,,大考中心高中英文參考詞彙表（111學年度起適用）,LEVEL 3,官方清單,,,
ceec-108:level-3:monk,monk,mʌŋk,n.,"n. 修道士, 僧侶, 和尚",,,CEEC-108,3,,,,大考中心高中英文參考詞彙表（111學年度起適用）,LEVEL 3,官方清單,,,
ceec-108:level-3:monster,monster,'mɒnstә,n.,"n. 怪物, 惡人, 巨物\n[醫] 畸胎",,,CEEC-108,3,,,,大考中心高中英文參考詞彙表（111學年度起適用）,LEVEL 3,官方清單,,,
ceec-108:level-3:monthly,monthly,'mʌnθli,adj.|adv.|n.,"n. 月刊\na. 每月的, 每月一次的",,,CEEC-108,3,,,,大考中心高中英文參考詞彙表（111學年度起適用）,LEVEL 3,官方清單,,,
ceec-108:level-3:moral,moral,'mɒrәl,adj.|n.,"n. 道德, 品行, 寓意\na. 道德的, 品性端正的, 精神上的",,,CEEC-108,3,,,,大考中心高中英文參考詞彙表（111學年度起適用）,LEVEL 3,官方清單,,,
ceec-108:level-3:mosquito,mosquito,mә'ski:tәu,n.,n. 蚊子\n[醫] 蚊,,,CEEC-108,3,,,,大考中心高中英文參考詞彙表（111學年度起適用）,LEVEL 3,官方清單,,,
ceec-108:level-3:mostly,mostly,'mәustli,adv.,"adv. 大概, 大部分, 主要\n[經] 大部份",,,CEEC-108,3,,,,大考中心高中英文參考詞彙表（111學年度起適用）,LEVEL 3,官方清單,,,
ceec-108:level-3:motel,motel,mәu'tel,n.,n. 汽車旅館,,,CEEC-108,3,,,,大考中心高中英文參考詞彙表（111學年度起適用）,LEVEL 3,官方清單,,,
ceec-108:level-3:moth,moth,mɒθ,n.,"n. 蛾害, 蛾, 烏頭葉菜豆\n[醫] 蠹, 蛾",,,CEEC-108,3,,,,大考中心高中英文參考詞彙表（111學年度起適用）,LEVEL 3,官方清單,,,
ceec-108:level-3:motor,motor,'mәutә,n.,"n. 馬達, 發動機, 原動力, 汽車\na. 馬達的, 發動機的, 汽車的, 發動的\nvt. 推動, 以汽車載運\nvi. 乘汽車, 駕車",,,CEEC-108,3,,,,大考中心高中英文參考詞彙表（111學年度起適用）,LEVEL 3,官方清單,,,
ceec-108:level-3:multiply,multiply,'mʌltiplai,v.,"v. 繁殖, 乘, 增加\n[計] 乘",,,CEEC-108,3,,,,大考中心高中英文參考詞彙表（111學年度起適用）,LEVEL 3,官方清單,,,
ceec-108:level-3:murder,murder,'mә:dә,n.|v.,"n. 謀殺\nvt. 謀殺, 損毀, 破壞\nvi. 犯殺人罪",,,CEEC-108,3,,,,大考中心高中英文參考詞彙表（111學年度起適用）,LEVEL 3,官方清單,,,
ceec-108:level-3:muscle,muscle,'mʌsl,n.,"n. 肌肉, 臂力\n[醫] 肌",,,CEEC-108,3,,,,大考中心高中英文參考詞彙表（111學年度起適用）,LEVEL 3,官方清單,,,
ceec-108:level-3:mushroom,mushroom,'mʌʃrum,n.|v.,"n. 蘑菇形物, 蘑菇, 暴發戶\nvi. 迅速生長, 迅速增加, 採蘑菇\na. 蘑菇形的, 迅速生長的",,,CEEC-108,3,,,,大考中心高中英文參考詞彙表（111學年度起適用）,LEVEL 3,官方清單,,,
ceec-108:level-3:mystery,mystery,'mistәri,n.,"n. 秘密, 神秘, 奧秘",,,CEEC-108,3,,,,大考中心高中英文參考詞彙表（111學年度起適用）,LEVEL 3,官方清單,,,
ceec-108:level-3:naked,naked,'neikid,adj.,"a. 裸體的, 無裝飾的, 無保護的, 赤貧的\n[醫] 裸露的",,,CEEC-108,3,,,,大考中心高中英文參考詞彙表（111學年度起適用）,LEVEL 3,官方清單,,,
ceec-108:level-3:nap,nap,næp,n.|v.,"n. 小睡, 稍睡, 細毛, 孤注一擲\nvi. 小睡, 疏忽\nvt. 使拉毛, 打盹度過, 預測...為獲勝馬",,,CEEC-108,3,,,,大考中心高中英文參考詞彙表（111學年度起適用）,LEVEL 3,官方清單,,,
ceec-108:level-3:napkin,napkin,'næpkin,n.,"n. 餐巾, 餐巾紙, 尿布",,,CEEC-108,3,,,,大考中心高中英文參考詞彙表（111學年度起適用）,LEVEL 3,官方清單,,,
ceec-108:level-3:native,native,'neitiv,adj.|n.,"n. 本地人, 土產, 當地人\na. 本國的, 與生俱來的, 自然的",,,CEEC-108,3,,,,大考中心高中英文參考詞彙表（111學年度起適用）,LEVEL 3,官方清單,,,
ceec-108:level-3:navy,navy,'neivi,n.,"n. 海軍, 海軍人員, 海軍軍力, 菸蒂",,,CEEC-108,3,,,,大考中心高中英文參考詞彙表（111學年度起適用）,LEVEL 3,官方清單,,,
ceec-108:level-3:neat,neat,ni:t,adj.,"a. 整潔的, 巧妙的, 勻稱的, 簡潔的\nn. 牛",,,CEEC-108,3,,,,大考中心高中英文參考詞彙表（111學年度起適用）,LEVEL 3,官方清單,,,
ceec-108:level-3:necessity,necessity,ni'sesәti,n.,"n. 需要, 必需品, 必然\n[法] 必要性, 必然性, 必要",,,CEEC-108,3,,,,大考中心高中英文參考詞彙表（111學年度起適用）,LEVEL 3,官方清單,,,
ceec-108:level-3:necktie,necktie,'nektai,n.,n. 領帶,,,CEEC-108,3,,,,大考中心高中英文參考詞彙表（111學年度起適用）,LEVEL 3,官方清單,,,
ceec-108:level-3:neighborhood,neighborhood,'neibәhud,n.,"n. 附近, 鄰近",,,CEEC-108,3,,,,大考中心高中英文參考詞彙表（111學年度起適用）,LEVEL 3,官方清單,,,
ceec-108:level-3:nest,nest,nest,n.|v.,"n. 巢, 窩, 休息所, 隱匿處\nvi. 築巢, 找鳥巢\nvt. 為...設窩, 使套疊\n[計] 巢狀",,,CEEC-108,3,,,,大考中心高中英文參考詞彙表（111學年度起適用）,LEVEL 3,官方清單,,,
ceec-108:level-3:nickname,nickname,'nikneim,n.|v.,"n. 綽號, 暱稱\nvt. 給...取綽號, 叫錯名字\n[計] 綽號",,,CEEC-108,3,,,,大考中心高中英文參考詞彙表（111學年度起適用）,LEVEL 3,官方清單,,,
ceec-108:level-3:normal,normal,'nɒ:ml,adj.,"n. 常態, 標準, 正常, 普通\na. 正常的, 正規的, 標準的, 師範的, 正態的\n[計] 標準, 普通",,,CEEC-108,3,,,,大考中心高中英文參考詞彙表（111學年度起適用）,LEVEL 3,官方清單,,,
ceec-108:level-3:novelist,novelist,'nɒvәlist,n.,n. 小說家,,,CEEC-108,3,,,,大考中心高中英文參考詞彙表（111學年度起適用）,LEVEL 3,官方清單,,,
ceec-108:level-3:nun,nun,nʌn,n.,"n. 修女, 尼姑",,,CEEC-108,3,,,,大考中心高中英文參考詞彙表（111學年度起適用）,LEVEL 3,官方清單,,,
ceec-108:level-3:oak,oak,әuk,n.,"n. 橡樹, 橡木\na. 橡木製的",,,CEEC-108,3,,,,大考中心高中英文參考詞彙表（111學年度起適用）,LEVEL 3,官方清單,,,
ceec-108:level-3:observe,observe,әb'zә:v,v.,"vt. 覺察到, 遵守, 注意到, 慶祝\nvi. 注意, 評論",,,CEEC-108,3,,,,大考中心高中英文參考詞彙表（111學年度起適用）,LEVEL 3,官方清單,,,
ceec-108:level-3:occasion,occasion,ә'keiʒәn,n.,"n. 場合, 時機, 機會, 誘因, 理由\nvt. 惹起, 引起",,,CEEC-108,3,,,,大考中心高中英文參考詞彙表（111學年度起適用）,LEVEL 3,官方清單,,,
ceec-108:level-3:odd,odd,ɒd,adj.,"a. 奇數的, 古怪的, 剩餘的, 零散的, 各種各樣的, 少量的\nn. 奇特的事物, 怪人\n[計] 奇數, 奇校驗, 光資料數字轉換器",,,CEEC-108,3,,,,大考中心高中英文參考詞彙表（111學年度起適用）,LEVEL 3,官方清單,,,
ceec-108:level-3:omit,omit,әu'mit,v.,"vt. 省略, 刪除, 疏忽, 遺漏\n[化] 省略",,,CEEC-108,3,,,,大考中心高中英文參考詞彙表（111學年度起適用）,LEVEL 3,官方清單,,,
ceec-108:level-3:ongoing,ongoing,'ɒngәuiŋ,adj.,"a. 前進的, 進行的, 不間斷的\nn. 前進, 發展",,,CEEC-108,3,,,,大考中心高中英文參考詞彙表（111學年度起適用）,LEVEL 3,官方清單,,,
ceec-108:level-3:onion,onion,'ʌnjәn,n.,n. 洋蔥\nvt. 因洋蔥使掉淚,,,CEEC-108,3,,,,大考中心高中英文參考詞彙表（111學年度起適用）,LEVEL 3,官方清單,,,
ceec-108:level-3:onto,onto,'ɒntu:,prep.,prep. 在...之上,,,CEEC-108,3,,,,大考中心高中英文參考詞彙表（111學年度起適用）,LEVEL 3,官方清單,,,
ceec-108:level-3:operation,operation,.ɒpә'reiʃәn,n.,"n. 操作, 動作, 手術, 運算, 作用, 業務\n[計] 運算",,,CEEC-108,3,,,,大考中心高中英文參考詞彙表（111學年度起適用）,LEVEL 3,官方清單,,,
ceec-108:level-3:opportunity,opportunity,.ɒpә'tju:niti,n.,"n. 機會, 時機",,,CEEC-108,3,,,,大考中心高中英文參考詞彙表（111學年度起適用）,LEVEL 3,官方清單,,,
ceec-108:level-3:opposite,opposite,'ɒpәzit,adj.|adv.|n.|prep.,"a. 相對的, 相反的, 對面的\nprep. 對面\nn. 對立面",,,CEEC-108,3,,,,大考中心高中英文參考詞彙表（111學年度起適用）,LEVEL 3,官方清單,,,
ceec-108:level-3:optimistic,optimistic,.ɒpti'mistik,adj.,"a. 樂觀的, 樂觀主義的, 樂天的",,,CEEC-108,3,,,,大考中心高中英文參考詞彙表（111學年度起適用）,LEVEL 3,官方清單,,,
ceec-108:level-3:oral,oral,'ɒ:rәl,adj.|n.,"n. 口試\na. 口頭的, 口述的, 口部的",,,CEEC-108,3,,,,大考中心高中英文參考詞彙表（111學年度起適用）,LEVEL 3,官方清單,,,
ceec-108:level-3:organic,organic,ɒ:'gænik,adj.,"a. 器官的, 有機的, 組織的, 根本的\n[醫] 器官的, 有生命的, 有機的, 器質的",,,CEEC-108,3,,,,大考中心高中英文參考詞彙表（111學年度起適用）,LEVEL 3,官方清單,,,
ceec-108:level-3:organize,organize,'ɒ:gәnaiz,v.,"vt. 組織, 有機化, 給予生機\nvi. 組織起來",,,CEEC-108,3,,,,大考中心高中英文參考詞彙表（111學年度起適用）,LEVEL 3,官方清單,,,
ceec-108:level-3:original,original,ә'ridʒәnl,adj.|n.,"a. 最初的, 原始的, 有創意的\nn. 原物, 原作",,,CEEC-108,3,,,,大考中心高中英文參考詞彙表（111學年度起適用）,LEVEL 3,官方清單,,,
ceec-108:level-3:outdoor,outdoor,'autdɒ:,adj.,"a. 戶外的, 屋外的, 露天的",,,CEEC-108,3,,,,大考中心高中英文參考詞彙表（111學年度起適用）,LEVEL 3,官方清單,,,
ceec-108:level-3:outdoors,outdoors,'aut'dɒ:z,adv.,"n. 戶外, 野外活動\nadv. 在戶外, 在野外",,,CEEC-108,3,,,,大考中心高中英文參考詞彙表（111學年度起適用）,LEVEL 3,官方清單,,,
ceec-108:level-3:outer,outer,'autә,adj.,"a. 外部的, 外面的, 在外的, 遠離中心的\n[機] 外部的, 外面的, 外側的",,,CEEC-108,3,,,,大考中心高中英文參考詞彙表（111學年度起適用）,LEVEL 3,官方清單,,,
ceec-108:level-3:outline,outline,'autlain,n.|v.,"n. 大綱, 輪廓, 概要\nvt. 描畫輪廓, 描述要點\nn. 大綱, 分級, 輪廓\n[計] 大綱, 分級, 輪廓",,,CEEC-108,3,,,,大考中心高中英文參考詞彙表（111學年度起適用）,LEVEL 3,官方清單,,,
ceec-108:level-3:oven,oven,'ʌvәn,n.,"n. 烤箱, 灶, 子宮\n[化] 烘箱",,,CEEC-108,3,,,,大考中心高中英文參考詞彙表（111學年度起適用）,LEVEL 3,官方清單,,,
ceec-108:level-3:overseas,overseas,'әuvә'si:z,adj.|adv.,"a. 海外的, 國外的\nadv. 在海外, 在國外",,,CEEC-108,3,,,,大考中心高中英文參考詞彙表（111學年度起適用）,LEVEL 3,官方清單,,,
ceec-108:level-3:owe,owe,әu,v.,"vt. 虧欠, 負...債, 歸功於, 懷有, 應給予, 感恩\nvi. 欠錢",,,CEEC-108,3,,,,大考中心高中英文參考詞彙表（111學年度起適用）,LEVEL 3,官方清單,,,
ceec-108:level-3:owl,owl,aul,n.,n. 貓頭鷹\n[法] 走私,,,CEEC-108,3,,,,大考中心高中英文參考詞彙表（111學年度起適用）,LEVEL 3,官方清單,,,
ceec-108:level-3:ownership,ownership,'әunәʃip,n.,"n. 所有權, 物主身份\n[經] 所有權, 所有制",,,CEEC-108,3,,,,大考中心高中英文參考詞彙表（111學年度起適用）,LEVEL 3,官方清單,,,
ceec-108:level-3:ox,ox,ɒks,n.,n. 牛,,,CEEC-108,3,,,,大考中心高中英文參考詞彙表（111學年度起適用）,LEVEL 3,官方清單,,,
ceec-108:level-3:pad,pad,pæd,n.|v.,"n. 填補, 襯墊, 印色盒, 路\nvt. 填補, 走, 誇大\nvi. 步行\n[計] 焊接點; 包裝配/拆卸",,,CEEC-108,3,,,,大考中心高中英文參考詞彙表（111學年度起適用）,LEVEL 3,官方清單,,,
ceec-108:level-3:painter,painter,'peintә,n.,"n. 畫家, 油漆匠\n[機] 油漆匠, 噴漆匠",,,CEEC-108,3,,,,大考中心高中英文參考詞彙表（111學年度起適用）,LEVEL 3,官方清單,,,
ceec-108:level-3:pal,pal,pæl,n.,"n. 朋友, 夥伴, 同志, 同謀\nvi. 交友, 結伴",,,CEEC-108,3,,,,大考中心高中英文參考詞彙表（111學年度起適用）,LEVEL 3,官方清單,,,
ceec-108:level-3:palace,palace,'pælis,n.,"n. 宮, 宮殿, 華麗大廈",,,CEEC-108,3,,,,大考中心高中英文參考詞彙表（111學年度起適用）,LEVEL 3,官方清單,,,
ceec-108:level-3:palm,palm,pɑ:m,n.,"n. 手掌, 棕櫚, 勝利\nvt. 與...握手, 藏...於掌中",,,CEEC-108,3,,,,大考中心高中英文參考詞彙表（111學年度起適用）,LEVEL 3,官方清單,,,
ceec-108:level-3:pancake,pancake,'pænkeik,n.,"n. 薄烤餅, 薄煎餅, 烙餅",,,CEEC-108,3,,,,大考中心高中英文參考詞彙表（111學年度起適用）,LEVEL 3,官方清單,,,
ceec-108:level-3:panic,panic,'pænik,n.|v.,"n. 恐慌, 驚慌\na. 驚慌的, 沒有理由的, 恐慌的\nvt. 使驚慌, 使狂熱\nvi. 驚慌",,,CEEC-108,3,,,,大考中心高中英文參考詞彙表（111學年度起適用）,LEVEL 3,官方清單,,,
ceec-108:level-3:parade,parade,pә'reid,n.|v.,"n. 遊行, 炫耀, 閱兵\nv. 遊行, 炫耀, (使)列隊行進",,,CEEC-108,3,,,,大考中心高中英文參考詞彙表（111學年度起適用）,LEVEL 3,官方清單,,,
ceec-108:level-3:paradise,paradise,'pærәdais,n.,"n. 天堂, 樂園, 伊甸園",,,CEEC-108,3,,,,大考中心高中英文參考詞彙表（111學年度起適用）,LEVEL 3,官方清單,,,
ceec-108:level-3:parcel,parcel,'pɑ:sl,n.|v.,"n. 包裹, 部分, 片\nvt. 分配, 打包\na. 部分的\nadv. 區域性地",,,CEEC-108,3,,,,大考中心高中英文參考詞彙表（111學年度起適用）,LEVEL 3,官方清單,,,
ceec-108:level-3:parrot,parrot,'pærәt,n.|v.,"n. 鸚鵡, 應聲蟲\nvt. 學舌, 機械地模仿",,,CEEC-108,3,,,,大考中心高中英文參考詞彙表（111學年度起適用）,LEVEL 3,官方清單,,,
ceec-108:level-3:passage,passage,'pæsidʒ,n.,"n. 通道, 透過, 移居, 航行, 一段, 走廊\nvi. 透過, 經過, 航行, 橫渡, 爭吵\nvt. (使)馬以斜橫步前進, 使傳代",,,CEEC-108,3,,,,大考中心高中英文參考詞彙表（111學年度起適用）,LEVEL 3,官方清單,,,
ceec-108:level-3:passenger,passenger,'pæsindʒә,n.,"n. 乘客, 旅客\n[經] 乘客, 旅客",,,CEEC-108,3,,,,大考中心高中英文參考詞彙表（111學年度起適用）,LEVEL 3,官方清單,,,
ceec-108:level-3:passion,passion,'pæʃәn,n.,"n. 激情, 酷愛, 熱愛, 強烈感情, 耶穌受難(故事)",,,CEEC-108,3,,,,大考中心高中英文參考詞彙表（111學年度起適用）,LEVEL 3,官方清單,,,
ceec-108:level-3:passport,passport,'pæspɒ:t,n.,"n. 護照, 手段, 通行證\n[法] 通行證, 護照",,,CEEC-108,3,,,,大考中心高中英文參考詞彙表（111學年度起適用）,LEVEL 3,官方清單,,,
ceec-108:level-3:pat,pat,pæt,n.|v.,"n. 輕拍\nv. 輕拍\nadv. 適時, 正好, 恰好, 毫不遲疑, 熟記地\na. 恰好的, 合適的, 熟練的, 堅定的, 人為的",,,CEEC-108,3,,,,大考中心高中英文參考詞彙表（111學年度起適用）,LEVEL 3,官方清單,,,
ceec-108:level-3:patience,patience,'peiʃәns,n.,"n. 耐性, 忍耐",,,CEEC-108,3,,,,大考中心高中英文參考詞彙表（111學年度起適用）,LEVEL 3,官方清單,,,
ceec-108:level-3:pause,pause,pɒ:z,n.|v.,"n. 暫停, 中止, 停頓, 間歇, 躊躇, 休止符\nvi. 暫停, 中止, 停頓, 躊躇\n[計] DOS內部命令:暫時停止批處理檔案的執行",,,CEEC-108,3,,,,大考中心高中英文參考詞彙表（111學年度起適用）,LEVEL 3,官方清單,,,
ceec-108:level-3:pave,pave,peiv,v.,"vt. 鋪設, 安排, 鋪滿, 為...鋪路\n[化] 鋪設",,,CEEC-108,3,,,,大考中心高中英文參考詞彙表（111學年度起適用）,LEVEL 3,官方清單,,,
ceec-108:level-3:pavement,pavement,'peivmәnt,n.,"n. 路面, 人行道, 鋪面路, 鋪路材料",,,CEEC-108,3,,,,大考中心高中英文參考詞彙表（111學年度起適用）,LEVEL 3,官方清單,,,
ceec-108:level-3:pea,pea,pi:,n.,"n. 豌豆, 似豌豆的東西",,,CEEC-108,3,,,,大考中心高中英文參考詞彙表（111學年度起適用）,LEVEL 3,官方清單,,,
ceec-108:level-3:peanut,peanut,'pi:nʌt,n.,"n. 花生, 小人物, 極小的數額\na. 渺小的, 微不足道的",,,CEEC-108,3,,,,大考中心高中英文參考詞彙表（111學年度起適用）,LEVEL 3,官方清單,,,
ceec-108:level-3:pearl,pearl,pә:l,n.,"n. 珍珠, 珠灰色, 傑出者, 珍貴之物\nvt. 用珍珠鑲, 使成珠狀\nvi. 成珠子狀, 採珍珠, 用珍珠做",,,CEEC-108,3,,,,大考中心高中英文參考詞彙表（111學年度起適用）,LEVEL 3,官方清單,,,
ceec-108:level-3:peel,peel,pi:l,n.|v.,"n. 皮, 外殼\nvt. 削...皮, 剝去...的殼\nvi. 蛻皮, 剝落, 脫皮, 脫去衣服",,,CEEC-108,3,,,,大考中心高中英文參考詞彙表（111學年度起適用）,LEVEL 3,官方清單,,,
ceec-108:level-3:penguin,penguin,'pengwin,n.,"n. 企鵝, 空軍地勤人員",,,CEEC-108,3,,,,大考中心高中英文參考詞彙表（111學年度起適用）,LEVEL 3,官方清單,,,
ceec-108:level-3:penny,penny,'peni,n.,"n. 便士, 一分, 小錢, 點滴\n[經] 便士",,,CEEC-108,3,,,,大考中心高中英文參考詞彙表（111學年度起適用）,LEVEL 3,官方清單,,,
ceec-108:level-3:pepper,pepper,'pepә,n.,"n. 胡椒粉, 胡椒, 辣椒\n[化] 胡椒; 辣椒; 花椒",,,CEEC-108,3,,,,大考中心高中英文參考詞彙表（111學年度起適用）,LEVEL 3,官方清單,,,
ceec-108:level-3:perform,perform,pә'fɒ:m,v.,"vt. 進行, 履行, 完成, 執行, 表演\nvi. 行動, 工作, 執行, 演出",,,CEEC-108,3,,,,大考中心高中英文參考詞彙表（111學年度起適用）,LEVEL 3,官方清單,,,
ceec-108:level-3:performance,performance,pә'fɒ:mәns,n.,"n. 施行, 工作情況, 成績, 行為, 表現, 演出\n[電] 績效, 效能",,,CEEC-108,3,,,,大考中心高中英文參考詞彙表（111學年度起適用）,LEVEL 3,官方清單,,,
ceec-108:level-3:permission,permission,pә'miʃәn,n.,"n. 許可, 允許\n[計] 許可, 認可",,,CEEC-108,3,,,,大考中心高中英文參考詞彙表（111學年度起適用）,LEVEL 3,官方清單,,,
ceec-108:level-3:permit,permit,pә'mit,n.|v.,"n. 許可證, 許可, 執照, 通行證\nvt. 允許, 容許, 可能, 使放手做\nvi. 容許, 給以機會, 提供可能",,,CEEC-108,3,,,,大考中心高中英文參考詞彙表（111學年度起適用）,LEVEL 3,官方清單,,,
ceec-108:level-3:persuade,persuade,pә'sweid,v.,"vt. 勸, 使相信, 懇求, 敦促, 說服\nvi. 勸服, 被說服",,,CEEC-108,3,,,,大考中心高中英文參考詞彙表（111學年度起適用）,LEVEL 3,官方清單,,,
ceec-108:level-3:photographer,photographer,fә'tɔ^rәfә,n.,"n. 攝影師, 攝影者",,,CEEC-108,3,,,,大考中心高中英文參考詞彙表（111學年度起適用）,LEVEL 3,官方清單,,,
ceec-108:level-3:pigeon,pigeon,'pidʒin,n.,"n. 鴿子, 易上當受騙的人, 年輕女子",,,CEEC-108,3,,,,大考中心高中英文參考詞彙表（111學年度起適用）,LEVEL 3,官方清單,,,
ceec-108:level-3:pile,pile,pail,n.|v.,"n. 堆, 大堆, 大廈, 建築群, 電池, 大量, 橋樁, 軟毛, 痔瘡\nvi. 堆起, 堆積, 積累, 擠, 猛烈攻擊\nvt. 堆於, 累積, 堆疊, 打樁於, 用樁支撐",,,CEEC-108,3,,,,大考中心高中英文參考詞彙表（111學年度起適用）,LEVEL 3,官方清單,,,
ceec-108:level-3:pill,pill,pil,n.,"n. 藥丸, 彈丸, 屈辱, 胡說\nv. 做成藥丸, 形成丸狀, 服藥丸, 挫敗, 搶劫",,,CEEC-108,3,,,,大考中心高中英文參考詞彙表（111學年度起適用）,LEVEL 3,官方清單,,,
ceec-108:level-3:pilot,pilot,'pailәt,n.|v.,"n. 飛行員, 領航員, 航船者, 導向器, 駕駛儀, 嚮導, 領導人\nvt. 領航, 駕駛, 引導, 試用\na. 引導的, 控制的, 試點的\n[計] 引導",,,CEEC-108,3,,,,大考中心高中英文參考詞彙表（111學年度起適用）,LEVEL 3,官方清單,,,
ceec-108:level-3:pine,pine,pain,n.,"n. 松樹, 松木\nvi. 消瘦, 憔悴, 痛苦, 懷念, 渴望\n[計] 郵件程式",,,CEEC-108,3,,,,大考中心高中英文參考詞彙表（111學年度起適用）,LEVEL 3,官方清單,,,
ceec-108:level-3:pineapple,pineapple,'pain.æpl,n.,"n. 鳳梨, 菠蘿, 失業救濟金\n[醫] 鳳梨, 波蘿",,,CEEC-108,3,,,,大考中心高中英文參考詞彙表（111學年度起適用）,LEVEL 3,官方清單,,,
ceec-108:level-3:pint,pint,paint,n.,"n. 品脫(乾量或液量的單位)\n[醫] 量磅, 品脫",,,CEEC-108,3,,,,大考中心高中英文參考詞彙表（111學年度起適用）,LEVEL 3,官方清單,,,
ceec-108:level-3:pit,pit,pit,n.,"n. 深坑, 礦井, 果核, 地窖, 深淵, 絕境, 陷阱\nvt. 窖藏, 使凹下, 使有麻點, 去...之核, 使留疤痕, 使相鬥, 使競爭\nvi. 起凹點, 凹陷",,,CEEC-108,3,,,,大考中心高中英文參考詞彙表（111學年度起適用）,LEVEL 3,官方清單,,,
ceec-108:level-3:pitch,pitch,pitʃ,n.|v.,"n. 程度, 坡度, 頂點, 前傾, 傾斜, 投擲, 音高, 螺距, 節距, 攤位, 樹脂, 瀝青\nvt. 投, 擲, 向前傾跌, 紮營, 竭力推銷, 為...定調, 定位於, 用瀝青塗\nvi. 搭帳篷, 投擲, 向前跌, 猛然摔倒, 墜落, 傾斜\n[計] 孔距",,,CEEC-108,3,,,,大考中心高中英文參考詞彙表（111學年度起適用）,LEVEL 3,官方清單,,,
ceec-108:level-3:pity,pity,'piti,n.|v.,"n. 遺憾, 同情, 憐憫, 憾事, 可惜\nvt. 同情, 憐憫\nvi. 覺得可憐, 有同情心",,,CEEC-108,3,,,,大考中心高中英文參考詞彙表（111學年度起適用）,LEVEL 3,官方清單,,,
ceec-108:level-3:plastic,plastic,'plæstik,adj.|n.,"n. 塑膠, 可塑體, 可塑性物質\na. 塑膠的, 塑造的, 有可塑性的, 造型的, 易受影響的, 有創造力的",,,CEEC-108,3,,,,大考中心高中英文參考詞彙表（111學年度起適用）,LEVEL 3,官方清單,,,
ceec-108:level-3:playful,playful,'pleiful,adj.,"a. 愛打趣的, 多趣的, 開玩笑的, 嬉戲的",,,CEEC-108,3,,,,大考中心高中英文參考詞彙表（111學年度起適用）,LEVEL 3,官方清單,,,
ceec-108:level-3:plenty,plenty,'plenti,adv.|n.|pron.,"n. 充分, 很多, 豐富\na. 很多的, 足夠的, 豐富的",,,CEEC-108,3,,,,大考中心高中英文參考詞彙表（111學年度起適用）,LEVEL 3,官方清單,,,
ceec-108:level-3:plug,plug,plʌg,n.|v.,"n. 塞子, 栓, 插頭\nvt. 插入, 塞住, 接插頭\nvi. 被塞住",,,CEEC-108,3,,,,大考中心高中英文參考詞彙表（111學年度起適用）,LEVEL 3,官方清單,,,
ceec-108:level-3:pole,pole,pәul,n.,"n. 波蘭人, 極點, 磁極, 電極, 杆, 竿, 相反的極端\nvt. 用竿支撐\nvi. 撐篙",,,CEEC-108,3,,,,大考中心高中英文參考詞彙表（111學年度起適用）,LEVEL 3,官方清單,,,
ceec-108:level-3:political,political,pә'litikl,adj.,"a. 政治的, 政治上的, 政黨的, 從事政治的\n[法] 政治的, 政治上的, 黨派政治的",,,CEEC-108,3,,,,大考中心高中英文參考詞彙表（111學年度起適用）,LEVEL 3,官方清單,,,
ceec-108:level-3:politician,politician,.pɒli'tiʃәn,n.,"n. 政客, 政治家, 從事黨派政治的人\n[法] 政客, 政治家",,,CEEC-108,3,,,,大考中心高中英文參考詞彙表（111學年度起適用）,LEVEL 3,官方清單,,,
ceec-108:level-3:politics,politics,'pɒlitiks,n.,"n. 政治, 政治學, 政見, 政治活動\n[法] 政治, 政治學, 政綱",,,CEEC-108,3,,,,大考中心高中英文參考詞彙表（111學年度起適用）,LEVEL 3,官方清單,,,
ceec-108:level-3:poll,poll,pәul,n.|v.,"n. 投票, 民意測驗, 選舉投票, 投票數, 一組人中的一個, 頭頸和後腦部, 鸚鵡\nvt. 對...進行民意測驗, 獲得...票, 剪樹枝, 輪詢\nvi. 投票\na. 剪過毛的, 修過枝的\n[計] 輪詢",,,CEEC-108,3,,,,大考中心高中英文參考詞彙表（111學年度起適用）,LEVEL 3,官方清單,,,
ceec-108:level-3:pollute,pollute,pә'lu:t,v.,"vt. 汙染, 弄髒, 玷汙\n[化] 汙染",,,CEEC-108,3,,,,大考中心高中英文參考詞彙表（111學年度起適用）,LEVEL 3,官方清單,,,
ceec-108:level-3:pollution,pollution,pә'lu:ʃәn,n.,"n. 汙染, 玷汙\n[化] 汙染",,,CEEC-108,3,,,,大考中心高中英文參考詞彙表（111學年度起適用）,LEVEL 3,官方清單,,,
ceec-108:level-3:porcelain,porcelain,'pɒ:slin,n.,"n. 瓷器, 瓷\na. 瓷制的",,,CEEC-108,3,,,,大考中心高中英文參考詞彙表（111學年度起適用）,LEVEL 3,官方清單,,,
ceec-108:level-3:portion,portion,'pɒ:ʃәn,n.|v.,"n. 部分, 一份, 命運, 嫁妝\nvt. 分配, 給...嫁妝",,,CEEC-108,3,,,,大考中心高中英文參考詞彙表（111學年度起適用）,LEVEL 3,官方清單,,,
ceec-108:level-3:portrait,portrait,'pɒ:treit,n.,"n. 肖像, 人像, 半身像, 描寫, 豎排格式\n[計] 縱向",,,CEEC-108,3,,,,大考中心高中英文參考詞彙表（111學年度起適用）,LEVEL 3,官方清單,,,
ceec-108:level-3:poster,poster,'pәustә,n.,"n. 海報, 招貼, 驛馬",,,CEEC-108,3,,,,大考中心高中英文參考詞彙表（111學年度起適用）,LEVEL 3,官方清單,,,
ceec-108:level-3:postpone,postpone,pәust'pәun,v.,"vt. 延遲, 使延期, 緩辦, 擱延\nvi. 延緩, 延緩發作",,,CEEC-108,3,,,,大考中心高中英文參考詞彙表（111學年度起適用）,LEVEL 3,官方清單,,,
ceec-108:level-3:postponement,postponement,pәust'pәunmәnt,n.,"n. 延遲, 延期\n[法] 延期, 延遲",,,CEEC-108,3,,,,大考中心高中英文參考詞彙表（111學年度起適用）,LEVEL 3,官方清單,,,
ceec-108:level-3:pottery,pottery,'pɒtәri,n.,"n. 陶器, 陶器廠\n[化] 陶器",,,CEEC-108,3,,,,大考中心高中英文參考詞彙表（111學年度起適用）,LEVEL 3,官方清單,,,
ceec-108:level-3:pour,pour,pɒ:,v.,"n. 流出, 傾瀉, 驟雨\nvt. 倒, 灌, 注, 傾瀉, 訴說, 傾吐\nvi. 傾瀉, 蜂湧而來, 下大雨",,,CEEC-108,3,,,,大考中心高中英文參考詞彙表（111學年度起適用）,LEVEL 3,官方清單,,,
ceec-108:level-3:poverty,poverty,'pɒvәti,n.,"n. 貧窮, 貧困, 缺乏\n[醫] 貧乏, 缺乏",,,CEEC-108,3,,,,大考中心高中英文參考詞彙表（111學年度起適用）,LEVEL 3,官方清單,,,
ceec-108:level-3:powder,powder,'paudә,n.|v.,"n. 粉, 粉末, 火藥\nvt. 搽粉於, 搽粉, 撒粉, 使成粉末\nvi. 搽粉, 變成粉末",,,CEEC-108,3,,,,大考中心高中英文參考詞彙表（111學年度起適用）,LEVEL 3,官方清單,,,
ceec-108:level-3:practical,practical,'præktikl,adj.,"a. 實際的, 現實的, 實用性的\n[法] 事實上的, 實際上的, 接近...的",,,CEEC-108,3,,,,大考中心高中英文參考詞彙表（111學年度起適用）,LEVEL 3,官方清單,,,
ceec-108:level-3:precious,precious,'preʃәs,adj.,"a. 寶貴的, 珍貴的, 過於精緻的, 珍愛的",,,CEEC-108,3,,,,大考中心高中英文參考詞彙表（111學年度起適用）,LEVEL 3,官方清單,,,
ceec-108:level-3:preparation,preparation,.prepә'reiʃәn,n.,"n. 準備, 預備, 預習\n[化] 製劑",,,CEEC-108,3,,,,大考中心高中英文參考詞彙表（111學年度起適用）,LEVEL 3,官方清單,,,
ceec-108:level-3:presence,presence,'prezns,n.,"n. 出席, 面前, 存在, 儀態, 風度\n[電] 出現",,,CEEC-108,3,,,,大考中心高中英文參考詞彙表（111學年度起適用）,LEVEL 3,官方清單,,,
ceec-108:level-3:pretend,pretend,pri'tend,v.,"v. 假裝, 偽稱, 自命, 自稱",,,CEEC-108,3,,,,大考中心高中英文參考詞彙表（111學年度起適用）,LEVEL 3,官方清單,,,
ceec-108:level-3:prevent,prevent,pri'vent,v.,"v. 預防, 防止, 阻止, 妨礙",,,CEEC-108,3,,,,大考中心高中英文參考詞彙表（111學年度起適用）,LEVEL 3,官方清單,,,
ceec-108:level-3:previous,previous,'pri:viәs,adj.,"a. 早先的, 前面的, 過急的\n[法] 以前的, 生前的, 前述的",,,CEEC-108,3,,,,大考中心高中英文參考詞彙表（111學年度起適用）,LEVEL 3,官方清單,,,
ceec-108:level-3:probable,probable,'prɒbәbl,adj.,"a. 很可能的, 大概的, 可信的\nn. 很有希望的候選人, 很可能的事情",,,CEEC-108,3,,,,大考中心高中英文參考詞彙表（111學年度起適用）,LEVEL 3,官方清單,,,
ceec-108:level-3:process,process,'prɒses,n.|v.,"n. 程式, 進行, 過程\nvt. 加工, 使...接受處理, 對...處置, 對...起訴\na. 經加工的, 有特殊光效的\n[計] 程序",,,CEEC-108,3,,,,大考中心高中英文參考詞彙表（111學年度起適用）,LEVEL 3,官方清單,,,
ceec-108:level-3:producer,producer,prә'dju:sә,n.,"n. 生產者, 製作者, 製作人\n[化] 發生器; (爐煤氣)發生爐; 制氣爐; 生產者",,,CEEC-108,3,,,,大考中心高中英文參考詞彙表（111學年度起適用）,LEVEL 3,官方清單,,,
ceec-108:level-3:product,product,'prɒdʌkt,n.,"n. 產品, 結果, 乘積\n[化] 生產物",,,CEEC-108,3,,,,大考中心高中英文參考詞彙表（111學年度起適用）,LEVEL 3,官方清單,,,
ceec-108:level-3:professor,professor,prә'fesә,n.,n. 教授,,,CEEC-108,3,,,,大考中心高中英文參考詞彙表（111學年度起適用）,LEVEL 3,官方清單,,,
ceec-108:level-3:profit,profit,'prɒfit,n.|v.,"n. 利潤, 贏利, 利益\nvi. 有益, 獲利, 賺錢\nvt. 有益於",,,CEEC-108,3,,,,大考中心高中英文參考詞彙表（111學年度起適用）,LEVEL 3,官方清單,,,
ceec-108:level-3:promote,promote,prәu'mәut,v.,"vt. 促進, 晉升, 創辦, 推銷\n[經] 促進, 推廣, 推銷",,,CEEC-108,3,,,,大考中心高中英文參考詞彙表（111學年度起適用）,LEVEL 3,官方清單,,,
ceec-108:level-3:pronounce,pronounce,prә'nauns,v.,"v. 發音, 宣告, 斷言",,,CEEC-108,3,,,,大考中心高中英文參考詞彙表（111學年度起適用）,LEVEL 3,官方清單,,,
ceec-108:level-3:proof,proof,pru:f,n.,"n. 證據, 證明, 試驗, 檢驗, 考驗\na. 不能透入的, 證明用的, 防...的, 耐...的\nvt. 檢驗, 試驗, 校對, 使不被穿透\n[計] 審稿",,,CEEC-108,3,,,,大考中心高中英文參考詞彙表（111學年度起適用）,LEVEL 3,官方清單,,,
ceec-108:level-3:property,property,'prɒpәti,n.,"n. 財產, 所有權, 性質, 屬性\n[計] 屬性",,,CEEC-108,3,,,,大考中心高中英文參考詞彙表（111學年度起適用）,LEVEL 3,官方清單,,,
ceec-108:level-3:protection,protection,prә'tekʃәn,n.,"n. 保護, 防衛, 貿易保護制度\n[計] 保護",,,CEEC-108,3,,,,大考中心高中英文參考詞彙表（111學年度起適用）,LEVEL 3,官方清單,,,
ceec-108:level-3:pub,pub,pʌb,n.,"n. 酒館, 客棧",,,CEEC-108,3,,,,大考中心高中英文參考詞彙表（111學年度起適用）,LEVEL 3,官方清單,,,
ceec-108:level-3:pump,pump,pʌmp,n.|v.,"n. 抽水機, 打氣筒, 泵, 抽吸\nvt. 用唧筒抽水, 打氣, 盤問, 傾注, 使疲憊\nvi. 抽水, 上下(或往復)運動",,,CEEC-108,3,,,,大考中心高中英文參考詞彙表（111學年度起適用）,LEVEL 3,官方清單,,,
ceec-108:level-3:punch,punch,pʌntʃ,n.|v.,"n. 打洞器, 鑽孔機, 衝壓機, 衝床, 潘趣酒\nvt. 以拳重擊, 開洞, 衝壓\nvi. 用拳猛擊",,,CEEC-108,3,,,,大考中心高中英文參考詞彙表（111學年度起適用）,LEVEL 3,官方清單,,,
ceec-108:level-3:puppet,puppet,'pʌpit,n.,"n. 傀儡, 木偶\n[法] 木偶, 傀儡, 受他人操縱的人",,,CEEC-108,3,,,,大考中心高中英文參考詞彙表（111學年度起適用）,LEVEL 3,官方清單,,,
ceec-108:level-3:pure,pure,pjuә,adj.,"a. 純的, 純淨的, 純潔的, 清白的, 完美的, 無瑕的, 抽象的\n[醫] 的, 純淨的",,,CEEC-108,3,,,,大考中心高中英文參考詞彙表（111學年度起適用）,LEVEL 3,官方清單,,,
ceec-108:level-3:purse,purse,pә:s,n.,"n. 錢包, 小錢袋, 金錢, 募捐款, 囊狀物\nv. 縮攏, 皺起",,,CEEC-108,3,,,,大考中心高中英文參考詞彙表（111學年度起適用）,LEVEL 3,官方清單,,,
ceec-108:level-3:queer,queer,kwiә,adj.,"n. 怪人, 同性戀者\na. 奇怪的, 不舒服的, 可疑的\nvt. 搞糟",,,CEEC-108,3,,,,大考中心高中英文參考詞彙表（111學年度起適用）,LEVEL 3,官方清單,,,
ceec-108:level-3:quit,quit,kwit,v.,"vi. 離開, 辭職, 停止\nvt. 離開, 放棄, 使解除, 停止\nn. 離開\n[計] 結束, 退出",,,CEEC-108,3,,,,大考中心高中英文參考詞彙表（111學年度起適用）,LEVEL 3,官方清單,,,
ceec-108:level-3:quote,quote,kwәut,n.|v.,"n. 引用\nvt. 引述, 舉證, 報(價)\nvi. 引用",,,CEEC-108,3,,,,大考中心高中英文參考詞彙表（111學年度起適用）,LEVEL 3,官方清單,,,
ceec-108:level-3:racial,racial,'reiʃәl,adj.,"a. 人種的, 種族的\n[醫] 種族的",,,CEEC-108,3,,,,大考中心高中英文參考詞彙表（111學年度起適用）,LEVEL 3,官方清單,,,
ceec-108:level-3:rag,rag,ræg,n.,"n. 碎布, 抹布, 碎片, 碎屑, 少量, 破舊衣服\nvt. 責罵, 揶揄, 戲弄\nvi. 喧鬧",,,CEEC-108,3,,,,大考中心高中英文參考詞彙表（111學年度起適用）,LEVEL 3,官方清單,,,
ceec-108:level-3:rank,rank,ræŋk,n.|v.,"n. 等級, 排, 橫列, 隊伍, 階級\na. 茂密叢生的, 惡臭的, 十足的, 粗俗的\nvt. 排列, 歸類於, 把...分等\nvi. 列為, 列隊\nn. 秩\n[計] 秩",,,CEEC-108,3,,,,大考中心高中英文參考詞彙表（111學年度起適用）,LEVEL 3,官方清單,,,
ceec-108:level-3:rate,rate,reit,n.|v.,"n. 比率, 率, 速度, 價格, 費用, 等級\nvt. 估價, 認為, 鑑定等級, 責罵\nvi. 被評價, 責罵",,,CEEC-108,3,,,,大考中心高中英文參考詞彙表（111學年度起適用）,LEVEL 3,官方清單,,,
ceec-108:level-3:raw,raw,rɒ:,adj.,"n. 擦傷處, 半成品\na. 生的, 未加工的, 生疏的, 不成熟的, 陰冷的, 刺痛的, 擦掉皮的\nvt. 擦傷\n[計] 寫後讀",,,CEEC-108,3,,,,大考中心高中英文參考詞彙表（111學年度起適用）,LEVEL 3,官方清單,,,
ceec-108:level-3:ray,ray,rei,n.,"n. 光線, 射線, 閃爍, 光輝\nvi. 射出光線, 浮現, 放射光線\nvt. 放射, 顯出",,,CEEC-108,3,,,,大考中心高中英文參考詞彙表（111學年度起適用）,LEVEL 3,官方清單,,,
ceec-108:level-3:razor,razor,'reizә,n.,n. 剃刀\nvt. 剃,,,CEEC-108,3,,,,大考中心高中英文參考詞彙表（111學年度起適用）,LEVEL 3,官方清單,,,
ceec-108:level-3:react,react,ri'ækt,v.,"vi. 起反應, 起作用, 反攻\n[醫] 應答, 發生反應",,,CEEC-108,3,,,,大考中心高中英文參考詞彙表（111學年度起適用）,LEVEL 3,官方清單,,,
ceec-108:level-3:reaction,reaction,ri'ækʃәn,n.,"n. 反應, 反作用, 反動\n[醫] 反應",,,CEEC-108,3,,,,大考中心高中英文參考詞彙表（111學年度起適用）,LEVEL 3,官方清單,,,
ceec-108:level-3:reasonable,reasonable,'ri:znәbl,adj.,"a. 合理的, 明理的, 適當的\n[法] 合理的, 公道的, 正當的",,,CEEC-108,3,,,,大考中心高中英文參考詞彙表（111學年度起適用）,LEVEL 3,官方清單,,,
ceec-108:level-3:receipt,receipt,ri'si:t,n.,"n. 收據, 收入, 收到\nvt. 開...的收據",,,CEEC-108,3,,,,大考中心高中英文參考詞彙表（111學年度起適用）,LEVEL 3,官方清單,,,
ceec-108:level-3:receiver,receiver,ri'si:vә,n.,"n. 接收器；接受者；收信機；收款員, 接待者",,,CEEC-108,3,,,,大考中心高中英文參考詞彙表（111學年度起適用）,LEVEL 3,官方清單,,,
ceec-108:level-3:recognize,recognize,'rekәgnaiz,v.,"vt. 認出, 認可, 承認, 公認, 識別, 賞識\nvi. 承認, 具結",,,CEEC-108,3,,,,大考中心高中英文參考詞彙表（111學年度起適用）,LEVEL 3,官方清單,,,
ceec-108:level-3:recorder,recorder,ri'kɒ:dә,n.,"n. 記錄員, 錄音機\nn. 記錄器\n[計] 宏錄製器, 記錄器",,,CEEC-108,3,,,,大考中心高中英文參考詞彙表（111學年度起適用）,LEVEL 3,官方清單,,,
ceec-108:level-3:rectangle,rectangle,'rektæŋgl,n.,"n. 長方形, 矩形\n[化] 矩形",,,CEEC-108,3,,,,大考中心高中英文參考詞彙表（111學年度起適用）,LEVEL 3,官方清單,,,
ceec-108:level-3:reduce,reduce,ri'dju:s,v.,"vt. 減少, 分解, 降低, 使衰退, 把...分解, 把...歸納\nvi. 減少, 減肥, 縮小\n[計] 縮小",,,CEEC-108,3,,,,大考中心高中英文參考詞彙表（111學年度起適用）,LEVEL 3,官方清單,,,
ceec-108:level-3:regional,regional,'ri:dʒәnәl,adj.,"a. 地方的, 地域性的\n[醫] 區的, 部位的",,,CEEC-108,3,,,,大考中心高中英文參考詞彙表（111學年度起適用）,LEVEL 3,官方清單,,,
ceec-108:level-3:regret,regret,ri'gret,n.|v.,"n. 遺憾, 後悔, 悔恨, 抱歉, 歉意\nvt. 為...感到遺憾, 後悔, 惋惜, 懊悔, 抱歉\nvi. 感到抱歉",,,CEEC-108,3,,,,大考中心高中英文參考詞彙表（111學年度起適用）,LEVEL 3,官方清單,,,
ceec-108:level-3:relax,relax,ri'læks,v.,"vi. 放鬆, 鬆懈, 鬆弛, 變從容, 休息, 休養\nvt. 使鬆弛, 緩和, 使鬆懈, 使休息",,,CEEC-108,3,,,,大考中心高中英文參考詞彙表（111學年度起適用）,LEVEL 3,官方清單,,,
ceec-108:level-3:release,release,ri'li:s,n.|v.,"n. 釋放, 發洩, 豁免, 發行, 釋放證書\nvt. 釋放, 解除, 放鬆, 豁免, 免除, 釋出, 放棄, 讓與\nn. 釋出\n[計] 版本, 釋出",,,CEEC-108,3,,,,大考中心高中英文參考詞彙表（111學年度起適用）,LEVEL 3,官方清單,,,
ceec-108:level-3:reliable,reliable,ri'laiәbl,adj.,"a. 可靠的, 可信賴的\n[法] 可靠的, 可信賴的, 確實的",,,CEEC-108,3,,,,大考中心高中英文參考詞彙表（111學年度起適用）,LEVEL 3,官方清單,,,
ceec-108:level-3:relief,relief,ri'li:f,n.,"n. 減輕, 解除, 救濟, 安慰, 調劑, 浮雕, 換班, (地勢的)起伏\n[醫] 緩減, 減輕, 浮雕(繪畫中)",,,CEEC-108,3,,,,大考中心高中英文參考詞彙表（111學年度起適用）,LEVEL 3,官方清單,,,
ceec-108:level-3:religious,religious,ri'lidʒәs,adj.,"a. 宗教性的, 虔誠的, 宗教上的, 嚴謹的\nn. 修道士, 出家人",,,CEEC-108,3,,,,大考中心高中英文參考詞彙表（111學年度起適用）,LEVEL 3,官方清單,,,
ceec-108:level-3:rely,rely,ri'lai,v.,"vi. 信賴, 依賴, 信任",,,CEEC-108,3,,,,大考中心高中英文參考詞彙表（111學年度起適用）,LEVEL 3,官方清單,,,
ceec-108:level-3:remain,remain,ri'mein,v.,"vi. 保持, 逗留, 剩餘\n[法] 停留, 居住, 繼續",,,CEEC-108,3,,,,大考中心高中英文參考詞彙表（111學年度起適用）,LEVEL 3,官方清單,,,
ceec-108:level-3:remind,remind,ri'maind,v.,"vt. 提醒, 使想起",,,CEEC-108,3,,,,大考中心高中英文參考詞彙表（111學年度起適用）,LEVEL 3,官方清單,,,
ceec-108:level-3:remote,remote,ri'mәut,adj.,"a. 遙遠的, 偏僻的, 疏遠的, 微少的\n[計] 遠端, 遠端訪問實用程式",,,CEEC-108,3,,,,大考中心高中英文參考詞彙表（111學年度起適用）,LEVEL 3,官方清單,,,
ceec-108:level-3:replace,replace,ri'pleis,v.,"vt. 代替, 替換, 放回, 歸還\n[計] 替換; DOS外部命令:取代或更新檔案",,,CEEC-108,3,,,,大考中心高中英文參考詞彙表（111學年度起適用）,LEVEL 3,官方清單,,,
ceec-108:level-3:replacement,replacement,ri'pleismәnt,n.,"n. 歸還, 更換, 代替者\n[醫] 復位, 置換",,,CEEC-108,3,,,,大考中心高中英文參考詞彙表（111學年度起適用）,LEVEL 3,官方清單,,,
ceec-108:level-3:represent,represent,.repri'zent,v.,"vt. 表現, 表示, 描繪, 講述, 代表, 象徵, 回憶, 再贈送, 再上演\nvi. 提出異議",,,CEEC-108,3,,,,大考中心高中英文參考詞彙表（111學年度起適用）,LEVEL 3,官方清單,,,
ceec-108:level-3:representative,representative,.repri'zentәtiv,adj.|n.,"n. 代表, 眾議員, 典型\na. 描寫的, 表現的, 代理的, 代表的, 代議制的, 典型的",,,CEEC-108,3,,,,大考中心高中英文參考詞彙表（111學年度起適用）,LEVEL 3,官方清單,,,
ceec-108:level-3:republic,republic,ri'pʌblik,n.,"n. 共和國, 共和政體, 團體, 界",,,CEEC-108,3,,,,大考中心高中英文參考詞彙表（111學年度起適用）,LEVEL 3,官方清單,,,
ceec-108:level-3:request,request,ri'kwest,n.|v.,"n. 請求, 需要, 申請書\nvt. 請求, 要求, 邀請\n[計] 請求",,,CEEC-108,3,,,,大考中心高中英文參考詞彙表（111學年度起適用）,LEVEL 3,官方清單,,,
ceec-108:level-3:reserve,reserve,ri'zә:v,n.|v.,"n. 儲備品, 貯量, 後備軍, 自然保護區, 保留, 拘謹, 節制, 儲備金\nvt. 保留, 儲存, 預訂, 延期, 推遲",,,CEEC-108,3,,,,大考中心高中英文參考詞彙表（111學年度起適用）,LEVEL 3,官方清單,,,
ceec-108:level-3:resist,resist,ri'zist,v.,"v. 抵抗, 耐得住, 抵制, 反抗\nn. 防染材料",,,CEEC-108,3,,,,大考中心高中英文參考詞彙表（111學年度起適用）,LEVEL 3,官方清單,,,
ceec-108:level-3:resource,resource,ri'sɒ:s,n.,"n. 資源, 財力, 辦法, 策略, 急智, 消遣\n[計] 資源",,,CEEC-108,3,,,,大考中心高中英文參考詞彙表（111學年度起適用）,LEVEL 3,官方清單,,,
ceec-108:level-3:response,response,ri'spɒns,n.,"n. 反應, 回答, 響應\n[計] 應答",,,CEEC-108,3,,,,大考中心高中英文參考詞彙表（111學年度起適用）,LEVEL 3,官方清單,,,
ceec-108:level-3:responsibility,responsibility,ri.spɒnsә'biliti,n.,"n. 責任, 職責, 負擔, 可靠性\n[化] 職責",,,CEEC-108,3,,,,大考中心高中英文參考詞彙表（111學年度起適用）,LEVEL 3,官方清單,,,
ceec-108:level-3:restrict,restrict,ri'strikt,v.,"vt. 限制, 限定, 約束\n[醫] 限制",,,CEEC-108,3,,,,大考中心高中英文參考詞彙表（111學年度起適用）,LEVEL 3,官方清單,,,
ceec-108:level-3:reveal,reveal,ri'vi:l,v.,"vt. 露出, 顯示, 透露, 揭露, 洩露, (神)啟示\nn. 窗側, 門側",,,CEEC-108,3,,,,大考中心高中英文參考詞彙表（111學年度起適用）,LEVEL 3,官方清單,,,
ceec-108:level-3:ribbon,ribbon,'ribәn,n.,"n. 緞帶, 色帶, 帶狀物\nvt. 用絲帶裝飾, 把...撕成條狀\nvi. 形成帶狀\n[計] 帶狀條, 格式欄",,,CEEC-108,3,,,,大考中心高中英文參考詞彙表（111學年度起適用）,LEVEL 3,官方清單,,,
ceec-108:level-3:rid,rid,rid,adj.|v.,"vt. 免除, 以...清除, 使獲自由, 使擺脫\n[法] 免除, 清除, 擺脫",,,CEEC-108,3,,,,大考中心高中英文參考詞彙表（111學年度起適用）,LEVEL 3,官方清單,,,
ceec-108:level-3:ripe,ripe,raip,adj.,"a. 成熟的, 熟練的, 成年的\n[醫] 成熟的",,,CEEC-108,3,,,,大考中心高中英文參考詞彙表（111學年度起適用）,LEVEL 3,官方清單,,,
ceec-108:level-3:risk,risk,risk,n.|v.,"n. 冒險, 危險, 保險額\nvt. 冒...的危險, 冒險幹",,,CEEC-108,3,,,,大考中心高中英文參考詞彙表（111學年度起適用）,LEVEL 3,官方清單,,,
ceec-108:level-3:roar,roar,rɒ:,n.|v.,"n. 吼, 咆哮, 轟鳴\nvi. 吼, 大聲說出, 叫喊, 喧鬧\nvt. 呼喊, 使轟鳴",,,CEEC-108,3,,,,大考中心高中英文參考詞彙表（111學年度起適用）,LEVEL 3,官方清單,,,
ceec-108:level-3:roast,roast,rәust,adj.|n.|v.,"n. 烤肉, 烘烤, 嘲笑\na. 烘烤的, 烤過的\nvt. 烤, 炙, 烘焙, 嘲笑\nvi. 烤, 炙, 烘焙",,,CEEC-108,3,,,,大考中心高中英文參考詞彙表（111學年度起適用）,LEVEL 3,官方清單,,,
ceec-108:level-3:rob,rob,rɒb,v.,"v. 搶奪, 搶掠, 剝奪",,,CEEC-108,3,,,,大考中心高中英文參考詞彙表（111學年度起適用）,LEVEL 3,官方清單,,,
ceec-108:level-3:robbery,robbery,'rɒbәri,n.,"n. 搶掠, 搶奪\n[法] 強盜, 搶劫, 劫掠",,,CEEC-108,3,,,,大考中心高中英文參考詞彙表（111學年度起適用）,LEVEL 3,官方清單,,,
ceec-108:level-3:robe,robe,rәub,n.,"n. 寬鬆長袍, 禮服, 披肩, 覆蓋物\nv. (給)穿長袍",,,CEEC-108,3,,,,大考中心高中英文參考詞彙表（111學年度起適用）,LEVEL 3,官方清單,,,
ceec-108:level-3:rocket,rocket,'rɒkit,n.,"n. 火箭, 煙火\nvi. 急升, 猛漲, 飛馳\nvt. 用火箭運載",,,CEEC-108,3,,,,大考中心高中英文參考詞彙表（111學年度起適用）,LEVEL 3,官方清單,,,
ceec-108:level-3:romantic,romantic,rәu'mæntik,adj.|n.,"a. 浪漫的, 風流的, 傳奇性的, 誇大的, 空想的, 浪漫派的",,,CEEC-108,3,,,,大考中心高中英文參考詞彙表（111學年度起適用）,LEVEL 3,官方清單,,,
ceec-108:level-3:rot,rot,rɒt,n.|v.,"n. 腐爛, 腐蝕, 敗壞\nvi. 腐爛, 爛, 墮落, 憔悴\nvt. 使腐爛, 使腐朽, 使墮落",,,CEEC-108,3,,,,大考中心高中英文參考詞彙表（111學年度起適用）,LEVEL 3,官方清單,,,
ceec-108:level-3:rotten,rotten,'rɒtn,adj.,"a. 腐爛的, 惡臭的, 墮落的, 風化的, 虛弱的\n[經] 腐爛的, 墮落的",,,CEEC-108,3,,,,大考中心高中英文參考詞彙表（111學年度起適用）,LEVEL 3,官方清單,,,
ceec-108:level-3:rough,rough,rʌf,adj.|adv.|n.,"n. 粗糙的東西, 毛坯, 未加工品, 梗概, 草圖, 暴徒, 艱難\na. 粗糙的, 粗暴的, 蓬亂的, 草率的, 大致的, 簡陋的, 暴風雨的, 艱難的\nvt. 使粗糙, 使不平, 使蓬亂, 粗製, 草擬, 粗暴對待, 對...動粗\nvi. 變粗糙\nadv. 粗糙地, 粗暴地",,,CEEC-108,3,,,,大考中心高中英文參考詞彙表（111學年度起適用）,LEVEL 3,官方清單,,,
ceec-108:level-3:roughly,roughly,'rʌfli,adv.,"adv. 概略地, 粗糙地, 粗暴地",,,CEEC-108,3,,,,大考中心高中英文參考詞彙表（111學年度起適用）,LEVEL 3,官方清單,,,
ceec-108:level-3:routine,routine,ru:'ti:n,adj.|n.,"n. 常規, 日常工作, 慣例, 例行公事\na. 日常的, 常規的\n[計] 例程",,,CEEC-108,3,,,,大考中心高中英文參考詞彙表（111學年度起適用）,LEVEL 3,官方清單,,,
ceec-108:level-3:rug,rug,rʌg,n.,"n. 小塊地毯, 揭露某人",,,CEEC-108,3,,,,大考中心高中英文參考詞彙表（111學年度起適用）,LEVEL 3,官方清單,,,
ceec-108:level-3:rumor,rumor,'ru:mә,n.|v.,"n. 謠言, 傳聞\nvt. 謠傳",,,CEEC-108,3,,,,大考中心高中英文參考詞彙表（111學年度起適用）,LEVEL 3,官方清單,,,
ceec-108:level-3:rush,rush,rʌʃ,n.|v.,"n. 匆促, 衝進, 急流, 燈心草\nvi. 衝, 奔, 闖, 趕緊, 匆促行事, 湧現\nvt. 使衝, 匆忙地做, 突襲, 飛躍, 用燈心草做\na. 緊急的",,,CEEC-108,3,,,,大考中心高中英文參考詞彙表（111學年度起適用）,LEVEL 3,官方清單,,,
ceec-108:level-3:rust,rust,rʌst,n.|v.,"n. 鏽, 生鏽, 衰退\nvi. 生鏽, 衰退\nvt. 使生鏽, 腐蝕",,,CEEC-108,3,,,,大考中心高中英文參考詞彙表（111學年度起適用）,LEVEL 3,官方清單,,,
ceec-108:level-3:sack,sack,sæk,n.,"n. 麻布袋, 洗劫\nvt. 把...裝入袋, 洗劫",,,CEEC-108,3,,,,大考中心高中英文參考詞彙表（111學年度起適用）,LEVEL 3,官方清單,,,
ceec-108:level-3:sake,sake,seik,n.,"n. 目的, 緣故, 理由",,,CEEC-108,3,,,,大考中心高中英文參考詞彙表（111學年度起適用）,LEVEL 3,官方清單,,,
ceec-108:level-3:salary,salary,'sælәri,n.,n. 薪水\nvt. 給...加薪,,,CEEC-108,3,,,,大考中心高中英文參考詞彙表（111學年度起適用）,LEVEL 3,官方清單,,,
ceec-108:level-3:satisfactory,satisfactory,.sætis'fæktәri,adj.,"a. 滿意的, 贖罪的\n[法] 令人滿意的, 令當事人滿意的, 充分的",,,CEEC-108,3,,,,大考中心高中英文參考詞彙表（111學年度起適用）,LEVEL 3,官方清單,,,
ceec-108:level-3:sauce,sauce,sɒ:s,n.,"n. 醬油, 調味汁, 醬\nvt. 給...調味, 使增加趣味",,,CEEC-108,3,,,,大考中心高中英文參考詞彙表（111學年度起適用）,LEVEL 3,官方清單,,,
ceec-108:level-3:saucer,saucer,'sɒ:sә,n.,"n. 茶碟, 茶托\n[醫] 碟",,,CEEC-108,3,,,,大考中心高中英文參考詞彙表（111學年度起適用）,LEVEL 3,官方清單,,,
ceec-108:level-3:sausage,sausage,'sɒsidʒ,n.,"n. 香腸, 臘腸",,,CEEC-108,3,,,,大考中心高中英文參考詞彙表（111學年度起適用）,LEVEL 3,官方清單,,,
ceec-108:level-3:saving,saving,'seiviŋ,n.,"n. 存款, 挽救, 節約\na. 搭救的, 節約的, 保留的, 補償的\nprep. 除...之外",,,CEEC-108,3,,,,大考中心高中英文參考詞彙表（111學年度起適用）,LEVEL 3,官方清單,,,
ceec-108:level-3:scale,scale,skeil,n.,"n. 刻度, 衡量, 比例, 比例尺, 數值範圍, 等級, 規模, 天平, 秤, 鱗, 積垢\nvt. 依比例決定, 攀登, 測量, 繪製, 刮鱗, 使生垢, 過秤\nvi. 剝落, 生水垢, 重量為, 攀登, 衡量\n[計] 刻度",,,CEEC-108,3,,,,大考中心高中英文參考詞彙表（111學年度起適用）,LEVEL 3,官方清單,,,
ceec-108:level-3:scarce,scarce,skɑ:s,adj.,"a. 難得的, 稀罕的, 缺乏的",,,CEEC-108,3,,,,大考中心高中英文參考詞彙表（111學年度起適用）,LEVEL 3,官方清單,,,
ceec-108:level-3:scarf,scarf,skɑ:f,n.,"n. 圍巾, 頭巾, 領帶, 領巾, 嵌接\nvt. 用圍巾圍, 嵌接",,,CEEC-108,3,,,,大考中心高中英文參考詞彙表（111學年度起適用）,LEVEL 3,官方清單,,,
ceec-108:level-3:scary,scary,'skєәri,adj.,"a. 容易受驚的, 膽小的, 提心吊膽的",,,CEEC-108,3,,,,大考中心高中英文參考詞彙表（111學年度起適用）,LEVEL 3,官方清單,,,
ceec-108:level-3:scatter,scatter,'skætә,n.|v.,"n. 消散, 分散, 散播, 散射, 散佈, 酒館\nvi. 散佈, 散播, 消散\nvt. 使消散, 使分散, 撒, 散佈, 散播, 散射\n[計] 散點圖",,,CEEC-108,3,,,,大考中心高中英文參考詞彙表（111學年度起適用）,LEVEL 3,官方清單,,,
ceec-108:level-3:scholar,scholar,'skɒlә,n.,"n. 學者, 獎學金獲得者, 有文化者, 學習者",,,CEEC-108,3,,,,大考中心高中英文參考詞彙表（111學年度起適用）,LEVEL 3,官方清單,,,
ceec-108:level-3:scholarship,scholarship,'skɒlәʃip,n.,"n. 學問, 學術成就, 獎學金",,,CEEC-108,3,,,,大考中心高中英文參考詞彙表（111學年度起適用）,LEVEL 3,官方清單,,,
ceec-108:level-3:scientific,scientific,.saiәn'tifik,adj.,"a. 科學的, 系統的, 符合科學規律的\n[計] 科學記數法",,,CEEC-108,3,,,,大考中心高中英文參考詞彙表（111學年度起適用）,LEVEL 3,官方清單,,,
ceec-108:level-3:scientist,scientist,'saiәntist,n.,n. 科學家\n[醫] 科學家,,,CEEC-108,3,,,,大考中心高中英文參考詞彙表（111學年度起適用）,LEVEL 3,官方清單,,,
ceec-108:level-3:scissors,scissors,'sizәz,n.,pl. 剪刀\n[醫] 剪,,,CEEC-108,3,,,,大考中心高中英文參考詞彙表（111學年度起適用）,LEVEL 3,官方清單,,,
ceec-108:level-3:scout,scout,skaut,n.|v.,"n. 守候, 偵察, 搜尋, 偵察員, 偵察機\nvi. 守候, 偵察, 巡視, 嘲笑\nvt. 偵察, 跟蹤, 發現, 監視, 嘲弄",,,CEEC-108,3,,,,大考中心高中英文參考詞彙表（111學年度起適用）,LEVEL 3,官方清單,,,
ceec-108:level-3:scream,scream,skri:m,n.|v.,"n. 尖叫聲\nvi. 尖叫, 大笑, 尖嘯, 令人震驚\nvt. 尖叫著說, 大叫大嚷著要求",,,CEEC-108,3,,,,大考中心高中英文參考詞彙表（111學年度起適用）,LEVEL 3,官方清單,,,
ceec-108:level-3:screw,screw,skru:,n.|v.,"n. 螺旋, 螺桿, 螺釘, 螺旋槳, 吝嗇鬼\nvt. 調節, 扭緊, 旋, 擰, 加強, 壓榨, 勒索\nvi. 轉動, 旋, 擰",,,CEEC-108,3,,,,大考中心高中英文參考詞彙表（111學年度起適用）,LEVEL 3,官方清單,,,
ceec-108:level-3:scrub,scrub,skrʌb,n.|v.,"n. 用力擦洗, 矮樹, 矮人, 渺小之物\nvt. 用力擦洗, 擦掉, 摩擦\nvi. 擦洗乾淨, 進行手臂消毒\na. 次等的, 矮小的, 非正規球隊的, 臨時湊合的",,,CEEC-108,3,,,,大考中心高中英文參考詞彙表（111學年度起適用）,LEVEL 3,官方清單,,,
ceec-108:level-3:seal,seal,si:l,n.|v.,"n. 印章, 封條, 海豹, 海豹皮, 火漆, 封蠟, 璽, 保證, 批准, 象徵, 標誌\nvt. 封閉, 蓋印, 蓋章\nvi. 獵海豹",,,CEEC-108,3,,,,大考中心高中英文參考詞彙表（111學年度起適用）,LEVEL 3,官方清單,,,
ceec-108:level-3:security,security,si'kjuriti,n.,"n. 安全, 安全性, 防護物, 保安, 可靠性, 擔保人, 抵押品, 保證金\n[計] 安全性, 保密性, 安全檢查程式",,,CEEC-108,3,,,,大考中心高中英文參考詞彙表（111學年度起適用）,LEVEL 3,官方清單,,,
ceec-108:level-3:semester,semester,si'mestә,n.,n. 學期,,,CEEC-108,3,,,,大考中心高中英文參考詞彙表（111學年度起適用）,LEVEL 3,官方清單,,,
ceec-108:level-3:senior,senior,'si:njә,adj.|n.,"n. 年長者, 資深者, 畢業班學生\na. 年長的, 高階的, 資深的",,,CEEC-108,3,,,,大考中心高中英文參考詞彙表（111學年度起適用）,LEVEL 3,官方清單,,,
ceec-108:level-3:sensible,sensible,'sensәbl,adj.,"a. 有感覺的, 敏感的, 明智的\n[醫] 可感覺的",,,CEEC-108,3,,,,大考中心高中英文參考詞彙表（111學年度起適用）,LEVEL 3,官方清單,,,
ceec-108:level-3:separation,separation,.sepә'reiʃәn,n.,"n. 分離, 分居, 缺口, 退職\n[化] 分離",,,CEEC-108,3,,,,大考中心高中英文參考詞彙表（111學年度起適用）,LEVEL 3,官方清單,,,
ceec-108:level-3:sexual,sexual,'sekʃuәl,adj.,"a. 性的, 性別的\n[醫] 性的; 性慾的",,,CEEC-108,3,,,,大考中心高中英文參考詞彙表（111學年度起適用）,LEVEL 3,官方清單,,,
ceec-108:level-3:sexy,sexy,'seksi,adj.,"a. 有性感的, 色情的",,,CEEC-108,3,,,,大考中心高中英文參考詞彙表（111學年度起適用）,LEVEL 3,官方清單,,,
ceec-108:level-3:shadow,shadow,'ʃædәu,n.|v.,"n. 陰影, 蔭, 影子, 影像, 陰暗, 幽靈, 少許, 隱蔽處, 庇護\nvt. 遮蔽, 使朦朧, 預示, 尾隨\nvi. 漸變, 變陰暗\n[計] 陰影",,,CEEC-108,3,,,,大考中心高中英文參考詞彙表（111學年度起適用）,LEVEL 3,官方清單,,,
ceec-108:level-3:shallow,shallow,'ʃælәu,adj.,"n. 水淺的地方, 淺灘\na. 淺的, 膚淺的\nv. (使)變淺",,,CEEC-108,3,,,,大考中心高中英文參考詞彙表（111學年度起適用）,LEVEL 3,官方清單,,,
ceec-108:level-3:shampoo,shampoo,ʃæm'pu:,n.|v.,"n. 洗頭, 洗髮劑\nvt. 洗頭, 洗髮",,,CEEC-108,3,,,,大考中心高中英文參考詞彙表（111學年度起適用）,LEVEL 3,官方清單,,,
ceec-108:level-3:shepherd,shepherd,'ʃepәd,n.,"n. 牧羊人, 牧羊犬, 牧師, 保護者\nvt. 看守, 領導, 指導, 牧羊",,,CEEC-108,3,,,,大考中心高中英文參考詞彙表（111學年度起適用）,LEVEL 3,官方清單,,,
ceec-108:level-3:shiny,shiny,'ʃaini,adj.,"a. 有光澤的, 發光的, 輝煌的, 磨光的, 磨損的",,,CEEC-108,3,,,,大考中心高中英文參考詞彙表（111學年度起適用）,LEVEL 3,官方清單,,,
ceec-108:level-3:shorten,shorten,'ʃɒ:tn,v.,"vt. 弄短, 縮短, 減少\nvi. 縮小, 變短",,,CEEC-108,3,,,,大考中心高中英文參考詞彙表（111學年度起適用）,LEVEL 3,官方清單,,,
ceec-108:level-3:shortly,shortly,'ʃɒ:tli,adv.,"adv. 不久, 簡短, 唐突地",,,CEEC-108,3,,,,大考中心高中英文參考詞彙表（111學年度起適用）,LEVEL 3,官方清單,,,
ceec-108:level-3:shovel,shovel,'ʃʌvl,n.|v.,"n. 鏟, 鐵鏟\nv. 鏟",,,CEEC-108,3,,,,大考中心高中英文參考詞彙表（111學年度起適用）,LEVEL 3,官方清單,,,
ceec-108:level-3:shrimp,shrimp,ʃrimp,n.,"n. 蝦, 小蝦, 矮子\nvi. 捕小蝦",,,CEEC-108,3,,,,大考中心高中英文參考詞彙表（111學年度起適用）,LEVEL 3,官方清單,,,
ceec-108:level-3:shrink,shrink,ʃriŋk,v.,"n. 收縮, 萎縮, 迴避\nvi. 收縮, 退縮, 萎縮, 縮小, 迴避\nvt. 使收縮, 使縮小",,,CEEC-108,3,,,,大考中心高中英文參考詞彙表（111學年度起適用）,LEVEL 3,官方清單,,,
ceec-108:level-3:sigh,sigh,sai,n.|v.,"n. 嘆息\nvi. 嘆息, 渴望\nvt. 嘆息著說",,,CEEC-108,3,,,,大考中心高中英文參考詞彙表（111學年度起適用）,LEVEL 3,官方清單,,,
ceec-108:level-3:signal,signal,'signl,n.|v.,"n. 訊號, 暗號, 近因, 導火線\nvt. 向...作訊號, 標誌, 用訊號通知\nvi. 發訊號\na. 作為訊號的, 顯著的\n[計] 訊號",,,CEEC-108,3,,,,大考中心高中英文參考詞彙表（111學年度起適用）,LEVEL 3,官方清單,,,
ceec-108:level-3:significant,significant,sig'nifikәnt,adj.,"a. 重要的, 有效的, 有含義的, 暗示的, 值得注意的",,,CEEC-108,3,,,,大考中心高中英文參考詞彙表（111學年度起適用）,LEVEL 3,官方清單,,,
ceec-108:level-3:silk,silk,silk,n.,"n. 絲, 綢, 綢鍛類, 絲織品\na. 絲的, 絲織的",,,CEEC-108,3,,,,大考中心高中英文參考詞彙表（111學年度起適用）,LEVEL 3,官方清單,,,
ceec-108:level-3:similarity,similarity,.simi'læriti,n.,"n. 類似, 類似處\n[法] 類似, 相似, 類似事例",,,CEEC-108,3,,,,大考中心高中英文參考詞彙表（111學年度起適用）,LEVEL 3,官方清單,,,
ceec-108:level-3:sin,sin,sin,n.|v.,"n. 罪, 犯罪, 過失, 失禮\nv. 犯",,,CEEC-108,3,,,,大考中心高中英文參考詞彙表（111學年度起適用）,LEVEL 3,官方清單,,,
ceec-108:level-3:sincere,sincere,sin'siә,adj.,"a. 誠實的, 正直的, 真摯的, 純淨的",,,CEEC-108,3,,,,大考中心高中英文參考詞彙表（111學年度起適用）,LEVEL 3,官方清單,,,
ceec-108:level-3:sink,sink,siŋk,n.|v.,"n. 藏垢的場所, 溝渠, 汙水槽\nvi. 下沉, 沉沒, 下陷, 減弱, 衰退, 消沉, 墮落, 滲透\nvt. 使低落, 使下沉, 陷於, 投入(資金等), 挖掘",,,CEEC-108,3,,,,大考中心高中英文參考詞彙表（111學年度起適用）,LEVEL 3,官方清單,,,
ceec-108:level-3:sip,sip,sip,n.|v.,"n. 啜飲, 小口喝, 抿\nvi. 啜飲\nvt. 啜\n[計] 單列直插式元件",,,CEEC-108,3,,,,大考中心高中英文參考詞彙表（111學年度起適用）,LEVEL 3,官方清單,,,
ceec-108:level-3:situation,situation,.sitju'eiʃәn,n.,"n. 情形, 境遇, 位置\n[醫] 情境, 處境",,,CEEC-108,3,,,,大考中心高中英文參考詞彙表（111學年度起適用）,LEVEL 3,官方清單,,,
ceec-108:level-3:skate,skate,skeit,n.|v.,"n. 溜冰, 冰鞋\nvi. 滑冰, 滑過",,,CEEC-108,3,,,,大考中心高中英文參考詞彙表（111學年度起適用）,LEVEL 3,官方清單,,,
ceec-108:level-3:ski,ski,ski:,n.|v.,n. 滑雪橇\nvi. 滑雪,,,CEEC-108,3,,,,大考中心高中英文參考詞彙表（111學年度起適用）,LEVEL 3,官方清單,,,
ceec-108:level-3:skillful,skillful,'skilful,adj.,"a. 熟練的, 巧妙的\n[機] 熟練的",,,CEEC-108,3,,,,大考中心高中英文參考詞彙表（111學年度起適用）,LEVEL 3,官方清單,,,
ceec-108:level-3:skinny,skinny,'skini,adj.,"a. 似皮的, 極瘦的, 少的, 小氣的\n[醫] 皮的; 消瘦的",,,CEEC-108,3,,,,大考中心高中英文參考詞彙表（111學年度起適用）,LEVEL 3,官方清單,,,
ceec-108:level-3:skip,skip,skip,n.|v.,"n. 跳躍, 跳讀\nvi. 跳越, 跳讀, 跳繩, 遺漏, 跳級\nvt. 跳過, 遺漏\n[計] 跳過",,,CEEC-108,3,,,,大考中心高中英文參考詞彙表（111學年度起適用）,LEVEL 3,官方清單,,,
ceec-108:level-3:slave,slave,sleiv,n.|v.,"n. 奴隸, 從動裝置, 卑鄙的人\nvi. 拼命工作\n[計] 從裝置",,,CEEC-108,3,,,,大考中心高中英文參考詞彙表（111學年度起適用）,LEVEL 3,官方清單,,,
ceec-108:level-3:sleeve,sleeve,sli:v,n.,"n. 袖子, 套管\nvt. 縫上袖子",,,CEEC-108,3,,,,大考中心高中英文參考詞彙表（111學年度起適用）,LEVEL 3,官方清單,,,
ceec-108:level-3:slender,slender,'slendә,adj.,"a. 苗條的, 纖弱的, 微少的, 微薄的\n[機] 細的, 纖細的",,,CEEC-108,3,,,,大考中心高中英文參考詞彙表（111學年度起適用）,LEVEL 3,官方清單,,,
ceec-108:level-3:slice,slice,slais,n.|v.,"n. 薄的切片, 一部分, 菜刀\nvt. 切成薄片, 切下\nvi. 切\n[計] 片",,,CEEC-108,3,,,,大考中心高中英文參考詞彙表（111學年度起適用）,LEVEL 3,官方清單,,,
ceec-108:level-3:slippery,slippery,'slipәri,adj.,"a. 滑的, 光滑的, 靠不住的, 圓滑的, 不穩固的\n[法] 狡猾的, 不可靠的, 不安定的",,,CEEC-108,3,,,,大考中心高中英文參考詞彙表（111學年度起適用）,LEVEL 3,官方清單,,,
ceec-108:level-3:slope,slope,slәup,n.,"n. 傾斜, 斜坡, 斜率, 扛槍姿勢\nvt. 使傾斜, 弄斜, 扛\nvi. 傾斜, 走, 逃走",,,CEEC-108,3,,,,大考中心高中英文參考詞彙表（111學年度起適用）,LEVEL 3,官方清單,,,
ceec-108:level-3:snap,snap,snæp,n.|v.,"vt. 使突然中斷, 猛咬, 爭奪, 拉斷, 使有啪啪聲, 厲聲說, 突然射擊, 用快照拍攝\nvi. 咬, 撲, 抓, 折斷, 劈啪地響, 厲聲說, 砰然關上\nn. 猛咬, 猛撲, 劈啪聲, 申斥, 快照, 活力, 一般時期的寒冷天氣, 撳鈕\na. 突然的, 裝搭扣的\nadv. 猛地\n[計] 子網訪問協議",,,CEEC-108,3,,,,大考中心高中英文參考詞彙表（111學年度起適用）,LEVEL 3,官方清單,,,
ceec-108:level-3:solid,solid,'sɒlid,adj.,"n. 固體\na. 堅硬的, 穩固的, 固體的, 實心的, 純質的, 立體的, 立方的\n[計] 原色",,,CEEC-108,3,,,,大考中心高中英文參考詞彙表（111學年度起適用）,LEVEL 3,官方清單,,,
ceec-108:level-3:someday,someday,'sʌmdei,adv.,adv. 有一天,,,CEEC-108,3,,,,大考中心高中英文參考詞彙表（111學年度起適用）,LEVEL 3,官方清單,,,
ceec-108:level-3:somehow,somehow,'sʌmhau,adv.,adv. 不知何故,,,CEEC-108,3,,,,大考中心高中英文參考詞彙表（111學年度起適用）,LEVEL 3,官方清單,,,
ceec-108:level-3:sometime,sometime,'sʌmtaim,adv.,"a. 以前的, 某一時間的\nadv. 改天, 來日",,,CEEC-108,3,,,,大考中心高中英文參考詞彙表（111學年度起適用）,LEVEL 3,官方清單,,,
ceec-108:level-3:sorrow,sorrow,'sɒrәu,n.,"n. 悲傷, 哀惜, 不幸\nvi. 悲傷, 懊悔, 遺憾",,,CEEC-108,3,,,,大考中心高中英文參考詞彙表（111學年度起適用）,LEVEL 3,官方清單,,,
ceec-108:level-3:spaghetti,spaghetti,spә'geti,n.,n. 義大利麵條,,,CEEC-108,3,,,,大考中心高中英文參考詞彙表（111學年度起適用）,LEVEL 3,官方清單,,,
ceec-108:level-3:specific,specific,spi'sifik,adj.,"n. 特效藥, 特性\na. 特殊的, 明確的, 具有特效的, 特定地, 具體地",,,CEEC-108,3,,,,大考中心高中英文參考詞彙表（111學年度起適用）,LEVEL 3,官方清單,,,
ceec-108:level-3:spice,spice,spais,n.|v.,"n. 香料, 藥料, 香氣, 調味品, 情趣, 少許\nvt. 加香料, 使添趣味",,,CEEC-108,3,,,,大考中心高中英文參考詞彙表（111學年度起適用）,LEVEL 3,官方清單,,,
ceec-108:level-3:spill,spill,spil,n.|v.,"n. 溢位, 濺出, 摔下, 溢位量, 木片, 小塞子\nvt. 使溢位, 使散落, 灑, 使流出, 倒出, 使摔下\nvi. 溢位, 湧流, 摔下",,,CEEC-108,3,,,,大考中心高中英文參考詞彙表（111學年度起適用）,LEVEL 3,官方清單,,,
ceec-108:level-3:spin,spin,spin,n.|v.,"n. 旋轉, 自旋, 疾馳, 情緒低落\nvt. 紡織, 紡, 使旋轉, 編造\nvi. 紡紗, 吐絲, 作繭, 結網, 旋轉, 自旋, 疾馳",,,CEEC-108,3,,,,大考中心高中英文參考詞彙表（111學年度起適用）,LEVEL 3,官方清單,,,
ceec-108:level-3:spinach,spinach,'spinitʃ,n.,"n. 菠菜, 貨幣, 胡說八道",,,CEEC-108,3,,,,大考中心高中英文參考詞彙表（111學年度起適用）,LEVEL 3,官方清單,,,
ceec-108:level-3:spit,spit,spit,n.|v.,"n. 唾液, 唾吐, 小雨, 炙叉, 一鏟的深度\nvt. 唾吐, 吐出, 降小雨, 用炙叉穿過\nvi. 吐唾沫, 吐痰, 唾棄, 飄霏霏細雨",,,CEEC-108,3,,,,大考中心高中英文參考詞彙表（111學年度起適用）,LEVEL 3,官方清單,,,
ceec-108:level-3:spite,spite,spait,n.,"n. 惡意, 怨恨, 使人煩惱的事物\nvt. 故意刁難, 欺侮",,,CEEC-108,3,,,,大考中心高中英文參考詞彙表（111學年度起適用）,LEVEL 3,官方清單,,,
ceec-108:level-3:splash,splash,splæʃ,n.|v.,"n. 飛濺, 汙點, 一點兒, 濺潑聲, 色斑\nvi. 濺溼, 濺開, 飛濺\nvt. 濺, 潑, 使濺起水, 灑, 使成斑駁狀",,,CEEC-108,3,,,,大考中心高中英文參考詞彙表（111學年度起適用）,LEVEL 3,官方清單,,,
ceec-108:level-3:spoil,spoil,spɒil,v.,"n. 戰利品, 贓物, 獎品, 變質, 次品\nvt. 損壞, 破壞, 溺愛\nvi. 腐壞, 掠奪",,,CEEC-108,3,,,,大考中心高中英文參考詞彙表（111學年度起適用）,LEVEL 3,官方清單,,,
ceec-108:level-3:spray,spray,sprei,n.|v.,"n. 水沫, 浪花, 水花, 噴霧, 噴霧器, 小樹枝\nvt. 噴霧, 掃射, 噴射\nvi. 噴, 濺開",,,CEEC-108,3,,,,大考中心高中英文參考詞彙表（111學年度起適用）,LEVEL 3,官方清單,,,
ceec-108:level-3:spy,spy,spai,n.|v.,"n. 間諜, 偵探, 偵察\nvt. 偵察, 找出, 發現\nvi. 做密探, 偵查",,,CEEC-108,3,,,,大考中心高中英文參考詞彙表（111學年度起適用）,LEVEL 3,官方清單,,,
ceec-108:level-3:squeeze,squeeze,skwi:z,n.|v.,"n. 緊握, 擠, 榨, 榨取, 佣金\nvt. 緊握, 擠, 榨取\nvi. 壓榨, 榨",,,CEEC-108,3,,,,大考中心高中英文參考詞彙表（111學年度起適用）,LEVEL 3,官方清單,,,
ceec-108:level-3:squirrel,squirrel,'skwә:rәl,n.,"n. 松鼠, 松鼠毛皮\nvt. 貯藏",,,CEEC-108,3,,,,大考中心高中英文參考詞彙表（111學年度起適用）,LEVEL 3,官方清單,,,
ceec-108:level-3:stable,stable,'steibl,adj.,"n. 馬房, 牛棚\na. 穩定的, 安定的, 堅固的, 堅定的\nvt. 趕入馬房\nvi. 被關在馬廄",,,CEEC-108,3,,,,大考中心高中英文參考詞彙表（111學年度起適用）,LEVEL 3,官方清單,,,
ceec-108:level-3:stadium,stadium,'steidiәm,n.,"n. 露天大型運動場\n[醫] 期, 病期",,,CEEC-108,3,,,,大考中心高中英文參考詞彙表（111學年度起適用）,LEVEL 3,官方清單,,,
ceec-108:level-3:staff,staff,stɑ:f,n.|v.,"n. 全體人員, 工作班子, 棍棒, 杆, 柺杖, 支柱, 權杖\na. 職員的, 僱員的, 參謀的\nvt. 為...配備人員",,,CEEC-108,3,,,,大考中心高中英文參考詞彙表（111學年度起適用）,LEVEL 3,官方清單,,,
ceec-108:level-3:stale,stale,steil,adj.,"n. 尿\na. 不新鮮的, 陳腐的, 疲憊的, 陳舊的\nvt. 使變舊, 走味\nvi. 變陳舊, 走味, 失時效, 撒尿",,,CEEC-108,3,,,,大考中心高中英文參考詞彙表（111學年度起適用）,LEVEL 3,官方清單,,,
ceec-108:level-3:stare,stare,stєә,n.|v.,"vi. 注視, 凝視, 瞪視, 顯眼\nvt. 盯\nn. 凝視",,,CEEC-108,3,,,,大考中心高中英文參考詞彙表（111學年度起適用）,LEVEL 3,官方清單,,,
ceec-108:level-3:starve,starve,stɑ:v,v.,"v. (使)餓死, (使)捱餓",,,CEEC-108,3,,,,大考中心高中英文參考詞彙表（111學年度起適用）,LEVEL 3,官方清單,,,
ceec-108:level-3:statue,statue,'stætju,n.,vt. 以雕像裝飾\nn. 雕像,,,CEEC-108,3,,,,大考中心高中英文參考詞彙表（111學年度起適用）,LEVEL 3,官方清單,,,
ceec-108:level-3:steady,steady,'stedi,adj.|adv.|n.|v.,"a. 穩定的, 不動搖的, 沉著的, 穩固的, 堅定的, 經常的\nvt. 使穩定, 使堅定\nvi. 變為沉著, 穩固",,,CEEC-108,3,,,,大考中心高中英文參考詞彙表（111學年度起適用）,LEVEL 3,官方清單,,,
ceec-108:level-3:steal,steal,sti:l,v.,vt. 剽竊；偷偷地做；偷竊；vi. 竊取；偷偷地行動；[棒球]偷壘；n. [口]偷竊；便宜貨；偷壘；[籃球]斷球,,,CEEC-108,3,,,,大考中心高中英文參考詞彙表（111學年度起適用）,LEVEL 3,官方清單,,,
ceec-108:level-3:steam,steam,sti:m,n.|v.,"n. 蒸汽, 精力\na. 蒸汽的\nvi. 蒸發, 行駛, 發怒\nvt. 蒸, 煮, 散發",,,CEEC-108,3,,,,大考中心高中英文參考詞彙表（111學年度起適用）,LEVEL 3,官方清單,,,
ceec-108:level-3:steep,steep,sti:p,adj.,"n. 浸漬, 懸崖\na. 險峻的, 陡峭的, 急劇升降的, 誇大的\nv. 浸, 泡",,,CEEC-108,3,,,,大考中心高中英文參考詞彙表（111學年度起適用）,LEVEL 3,官方清單,,,
ceec-108:level-3:sticky,sticky,'stiki,adj.,"a. 粘的, 有粘性的, 頑固的",,,CEEC-108,3,,,,大考中心高中英文參考詞彙表（111學年度起適用）,LEVEL 3,官方清單,,,
ceec-108:level-3:stiff,stiff,stif,adj.,"a. 堅硬的, 嚴厲的, 呆板的, 生硬的, 剛強的, 強烈的, 粘的, 稠的, 艱難的\nn. 死屍, 醉鬼, 鈔票\nvt. 不肯付...小費",,,CEEC-108,3,,,,大考中心高中英文參考詞彙表（111學年度起適用）,LEVEL 3,官方清單,,,
ceec-108:level-3:sting,sting,stiŋ,n.|v.,"n. 叮, 刺痛, 刺激, 諷刺\nvt. 叮, 刺痛, 刺激, 使苦惱\nvi. 叮, 刺痛",,,CEEC-108,3,,,,大考中心高中英文參考詞彙表（111學年度起適用）,LEVEL 3,官方清單,,,
ceec-108:level-3:stir,stir,stә:,n.|v.,"n. 騷動, 轟動, 攪動, 監獄\nvt. 移動, 搖動, 激起, 惹起, 攪拌\nvi. 走動, 傳播, 攪拌",,,CEEC-108,3,,,,大考中心高中英文參考詞彙表（111學年度起適用）,LEVEL 3,官方清單,,,
ceec-108:level-3:stitch,stitch,stitʃ,n.|v.,"n. 一針, 疼痛, 針法, 碎布條, 針腳\nv. 縫, 縫合, 裝訂",,,CEEC-108,3,,,,大考中心高中英文參考詞彙表（111學年度起適用）,LEVEL 3,官方清單,,,
ceec-108:level-3:stomach,stomach,'stʌmәk,n.,"n. 胃, 食慾, 慾望, 肚子\nvt. 吃下, 忍受",,,CEEC-108,3,,,,大考中心高中英文參考詞彙表（111學年度起適用）,LEVEL 3,官方清單,,,
ceec-108:level-3:stool,stool,stu:l,n.,"n. 凳子, 大便, 糞便, 廁所\nvi. 長新枝\nvt. 引誘, 誘捕",,,CEEC-108,3,,,,大考中心高中英文參考詞彙表（111學年度起適用）,LEVEL 3,官方清單,,,
ceec-108:level-3:stormy,stormy,'stɒ:mi,adj.,"a. 暴風雨的, 粗暴的, 激烈的",,,CEEC-108,3,,,,大考中心高中英文參考詞彙表（111學年度起適用）,LEVEL 3,官方清單,,,
ceec-108:level-3:stove,stove,stәuv,n.,"n. 火爐, 窯\nvt. 用火爐烤\nstave的過去式和過去分詞",,,CEEC-108,3,,,,大考中心高中英文參考詞彙表（111學年度起適用）,LEVEL 3,官方清單,,,
ceec-108:level-3:strategy,strategy,'strætidʒi,n.,"n. 戰略, 策略\n[經] 戰略, 策略",,,CEEC-108,3,,,,大考中心高中英文參考詞彙表（111學年度起適用）,LEVEL 3,官方清單,,,
ceec-108:level-3:straw,straw,strɒ:,n.,"n. 稻草, 麥管, 吸管, 一文不值的東西, 草帽\na. 稻草的, 稻草色的, 瑣碎的, 無價值的",,,CEEC-108,3,,,,大考中心高中英文參考詞彙表（111學年度起適用）,LEVEL 3,官方清單,,,
ceec-108:level-3:strength,strength,streŋθ,n.,"n. 力量, 實力, 強度, 濃度, 人數, 抵抗力\n[化] 強度",,,CEEC-108,3,,,,大考中心高中英文參考詞彙表（111學年度起適用）,LEVEL 3,官方清單,,,
ceec-108:level-3:strip,strip,strip,n.|v.,"n. 長條, 條狀, 帶, 脫衣舞\nvt. 脫衣, 被剝去, 剝奪, 拆卸\nvi. 脫衣服",,,CEEC-108,3,,,,大考中心高中英文參考詞彙表（111學年度起適用）,LEVEL 3,官方清單,,,
ceec-108:level-3:structure,structure,'strʌktʃә,n.,"n. 結構, 構造, 建築物\nvt. 構成, 組織",,,CEEC-108,3,,,,大考中心高中英文參考詞彙表（111學年度起適用）,LEVEL 3,官方清單,,,
ceec-108:level-3:stubborn,stubborn,'stʌbәn,adj.,"a. 頑固的, 不聽話的, 執拗的, 棘手的",,,CEEC-108,3,,,,大考中心高中英文參考詞彙表（111學年度起適用）,LEVEL 3,官方清單,,,
ceec-108:level-3:studio,studio,'stju:diәu,n.,"n. 工作室, 畫室, 演播室, 電影製片廠",,,CEEC-108,3,,,,大考中心高中英文參考詞彙表（111學年度起適用）,LEVEL 3,官方清單,,,
ceec-108:level-3:stuff,stuff,stʌf,n.|v.,"n. 原料, 要素, 東西, 材料, 素質, 織品, 廢物, 廢話\nvt. 裝填\nvi. 狼吞虎嚥",,,CEEC-108,3,,,,大考中心高中英文參考詞彙表（111學年度起適用）,LEVEL 3,官方清單,,,
ceec-108:level-3:substance,substance,'sʌbstәns,n.,"n. 物質, 實質, 主旨, 資產, 本質, 牢固\n[化] 物質",,,CEEC-108,3,,,,大考中心高中英文參考詞彙表（111學年度起適用）,LEVEL 3,官方清單,,,
ceec-108:level-3:subtract,subtract,sәb'trækt,v.,"vt. 減去, 扣掉, 減少\nvi. 做減法\n[計] 減",,,CEEC-108,3,,,,大考中心高中英文參考詞彙表（111學年度起適用）,LEVEL 3,官方清單,,,
ceec-108:level-3:suburb,suburb,'sʌbә:b,n.,"n. 市郊住宅區, 郊區, 邊緣",,,CEEC-108,3,,,,大考中心高中英文參考詞彙表（111學年度起適用）,LEVEL 3,官方清單,,,
ceec-108:level-3:suck,suck,sʌk,n.|v.,"vt. 吸, 吮, 吸入, 吮吸, 吸收\nvi. 吸, 吸奶\nn. 吸, 吸入, 吮吸",,,CEEC-108,3,,,,大考中心高中英文參考詞彙表（111學年度起適用）,LEVEL 3,官方清單,,,
ceec-108:level-3:suffer,suffer,'sʌfә,v.,"vt. 遭受, 經歷, 忍受\nvi. 受痛苦, 受損害",,,CEEC-108,3,,,,大考中心高中英文參考詞彙表（111學年度起適用）,LEVEL 3,官方清單,,,
ceec-108:level-3:sufficient,sufficient,sә'fiʃәnt,adj.,"a. 充分的, 足夠的\n[法] 充分的, 足夠的",,,CEEC-108,3,,,,大考中心高中英文參考詞彙表（111學年度起適用）,LEVEL 3,官方清單,,,
ceec-108:level-3:suicide,suicide,'sjuisaid,n.,"n. 自殺, 自殺者\nv. 自殺\na. 自殺的",,,CEEC-108,3,,,,大考中心高中英文參考詞彙表（111學年度起適用）,LEVEL 3,官方清單,,,
ceec-108:level-3:sum,sum,sʌm,n.|v.,"n. 總數, 總和, 金額, 概要, 頂點\nvt. 總計, 概括\nvi. 合計\n[計] 系統實用程式和維護",,,CEEC-108,3,,,,大考中心高中英文參考詞彙表（111學年度起適用）,LEVEL 3,官方清單,,,
ceec-108:level-3:summary,summary,'sʌmәri,n.,"n. 摘要, 概要\na. 摘要的, 簡略的\n[計] 摘要; 概要",,,CEEC-108,3,,,,大考中心高中英文參考詞彙表（111學年度起適用）,LEVEL 3,官方清單,,,
ceec-108:level-3:summit,summit,'sʌmit,n.,"n. 頂點, 最高階層, 最高階會議\na. 政府首腦的, 最高階的",,,CEEC-108,3,,,,大考中心高中英文參考詞彙表（111學年度起適用）,LEVEL 3,官方清單,,,
ceec-108:level-3:superior,superior,sju:'piәriә,adj.|n.,"n. 長者, 佔優勢的人, 上級\na. 上級的, 出眾的, 高傲的",,,CEEC-108,3,,,,大考中心高中英文參考詞彙表（111學年度起適用）,LEVEL 3,官方清單,,,
ceec-108:level-3:surround,surround,sә'raund,v.,"vt. 包圍, 環繞, 圍繞\nn. 圍繞物",,,CEEC-108,3,,,,大考中心高中英文參考詞彙表（111學年度起適用）,LEVEL 3,官方清單,,,
ceec-108:level-3:survey,survey,sә'vei,n.|v.,"n. 縱覽, 視察, 測量, 俯瞰, 調查\nvt. 審視, 視察, 俯瞰, 通盤考慮\nvi. 測量土地",,,CEEC-108,3,,,,大考中心高中英文參考詞彙表（111學年度起適用）,LEVEL 3,官方清單,,,
ceec-108:level-3:survivor,survivor,sә'vaivә,n.,"n. 生還者, 倖存者\n[法] 生還者, 生存者, 辛存者",,,CEEC-108,3,,,,大考中心高中英文參考詞彙表（111學年度起適用）,LEVEL 3,官方清單,,,
ceec-108:level-3:suspect,suspect,sә'spekt,adj.|n.|v.,"n. 被懷疑者, 嫌疑犯\na. 令人懷疑的, 不可信的, 可疑的\nv. 懷疑, 猜想",,,CEEC-108,3,,,,大考中心高中英文參考詞彙表（111學年度起適用）,LEVEL 3,官方清單,,,
ceec-108:level-3:suspicion,suspicion,sә'spiʃәn,n.,"n. 懷疑, 覺察, 嫌疑\n[法] 懷疑, 疑心, 嫌疑",,,CEEC-108,3,,,,大考中心高中英文參考詞彙表（111學年度起適用）,LEVEL 3,官方清單,,,
ceec-108:level-3:swan,swan,swɒn,n.,"n. 天鵝, 天鵝星座, 有才華的詩人\nvi. 閒蕩, 蜿蜒而行",,,CEEC-108,3,,,,大考中心高中英文參考詞彙表（111學年度起適用）,LEVEL 3,官方清單,,,
ceec-108:level-3:swear,swear,swєә,v.,"vt. 發誓, 咒罵, 使宣誓\nvi. 發誓, 詛咒\nn. 詛咒, 誓言",,,CEEC-108,3,,,,大考中心高中英文參考詞彙表（111學年度起適用）,LEVEL 3,官方清單,,,
ceec-108:level-3:sweat,sweat,swet,n.|v.,"n. 汗, 汗水, 水珠, 焦急\nvi. 出汗, 滲出, 冒出水氣, 結水珠, 煩惱, 懊惱\nvt. 使出汗, 流出, 榨出, 使汗流浹背",,,CEEC-108,3,,,,大考中心高中英文參考詞彙表（111學年度起適用）,LEVEL 3,官方清單,,,
ceec-108:level-3:swell,swell,swel,n.|v.,"n. 增大, 隆起的部分, 巨浪, 腫脹\na. 優秀的, 一流的\nvi. 增大, 膨脹, 腫脹, 增強, 驕傲\nvt. 使膨脹, 使增大, 使上漲, 使驕傲",,,CEEC-108,3,,,,大考中心高中英文參考詞彙表（111學年度起適用）,LEVEL 3,官方清單,,,
ceec-108:level-3:swift,swift,swift,adj.,"n. 褐雨燕, 快速爬行的小蜥蜴, 蝙蝠蛾, 大滾筒\na. 迅速的, 快的, 敏捷的, 立刻的\nadv. 迅速地, 敏捷地",,,CEEC-108,3,,,,大考中心高中英文參考詞彙表（111學年度起適用）,LEVEL 3,官方清單,,,
ceec-108:level-3:sword,sword,sɒ:d,n.,"n. 刀, 劍, 戰爭, 武力, 劍狀物",,,CEEC-108,3,,,,大考中心高中英文參考詞彙表（111學年度起適用）,LEVEL 3,官方清單,,,
ceec-108:level-3:tablet,tablet,'tæblit,n.,"n. 平板, 門牌, 筆記簿, 碑, 匾, 藥片\n[化] 片劑",,,CEEC-108,3,,,,大考中心高中英文參考詞彙表（111學年度起適用）,LEVEL 3,官方清單,,,
ceec-108:level-3:tag,tag,tæg,n.|v.,"n. 標籤, 附屬物, 碎片, 結束語, 口頭禪, 附加語, 渾名, 標記, 標記符\nvt. 附以籤條, 尾隨, 添飾, 起渾名, 連線\nvi. 緊緊跟隨\n[計] 標記",,,CEEC-108,3,,,,大考中心高中英文參考詞彙表（111學年度起適用）,LEVEL 3,官方清單,,,
ceec-108:level-3:tailor,tailor,'teilә,n.,"n. 裁縫, 成衣匠\nvt. 縫製, 製作, 使適應\nvi. 做裁縫",,,CEEC-108,3,,,,大考中心高中英文參考詞彙表（111學年度起適用）,LEVEL 3,官方清單,,,
ceec-108:level-3:talent,talent,'tælәnt,n.,"n. 天才, 才能, 有才幹的人, 天資",,,CEEC-108,3,,,,大考中心高中英文參考詞彙表（111學年度起適用）,LEVEL 3,官方清單,,,
ceec-108:level-3:talkative,talkative,'tɒ:kәtiv,adj.,"a. 喜歡說話的, 饒舌的, 多嘴的",,,CEEC-108,3,,,,大考中心高中英文參考詞彙表（111學年度起適用）,LEVEL 3,官方清單,,,
ceec-108:level-3:tame,tame,teim,adj.|v.,"a. 馴服的, 柔順的, 被開墾的, 順從的, 乏味的, 平淡的\nvt. 馴養, 馴服, 制服, 失去鋒芒\nvi. 變得馴服",,,CEEC-108,3,,,,大考中心高中英文參考詞彙表（111學年度起適用）,LEVEL 3,官方清單,,,
ceec-108:level-3:tangerine,tangerine,.tændʒә'ri:n,n.,n. 柑橘,,,CEEC-108,3,,,,大考中心高中英文參考詞彙表（111學年度起適用）,LEVEL 3,官方清單,,,
ceec-108:level-3:tank,tank,tæŋk,n.,"n. 槽, 箱, 櫃, 罐, 池塘, 儲水池, 坦克\nvt. 儲於箱中",,,CEEC-108,3,,,,大考中心高中英文參考詞彙表（111學年度起適用）,LEVEL 3,官方清單,,,
ceec-108:level-3:tap,tap,'tæp,n.|v.,"n. 輕打, 水龍頭\nvt. 輕打, 輕敲, 敲打出, 選擇, 裝上嘴子, 使流出, 開發, 分接, 向...乞討\nvi. 輕叩, 輕拍, 啪塔啪塔地走\n[計] 接頭",,,CEEC-108,3,,,,大考中心高中英文參考詞彙表（111學年度起適用）,LEVEL 3,官方清單,,,
ceec-108:level-3:tasty,tasty,'teisti,adj.,"a. 好吃的, 可口的",,,CEEC-108,3,,,,大考中心高中英文參考詞彙表（111學年度起適用）,LEVEL 3,官方清單,,,
ceec-108:level-3:tease,tease,ti:z,v.,"n. 揶揄, 戲弄, 逗惹\nvt. 戲弄, 取笑, 強求, 梳理, 使起毛",,,CEEC-108,3,,,,大考中心高中英文參考詞彙表（111學年度起適用）,LEVEL 3,官方清單,,,
ceec-108:level-3:technical,technical,'teknikl,adj.,"a. 技術上的, 專門的, 工業的, 嚴格根據法律的\n[化] 技巧",,,CEEC-108,3,,,,大考中心高中英文參考詞彙表（111學年度起適用）,LEVEL 3,官方清單,,,
ceec-108:level-3:technique,technique,tek'ni:k,n.,"n. 技巧, 技術, 方法\n[化] 工藝方法; 技巧",,,CEEC-108,3,,,,大考中心高中英文參考詞彙表（111學年度起適用）,LEVEL 3,官方清單,,,
ceec-108:level-3:teenage,teenage,'ti:nidʒ,adj.,a. 十三歲到十九歲的,,,CEEC-108,3,,,,大考中心高中英文參考詞彙表（111學年度起適用）,LEVEL 3,官方清單,,,
ceec-108:level-3:temper,temper,'tempә,n.,"n. (鋼等的)硬度, 脾氣, 心情, 中和劑, 傾向, 回火\nvt. 使回火, 鍛鍊, 調和, 使緩和\nvi. 回火",,,CEEC-108,3,,,,大考中心高中英文參考詞彙表（111學年度起適用）,LEVEL 3,官方清單,,,
ceec-108:level-3:temporary,temporary,'tempәrәri,adj.,"a. 暫時的, 臨時的\nn. 臨時工, 臨時僱員\n[計] 臨時",,,CEEC-108,3,,,,大考中心高中英文參考詞彙表（111學年度起適用）,LEVEL 3,官方清單,,,
ceec-108:level-3:tend,tend,tend,v.,"vi. 走向, 有某種的傾向, 易於, 照顧, 注意\nvt. 照料, 護理",,,CEEC-108,3,,,,大考中心高中英文參考詞彙表（111學年度起適用）,LEVEL 3,官方清單,,,
ceec-108:level-3:tender,tender,'tendә,adj.,"a. 嫩的, 柔軟的, 脆弱的, 溫柔的, 親切的, 未成熟的, 微妙的, 棘手的, 審慎的\nvt. 使變嫩, 提供, 償還\nvi. 變柔軟, 投標\nn. 照料, 看管人, 供應船, 小船, 提出, 償付, 投標",,,CEEC-108,3,,,,大考中心高中英文參考詞彙表（111學年度起適用）,LEVEL 3,官方清單,,,
ceec-108:level-3:tent,tent,tent,n.,"n. 帳篷, 帷幕, 住處, 塞條, 塞子\nvi. 住帳蓬, 宿營, 暫時居住\nvt. 用帳篷遮蓋, 使住帳篷, 用塞條嵌入",,,CEEC-108,3,,,,大考中心高中英文參考詞彙表（111學年度起適用）,LEVEL 3,官方清單,,,
ceec-108:level-3:terrific,terrific,tә'rifik,adj.,"a. 非常好的, 極端的, 可怕的",,,CEEC-108,3,,,,大考中心高中英文參考詞彙表（111學年度起適用）,LEVEL 3,官方清單,,,
ceec-108:level-3:territory,territory,'teritәri,n.,"n. 領土, 領地, 版圖, 地區, 活動範圍\n[經] (推銷員等的)推銷區域",,,CEEC-108,3,,,,大考中心高中英文參考詞彙表（111學年度起適用）,LEVEL 3,官方清單,,,
ceec-108:level-3:thankful,thankful,'θæŋkfәl,adj.,"a. 感謝的, 感激的, 欣慰的",,,CEEC-108,3,,,,大考中心高中英文參考詞彙表（111學年度起適用）,LEVEL 3,官方清單,,,
ceec-108:level-3:theory,theory,'θiәri,n.,"n. 理論, 學說, 原理, 意見, 推測\n[化] 理論",,,CEEC-108,3,,,,大考中心高中英文參考詞彙表（111學年度起適用）,LEVEL 3,官方清單,,,
ceec-108:level-3:thirst,thirst,θә:st,n.,"n. 口渴, 渴望\nvi. 口渴, 渴望",,,CEEC-108,3,,,,大考中心高中英文參考詞彙表（111學年度起適用）,LEVEL 3,官方清單,,,
ceec-108:level-3:thread,thread,θred,n.|v.,"n. 線, 絲, 纖維, 線索\nvt. 穿線於, 穿過, 透過, 用線穿成\nvi. 穿過\n[計] 線索, 執行緒",,,CEEC-108,3,,,,大考中心高中英文參考詞彙表（111學年度起適用）,LEVEL 3,官方清單,,,
ceec-108:level-3:threat,threat,θret,n.,"n. 恐嚇, 惡兆, 威脅\n[經] 威脅",,,CEEC-108,3,,,,大考中心高中英文參考詞彙表（111學年度起適用）,LEVEL 3,官方清單,,,
ceec-108:level-3:threaten,threaten,'θretn,v.,"vt. 恐嚇, 威脅, 預示...的凶兆\nvi. 威脅, 恫嚇, 可能來臨",,,CEEC-108,3,,,,大考中心高中英文參考詞彙表（111學年度起適用）,LEVEL 3,官方清單,,,
ceec-108:level-3:thumb,thumb,θʌm,n.|v.,"n. 拇指\nvt. 以拇指撥弄, 笨拙地擺弄, 用拇指翻舊, 迅速翻閱, 作搭車手勢",,,CEEC-108,3,,,,大考中心高中英文參考詞彙表（111學年度起適用）,LEVEL 3,官方清單,,,
ceec-108:level-3:tide,tide,taid,n.,"n. 潮, 潮汐, 趨勢, 潮流, 漲潮, 高潮\nvt. 使隨潮漂流\nvi. 順潮行駛",,,CEEC-108,3,,,,大考中心高中英文參考詞彙表（111學年度起適用）,LEVEL 3,官方清單,,,
ceec-108:level-3:tight,tight,tait,adj.|adv.,"a. 緊的, 密封的, 吝嗇的, 嚴厲的\nadv. 緊緊地",,,CEEC-108,3,,,,大考中心高中英文參考詞彙表（111學年度起適用）,LEVEL 3,官方清單,,,
ceec-108:level-3:tighten,tighten,'taitn,v.,"vt. 勒緊, 使變緊\nvi. 變緊, 繃緊",,,CEEC-108,3,,,,大考中心高中英文參考詞彙表（111學年度起適用）,LEVEL 3,官方清單,,,
ceec-108:level-3:timber,timber,'timbә,n.,"n. 木材, 木料\nvt. 用木材建造",,,CEEC-108,3,,,,大考中心高中英文參考詞彙表（111學年度起適用）,LEVEL 3,官方清單,,,
ceec-108:level-3:tobacco,tobacco,tә'bækәu,n.,"n. 菸草, 香菸\n[醫] 菸草",,,CEEC-108,3,,,,大考中心高中英文參考詞彙表（111學年度起適用）,LEVEL 3,官方清單,,,
ceec-108:level-3:ton,ton,tʌn,n.,n. 噸\n[經] 噸,,,CEEC-108,3,,,,大考中心高中英文參考詞彙表（111學年度起適用）,LEVEL 3,官方清單,,,
ceec-108:level-3:toss,toss,tɒs,n.|v.,"n. 投擲, 拋, 搖擺, 震盪, 擲錢幣決定\nvt. 投擲, 猛抬, 搖盪, 使不安, 擲錢幣決定\nvi. 被到處扔, 搖擺, 顛簸, 輾轉, 擲錢幣決定某事",,,CEEC-108,3,,,,大考中心高中英文參考詞彙表（111學年度起適用）,LEVEL 3,官方清單,,,
ceec-108:level-3:tough,tough,tʌf,adj.,"n. 惡棍\na. 強硬的, 艱苦的, 堅固的, 堅韌的, 粗暴的, 咬不動的",,,CEEC-108,3,,,,大考中心高中英文參考詞彙表（111學年度起適用）,LEVEL 3,官方清單,,,
ceec-108:level-3:tourism,tourism,'tuәrizm,n.,"n. 觀光業, 遊覽\n[經] 旅遊業",,,CEEC-108,3,,,,大考中心高中英文參考詞彙表（111學年度起適用）,LEVEL 3,官方清單,,,
ceec-108:level-3:tourist,tourist,'tuәrist,n.,"n. 觀光客, 旅行者\na. 旅遊的",,,CEEC-108,3,,,,大考中心高中英文參考詞彙表（111學年度起適用）,LEVEL 3,官方清單,,,
ceec-108:level-3:tow,tow,tәu,n.|v.,"n. 拖, 拖繩, 拖輪\nvt. 拖, 拉, 牽引",,,CEEC-108,3,,,,大考中心高中英文參考詞彙表（111學年度起適用）,LEVEL 3,官方清單,,,
ceec-108:level-3:tower,tower,'tauә,n.,"n. 塔, 高樓, 堡壘\nvi. 高聳, 翱翔",,,CEEC-108,3,,,,大考中心高中英文參考詞彙表（111學年度起適用）,LEVEL 3,官方清單,,,
ceec-108:level-3:trace,trace,treis,n.|v.,"n. 痕跡, 蹤跡, 微量, 跡線, 韁繩\nvt. 追蹤, 回溯, 描繪\nvi. 追溯, 沿路走",,,CEEC-108,3,,,,大考中心高中英文參考詞彙表（111學年度起適用）,LEVEL 3,官方清單,,,
ceec-108:level-3:trader,trader,'treidә,n.,"n. 商人, 商船\n[經] 交易者, 商船",,,CEEC-108,3,,,,大考中心高中英文參考詞彙表（111學年度起適用）,LEVEL 3,官方清單,,,
ceec-108:level-3:trail,trail,treil,n.|v.,"n. 蹤跡, 痕跡, 一串, 尾部, 小徑, 持槍姿勢\nvt. 拖, 尾隨, 追蹤, 落後於, 開出路\nvi. 拖曳, 垂下, 落後, 飄出, 蔓生",,,CEEC-108,3,,,,大考中心高中英文參考詞彙表（111學年度起適用）,LEVEL 3,官方清單,,,
ceec-108:level-3:transport,transport,træns'pɒ:t,n.|v.,"n. 運輸, 運輸工具, 激動, 狂喜, 流放犯\nvt. 傳送, 運輸, 流放\n[計] 傳送",,,CEEC-108,3,,,,大考中心高中英文參考詞彙表（111學年度起適用）,LEVEL 3,官方清單,,,
ceec-108:level-3:traveler,traveler,'trævlә,n.,"n. 旅行者, 遊客, 旅客, 旅行推銷員, 活動起重架, 行車, 臨時記帳單",,,CEEC-108,3,,,,大考中心高中英文參考詞彙表（111學年度起適用）,LEVEL 3,官方清單,,,
ceec-108:level-3:tray,tray,trei,n.,"n. 托盤, 公文盤, 滿盤, 發射箱\n[化] 淋盤",,,CEEC-108,3,,,,大考中心高中英文參考詞彙表（111學年度起適用）,LEVEL 3,官方清單,,,
ceec-108:level-3:trend,trend,trend,n.,"n. 趨勢, 傾向, 走向\nvi. 傾向, 轉向\n[計] 趨勢",,,CEEC-108,3,,,,大考中心高中英文參考詞彙表（111學年度起適用）,LEVEL 3,官方清單,,,
ceec-108:level-3:tribe,tribe,traib,n.,"n. 宗族, 部落, 一群人\n[醫] 族(生物分類)",,,CEEC-108,3,,,,大考中心高中英文參考詞彙表（111學年度起適用）,LEVEL 3,官方清單,,,
ceec-108:level-3:tricky,tricky,'triki,adj.,"a. 狡猾的, 機敏的",,,CEEC-108,3,,,,大考中心高中英文參考詞彙表（111學年度起適用）,LEVEL 3,官方清單,,,
ceec-108:level-3:troop,troop,tru:p,n.,"n. 軍隊, 一群, 一隊\nvi. 群集, 結隊, 成群而行",,,CEEC-108,3,,,,大考中心高中英文參考詞彙表（111學年度起適用）,LEVEL 3,官方清單,,,
ceec-108:level-3:tropical,tropical,'trɒpikl,adj.,"a. 熱帶的, 熱情的\n[醫] 熱帶的",,,CEEC-108,3,,,,大考中心高中英文參考詞彙表（111學年度起適用）,LEVEL 3,官方清單,,,
ceec-108:level-3:trumpet,trumpet,'trʌmpit,n.,"n. 喇叭, 小號, 喇叭聲\nvi. 吹喇叭\nvt. 用喇叭吹出, 吹噓",,,CEEC-108,3,,,,大考中心高中英文參考詞彙表（111學年度起適用）,LEVEL 3,官方清單,,,
ceec-108:level-3:trunk,trunk,trʌŋk,n.,"n. 樹幹, 幹線, 軀幹, 主幹, 象鼻, 箱子\nvt. 把...放入旅行箱內\na. 樹幹的, 軀幹的, 幹線的, 箱形的\n[計] 中繼線; 母線",,,CEEC-108,3,,,,大考中心高中英文參考詞彙表（111學年度起適用）,LEVEL 3,官方清單,,,
ceec-108:level-3:truthful,truthful,'tru:θful,adj.,"a. 說真話的, 誠實的, 真實的, 如實的\n[法] 真實的, 說實話的, 誠實的",,,CEEC-108,3,,,,大考中心高中英文參考詞彙表（111學年度起適用）,LEVEL 3,官方清單,,,
ceec-108:level-3:tub,tub,tʌb,n.,"n. 桶, 浴盆\nvt. 裝入桶, 洗澡\nvi. 洗盆浴, 被放在桶裡洗",,,CEEC-108,3,,,,大考中心高中英文參考詞彙表（111學年度起適用）,LEVEL 3,官方清單,,,
ceec-108:level-3:tug,tug,tʌg,n.|v.,"n. 用力拉, 拖曳, 苦幹, 掙扎, 繩索\nv. 用力拉",,,CEEC-108,3,,,,大考中心高中英文參考詞彙表（111學年度起適用）,LEVEL 3,官方清單,,,
ceec-108:level-3:tune,tune,tju:n,n.|v.,"n. 歌曲, 主旋律, 心情, 聲調, 和諧, 一致, 語調, 程度\nvt. 為...調音, 調整, 調諧, 使一致\nvi. 協調, 調諧",,,CEEC-108,3,,,,大考中心高中英文參考詞彙表（111學年度起適用）,LEVEL 3,官方清單,,,
ceec-108:level-3:tunnel,tunnel,'tʌnl,n.|v.,"n. 隧道, 地下道\nvi. 挖隧道\nvt. 掘隧道於",,,CEEC-108,3,,,,大考中心高中英文參考詞彙表（111學年度起適用）,LEVEL 3,官方清單,,,
ceec-108:level-3:tutor,tutor,'tju:tә,n.|v.,"n. 家庭教師, 導師, 助教, 監護人\nvt. 當...的教師, 教, 指導, 約束, 剋制\nvi. 當家庭教師, 受家庭教師的指導",,,CEEC-108,3,,,,大考中心高中英文參考詞彙表（111學年度起適用）,LEVEL 3,官方清單,,,
ceec-108:level-3:twin,twin,twin,n.,"n. 雙胞胎中一人, 一對非常相像的人(或物)中的一個\na. 雙胞胎的, 成對的, 孿生的\nvi. 生雙胞胎, 成對\nvt. 懷(雙胞胎), 使成對",,,CEEC-108,3,,,,大考中心高中英文參考詞彙表（111學年度起適用）,LEVEL 3,官方清單,,,
ceec-108:level-3:twist,twist,twist,n.|v.,"n. 一扭, 扭曲, 曲折, 歪曲, 螺旋狀, 新手法\nvt. 擰, 扭, 捻, 編織, 使扭轉, 纏繞, 盤繞, 歪曲, 使轉動, 使苦惱, 使混亂, 使旋轉\nvi. 轉向, 彎曲, 纏繞, 扭動, 呈螺旋形",,,CEEC-108,3,,,,大考中心高中英文參考詞彙表（111學年度起適用）,LEVEL 3,官方清單,,,
ceec-108:level-3:underlying,underlying,.ʌndә'laiiŋ,v.,"a. 在下面的\n[經] 優先的, 基礎的, 放在下面的",,,CEEC-108,3,,,,大考中心高中英文參考詞彙表（111學年度起適用）,LEVEL 3,官方清單,,,
ceec-108:level-3:underwear,underwear,'ʌndәwєә,n.,n. 內衣,,,CEEC-108,3,,,,大考中心高中英文參考詞彙表（111學年度起適用）,LEVEL 3,官方清單,,,
ceec-108:level-3:union,union,'ju:njәn,n.,"n. 聯盟, 聯合, 結合, 工會\n[化] 聯合; 聯管節; 活接頭",,,CEEC-108,3,,,,大考中心高中英文參考詞彙表（111學年度起適用）,LEVEL 3,官方清單,,,
ceec-108:level-3:unique,unique,ju:'ni:k,adj.|n.,"a. 獨一無二的, 獨特的, 稀罕的",,,CEEC-108,3,,,,大考中心高中英文參考詞彙表（111學年度起適用）,LEVEL 3,官方清單,,,
ceec-108:level-3:unite,unite,ju:'nait,v.,"vi. 聯合, 接合, 混合\nvt. 使聯合, 統一, 使粘合, 使結合",,,CEEC-108,3,,,,大考中心高中英文參考詞彙表（111學年度起適用）,LEVEL 3,官方清單,,,
ceec-108:level-3:unity,unity,'ju:niti,n.,"n. 一致, 聯合, 單一(性), 個體\n[經] 統一",,,CEEC-108,3,,,,大考中心高中英文參考詞彙表（111學年度起適用）,LEVEL 3,官方清單,,,
ceec-108:level-3:urban,urban,'ә:bәn,adj.,"a. 都市的, 住在都市的, 習慣於都市的\n[法] 城市的, 都市的, 市區的",,,CEEC-108,3,,,,大考中心高中英文參考詞彙表（111學年度起適用）,LEVEL 3,官方清單,,,
ceec-108:level-3:vacant,vacant,'veikәnt,adj.,"a. 空的, 空白的, 空虛的, 空閒的, 茫然的, 空缺的\n[法] 空的, 空虛的, 閒暇的",,,CEEC-108,3,,,,大考中心高中英文參考詞彙表（111學年度起適用）,LEVEL 3,官方清單,,,
ceec-108:level-3:van,van,væn,n.,"n. 貨車, 篷車, 先鋒, 前驅, 前衛\nvt. 用貨車搬運\n[計] 增值網",,,CEEC-108,3,,,,大考中心高中英文參考詞彙表（111學年度起適用）,LEVEL 3,官方清單,,,
ceec-108:level-3:vanish,vanish,'væniʃ,v.,"vi. 消失, 不見, 成為零",,,CEEC-108,3,,,,大考中心高中英文參考詞彙表（111學年度起適用）,LEVEL 3,官方清單,,,
ceec-108:level-3:variety,variety,vә'raiәti,n.,"n. 多樣, 種類, 變種, 雜耍\n[化] 變種",,,CEEC-108,3,,,,大考中心高中英文參考詞彙表（111學年度起適用）,LEVEL 3,官方清單,,,
ceec-108:level-3:various,various,'vєәriәs,adj.,"a. 不同的, 各種的, 多方面的, 許多的, 個別的, 雜色的\n[法] 不同的, 種種的, 各式各樣的",,,CEEC-108,3,,,,大考中心高中英文參考詞彙表（111學年度起適用）,LEVEL 3,官方清單,,,
ceec-108:level-3:vary,vary,'vєәri,v.,"vt. 改變, 使多樣化\nvi. 變化, 有不同, 違反",,,CEEC-108,3,,,,大考中心高中英文參考詞彙表（111學年度起適用）,LEVEL 3,官方清單,,,
ceec-108:level-3:vase,vase,veis,n.,"n. 花瓶, 瓶",,,CEEC-108,3,,,,大考中心高中英文參考詞彙表（111學年度起適用）,LEVEL 3,官方清單,,,
ceec-108:level-3:vehicle,vehicle,'vi:ikl,n.,"n. 交通工具, 車輛, 傳播媒介\n[化] 載體; 運載體; 漆料",,,CEEC-108,3,,,,大考中心高中英文參考詞彙表（111學年度起適用）,LEVEL 3,官方清單,,,
ceec-108:level-3:verse,verse,vә:s,n.,"n. 詩, 韻文, 詩句\nvt. 用詩表達\nvi. 作詩",,,CEEC-108,3,,,,大考中心高中英文參考詞彙表（111學年度起適用）,LEVEL 3,官方清單,,,
ceec-108:level-3:vest,vest,vest,n.,"n. 背心, 汗背心\nvt. 使穿衣服, 授予\nvi. 穿衣服, 歸屬",,,CEEC-108,3,,,,大考中心高中英文參考詞彙表（111學年度起適用）,LEVEL 3,官方清單,,,
ceec-108:level-3:victim,victim,'viktim,n.,"n. 受害人, 犧牲者, 犧牲品\n[法] 受害人, 被害人, 遭難者",,,CEEC-108,3,,,,大考中心高中英文參考詞彙表（111學年度起適用）,LEVEL 3,官方清單,,,
ceec-108:level-3:violence,violence,'vaiәlәns,n.,"n. 猛烈, 暴力, 暴虐, 暴行\n[法] 暴行, 暴力, 暴亂",,,CEEC-108,3,,,,大考中心高中英文參考詞彙表（111學年度起適用）,LEVEL 3,官方清單,,,
ceec-108:level-3:violent,violent,'vaiәlәnt,adj.,"a. 暴力的, 猛烈的, 激烈的, 極端的, 兇暴的",,,CEEC-108,3,,,,大考中心高中英文參考詞彙表（111學年度起適用）,LEVEL 3,官方清單,,,
ceec-108:level-3:violet,violet,'vaiәlit,adj.|n.,"n. 堇菜, 紫羅蘭\na. 堇菜科的, 紫羅蘭色的",,,CEEC-108,3,,,,大考中心高中英文參考詞彙表（111學年度起適用）,LEVEL 3,官方清單,,,
ceec-108:level-3:visible,visible,'vizәbl,adj.,"a. 看得見的, 明顯的, 顯然的\nn. 可見物",,,CEEC-108,3,,,,大考中心高中英文參考詞彙表（111學年度起適用）,LEVEL 3,官方清單,,,
ceec-108:level-3:vision,vision,'viʒәn,n.,"n. 視覺, 眼光, 視力, 幻想\nvt. 夢見, 想象, 顯示",,,CEEC-108,3,,,,大考中心高中英文參考詞彙表（111學年度起適用）,LEVEL 3,官方清單,,,
ceec-108:level-3:vitamin,vitamin,'vaitәmin,n.,n. 維生素\n[化] 維生素,,,CEEC-108,3,,,,大考中心高中英文參考詞彙表（111學年度起適用）,LEVEL 3,官方清單,,,
ceec-108:level-3:vivid,vivid,'vivid,adj.,"a. 生動的, 鮮明的, 鮮豔的, 活潑的, 逼真的, 清晰的",,,CEEC-108,3,,,,大考中心高中英文參考詞彙表（111學年度起適用）,LEVEL 3,官方清單,,,
ceec-108:level-3:vocabulary,vocabulary,vә'kæbjulәri,n.,"n. 詞彙(量), 詞彙表\n[計] 詞表",,,CEEC-108,3,,,,大考中心高中英文參考詞彙表（111學年度起適用）,LEVEL 3,官方清單,,,
ceec-108:level-3:volleyball,volleyball,'vɒlibɒ:l,n.,n. 排球,,,CEEC-108,3,,,,大考中心高中英文參考詞彙表（111學年度起適用）,LEVEL 3,官方清單,,,
ceec-108:level-3:volume,volume,'vɒljum,n.,"n. 冊, 卷, 體積, 容量, 大量, 許多, 份量, 音量\nvi. 成團捲起\nvt. 把...收整合卷\na. 大量的\n[計] 卷",,,CEEC-108,3,,,,大考中心高中英文參考詞彙表（111學年度起適用）,LEVEL 3,官方清單,,,
ceec-108:level-3:voter,voter,'vәutә,n.,"n. 選民, 投票人\n[法] 選民, 選舉人, 投票人",,,CEEC-108,3,,,,大考中心高中英文參考詞彙表（111學年度起適用）,LEVEL 3,官方清單,,,
ceec-108:level-3:wage,wage,weidʒ,n.,"n. 工資, 報應, 報償\nvt. 開展, 進行\nvi. 進行",,,CEEC-108,3,,,,大考中心高中英文參考詞彙表（111學年度起適用）,LEVEL 3,官方清單,,,
ceec-108:level-3:wagon,wagon,'wægәn,n.,"n. 四輪馬車, 貨車\n[法] 囚車, 馬車, 運貨車",,,CEEC-108,3,,,,大考中心高中英文參考詞彙表（111學年度起適用）,LEVEL 3,官方清單,,,
ceec-108:level-3:wander,wander,'wɒndә,n.|v.,"vi. 遊蕩, 漫步, 徘徊, 迷路, 離題, 蜿蜒\nvt. 在...漫遊",,,CEEC-108,3,,,,大考中心高中英文參考詞彙表（111學年度起適用）,LEVEL 3,官方清單,,,
ceec-108:level-3:warmth,warmth,wɒ:mθ,n.,"n. 溫暖, 溫情, 暖和, 激動, 生氣",,,CEEC-108,3,,,,大考中心高中英文參考詞彙表（111學年度起適用）,LEVEL 3,官方清單,,,
ceec-108:level-3:warn,warn,wɒ:n,v.,"vt. 警告, 提醒, 通知\nvi. 發出警告",,,CEEC-108,3,,,,大考中心高中英文參考詞彙表（111學年度起適用）,LEVEL 3,官方清單,,,
ceec-108:level-3:waterfall,waterfall,'wɒtәfɒ:l,n.,n. 瀑布,,,CEEC-108,3,,,,大考中心高中英文參考詞彙表（111學年度起適用）,LEVEL 3,官方清單,,,
ceec-108:level-3:wax,wax,wæks,n.|v.,"n. 蠟, 蠟狀物, 一陣發怒, 增加, (月亮)漸盈\nvi. 變大, 增大, 月亮漸滿\nvt. 上蠟於",,,CEEC-108,3,,,,大考中心高中英文參考詞彙表（111學年度起適用）,LEVEL 3,官方清單,,,
ceec-108:level-3:weaken,weaken,'wi:kәn,v.,"vt. 削弱, 減弱, 使虛弱\nvi. 變弱, 變軟弱",,,CEEC-108,3,,,,大考中心高中英文參考詞彙表（111學年度起適用）,LEVEL 3,官方清單,,,
ceec-108:level-3:wealthy,wealthy,'welθi,adj.,"a. 富有的, 豐裕的, 充分的",,,CEEC-108,3,,,,大考中心高中英文參考詞彙表（111學年度起適用）,LEVEL 3,官方清單,,,
ceec-108:level-3:weapon,weapon,'wepәn,n.,"n. 武器, 兵器\nvt. 武裝",,,CEEC-108,3,,,,大考中心高中英文參考詞彙表（111學年度起適用）,LEVEL 3,官方清單,,,
ceec-108:level-3:weave,weave,wi:v,n.|v.,"n. 編法, 織法, 編織式樣\nvt. 編織, 組合, 編排, 使迂迴前進\nvi. 紡織, 迂迴行進",,,CEEC-108,3,,,,大考中心高中英文參考詞彙表（111學年度起適用）,LEVEL 3,官方清單,,,
ceec-108:level-3:web,web,web,n.,"n. 網, 蛛絲, 蹼, 織物, 圈套, 捲筒紙\nvi. 結網, 形成網\nvt. 織蜘蛛網於, 使落入圈套",,,CEEC-108,3,,,,大考中心高中英文參考詞彙表（111學年度起適用）,LEVEL 3,官方清單,,,
ceec-108:level-3:wed,wed,wed,v.,"vt. 與...結婚, 使結合\nvi. 結婚",,,CEEC-108,3,,,,大考中心高中英文參考詞彙表（111學年度起適用）,LEVEL 3,官方清單,,,
ceec-108:level-3:weed,weed,wi:d,n.|v.,"n. 雜草, 野草\nvi. 除草\nvt. 除...的草, 剔除",,,CEEC-108,3,,,,大考中心高中英文參考詞彙表（111學年度起適用）,LEVEL 3,官方清單,,,
ceec-108:level-3:weekly,weekly,'wi:kli,adj.|adv.|n.,"n. 週刊, 週報\na. 每週的, 一週一次的, 週刊的\nadv. 每週, 一週一次",,,CEEC-108,3,,,,大考中心高中英文參考詞彙表（111學年度起適用）,LEVEL 3,官方清單,,,
ceec-108:level-3:weep,weep,wi:p,v.,"n. 哭, 哭泣\nvi. 哭泣, 流淚, 哀悼, 滴落\nvt. 哭著使..., 悲嘆, 滴下",,,CEEC-108,3,,,,大考中心高中英文參考詞彙表（111學年度起適用）,LEVEL 3,官方清單,,,
ceec-108:level-3:wheat,wheat,hwi:t,n.,n. 小麥,,,CEEC-108,3,,,,大考中心高中英文參考詞彙表（111學年度起適用）,LEVEL 3,官方清單,,,
ceec-108:level-3:whip,whip,hwip,n.|v.,"n. 鞭子, 抽打, 車伕, 攪拌器\nvt. 鞭打, 攪拌, 煽動, 召集, 倉促製成\nvi. 拍擊, 急走, 抽打",,,CEEC-108,3,,,,大考中心高中英文參考詞彙表（111學年度起適用）,LEVEL 3,官方清單,,,
ceec-108:level-3:whistle,whistle,'hwisl,n.|v.,"n. 口哨, 汽笛, 嘯嘯聲, 口哨聲\nvi. 吹口哨, 鳴汽笛, 發噓噓聲\nvt. 用口哨或吹哨傳意, 用口哨演奏",,,CEEC-108,3,,,,大考中心高中英文參考詞彙表（111學年度起適用）,LEVEL 3,官方清單,,,
ceec-108:level-3:wicked,wicked,'wikid,adj.,"a. 壞的, 邪惡的, 缺德的, 刻毒的, 惡劣的, 淘氣的",,,CEEC-108,3,,,,大考中心高中英文參考詞彙表（111學年度起適用）,LEVEL 3,官方清單,,,
ceec-108:level-3:widen,widen,'waidn,v.,"vt. 弄寬, 加寬, 擴大\nvi. 變寬, 擴大",,,CEEC-108,3,,,,大考中心高中英文參考詞彙表（111學年度起適用）,LEVEL 3,官方清單,,,
ceec-108:level-3:wipe,wipe,waip,n.|v.,"n. 擦拭, 用力打, 凸輪\nvt. 擦, 揩, 消滅, 塗上, 拭去\nvi. 擦, 打",,,CEEC-108,3,,,,大考中心高中英文參考詞彙表（111學年度起適用）,LEVEL 3,官方清單,,,
ceec-108:level-3:wisdom,wisdom,'wizdәm,n.,"n. 智慧, 明智行為, 學識, 名言, 賢人",,,CEEC-108,3,,,,大考中心高中英文參考詞彙表（111學年度起適用）,LEVEL 3,官方清單,,,
ceec-108:level-3:wrap,wrap,ræp,n.|v.,"n. 外套, 圍巾, 包裹物, 限制, 約束, 秘密, 換行\nvt. 包裝, 卷, 纏繞, 包, 裹, 覆蓋, 遮蔽, 隱藏, 掩護\nvi. 纏繞, 穿外衣, 包起來\n[計] 換行",,,CEEC-108,3,,,,大考中心高中英文參考詞彙表（111學年度起適用）,LEVEL 3,官方清單,,,
ceec-108:level-3:wrist,wrist,rist,n.,"n. 手腕, 腕關節\n[醫] 腕",,,CEEC-108,3,,,,大考中心高中英文參考詞彙表（111學年度起適用）,LEVEL 3,官方清單,,,
ceec-108:level-3:yearly,yearly,'jiәli,adj.|adv.,"a. 每年的, 一年一度的\nadv. 一年一次, 每年",,,CEEC-108,3,,,,大考中心高中英文參考詞彙表（111學年度起適用）,LEVEL 3,官方清單,,,
ceec-108:level-3:yell,yell,jel,n.|v.,"vi. 叫喊, 大叫, (齊聲)吶喊歡呼\nvt. 喊叫著說\nn. 叫聲, 喊聲, 吶喊",,,CEEC-108,3,,,,大考中心高中英文參考詞彙表（111學年度起適用）,LEVEL 3,官方清單,,,
ceec-108:level-3:yolk,yolk,jәuk,n.,"n. 蛋黃, 卵黃\n[醫] 卵黃, 羊毛脂",,,CEEC-108,3,,,,大考中心高中英文參考詞彙表（111學年度起適用）,LEVEL 3,官方清單,,,
ceec-108:level-3:youngster,youngster,'jʌŋstә,n.,"n. 小孩, 年輕人, 少年\n[法] 兒童, 少年, 青年",,,CEEC-108,3,,,,大考中心高中英文參考詞彙表（111學年度起適用）,LEVEL 3,官方清單,,,
ceec-108:level-3:zipper,zipper,'zipә,n.|v.,n. 拉鍊,,,CEEC-108,3,,,,大考中心高中英文參考詞彙表（111學年度起適用）,LEVEL 3,官方清單,,,
ceec-108:level-3:zone,zone,zәun,n.|v.,"n. 地帶, 帶, 地區\nvt. 環繞, 使分成地帶\nvi. 分成區\n[計] 卡片頂部的三行區; 區; 區域",,,CEEC-108,3,,,,大考中心高中英文參考詞彙表（111學年度起適用）,LEVEL 3,官方清單,,,
ceec-108:level-4:abandon,abandon,ә'bændәn,v.,"vt. 放棄, 拋棄, 遺棄, 使屈從, 沉溺, 放縱\nn. 放任, 無拘束, 狂熱",,,CEEC-108,4,,,,大考中心高中英文參考詞彙表（111學年度起適用）,LEVEL 4,官方清單,,,
ceec-108:level-4:absolute,absolute,'æbsәlu:t,adj.,"a. 絕對的, 專制的, 完全的, 獨立的\nn. 絕對事物",,,CEEC-108,4,,,,大考中心高中英文參考詞彙表（111學年度起適用）,LEVEL 4,官方清單,,,
ceec-108:level-4:absorb,absorb,әb'sɒ:b,v.,"vt. 吸收, 使全神貫注, 同化, 買進, 理解, 承受, 忍受, 承擔\n[醫] 吸收",,,CEEC-108,4,,,,大考中心高中英文參考詞彙表（111學年度起適用）,LEVEL 4,官方清單,,,
ceec-108:level-4:abstract,abstract,'æbstrækt,adj.,"a. 抽象的, 深奧的\nn. 摘要, 抽象概念\nvt. 摘要, 提煉, 使抽象化\n[計] 摘錄; 摘要; 抽象",,,CEEC-108,4,,,,大考中心高中英文參考詞彙表（111學年度起適用）,LEVEL 4,官方清單,,,
ceec-108:level-4:academic,academic,.ækә'demik,adj.,"a. 學院的, 學術的, 不切實際的\nn. 大學生, 大學教師, 學者, 學會會員",,,CEEC-108,4,,,,大考中心高中英文參考詞彙表（111學年度起適用）,LEVEL 4,官方清單,,,
ceec-108:level-4:accent,accent,'æksәnt,n.,"n. 重音, 口音, 特點, 注重點\nvt. 重讀, 加重音號於, 強調",,,CEEC-108,4,,,,大考中心高中英文參考詞彙表（111學年度起適用）,LEVEL 4,官方清單,,,
ceec-108:level-4:acceptance,acceptance,әk'septәns,n.,"n. 接受, 接納, 承認, 同意, 贊同, 容忍, 相信\n[經] 承兌, 認付, (工程)驗收",,,CEEC-108,4,,,,大考中心高中英文參考詞彙表（111學年度起適用）,LEVEL 4,官方清單,,,
ceec-108:level-4:access,access,'ækses,n.|v.,"n. 通路, 入口, 接近, 進入, 使用權, 發作\nvt. 訪問, 存取, 接近, 使用\n[計] 訪問, 存取",,,CEEC-108,4,,,,大考中心高中英文參考詞彙表（111學年度起適用）,LEVEL 4,官方清單,,,
ceec-108:level-4:accidental,accidental,.æksi'dentl,adj.,"a. 意外的, 偶然的, 非主要的, 附屬的\nn. 臨時記號, 次要方面",,,CEEC-108,4,,,,大考中心高中英文參考詞彙表（111學年度起適用）,LEVEL 4,官方清單,,,
ceec-108:level-4:accompany,accompany,ә'kʌmpәni,v.,"vt. 陪伴, 伴隨, 補充, 為...伴奏\nvi. 伴奏, 伴唱",,,CEEC-108,4,,,,大考中心高中英文參考詞彙表（111學年度起適用）,LEVEL 4,官方清單,,,
ceec-108:level-4:accomplish,accomplish,ә'kʌmpliʃ,v.,"vt. 完成, 達到, 實現, 使完美",,,CEEC-108,4,,,,大考中心高中英文參考詞彙表（111學年度起適用）,LEVEL 4,官方清單,,,
ceec-108:level-4:accomplishment,accomplishment,ә'kʌmpliʃmәnt,n.,"n. 成就, 完成",,,CEEC-108,4,,,,大考中心高中英文參考詞彙表（111學年度起適用）,LEVEL 4,官方清單,,,
ceec-108:level-4:accountant,accountant,ә'kauntәnt,n.,"n. 會計人員, 會計師\n[經] 會計師, 會計人員",,,CEEC-108,4,,,,大考中心高中英文參考詞彙表（111學年度起適用）,LEVEL 4,官方清單,,,
ceec-108:level-4:accuracy,accuracy,'ækjurәsi,n.,"n. 精確, 正確\n[計] 準確度",,,CEEC-108,4,,,,大考中心高中英文參考詞彙表（111學年度起適用）,LEVEL 4,官方清單,,,
ceec-108:level-4:accuse,accuse,ә'kju:z,v.,"vt. 指責, 控告, 歸咎於\nvi. 指責, 控告",,,CEEC-108,4,,,,大考中心高中英文參考詞彙表（111學年度起適用）,LEVEL 4,官方清單,,,
ceec-108:level-4:acid,acid,'æsid,adj.|n.,"n. 酸, 酸類物質, 尖刻, 迷幻藥\na. 酸的, 酸性的, 尖刻的, 敏銳的\n[計] 自動文件互參與索引生成程式",,,CEEC-108,4,,,,大考中心高中英文參考詞彙表（111學年度起適用）,LEVEL 4,官方清單,,,
ceec-108:level-4:acquaintance,acquaintance,ә'kweintәns,n.,"n. 認識, 相識者",,,CEEC-108,4,,,,大考中心高中英文參考詞彙表（111學年度起適用）,LEVEL 4,官方清單,,,
ceec-108:level-4:acquire,acquire,ә'kwaiә,v.,"vt. 獲得, 學到\n[電] 目標鎖定",,,CEEC-108,4,,,,大考中心高中英文參考詞彙表（111學年度起適用）,LEVEL 4,官方清單,,,
ceec-108:level-4:adapt,adapt,ә'dæpt,v.,"vt. 使適應, 改編\nvi. 適應",,,CEEC-108,4,,,,大考中心高中英文參考詞彙表（111學年度起適用）,LEVEL 4,官方清單,,,
ceec-108:level-4:addict,addict,ә'dikt,n.|v.,"vt. 使沉溺, 使上癮\nn. 入迷的人, 上癮者",,,CEEC-108,4,,,,大考中心高中英文參考詞彙表（111學年度起適用）,LEVEL 4,官方清單,,,
ceec-108:level-4:adequate,adequate,'ædikwәt,adj.,"a. 適當的, 足夠的\n[法] 勝任的, 適當的, 充分的",,,CEEC-108,4,,,,大考中心高中英文參考詞彙表（111學年度起適用）,LEVEL 4,官方清單,,,
ceec-108:level-4:adjust,adjust,ә'dʒʌst,v.,"vt. 調整, 使適應於, 校準\nvi. 適應於, 被調節, 相互熟悉而適應",,,CEEC-108,4,,,,大考中心高中英文參考詞彙表（111學年度起適用）,LEVEL 4,官方清單,,,
ceec-108:level-4:adjustment,adjustment,ә'dʒʌstmәnt,n.,"n. 調整, 調節, 校正\n[化] 調節",,,CEEC-108,4,,,,大考中心高中英文參考詞彙表（111學年度起適用）,LEVEL 4,官方清單,,,
ceec-108:level-4:admirable,admirable,'ædmәrәbl,adj.,"a. 可欽佩的, 極好的, 令人驚奇的",,,CEEC-108,4,,,,大考中心高中英文參考詞彙表（111學年度起適用）,LEVEL 4,官方清單,,,
ceec-108:level-4:admiration,admiration,.ædmә'reiʃәn,n.,"n. 讚賞, 欽佩, 引人讚賞的物件",,,CEEC-108,4,,,,大考中心高中英文參考詞彙表（111學年度起適用）,LEVEL 4,官方清單,,,
ceec-108:level-4:admission,admission,әd'miʃәn,n.,"n. 准許進入, 入場費, 錄用, 承認\n[經] 加入, 入股",,,CEEC-108,4,,,,大考中心高中英文參考詞彙表（111學年度起適用）,LEVEL 4,官方清單,,,
ceec-108:level-4:adopt,adopt,ә'dɒpt,v.,"vt. 採用, 正式透過, 收養, 接受\n[醫] 採取",,,CEEC-108,4,,,,大考中心高中英文參考詞彙表（111學年度起適用）,LEVEL 4,官方清單,,,
ceec-108:level-4:agency,agency,'eidʒәnsi,n.,"n. 代理機構, 經銷商, 中介\n[化] 辦事處",,,CEEC-108,4,,,,大考中心高中英文參考詞彙表（111學年度起適用）,LEVEL 4,官方清單,,,
ceec-108:level-4:agent,agent,'eidʒәnt,n.,"n. 代理商, 政府代表, 動原, 媒介\n[計] 代理程式",,,CEEC-108,4,,,,大考中心高中英文參考詞彙表（111學年度起適用）,LEVEL 4,官方清單,,,
ceec-108:level-4:aggressive,aggressive,ә'gresiv,adj.,"a. 侵略的, 挑畔的, 進取的\n[法] 侵略的, 愛挑釁的, 行為過火的",,,CEEC-108,4,,,,大考中心高中英文參考詞彙表（111學年度起適用）,LEVEL 4,官方清單,,,
ceec-108:level-4:agreeable,agreeable,ә'griәbl,adj.,"a. 令人愉快的, 同意的\n[醫] 佳適的",,,CEEC-108,4,,,,大考中心高中英文參考詞彙表（111學年度起適用）,LEVEL 4,官方清單,,,
ceec-108:level-4:alcohol,alcohol,'ælkәhɒl,n.,"n. 酒精, 酒\n[化] 醇; 乙醇; 酒精",,,CEEC-108,4,,,,大考中心高中英文參考詞彙表（111學年度起適用）,LEVEL 4,官方清單,,,
ceec-108:level-4:alert,alert,ә'lә:t,adj.|n.|v.,"a. 警覺的, 靈敏的, 留心的\nn. 警報\nvt. 使警覺, 通知, 使意識到",,,CEEC-108,4,,,,大考中心高中英文參考詞彙表（111學年度起適用）,LEVEL 4,官方清單,,,
ceec-108:level-4:allowance,allowance,ә'lauәns,n.,"n. 津貼, 零用錢, 限額, 折扣, 允許\nvt. 定量供應",,,CEEC-108,4,,,,大考中心高中英文參考詞彙表（111學年度起適用）,LEVEL 4,官方清單,,,
ceec-108:level-4:alternative,alternative,ɒ:l'tә:nәtiv,adj.|n.,"n. 兩者擇一, 供替代的選擇\na. 兩者擇一的, 供選擇的\n[計] 選擇物件",,,CEEC-108,4,,,,大考中心高中英文參考詞彙表（111學年度起適用）,LEVEL 4,官方清單,,,
ceec-108:level-4:amateur,amateur,'æmәtә,adj.|n.,"n. 業餘愛好者, 外行, 愛好者\n[電] 業餘家",,,CEEC-108,4,,,,大考中心高中英文參考詞彙表（111學年度起適用）,LEVEL 4,官方清單,,,
ceec-108:level-4:ambiguous,ambiguous,æm'bigjuәs,adj.,"a. 不明確的, 模稜兩可的\n[法] 意思含糊的, 模稜兩可的, 曖昧的",,,CEEC-108,4,,,,大考中心高中英文參考詞彙表（111學年度起適用）,LEVEL 4,官方清單,,,
ceec-108:level-4:ambitious,ambitious,æm'biʃәs,adj.,"a. 有野心的, 抱負不凡的, 雄心勃勃的",,,CEEC-108,4,,,,大考中心高中英文參考詞彙表（111學年度起適用）,LEVEL 4,官方清單,,,
ceec-108:level-4:amuse,amuse,ә'mju:z,v.,"vt. 消遣, 娛樂, 使發笑",,,CEEC-108,4,,,,大考中心高中英文參考詞彙表（111學年度起適用）,LEVEL 4,官方清單,,,
ceec-108:level-4:amusement,amusement,ә'mju:zmәnt,n.,"n. 興味, 娛樂, 消遣\n[法] 娛樂, 娛樂活動",,,CEEC-108,4,,,,大考中心高中英文參考詞彙表（111學年度起適用）,LEVEL 4,官方清單,,,
ceec-108:level-4:analysis,analysis,ә'nælәsis,n.,n. 分析\n[計] 分析機; 分析員; 分析; 分析程式,,,CEEC-108,4,,,,大考中心高中英文參考詞彙表（111學年度起適用）,LEVEL 4,官方清單,,,
ceec-108:level-4:analyze,analyze,'ænәlaiz,v.,"vt. 分析, 細察, 分解\n[機] 分析",,,CEEC-108,4,,,,大考中心高中英文參考詞彙表（111學年度起適用）,LEVEL 4,官方清單,,,
ceec-108:level-4:ancestor,ancestor,'ænsestә,n.,"n. 祖先, 祖宗",,,CEEC-108,4,,,,大考中心高中英文參考詞彙表（111學年度起適用）,LEVEL 4,官方清單,,,
ceec-108:level-4:anniversary,anniversary,æni'vә:sәri,n.,n. 週年紀念,,,CEEC-108,4,,,,大考中心高中英文參考詞彙表（111學年度起適用）,LEVEL 4,官方清單,,,
ceec-108:level-4:annoy,annoy,ә'nɒi,v.,"vt. 使惱怒, 騷擾",,,CEEC-108,4,,,,大考中心高中英文參考詞彙表（111學年度起適用）,LEVEL 4,官方清單,,,
ceec-108:level-4:annual,annual,'ænjuәl,adj.,"n. 年刊, 年報\na. 每年的, 一年一次的, 全年的, 一年生的",,,CEEC-108,4,,,,大考中心高中英文參考詞彙表（111學年度起適用）,LEVEL 4,官方清單,,,
ceec-108:level-4:anxiety,anxiety,æŋ'zaiәti,n.,"n. 焦慮, 憂慮, 令人焦慮的事\n[醫] 焦慮",,,CEEC-108,4,,,,大考中心高中英文參考詞彙表（111學年度起適用）,LEVEL 4,官方清單,,,
ceec-108:level-4:apology,apology,ә'pɒlәdʒi,n.,"n. 道歉, 辯護\n[法] 道歉, 謝罪, 辯解者",,,CEEC-108,4,,,,大考中心高中英文參考詞彙表（111學年度起適用）,LEVEL 4,官方清單,,,
ceec-108:level-4:apparent,apparent,ә'pærәnt,adj.,"a. 清晰可見的, 顯然的, 表面上的\n[電] 外在的",,,CEEC-108,4,,,,大考中心高中英文參考詞彙表（111學年度起適用）,LEVEL 4,官方清單,,,
ceec-108:level-4:applicant,applicant,'æplikәnt,n.,"n. 申請者\n[經] 申請人, 請求人, 謀事人",,,CEEC-108,4,,,,大考中心高中英文參考詞彙表（111學年度起適用）,LEVEL 4,官方清單,,,
ceec-108:level-4:application,application,.æpli'keiʃәn,n.,"n. 應用, 申請, 志願書, 應用程式\n[計] 應用, 應用程式",,,CEEC-108,4,,,,大考中心高中英文參考詞彙表（111學年度起適用）,LEVEL 4,官方清單,,,
ceec-108:level-4:appoint,appoint,ә'pɒint,v.,"vt. 任命, 指定, 下令\n[法] 派, 派任, 任命",,,CEEC-108,4,,,,大考中心高中英文參考詞彙表（111學年度起適用）,LEVEL 4,官方清單,,,
ceec-108:level-4:appointment,appointment,ә'pɒintmәnt,n.,"n. 約會, 委任的職位, 委派\n[經] 任命, 派, 指定",,,CEEC-108,4,,,,大考中心高中英文參考詞彙表（111學年度起適用）,LEVEL 4,官方清單,,,
ceec-108:level-4:appreciation,appreciation,ә.pri:ʃi'eiʃәn,n.,"n. 感激, 賞識, 鑑別\n[經] 漲價, 增值",,,CEEC-108,4,,,,大考中心高中英文參考詞彙表（111學年度起適用）,LEVEL 4,官方清單,,,
ceec-108:level-4:appropriate,appropriate,ә'prәupriәt,adj.,"a. 適當的\n[經] 適當的, 撥出, 佔用",,,CEEC-108,4,,,,大考中心高中英文參考詞彙表（111學年度起適用）,LEVEL 4,官方清單,,,
ceec-108:level-4:approval,approval,ә'pru:vl,n.,"n. 贊成, 批准\n[化] 核准",,,CEEC-108,4,,,,大考中心高中英文參考詞彙表（111學年度起適用）,LEVEL 4,官方清單,,,
ceec-108:level-4:aquarium,aquarium,ә'kwєәriәm,n.,"n. 水族館, 養魚池, 水草缸\n[醫] 培養缸",,,CEEC-108,4,,,,大考中心高中英文參考詞彙表（111學年度起適用）,LEVEL 4,官方清單,,,
ceec-108:level-4:arch,arch,ɑ:tʃ,n.|v.,"n. 拱門, 拱形, 足弓\nvt. 使成弓形\nvi. 拱起, 成弓形\na. 主要的, 調皮的, 傲慢無禮的, 狡猾的",,,CEEC-108,4,,,,大考中心高中英文參考詞彙表（111學年度起適用）,LEVEL 4,官方清單,,,
ceec-108:level-4:arise,arise,ә'raiz,v.,"vi. 站立, 出現, 起來",,,CEEC-108,4,,,,大考中心高中英文參考詞彙表（111學年度起適用）,LEVEL 4,官方清單,,,
ceec-108:level-4:arms,arms,ɑ:mz,n.,"n. 武器, 軍事行動\n[機] 武器, 軍械, 槍械",,,CEEC-108,4,,,,大考中心高中英文參考詞彙表（111學年度起適用）,LEVEL 4,官方清單,,,
ceec-108:level-4:artificial,artificial,.ɑ:ti'fiʃәl,adj.,"a. 人造的, 假的, 非原地產的\n[醫] 人工的, 人造的, 偉牟",,,CEEC-108,4,,,,大考中心高中英文參考詞彙表（111學年度起適用）,LEVEL 4,官方清單,,,
ceec-108:level-4:artistic,artistic,ɑ:'tistik,adj.,"a. 藝術的, 藝術家的, 富有藝術性的",,,CEEC-108,4,,,,大考中心高中英文參考詞彙表（111學年度起適用）,LEVEL 4,官方清單,,,
ceec-108:level-4:ashamed,ashamed,ә'ʃeimd,adj.,"a. 慚愧的, 羞恥的",,,CEEC-108,4,,,,大考中心高中英文參考詞彙表（111學年度起適用）,LEVEL 4,官方清單,,,
ceec-108:level-4:aspect,aspect,'æspekt,n.,"n. 外觀, 方面, 面貌, 方向\n[醫] 方面, 局面; 外觀",,,CEEC-108,4,,,,大考中心高中英文參考詞彙表（111學年度起適用）,LEVEL 4,官方清單,,,
ceec-108:level-4:aspirin,aspirin,'æspәrin,n.,n. 阿斯匹林\n[化] 乙醯水楊酸; 阿司匹靈; 鄰乙酸基苯甲酸,,,CEEC-108,4,,,,大考中心高中英文參考詞彙表（111學年度起適用）,LEVEL 4,官方清單,,,
ceec-108:level-4:assemble,assemble,ә'sembl,v.,"vt. 集合, 收集, 裝配\nvi. 集合\n[計] 彙編",,,CEEC-108,4,,,,大考中心高中英文參考詞彙表（111學年度起適用）,LEVEL 4,官方清單,,,
ceec-108:level-4:assembly,assembly,ә'sembli,n.,"n. 與會者, 集會, 裝配, 元件\n[化] 裝配",,,CEEC-108,4,,,,大考中心高中英文參考詞彙表（111學年度起適用）,LEVEL 4,官方清單,,,
ceec-108:level-4:assign,assign,ә'sain,v.,"vt. 分配, 指派, 賦值\n[計] 賦值",,,CEEC-108,4,,,,大考中心高中英文參考詞彙表（111學年度起適用）,LEVEL 4,官方清單,,,
ceec-108:level-4:assignment,assignment,ә'sainmәnt,n.,"n. 分配, 功課, 任務, 轉讓, 歸因, 陳述\n[計] 賦值",,,CEEC-108,4,,,,大考中心高中英文參考詞彙表（111學年度起適用）,LEVEL 4,官方清單,,,
ceec-108:level-4:assistance,assistance,ә'sistәns,n.,"n. 協助, 援助\n[經] 援助, 幫助",,,CEEC-108,4,,,,大考中心高中英文參考詞彙表（111學年度起適用）,LEVEL 4,官方清單,,,
ceec-108:level-4:associate,associate,ә'sәuʃieit,adj.|n.|v.,"n. 同伴, 夥伴, 關聯的事物\nvt. 使聯合, 使發生聯絡\nvi. 交往\n[計] 關聯",,,CEEC-108,4,,,,大考中心高中英文參考詞彙表（111學年度起適用）,LEVEL 4,官方清單,,,
ceec-108:level-4:association,association,ә.sәuʃә'eiʃәn,n.,n. 協會\n[計] 關聯,,,CEEC-108,4,,,,大考中心高中英文參考詞彙表（111學年度起適用）,LEVEL 4,官方清單,,,
ceec-108:level-4:assurance,assurance,ә'ʃuәrәns,n.,"n. 保證, 把握, 信心, 保險\n[經] 保證, 擔保, 保險",,,CEEC-108,4,,,,大考中心高中英文參考詞彙表（111學年度起適用）,LEVEL 4,官方清單,,,
ceec-108:level-4:assure,assure,ә'ʃuә,v.,"vt. 保證, 使確信, 弄清楚, 擔保\n[法] 確信, 保證, 保障",,,CEEC-108,4,,,,大考中心高中英文參考詞彙表（111學年度起適用）,LEVEL 4,官方清單,,,
ceec-108:level-4:athletic,athletic,æθ'letik,adj.,a. 運動的,,,CEEC-108,4,,,,大考中心高中英文參考詞彙表（111學年度起適用）,LEVEL 4,官方清單,,,
ceec-108:level-4:atmosphere,atmosphere,'ætmәsfiә,n.,"n. 大氣, 空氣, 氣氛\n[醫] 大氣; 大氣壓",,,CEEC-108,4,,,,大考中心高中英文參考詞彙表（111學年度起適用）,LEVEL 4,官方清單,,,
ceec-108:level-4:atom,atom,'ætәm,n.,"n. 原子, 核能, 微粒, 微量\n[計] 原子",,,CEEC-108,4,,,,大考中心高中英文參考詞彙表（111學年度起適用）,LEVEL 4,官方清單,,,
ceec-108:level-4:atomic,atomic,ә'tɒmik,adj.,"a. 原子的, 原子能的\n[醫] 原子的",,,CEEC-108,4,,,,大考中心高中英文參考詞彙表（111學年度起適用）,LEVEL 4,官方清單,,,
ceec-108:level-4:attach,attach,ә'tætʃ,v.,"vt. 附上, 使依附, 使附屬, 使喜愛, 系, 縛\nvi. 附屬, 歸屬, 聯絡在一起\n[計] 掛接伺服器命令, 關聯, 掛接, 附加",,,CEEC-108,4,,,,大考中心高中英文參考詞彙表（111學年度起適用）,LEVEL 4,官方清單,,,
ceec-108:level-4:attachment,attachment,ә'tʃætʃmәnt,n.,"n. 連線, 附屬物, 連線物, 愛慕\n[計] 附加, 附件",,,CEEC-108,4,,,,大考中心高中英文參考詞彙表（111學年度起適用）,LEVEL 4,官方清單,,,
ceec-108:level-4:attraction,attraction,ә'trækʃәn,n.,"n. 吸引, 吸引人的事物, 吸引力\n[醫] 吸引",,,CEEC-108,4,,,,大考中心高中英文參考詞彙表（111學年度起適用）,LEVEL 4,官方清單,,,
ceec-108:level-4:audio,audio,'ɒ:diou,adj.,"a. 音訊的, 聲音的\n[電] 聲頻",,,CEEC-108,4,,,,大考中心高中英文參考詞彙表（111學年度起適用）,LEVEL 4,官方清單,,,
ceec-108:level-4:authentic,authentic,ɒ:'θentik,adj.,"a. 可靠的, 可信的, 真正的\n[法] 被認證的, 確認的, 可信的",,,CEEC-108,4,,,,大考中心高中英文參考詞彙表（111學年度起適用）,LEVEL 4,官方清單,,,
ceec-108:level-4:authority,authority,ɒ:'θɒriti,n.,"n. 權力, 當權者, 當局, 權威, 專家\n[經] 代理權, 授權, 權威",,,CEEC-108,4,,,,大考中心高中英文參考詞彙表（111學年度起適用）,LEVEL 4,官方清單,,,
ceec-108:level-4:autobiography,autobiography,.ɒ:tәubai'ɒgrәfi,n.,n. 自傳,,,CEEC-108,4,,,,大考中心高中英文參考詞彙表（111學年度起適用）,LEVEL 4,官方清單,,,
ceec-108:level-4:autograph,autograph,'ɒ:tәugrɑ:f,n.|v.,"n. 親筆, 親筆簽名, 手稿\nvt. 親筆簽名於, 親筆寫",,,CEEC-108,4,,,,大考中心高中英文參考詞彙表（111學年度起適用）,LEVEL 4,官方清單,,,
ceec-108:level-4:await,await,ә'weit,v.,vt. 等候\nvi. 等待著,,,CEEC-108,4,,,,大考中心高中英文參考詞彙表（111學年度起適用）,LEVEL 4,官方清單,,,
ceec-108:level-4:bald,bald,bɒ:ld,adj.,"a. 禿頭的, 光禿的, 單調的, 赤裸的\nvi. 變禿",,,CEEC-108,4,,,,大考中心高中英文參考詞彙表（111學年度起適用）,LEVEL 4,官方清單,,,
ceec-108:level-4:ballet,ballet,'bælei,n.,n. 芭蕾舞,,,CEEC-108,4,,,,大考中心高中英文參考詞彙表（111學年度起適用）,LEVEL 4,官方清單,,,
ceec-108:level-4:bandage,bandage,'bændidʒ,n.|v.,n. 繃帶\n[化] 簾布筒; 實心輪胎; 緊帶; 繃帶,,,CEEC-108,4,,,,大考中心高中英文參考詞彙表（111學年度起適用）,LEVEL 4,官方清單,,,
ceec-108:level-4:bankrupt,bankrupt,'bæŋkrʌpt,adj.|n.|v.,n. 破產者\na. 破產的\nvt. 使破產,,,CEEC-108,4,,,,大考中心高中英文參考詞彙表（111學年度起適用）,LEVEL 4,官方清單,,,
ceec-108:level-4:bargain,bargain,'bɑ:gin,n.|v.,"n. 交易, 買賣協定, 特價商品\nv. 講價, 交易",,,CEEC-108,4,,,,大考中心高中英文參考詞彙表（111學年度起適用）,LEVEL 4,官方清單,,,
ceec-108:level-4:barrier,barrier,'bæriә,n.,"n. 障礙, 柵欄\n[化] 勢壘; 阻片; 阻擋層",,,CEEC-108,4,,,,大考中心高中英文參考詞彙表（111學年度起適用）,LEVEL 4,官方清單,,,
ceec-108:level-4:basin,basin,'beisn,n.,"n. 盆, 盆地\n[醫] 第三腦室, 骨盆",,,CEEC-108,4,,,,大考中心高中英文參考詞彙表（111學年度起適用）,LEVEL 4,官方清單,,,
ceec-108:level-4:battery,battery,'bætәri,n.,"n. 電池, 毆打\n[化] 蓄電池",,,CEEC-108,4,,,,大考中心高中英文參考詞彙表（111學年度起適用）,LEVEL 4,官方清單,,,
ceec-108:level-4:beggar,beggar,'begә,n.,"n. 乞丐\nvt. 使貧窮, 使成乞丐",,,CEEC-108,4,,,,大考中心高中英文參考詞彙表（111學年度起適用）,LEVEL 4,官方清單,,,
ceec-108:level-4:behavior,behavior,bi'heivjә,n.,"n. 行為, 舉止\n[醫] 行為",,,CEEC-108,4,,,,大考中心高中英文參考詞彙表（111學年度起適用）,LEVEL 4,官方清單,,,
ceec-108:level-4:bin,bin,bin,n.,"n. (貯存穀物等的)容器, 箱子\n[計] 二進位制, 商業資訊網",,,CEEC-108,4,,,,大考中心高中英文參考詞彙表（111學年度起適用）,LEVEL 4,官方清單,,,
ceec-108:level-4:biography,biography,bai'ɒgrәfi,n.,n. 傳記,,,CEEC-108,4,,,,大考中心高中英文參考詞彙表（111學年度起適用）,LEVEL 4,官方清單,,,
ceec-108:level-4:biology,biology,bai'ɒlәdʒi,n.,n. 生物學\n[化] 生物; 生物學,,,CEEC-108,4,,,,大考中心高中英文參考詞彙表（111學年度起適用）,LEVEL 4,官方清單,,,
ceec-108:level-4:blade,blade,bleid,n.,"n. 葉片, 刀鋒, 刀口, 劍\n[醫] 頁[片], 葉片, 刀片, 刀刃, 刀口",,,CEEC-108,4,,,,大考中心高中英文參考詞彙表（111學年度起適用）,LEVEL 4,官方清單,,,
ceec-108:level-4:blend,blend,blend,n.|v.,vt. 混合\nn. 混合,,,CEEC-108,4,,,,大考中心高中英文參考詞彙表（111學年度起適用）,LEVEL 4,官方清單,,,
ceec-108:level-4:blessing,blessing,'blesiŋ,n.,n. 祝福,,,CEEC-108,4,,,,大考中心高中英文參考詞彙表（111學年度起適用）,LEVEL 4,官方清單,,,
ceec-108:level-4:blink,blink,bliŋk,n.|v.,"vi. 眨眼, 閃亮\nvt. 眨眼, 使閃亮\nn. 眨眼, 瞬間, 閃光, 閃爍\n[計] 閃爍",,,CEEC-108,4,,,,大考中心高中英文參考詞彙表（111學年度起適用）,LEVEL 4,官方清單,,,
ceec-108:level-4:bloom,bloom,blu:m,n.|v.,"n. 花, 開花, 青春, 鋼塊\nvi. 開花, 煥發青春, 茂盛\nvt. 使茂盛, 把...軋成鋼坯",,,CEEC-108,4,,,,大考中心高中英文參考詞彙表（111學年度起適用）,LEVEL 4,官方清單,,,
ceec-108:level-4:blossom,blossom,'blɒsәm,n.|v.,"n. 花, 花開的狀態, 興旺期\nvi. 開花, 興旺, 發展",,,CEEC-108,4,,,,大考中心高中英文參考詞彙表（111學年度起適用）,LEVEL 4,官方清單,,,
ceec-108:level-4:boast,boast,bәust,n.|v.,"n. 吹牛\nvi. 吹牛, 自誇\nvt. 誇口說, 自恃有",,,CEEC-108,4,,,,大考中心高中英文參考詞彙表（111學年度起適用）,LEVEL 4,官方清單,,,
ceec-108:level-4:bond,bond,bɒnd,n.|v.,"n. 捆綁物, 結合, 債券, 契約, 粘合劑, 保證人, 鍵, 關棧保留\nvt. 存入關棧, 使黏合\nvi. 結合",,,CEEC-108,4,,,,大考中心高中英文參考詞彙表（111學年度起適用）,LEVEL 4,官方清單,,,
ceec-108:level-4:bounce,bounce,bauns,n.|v.,"n. 跳, 跳躍, 彈力, 撞擊\nvi. 反跳, 彈跳\nvt. 使跳回, 撞擊\n[計] 打回",,,CEEC-108,4,,,,大考中心高中英文參考詞彙表（111學年度起適用）,LEVEL 4,官方清單,,,
ceec-108:level-4:bracelet,bracelet,'breislit,n.,"n. 手鐲\n[醫] 手鐲, 腕帶, 腕紋(掌側橫列腕部的線紋)",,,CEEC-108,4,,,,大考中心高中英文參考詞彙表（111學年度起適用）,LEVEL 4,官方清單,,,
ceec-108:level-4:breed,breed,bri:d,n.|v.,"n. 種類, 品種\nv. 養育, 引起, 飼養, 繁殖",,,CEEC-108,4,,,,大考中心高中英文參考詞彙表（111學年度起適用）,LEVEL 4,官方清單,,,
ceec-108:level-4:bridegroom,bridegroom,'braidgrum,n.,n. 新郎,,,CEEC-108,4,,,,大考中心高中英文參考詞彙表（111學年度起適用）,LEVEL 4,官方清單,,,
ceec-108:level-4:broke,broke,brәuk,adj.,a. 一文不名的\nbreak的過去式,,,CEEC-108,4,,,,大考中心高中英文參考詞彙表（111學年度起適用）,LEVEL 4,官方清單,,,
ceec-108:level-4:broom,broom,bru:m,n.,"n. 掃帚, 金雀花\nvt. 掃除",,,CEEC-108,4,,,,大考中心高中英文參考詞彙表（111學年度起適用）,LEVEL 4,官方清單,,,
ceec-108:level-4:brutal,brutal,'bru:tәl,adj.,"a. 殘忍的, 野蠻的, 不講理的",,,CEEC-108,4,,,,大考中心高中英文參考詞彙表（111學年度起適用）,LEVEL 4,官方清單,,,
ceec-108:level-4:bulletin,bulletin,'bulitin,n.,"n. 公告, 佈告, 公報\n[電] 電子佈告欄",,,CEEC-108,4,,,,大考中心高中英文參考詞彙表（111學年度起適用）,LEVEL 4,官方清單,,,
ceec-108:level-4:burglar,burglar,'bә:glә,n.,"n. 竊賊\n[法] 夜盜, 竊賊, 盜竊者",,,CEEC-108,4,,,,大考中心高中英文參考詞彙表（111學年度起適用）,LEVEL 4,官方清單,,,
ceec-108:level-4:cabinet,cabinet,'kæbinit,n.,"n. 櫥櫃, 內閣\na. 內閣的, 細木工做的\n[計] 機櫃",,,CEEC-108,4,,,,大考中心高中英文參考詞彙表（111學年度起適用）,LEVEL 4,官方清單,,,
ceec-108:level-4:calculate,calculate,'kælkjuleit,v.,"v. 計算, 預測, 計劃, 打算",,,CEEC-108,4,,,,大考中心高中英文參考詞彙表（111學年度起適用）,LEVEL 4,官方清單,,,
ceec-108:level-4:calculation,calculation,.kælkju'leiʃәn,n.,"n. 計算, 考慮, 計算的結果\n[經] 計算",,,CEEC-108,4,,,,大考中心高中英文參考詞彙表（111學年度起適用）,LEVEL 4,官方清單,,,
ceec-108:level-4:calorie,calorie,'kælәri,n.,n. 卡路里（熱量單位）,,,CEEC-108,4,,,,大考中心高中英文參考詞彙表（111學年度起適用）,LEVEL 4,官方清單,,,
ceec-108:level-4:campaign,campaign,kæm'pein,n.|v.,"n. 戰役, 運動, 競選運動\nvi. 參加運動, 作戰",,,CEEC-108,4,,,,大考中心高中英文參考詞彙表（111學年度起適用）,LEVEL 4,官方清單,,,
ceec-108:level-4:candidate,candidate,'kændideit,n.,"n. 候選人, 投考者\n[法] 候選, 候補者",,,CEEC-108,4,,,,大考中心高中英文參考詞彙表（111學年度起適用）,LEVEL 4,官方清單,,,
ceec-108:level-4:cane,cane,kein,n.,"n. 手杖, 細長的莖, 藤條\nvt. 以杖擊, 以藤編制",,,CEEC-108,4,,,,大考中心高中英文參考詞彙表（111學年度起適用）,LEVEL 4,官方清單,,,
ceec-108:level-4:canoe,canoe,kә'nu:,n.|v.,"n. 獨木舟, 輕舟\nvi. 乘獨木舟\nvt. 用獨木舟運",,,CEEC-108,4,,,,大考中心高中英文參考詞彙表（111學年度起適用）,LEVEL 4,官方清單,,,
ceec-108:level-4:capacity,capacity,kә'pæsiti,n.,"n. 容量, 能力, 才能, 資格\n[計] 容量",,,CEEC-108,4,,,,大考中心高中英文參考詞彙表（111學年度起適用）,LEVEL 4,官方清單,,,
ceec-108:level-4:capitalism,capitalism,'kæpitәlizәm,n.,n. 資本主義\n[經] 資本主義,,,CEEC-108,4,,,,大考中心高中英文參考詞彙表（111學年度起適用）,LEVEL 4,官方清單,,,
ceec-108:level-4:capitalist,capitalist,'kæpitәlist,n.,"n. 資本家, 資本主義者\na. 資本主義的",,,CEEC-108,4,,,,大考中心高中英文參考詞彙表（111學年度起適用）,LEVEL 4,官方清單,,,
ceec-108:level-4:cargo,cargo,'kɑ:gәu,n.,n. 貨物\n[經] 貨櫃,,,CEEC-108,4,,,,大考中心高中英文參考詞彙表（111學年度起適用）,LEVEL 4,官方清單,,,
ceec-108:level-4:carrier,carrier,'kæriә,n.,"n. 運送者, 郵遞員, 帶菌者\n[計] 載波",,,CEEC-108,4,,,,大考中心高中英文參考詞彙表（111學年度起適用）,LEVEL 4,官方清單,,,
ceec-108:level-4:carve,carve,kɑ:v,v.,"v. 雕刻, 切開",,,CEEC-108,4,,,,大考中心高中英文參考詞彙表（111學年度起適用）,LEVEL 4,官方清單,,,
ceec-108:level-4:catalogue,catalogue,'kætәlɒg,n.|v.,"n. 目錄, 大學情況一覽\nvt. 編入目錄",,,CEEC-108,4,,,,大考中心高中英文參考詞彙表（111學年度起適用）,LEVEL 4,官方清單,,,
ceec-108:level-4:category,category,'kætigәri,n.,"n. 種類, 類項\n[計] 分類",,,CEEC-108,4,,,,大考中心高中英文參考詞彙表（111學年度起適用）,LEVEL 4,官方清單,,,
ceec-108:level-4:cease,cease,si:s,n.|v.,"n. 停止\nv. 停止, 終了",,,CEEC-108,4,,,,大考中心高中英文參考詞彙表（111學年度起適用）,LEVEL 4,官方清單,,,
ceec-108:level-4:celebration,celebration,.seli'breiʃәn,n.,"n. 慶祝, 慶典",,,CEEC-108,4,,,,大考中心高中英文參考詞彙表（111學年度起適用）,LEVEL 4,官方清單,,,
ceec-108:level-4:chamber,chamber,'tʃeimbә,n.,"n. 室, 房間, 槍膛\nvt. 裝(彈藥), 把...關在室內\na. 室內的",,,CEEC-108,4,,,,大考中心高中英文參考詞彙表（111學年度起適用）,LEVEL 4,官方清單,,,
ceec-108:level-4:championship,championship,'tʃæmpiәnʃip,n.,"n. 冠軍身份, 冠軍稱號, 捍衛",,,CEEC-108,4,,,,大考中心高中英文參考詞彙表（111學年度起適用）,LEVEL 4,官方清單,,,
ceec-108:level-4:characteristic,characteristic,.kærәktә'ristik,adj.|n.,"n. 特性, 特徵, 特色\na. 特性的, 特有的, 有特色的\n[計] 階; 指數",,,CEEC-108,4,,,,大考中心高中英文參考詞彙表（111學年度起適用）,LEVEL 4,官方清單,,,
ceec-108:level-4:charity,charity,'tʃæriti,n.,"n. 慈悲, 博愛, 慈善團體, 施捨\n[法] 寬大, 寬恕, 慈善機關",,,CEEC-108,4,,,,大考中心高中英文參考詞彙表（111學年度起適用）,LEVEL 4,官方清單,,,
ceec-108:level-4:chemistry,chemistry,'kemistri,n.,"n. 化學, 化學過程\n[化] 化學",,,CEEC-108,4,,,,大考中心高中英文參考詞彙表（111學年度起適用）,LEVEL 4,官方清單,,,
ceec-108:level-4:cherish,cherish,'tʃeriʃ,v.,"vt. 珍愛, 懷有, 愛護",,,CEEC-108,4,,,,大考中心高中英文參考詞彙表（111學年度起適用）,LEVEL 4,官方清單,,,
ceec-108:level-4:chew,chew,tʃu:,n.|v.,"vt. 咀嚼, 嚼碎\nvi. 咀嚼, 細想\nn. 咀嚼, 咀嚼物",,,CEEC-108,4,,,,大考中心高中英文參考詞彙表（111學年度起適用）,LEVEL 4,官方清單,,,
ceec-108:level-4:choke,choke,tʃәuk,n.|v.,"vt. 窒息, 阻塞, 噎, 抑制\nvi. 窒息, 阻塞, 噎\nn. 窒息, 噎, 阻氣門",,,CEEC-108,4,,,,大考中心高中英文參考詞彙表（111學年度起適用）,LEVEL 4,官方清單,,,
ceec-108:level-4:chorus,chorus,'kɒ:rәs,n.,"n. 合唱隊, 齊聲\nv. 齊聲說道, 合唱",,,CEEC-108,4,,,,大考中心高中英文參考詞彙表（111學年度起適用）,LEVEL 4,官方清單,,,
ceec-108:level-4:circular,circular,'sә:kjulә,adj.,"a. 圓形的, 迴圈的, 間接的\n[醫] 環狀的, 迴圈的",,,CEEC-108,4,,,,大考中心高中英文參考詞彙表（111學年度起適用）,LEVEL 4,官方清單,,,
ceec-108:level-4:circulate,circulate,'sә:kjuleit,v.,"v. (使)流通, (使)迴圈, (使)傳播",,,CEEC-108,4,,,,大考中心高中英文參考詞彙表（111學年度起適用）,LEVEL 4,官方清單,,,
ceec-108:level-4:circulation,circulation,.sә:kju'leiʃәn,n.,"n. 流通, 迴圈, 發行量\n[化] 環流",,,CEEC-108,4,,,,大考中心高中英文參考詞彙表（111學年度起適用）,LEVEL 4,官方清單,,,
ceec-108:level-4:circumstance,circumstance,'sә:kәmstәns,n.,"n. 環境, 狀況, 事件",,,CEEC-108,4,,,,大考中心高中英文參考詞彙表（111學年度起適用）,LEVEL 4,官方清單,,,
ceec-108:level-4:civilian,civilian,si'viljәn,adj.|n.,"n. 平民, 民法專家\na. 平民的, 百姓的, 民用的",,,CEEC-108,4,,,,大考中心高中英文參考詞彙表（111學年度起適用）,LEVEL 4,官方清單,,,
ceec-108:level-4:civilization,civilization,si.vilai'zeiʃәn,n.,"n. 文明, 教化\n[法] 文明, 文化, 文明國家的總稱",,,CEEC-108,4,,,,大考中心高中英文參考詞彙表（111學年度起適用）,LEVEL 4,官方清單,,,
ceec-108:level-4:clarify,clarify,'klærifai,v.,"vi. 澄清, 闡明\nvt. 使明晰",,,CEEC-108,4,,,,大考中心高中英文參考詞彙表（111學年度起適用）,LEVEL 4,官方清單,,,
ceec-108:level-4:clash,clash,klæʃ,n.|v.,"n. 衝突, 撞擊聲, 牴觸\nvi. 衝突, 牴觸\nvt. 使發出撞擊聲\n[計] 對撞",,,CEEC-108,4,,,,大考中心高中英文參考詞彙表（111學年度起適用）,LEVEL 4,官方清單,,,
ceec-108:level-4:classification,classification,.klæsifi'keiʃәn,n.,"n. 分類, 分級\n[化] 分級; 分粒; 分類",,,CEEC-108,4,,,,大考中心高中英文參考詞彙表（111學年度起適用）,LEVEL 4,官方清單,,,
ceec-108:level-4:classify,classify,'klæsifai,v.,"vt. 分類, 歸類, 分等\n[建] 分類, 分級, 分粒",,,CEEC-108,4,,,,大考中心高中英文參考詞彙表（111學年度起適用）,LEVEL 4,官方清單,,,
ceec-108:level-4:claw,claw,klɒ:,n.|v.,"n. 爪, 螯, 抓傷\nv. 用爪抓, 挖, 搜刮",,,CEEC-108,4,,,,大考中心高中英文參考詞彙表（111學年度起適用）,LEVEL 4,官方清單,,,
ceec-108:level-4:cliff,cliff,klif,n.,"n. 懸崖, 絕壁",,,CEEC-108,4,,,,大考中心高中英文參考詞彙表（111學年度起適用）,LEVEL 4,官方清單,,,
ceec-108:level-4:clumsy,clumsy,'klʌmzi,adj.,"a. 笨拙的, 不雅觀的, 粗陋的",,,CEEC-108,4,,,,大考中心高中英文參考詞彙表（111學年度起適用）,LEVEL 4,官方清單,,,
ceec-108:level-4:coarse,coarse,kɒ:s,adj.,"a. 粗糙的, 下等的, 粗俗的\n[計] 粗略的",,,CEEC-108,4,,,,大考中心高中英文參考詞彙表（111學年度起適用）,LEVEL 4,官方清單,,,
ceec-108:level-4:code,code,kәud,n.|v.,"n. 程式碼, 密碼, 法規, 法典\nvt. 把...編碼\n[計] 程式碼",,,CEEC-108,4,,,,大考中心高中英文參考詞彙表（111學年度起適用）,LEVEL 4,官方清單,,,
ceec-108:level-4:collapse,collapse,kә'læps,n.|v.,"n. 崩潰, 倒塌, 虛脫\nvi. 倒塌, 崩潰, 瓦解\nvt. 使倒塌, 摺疊\n[計] 摺疊",,,CEEC-108,4,,,,大考中心高中英文參考詞彙表（111學年度起適用）,LEVEL 4,官方清單,,,
ceec-108:level-4:colleague,colleague,'kɒli:g,n.,"n. 同事, 同僚",,,CEEC-108,4,,,,大考中心高中英文參考詞彙表（111學年度起適用）,LEVEL 4,官方清單,,,
ceec-108:level-4:combination,combination,.kɒmbi'neiʃәn,n.,"n. 組合, 合併, 聯合\n[計] 組合圖",,,CEEC-108,4,,,,大考中心高中英文參考詞彙表（111學年度起適用）,LEVEL 4,官方清單,,,
ceec-108:level-4:comedy,comedy,'kɒmidi,n.,"n. 喜劇, 有趣的事情",,,CEEC-108,4,,,,大考中心高中英文參考詞彙表（111學年度起適用）,LEVEL 4,官方清單,,,
ceec-108:level-4:commander,commander,kә'mɑ:ndә,n.,"n. 司令官, 指揮官",,,CEEC-108,4,,,,大考中心高中英文參考詞彙表（111學年度起適用）,LEVEL 4,官方清單,,,
ceec-108:level-4:comment,comment,'kɒment,n.|v.,"n. 註解, 批評, 評論, 備註\nvi. 評論, 註解\n[計] 備註",,,CEEC-108,4,,,,大考中心高中英文參考詞彙表（111學年度起適用）,LEVEL 4,官方清單,,,
ceec-108:level-4:commerce,commerce,'kɒmә:s,n.,"n. 商業, 商務, 貿易\n[經] 商業, 貿易, 商務",,,CEEC-108,4,,,,大考中心高中英文參考詞彙表（111學年度起適用）,LEVEL 4,官方清單,,,
ceec-108:level-4:commit,commit,kә'mit,v.,"vt. 委託(託付), 犯罪, 指派...作戰, 使承擔義務\n[法] 犯, 做, 把...交託給",,,CEEC-108,4,,,,大考中心高中英文參考詞彙表（111學年度起適用）,LEVEL 4,官方清單,,,
ceec-108:level-4:communication,communication,kә.mju:ni'keiʃәn,n.,"n. 交流, 交通, 通訊\n[計] 通訊",,,CEEC-108,4,,,,大考中心高中英文參考詞彙表（111學年度起適用）,LEVEL 4,官方清單,,,
ceec-108:level-4:community,community,kә'mju:niti,n.,"n. 社群, 公眾, 共有, 共同體\n[經] 公眾, 共有, 社會",,,CEEC-108,4,,,,大考中心高中英文參考詞彙表（111學年度起適用）,LEVEL 4,官方清單,,,
ceec-108:level-4:companion,companion,kәm'pænjәn,n.,"n. 朋友, 陪伴, 指南, 升降口圍罩\nvt. 陪伴",,,CEEC-108,4,,,,大考中心高中英文參考詞彙表（111學年度起適用）,LEVEL 4,官方清單,,,
ceec-108:level-4:competition,competition,.kɒmpi'tiʃәn,n.,"n. 競爭, 競賽\n[經] 競爭, 競銷, 比賽",,,CEEC-108,4,,,,大考中心高中英文參考詞彙表（111學年度起適用）,LEVEL 4,官方清單,,,
ceec-108:level-4:competitive,competitive,kәm'petitiv,adj.,a. 競爭的\n[經] 競爭的,,,CEEC-108,4,,,,大考中心高中英文參考詞彙表（111學年度起適用）,LEVEL 4,官方清單,,,
ceec-108:level-4:competitor,competitor,kәm'petitә,n.,"n. 競爭者\n[經] 競爭者, 競爭對手",,,CEEC-108,4,,,,大考中心高中英文參考詞彙表（111學年度起適用）,LEVEL 4,官方清單,,,
ceec-108:level-4:complicate,complicate,'kɒmplikeit,v.,"vt. 弄複雜, 使錯綜, 使惡化\nvi. 變複雜",,,CEEC-108,4,,,,大考中心高中英文參考詞彙表（111學年度起適用）,LEVEL 4,官方清單,,,
ceec-108:level-4:compose,compose,kәm'pәuz,v.,"vt. 組成, 寫作, 作曲, 使平靜\nvi. 創作, 排字\n[計] 編寫",,,CEEC-108,4,,,,大考中心高中英文參考詞彙表（111學年度起適用）,LEVEL 4,官方清單,,,
ceec-108:level-4:composer,composer,kәm'pәuzә,n.,"n. 作曲家, 作家, 調停者",,,CEEC-108,4,,,,大考中心高中英文參考詞彙表（111學年度起適用）,LEVEL 4,官方清單,,,
ceec-108:level-4:composition,composition,kɒmpә'ziʃәn,n.,"n. 作文, 創作, 組成\n[化] 成分; 組成",,,CEEC-108,4,,,,大考中心高中英文參考詞彙表（111學年度起適用）,LEVEL 4,官方清單,,,
ceec-108:level-4:concentrate,concentrate,'kɒnsәntreit,v.,"n. 濃縮, 精選\nv. 集中, 專心",,,CEEC-108,4,,,,大考中心高中英文參考詞彙表（111學年度起適用）,LEVEL 4,官方清單,,,
ceec-108:level-4:concentration,concentration,.kɒnsәn'treiʃәn,n.,"n. 集中, 專心\n[化] 濃度; 濃縮",,,CEEC-108,4,,,,大考中心高中英文參考詞彙表（111學年度起適用）,LEVEL 4,官方清單,,,
ceec-108:level-4:concept,concept,'kɒnsept,n.,"n. 觀念, 概念\n[醫] 概念",,,CEEC-108,4,,,,大考中心高中英文參考詞彙表（111學年度起適用）,LEVEL 4,官方清單,,,
ceec-108:level-4:concerning,concerning,kәn'sә:niŋ,prep.,prep. 關於\n[法] 關於,,,CEEC-108,4,,,,大考中心高中英文參考詞彙表（111學年度起適用）,LEVEL 4,官方清單,,,
ceec-108:level-4:concrete,concrete,'kɒnkri:t,adj.|n.|v.,"n. 凝結物, 混凝土\na. 具體的, 實在的, 混凝土的\nv. (使)凝結, 用混凝土澆築",,,CEEC-108,4,,,,大考中心高中英文參考詞彙表（111學年度起適用）,LEVEL 4,官方清單,,,
ceec-108:level-4:conductor,conductor,kәn'dʌktә,n.,"n. 領導者, 指揮者, 售票員, 嚮導\n[化] 導體",,,CEEC-108,4,,,,大考中心高中英文參考詞彙表（111學年度起適用）,LEVEL 4,官方清單,,,
ceec-108:level-4:conference,conference,'kɒnfәrәns,n.,"n. 會議\n[經] 會議, 討論會, 協商會",,,CEEC-108,4,,,,大考中心高中英文參考詞彙表（111學年度起適用）,LEVEL 4,官方清單,,,
ceec-108:level-4:confess,confess,kәn'fes,v.,"v. 承認, 坦白, 懺悔, 供認",,,CEEC-108,4,,,,大考中心高中英文參考詞彙表（111學年度起適用）,LEVEL 4,官方清單,,,
ceec-108:level-4:confidence,confidence,'kɒnfidәns,n.,n. 信心\n[電] 可靠,,,CEEC-108,4,,,,大考中心高中英文參考詞彙表（111學年度起適用）,LEVEL 4,官方清單,,,
ceec-108:level-4:confusion,confusion,kәn'fju:ʒәn,n.,"n. 混亂, 混淆, 無秩序\n[計] 含混",,,CEEC-108,4,,,,大考中心高中英文參考詞彙表（111學年度起適用）,LEVEL 4,官方清單,,,
ceec-108:level-4:congratulate,congratulate,kәn'grætʃәleit,v.,"vt. 祝賀, 慶賀",,,CEEC-108,4,,,,大考中心高中英文參考詞彙表（111學年度起適用）,LEVEL 4,官方清單,,,
ceec-108:level-4:congress,congress,'kɒŋgres,n.,"n. 國會, 會議, 討論會\n[醫] 會議, 會合",,,CEEC-108,4,,,,大考中心高中英文參考詞彙表（111學年度起適用）,LEVEL 4,官方清單,,,
ceec-108:level-4:conquer,conquer,'kɒŋkә,v.,"vt. 克服, 征服, 戰勝\nvi. 得勝",,,CEEC-108,4,,,,大考中心高中英文參考詞彙表（111學年度起適用）,LEVEL 4,官方清單,,,
ceec-108:level-4:conscience,conscience,'kɒnʃәns,n.,"n. 良心\n[法] 良心, 道德感, 正義感",,,CEEC-108,4,,,,大考中心高中英文參考詞彙表（111學年度起適用）,LEVEL 4,官方清單,,,
ceec-108:level-4:consequence,consequence,'kɒnsikwәns,n.,"n. 結果, 重要性\n[法] 結果, 後果, 推斷",,,CEEC-108,4,,,,大考中心高中英文參考詞彙表（111學年度起適用）,LEVEL 4,官方清單,,,
ceec-108:level-4:consequent,consequent,'kɒnsikwәnt,adj.,"n. 隨後發生的事情, 結果\na. 作為結果的, 合乎邏輯的",,,CEEC-108,4,,,,大考中心高中英文參考詞彙表（111學年度起適用）,LEVEL 4,官方清單,,,
ceec-108:level-4:conservative,conservative,kәn'sә:vәtiv,adj.|n.,"a. 保守的, 守舊的, 有儲存力的\n[化] 防腐劑; 儲存劑",,,CEEC-108,4,,,,大考中心高中英文參考詞彙表（111學年度起適用）,LEVEL 4,官方清單,,,
ceec-108:level-4:consist,consist,kәn'sist,v.,"vi. 組成, 存在於, 一致",,,CEEC-108,4,,,,大考中心高中英文參考詞彙表（111學年度起適用）,LEVEL 4,官方清單,,,
ceec-108:level-4:consistent,consistent,kәn'sistәnt,adj.,"a. 一致的, 堅持的, 並立的, 堅固的",,,CEEC-108,4,,,,大考中心高中英文參考詞彙表（111學年度起適用）,LEVEL 4,官方清單,,,
ceec-108:level-4:constitute,constitute,kәn'stitjut,v.,"vt. 構成, 組成, 任命\n[建] 構造, 組成",,,CEEC-108,4,,,,大考中心高中英文參考詞彙表（111學年度起適用）,LEVEL 4,官方清單,,,
ceec-108:level-4:constitution,constitution,.kɒnsti'tju:ʃәn,n.,"n. 構成, 憲法, 體格\n[醫] 體質; 結構, 組織",,,CEEC-108,4,,,,大考中心高中英文參考詞彙表（111學年度起適用）,LEVEL 4,官方清單,,,
ceec-108:level-4:construct,construct,kәn'strʌkt,v.,"vt. 構造, 建造, 對...進行構思, 作圖\nn. 構成物",,,CEEC-108,4,,,,大考中心高中英文參考詞彙表（111學年度起適用）,LEVEL 4,官方清單,,,
ceec-108:level-4:construction,construction,kәn'strʌkʃәn,n.,"n. 建築, 構造, 建築物\n[化] 施工",,,CEEC-108,4,,,,大考中心高中英文參考詞彙表（111學年度起適用）,LEVEL 4,官方清單,,,
ceec-108:level-4:constructive,constructive,kәn'strʌktiv,adj.,"a. 建設性的, 構造上的\n[醫] 構成的",,,CEEC-108,4,,,,大考中心高中英文參考詞彙表（111學年度起適用）,LEVEL 4,官方清單,,,
ceec-108:level-4:consult,consult,kәn'sʌlt,v.,"vi. 商討, 商量, 協商, 會診\nvt. 向...請教, 查閱, 考慮",,,CEEC-108,4,,,,大考中心高中英文參考詞彙表（111學年度起適用）,LEVEL 4,官方清單,,,
ceec-108:level-4:consultant,consultant,kәn'sʌltәnt,n.,"n. 顧問, 徵詢意見者\n[醫] 顧問醫師",,,CEEC-108,4,,,,大考中心高中英文參考詞彙表（111學年度起適用）,LEVEL 4,官方清單,,,
ceec-108:level-4:consume,consume,kәn'sju:m,v.,"vt. 消耗, 消費, 消滅\nvi. 耗盡, 毀滅",,,CEEC-108,4,,,,大考中心高中英文參考詞彙表（111學年度起適用）,LEVEL 4,官方清單,,,
ceec-108:level-4:consumer,consumer,kәn'sju:mә,n.,"n. 消費者\n[經] 消費者, 使用者",,,CEEC-108,4,,,,大考中心高中英文參考詞彙表（111學年度起適用）,LEVEL 4,官方清單,,,
ceec-108:level-4:container,container,kәn'teinә,n.,"n. 容器, 集裝箱\n[化] 集裝箱; 貯存箱; 容器(任何一種)",,,CEEC-108,4,,,,大考中心高中英文參考詞彙表（111學年度起適用）,LEVEL 4,官方清單,,,
ceec-108:level-4:content,content,kәn'tent,adj.|n.|v.,"n. 內容, 滿足, 意義, 要旨\na. 滿足的, 滿意的\nvt. 使...滿足, 使...安心\n[計] 內容",,,CEEC-108,4,,,,大考中心高中英文參考詞彙表（111學年度起適用）,LEVEL 4,官方清單,,,
ceec-108:level-4:contentment,contentment,kәn'tentmәnt,n.,"n. 滿足, 使人滿意的事物, 滿意",,,CEEC-108,4,,,,大考中心高中英文參考詞彙表（111學年度起適用）,LEVEL 4,官方清單,,,
ceec-108:level-4:contest,contest,'kɒntest,n.|v.,"n. 競賽, 爭論\nvt. 競爭, 爭取, 爭辯\nvi. 競爭",,,CEEC-108,4,,,,大考中心高中英文參考詞彙表（111學年度起適用）,LEVEL 4,官方清單,,,
ceec-108:level-4:context,context,'kɒntekst,n.,"n. 上下文, 背景, 來龍去脈\nn. 上下文\n[計] 上下文",,,CEEC-108,4,,,,大考中心高中英文參考詞彙表（111學年度起適用）,LEVEL 4,官方清單,,,
ceec-108:level-4:continual,continual,kәn'tinjuәl,adj.,"a. 持續不斷的, 繼續的\n[建] 連續的",,,CEEC-108,4,,,,大考中心高中英文參考詞彙表（111學年度起適用）,LEVEL 4,官方清單,,,
ceec-108:level-4:continuous,continuous,kәn'tinjuәs,adj.,"a. 連續的, 繼續的, 連續不斷的\n[計] 連續的",,,CEEC-108,4,,,,大考中心高中英文參考詞彙表（111學年度起適用）,LEVEL 4,官方清單,,,
ceec-108:level-4:contrary,contrary,'kɒntrәri,adj.|n.,"a. 相反的, 矛盾的, 對立的\nn. 相反, 對立面\nadv. 相反地",,,CEEC-108,4,,,,大考中心高中英文參考詞彙表（111學年度起適用）,LEVEL 4,官方清單,,,
ceec-108:level-4:contrast,contrast,kәn'træst,n.|v.,"n. 差別, 對比, 對照物\nvt. 使對比\nvi. 成對照\n[計] 反差; 對比度",,,CEEC-108,4,,,,大考中心高中英文參考詞彙表（111學年度起適用）,LEVEL 4,官方清單,,,
ceec-108:level-4:contribute,contribute,kәn'tribju:t,v.,"vt. 有助於, 捐助, 投稿\nvi. 出力, 捐獻, 投稿",,,CEEC-108,4,,,,大考中心高中英文參考詞彙表（111學年度起適用）,LEVEL 4,官方清單,,,
ceec-108:level-4:contribution,contribution,.kɒntri'bju:ʃәn,n.,"n. 捐助, 捐助之物, 貢獻\n[經] 貢獻, 捐款, 補助品",,,CEEC-108,4,,,,大考中心高中英文參考詞彙表（111學年度起適用）,LEVEL 4,官方清單,,,
ceec-108:level-4:convenience,convenience,kә'vi:njәns,n.,"n. 方便, 便利的事物, 方便的時候",,,CEEC-108,4,,,,大考中心高中英文參考詞彙表（111學年度起適用）,LEVEL 4,官方清單,,,
ceec-108:level-4:convention,convention,kәn'venʃәn,n.,"n. 大會, 協定, 慣例, 約定\n[計] 約定",,,CEEC-108,4,,,,大考中心高中英文參考詞彙表（111學年度起適用）,LEVEL 4,官方清單,,,
ceec-108:level-4:conventional,conventional,kәn'venʃәnl,adj.,"a. 傳統的, 習慣的, 約定的\n[經] 慣例的, 常規的, 傳統的",,,CEEC-108,4,,,,大考中心高中英文參考詞彙表（111學年度起適用）,LEVEL 4,官方清單,,,
ceec-108:level-4:converse,converse,kәn'vә:s,v.,"n. 相反的事物, 倒, 逆向\na. 相反的, 逆向的, 顛倒的\nvi. 交談, 談話",,,CEEC-108,4,,,,大考中心高中英文參考詞彙表（111學年度起適用）,LEVEL 4,官方清單,,,
ceec-108:level-4:convey,convey,kәn'vei,v.,"vt. 傳達, 運輸, 轉讓\n[經] 轉讓(財產等), 搬運",,,CEEC-108,4,,,,大考中心高中英文參考詞彙表（111學年度起適用）,LEVEL 4,官方清單,,,
ceec-108:level-4:convince,convince,kәn'vins,v.,"vt. 說服, 使相信\n[法] 使確信, 使信服, 使人認識錯誤",,,CEEC-108,4,,,,大考中心高中英文參考詞彙表（111學年度起適用）,LEVEL 4,官方清單,,,
ceec-108:level-4:cooperate,cooperate,kәu'ɒpәreit,v.,"vi. 合作, 協力, 配合\n[化] 合作",,,CEEC-108,4,,,,大考中心高中英文參考詞彙表（111學年度起適用）,LEVEL 4,官方清單,,,
ceec-108:level-4:cooperation,cooperation,kәu.ɒpә'reiʃәn,n.,"n. 合作, 協力, 配合\n[化] 合作",,,CEEC-108,4,,,,大考中心高中英文參考詞彙表（111學年度起適用）,LEVEL 4,官方清單,,,
ceec-108:level-4:cooperative,cooperative,kәu'ɔpәrәtiv,adj.|n.,a. 合作的；合作社的,,,CEEC-108,4,,,,大考中心高中英文參考詞彙表（111學年度起適用）,LEVEL 4,官方清單,,,
ceec-108:level-4:cope,cope,kәup,v.,"vi. 競爭, 應付\nn. 長袍",,,CEEC-108,4,,,,大考中心高中英文參考詞彙表（111學年度起適用）,LEVEL 4,官方清單,,,
ceec-108:level-4:copper,copper,'kɒpә,adj.|n.,"n. 銅, 警察\n[化] 銅Cu",,,CEEC-108,4,,,,大考中心高中英文參考詞彙表（111學年度起適用）,LEVEL 4,官方清單,,,
ceec-108:level-4:cord,cord,kɒ:d,n.,"n. 繩索, 束縛\n[醫] 索, 帶",,,CEEC-108,4,,,,大考中心高中英文參考詞彙表（111學年度起適用）,LEVEL 4,官方清單,,,
ceec-108:level-4:correspond,correspond,.kɒri'spɒnd,v.,"vi. 符合, 通訊, 相當\n[法] 符合, 一致, 相當",,,CEEC-108,4,,,,大考中心高中英文參考詞彙表（111學年度起適用）,LEVEL 4,官方清單,,,
ceec-108:level-4:costume,costume,'kɒstju:m,n.,"n. 裝束, 服裝",,,CEEC-108,4,,,,大考中心高中英文參考詞彙表（111學年度起適用）,LEVEL 4,官方清單,,,
ceec-108:level-4:cottage,cottage,'kɒtidʒ,n.,"n. 小屋, 茅舍",,,CEEC-108,4,,,,大考中心高中英文參考詞彙表（111學年度起適用）,LEVEL 4,官方清單,,,
ceec-108:level-4:council,council,'kaunsәl,n.,"n. 會議, 委員會\n[經] 委員會",,,CEEC-108,4,,,,大考中心高中英文參考詞彙表（111學年度起適用）,LEVEL 4,官方清單,,,
ceec-108:level-4:counter,counter,'kauntә,adj.|adv.|n.|v.,"n. 計算器, 計算者, 櫃檯, 籌碼\na. 反方向的, 相反的\nadv. 反方向地, 相反地\n[計] 計數器; 計數字",,,CEEC-108,4,,,,大考中心高中英文參考詞彙表（111學年度起適用）,LEVEL 4,官方清單,,,
ceec-108:level-4:courageous,courageous,kә'reidʒәs,adj.,"a. 勇敢的, 大膽的, 有膽量的",,,CEEC-108,4,,,,大考中心高中英文參考詞彙表（111學年度起適用）,LEVEL 4,官方清單,,,
ceec-108:level-4:courtesy,courtesy,'kә:tisi,n.,"n. 禮貌, 謙恭, 好意\n[法] 優待, 禮貌, 恩惠",,,CEEC-108,4,,,,大考中心高中英文參考詞彙表（111學年度起適用）,LEVEL 4,官方清單,,,
ceec-108:level-4:coward,coward,'kauәd,n.,"n. 懦弱的人, 膽小的人",,,CEEC-108,4,,,,大考中心高中英文參考詞彙表（111學年度起適用）,LEVEL 4,官方清單,,,
ceec-108:level-4:crack,crack,kræk,n.|v.,"n. 裂縫, 爆裂聲\nv. (使)爆裂, (使)裂開, (使)發出爆裂聲\na. 第一流的\nadv. 啪地一聲",,,CEEC-108,4,,,,大考中心高中英文參考詞彙表（111學年度起適用）,LEVEL 4,官方清單,,,
ceec-108:level-4:craft,craft,kræft,n.,"n. 技藝, 手藝, 詭計\nvt. 精心製作",,,CEEC-108,4,,,,大考中心高中英文參考詞彙表（111學年度起適用）,LEVEL 4,官方清單,,,
ceec-108:level-4:creation,creation,kri:'eiʃәn,n.,"n. 創造, 創作物, 發明\n[化] 產生",,,CEEC-108,4,,,,大考中心高中英文參考詞彙表（111學年度起適用）,LEVEL 4,官方清單,,,
ceec-108:level-4:creativity,creativity,.kri:ei'tiviti,n.,"n. 創造力, 創造性",,,CEEC-108,4,,,,大考中心高中英文參考詞彙表（111學年度起適用）,LEVEL 4,官方清單,,,
ceec-108:level-4:creep,creep,kri:p,v.,"n. 爬, 徐行, 蠕動\nvi. 爬, 蔓延, 潛行",,,CEEC-108,4,,,,大考中心高中英文參考詞彙表（111學年度起適用）,LEVEL 4,官方清單,,,
ceec-108:level-4:critic,critic,'kritik,n.,"n. 批評家, 鑑定家",,,CEEC-108,4,,,,大考中心高中英文參考詞彙表（111學年度起適用）,LEVEL 4,官方清單,,,
ceec-108:level-4:critical,critical,'kritikәl,adj.,"a. 批評的, 決定性的, 危險的, 臨界的\n[醫] 危象的; 臨界的, 極期的",,,CEEC-108,4,,,,大考中心高中英文參考詞彙表（111學年度起適用）,LEVEL 4,官方清單,,,
ceec-108:level-4:criticism,criticism,'kritisizm,n.,"n. 批評, 評論, 非難\n[法] 批判, 批評, 評論",,,CEEC-108,4,,,,大考中心高中英文參考詞彙表（111學年度起適用）,LEVEL 4,官方清單,,,
ceec-108:level-4:criticize,criticize,'kritisaiz,v.,"v. 批評, 吹毛求疵, 非難",,,CEEC-108,4,,,,大考中心高中英文參考詞彙表（111學年度起適用）,LEVEL 4,官方清單,,,
ceec-108:level-4:cruelty,cruelty,'kru:әlti,n.,"n. 殘酷, 野蠻, 殘酷行為\n[法] 殘酷, 殘忍, 虐待",,,CEEC-108,4,,,,大考中心高中英文參考詞彙表（111學年度起適用）,LEVEL 4,官方清單,,,
ceec-108:level-4:crunchy,crunchy,'krʌntʃi,adj.,a. 發嘎吱嘎吱聲的,,,CEEC-108,4,,,,大考中心高中英文參考詞彙表（111學年度起適用）,LEVEL 4,官方清單,,,
ceec-108:level-4:crush,crush,krʌʃ,n.|v.,"n. 壓碎, 粉碎, 群眾, 迷戀\nvt. 壓破, 征服, 塞, 弄皺, 榨出\nvi. 被壓碎, 起皺, 擠",,,CEEC-108,4,,,,大考中心高中英文參考詞彙表（111學年度起適用）,LEVEL 4,官方清單,,,
ceec-108:level-4:cube,cube,kju:b,n.|v.,"n. 立方體, 立方\n[機] 立方體, 立方",,,CEEC-108,4,,,,大考中心高中英文參考詞彙表（111學年度起適用）,LEVEL 4,官方清單,,,
ceec-108:level-4:cue,cue,kju:,n.|v.,"n. 提示, 線索\nvt. 給...暗示(或提示)\n[計] 尾接指令",,,CEEC-108,4,,,,大考中心高中英文參考詞彙表（111學年度起適用）,LEVEL 4,官方清單,,,
ceec-108:level-4:cunning,cunning,'kʌniŋ,adj.|n.,"a. 狡猾的, 巧妙的, 可愛的\n[法] 狡猾的的, 狡詐的, 熟練的",,,CEEC-108,4,,,,大考中心高中英文參考詞彙表（111學年度起適用）,LEVEL 4,官方清單,,,
ceec-108:level-4:curiosity,curiosity,.kjuәri'ɒsiti,n.,"n. 好奇心, 新奇的事物, 珍品",,,CEEC-108,4,,,,大考中心高中英文參考詞彙表（111學年度起適用）,LEVEL 4,官方清單,,,
ceec-108:level-4:curl,curl,kә:l,n.|v.,"n. 拳曲, 鬈髮\nvt. 弄卷\nvi. 拳曲, 彎曲",,,CEEC-108,4,,,,大考中心高中英文參考詞彙表（111學年度起適用）,LEVEL 4,官方清單,,,
ceec-108:level-4:curse,curse,kә:s,n.|v.,"n. 咒罵, 詛咒\nvt. 詛咒, 咒罵",,,CEEC-108,4,,,,大考中心高中英文參考詞彙表（111學年度起適用）,LEVEL 4,官方清單,,,
ceec-108:level-4:curve,curve,kә:v,n.|v.,"n. 曲線, 彎曲, 曲線球\nvt. 彎, 使彎曲\nvi. 成曲形",,,CEEC-108,4,,,,大考中心高中英文參考詞彙表（111學年度起適用）,LEVEL 4,官方清單,,,
ceec-108:level-4:cushion,cushion,'kuʃәn,n.|v.,"n. 墊子, 橡皮軟墊\nvt. 加墊褥, 緩衝, 掩蓋",,,CEEC-108,4,,,,大考中心高中英文參考詞彙表（111學年度起適用）,LEVEL 4,官方清單,,,
ceec-108:level-4:damp,damp,dæmp,adj.|n.|v.,"n. 潮溼, 溼氣\na. 潮溼的\nvt. 使潮溼, 使阻尼, 抑止\nvi. 變潮溼, 衰減",,,CEEC-108,4,,,,大考中心高中英文參考詞彙表（111學年度起適用）,LEVEL 4,官方清單,,,
ceec-108:level-4:deadline,deadline,'dedlain,n.,"n. 最後期限, 截止期限\n[經] 截止日期",,,CEEC-108,4,,,,大考中心高中英文參考詞彙表（111學年度起適用）,LEVEL 4,官方清單,,,
ceec-108:level-4:declare,declare,di'klєә,v.,"v. 宣佈, 宣告, 申報, 斷言",,,CEEC-108,4,,,,大考中心高中英文參考詞彙表（111學年度起適用）,LEVEL 4,官方清單,,,
ceec-108:level-4:decoration,decoration,.dekә'reiʃәn,n.,"n. 裝飾, 裝飾品",,,CEEC-108,4,,,,大考中心高中英文參考詞彙表（111學年度起適用）,LEVEL 4,官方清單,,,
ceec-108:level-4:defeat,defeat,di'fi:t,n.|v.,"n. 敗北, 失敗\nvt. 擊敗, 使落空",,,CEEC-108,4,,,,大考中心高中英文參考詞彙表（111學年度起適用）,LEVEL 4,官方清單,,,
ceec-108:level-4:defend,defend,di'fend,v.,"vt. 防護, 辯護, 防衛\n[法] 作...的辯護律師, 辯護, 為...答辯",,,CEEC-108,4,,,,大考中心高中英文參考詞彙表（111學年度起適用）,LEVEL 4,官方清單,,,
ceec-108:level-4:defense,defense,di'fens,n.,"n. 防衛, 防衛物\n[醫] 防禦",,,CEEC-108,4,,,,大考中心高中英文參考詞彙表（111學年度起適用）,LEVEL 4,官方清單,,,
ceec-108:level-4:defensible,defensible,di'fensәbl,adj.,"a. 可防衛的, 可防護的, 可辯護的\n[法] 可辯護的, 能防衛的",,,CEEC-108,4,,,,大考中心高中英文參考詞彙表（111學年度起適用）,LEVEL 4,官方清單,,,
ceec-108:level-4:defensive,defensive,di'fensiv,adj.,"a. 防衛的, 防備用的, 自衛的\nn. 守勢, 防衛姿勢, 防衛物",,,CEEC-108,4,,,,大考中心高中英文參考詞彙表（111學年度起適用）,LEVEL 4,官方清單,,,
ceec-108:level-4:definite,definite,'definit,adj.,"a. 明確的, 一定的\n[法] 明確的, 確切的, 一定的",,,CEEC-108,4,,,,大考中心高中英文參考詞彙表（111學年度起適用）,LEVEL 4,官方清單,,,
ceec-108:level-4:delicate,delicate,'delikәt,adj.,"a. 細緻優雅的, 微妙的, 美味的\n[醫] 柔弱的",,,CEEC-108,4,,,,大考中心高中英文參考詞彙表（111學年度起適用）,LEVEL 4,官方清單,,,
ceec-108:level-4:delight,delight,di'lait,n.|v.,"n. 高興, 愉快\nvt. 使高興, 樂於\nvi. 感到高興(或愉快、快樂)",,,CEEC-108,4,,,,大考中心高中英文參考詞彙表（111學年度起適用）,LEVEL 4,官方清單,,,
ceec-108:level-4:delightful,delightful,di'laitful,adj.,"a. 令人愉快的, 可愛的",,,CEEC-108,4,,,,大考中心高中英文參考詞彙表（111學年度起適用）,LEVEL 4,官方清單,,,
ceec-108:level-4:demand,demand,di'mɑ:nd,n.|v.,"n. 要求, 需求, 需要\nv. 要求, 查詢",,,CEEC-108,4,,,,大考中心高中英文參考詞彙表（111學年度起適用）,LEVEL 4,官方清單,,,
ceec-108:level-4:demonstrate,demonstrate,'demәnstreit,v.,"vt. 示範, 證明\nvi. 示威",,,CEEC-108,4,,,,大考中心高中英文參考詞彙表（111學年度起適用）,LEVEL 4,官方清單,,,
ceec-108:level-4:demonstration,demonstration,.demәn'streiʃәn,n.,"n. 示範, 實證\n[醫] 示教, 實物教授",,,CEEC-108,4,,,,大考中心高中英文參考詞彙表（111學年度起適用）,LEVEL 4,官方清單,,,
ceec-108:level-4:dense,dense,dens,adj.,"a. 密集的, 濃厚的",,,CEEC-108,4,,,,大考中心高中英文參考詞彙表（111學年度起適用）,LEVEL 4,官方清單,,,
ceec-108:level-4:depart,depart,di'pɑ:t,v.,"vi. 離開, 出發, 背離, 違反, 去世",,,CEEC-108,4,,,,大考中心高中英文參考詞彙表（111學年度起適用）,LEVEL 4,官方清單,,,
ceec-108:level-4:departure,departure,di'pɑ:tʃә,n.,"n. 離開, 出發, 違背, 偏離\n[經] 啟運",,,CEEC-108,4,,,,大考中心高中英文參考詞彙表（111學年度起適用）,LEVEL 4,官方清單,,,
ceec-108:level-4:dependent,dependent,di'pendәnt,adj.|n.,"n. 依賴他人者\na. 依賴的, 從屬的",,,CEEC-108,4,,,,大考中心高中英文參考詞彙表（111學年度起適用）,LEVEL 4,官方清單,,,
ceec-108:level-4:depression,depression,di'preʃәn,n.,"n. 不景氣, 消沉, 沮喪, 窪地\n[醫] 抑鬱[症], 阻抑, 壓低, 凹, 窩, 衰退, 俯角",,,CEEC-108,4,,,,大考中心高中英文參考詞彙表（111學年度起適用）,LEVEL 4,官方清單,,,
ceec-108:level-4:deserve,deserve,di'zә:v,v.,"vt. 該得到, 值得\nvi. 應得報答",,,CEEC-108,4,,,,大考中心高中英文參考詞彙表（111學年度起適用）,LEVEL 4,官方清單,,,
ceec-108:level-4:desperate,desperate,'despәrәt,adj.,"a. 不顧一切的, 危急的, 令人絕望的, 極渴望的",,,CEEC-108,4,,,,大考中心高中英文參考詞彙表（111學年度起適用）,LEVEL 4,官方清單,,,
ceec-108:level-4:despite,despite,di'spait,prep.,"n. 輕視, 憎恨\nprep. 雖然, 儘管",,,CEEC-108,4,,,,大考中心高中英文參考詞彙表（111學年度起適用）,LEVEL 4,官方清單,,,
ceec-108:level-4:destruction,destruction,di'strʌkʃәn,n.,"n. 破壞, 毀滅\n[醫] 破壞",,,CEEC-108,4,,,,大考中心高中英文參考詞彙表（111學年度起適用）,LEVEL 4,官方清單,,,
ceec-108:level-4:detective,detective,di'tektiv,adj.|n.,n. 偵探\na. 偵探的,,,CEEC-108,4,,,,大考中心高中英文參考詞彙表（111學年度起適用）,LEVEL 4,官方清單,,,
ceec-108:level-4:determination,determination,di.tә:mi'neiʃәn,n.,"n. 決心, 果斷\n[化] 判定; 測定",,,CEEC-108,4,,,,大考中心高中英文參考詞彙表（111學年度起適用）,LEVEL 4,官方清單,,,
ceec-108:level-4:device,device,di'vais,n.,"n. 裝置, 設計, 策略, 發明物, 裝置\n[計] 裝置; DOS內部命令:該命令要求DOS安裝一個裝置驅動程式",,,CEEC-108,4,,,,大考中心高中英文參考詞彙表（111學年度起適用）,LEVEL 4,官方清單,,,
ceec-108:level-4:devise,devise,di'vaiz,v.,"vt. 設計, 發明, 圖謀, 遺贈給\nn. 遺贈",,,CEEC-108,4,,,,大考中心高中英文參考詞彙表（111學年度起適用）,LEVEL 4,官方清單,,,
ceec-108:level-4:devote,devote,di'vәut,v.,"vt. 投入於, 獻身",,,CEEC-108,4,,,,大考中心高中英文參考詞彙表（111學年度起適用）,LEVEL 4,官方清單,,,
ceec-108:level-4:dew,dew,dju:,n.,"n. 露珠, 露水\nvt. (用露水)沾溼\nvi. 結露水",,,CEEC-108,4,,,,大考中心高中英文參考詞彙表（111學年度起適用）,LEVEL 4,官方清單,,,
ceec-108:level-4:diagram,diagram,'daiәɡræm,n.|v.,n. 圖表；圖解,,,CEEC-108,4,,,,大考中心高中英文參考詞彙表（111學年度起適用）,LEVEL 4,官方清單,,,
ceec-108:level-4:differ,differ,'difә,v.,"vi. 不一致, 不同\n[機] 差異, 不同",,,CEEC-108,4,,,,大考中心高中英文參考詞彙表（111學年度起適用）,LEVEL 4,官方清單,,,
ceec-108:level-4:digest,digest,di'dʒest,n.|v.,"n. 文摘\nvi. 消化\nvt. 消化, 理解\n[計] 摘要",,,CEEC-108,4,,,,大考中心高中英文參考詞彙表（111學年度起適用）,LEVEL 4,官方清單,,,
ceec-108:level-4:digital,digital,'didʒitәl,adj.,"a. 數字顯示的, 數字的\nn. 數字儀表, 數字式電子錶(或時鐘)\n[計] 數字, 數字式",,,CEEC-108,4,,,,大考中心高中英文參考詞彙表（111學年度起適用）,LEVEL 4,官方清單,,,
ceec-108:level-4:dignity,dignity,'digniti,n.,"n. 尊嚴, 高貴\n[法] 尊嚴, 高位, 高貴",,,CEEC-108,4,,,,大考中心高中英文參考詞彙表（111學年度起適用）,LEVEL 4,官方清單,,,
ceec-108:level-4:diligence,diligence,'dilidʒәns,n.,n. 勤奮,,,CEEC-108,4,,,,大考中心高中英文參考詞彙表（111學年度起適用）,LEVEL 4,官方清單,,,
ceec-108:level-4:diligent,diligent,'dilidʒәnt,adj.,"a. 勤勉的, 用功的",,,CEEC-108,4,,,,大考中心高中英文參考詞彙表（111學年度起適用）,LEVEL 4,官方清單,,,
ceec-108:level-4:diploma,diploma,di'plәumә,n.,"n. 文憑, 畢業證書\n[醫] 文憑",,,CEEC-108,4,,,,大考中心高中英文參考詞彙表（111學年度起適用）,LEVEL 4,官方清單,,,
ceec-108:level-4:diplomat,diplomat,'diplәmæt,n.,"n. 外交官, 有外交手腕的人\n[法] 外交家, 外交官, 有權謀的人",,,CEEC-108,4,,,,大考中心高中英文參考詞彙表（111學年度起適用）,LEVEL 4,官方清單,,,
ceec-108:level-4:disability,disability,disә'biliti,n.,"n. 無力, 無能, 殘疾\n[醫] 勞動能力喪失, 病廢",,,CEEC-108,4,,,,大考中心高中英文參考詞彙表（111學年度起適用）,LEVEL 4,官方清單,,,
ceec-108:level-4:disadvantage,disadvantage,.disәd'vɑ:ntidʒ,n.|v.,"n. 缺點, 不利, 壞處",,,CEEC-108,4,,,,大考中心高中英文參考詞彙表（111學年度起適用）,LEVEL 4,官方清單,,,
ceec-108:level-4:disappoint,disappoint,.disә'pɒint,v.,vt. 使失望,,,CEEC-108,4,,,,大考中心高中英文參考詞彙表（111學年度起適用）,LEVEL 4,官方清單,,,
ceec-108:level-4:disappointment,disappointment,.disә'pɒintmәnt,n.,n. 失望,,,CEEC-108,4,,,,大考中心高中英文參考詞彙表（111學年度起適用）,LEVEL 4,官方清單,,,
ceec-108:level-4:disaster,disaster,di'zɑ:stә,n.,"n. 災禍, 不幸, 徹底失敗",,,CEEC-108,4,,,,大考中心高中英文參考詞彙表（111學年度起適用）,LEVEL 4,官方清單,,,
ceec-108:level-4:discipline,discipline,'disiplin,n.|v.,"n. 訓練, 紀律\nvt. 訓練, 懲罰",,,CEEC-108,4,,,,大考中心高中英文參考詞彙表（111學年度起適用）,LEVEL 4,官方清單,,,
ceec-108:level-4:discourage,discourage,dis'kʌridʒ,v.,"vt. 使氣餒, 阻礙",,,CEEC-108,4,,,,大考中心高中英文參考詞彙表（111學年度起適用）,LEVEL 4,官方清單,,,
ceec-108:level-4:discouragement,discouragement,dis'kʌridʒmәnt,n.,"n. 使洩氣, 使氣餒, 使沮喪, 使喪失信心, 使失去信心, 阻攔, 勸阻, 留難",,,CEEC-108,4,,,,大考中心高中英文參考詞彙表（111學年度起適用）,LEVEL 4,官方清單,,,
ceec-108:level-4:disguise,disguise,dis'gaiz,n.|v.,"n. 假面目, 假裝\nvt. 假裝, 隱瞞",,,CEEC-108,4,,,,大考中心高中英文參考詞彙表（111學年度起適用）,LEVEL 4,官方清單,,,
ceec-108:level-4:disgust,disgust,dis'gʌst,n.|v.,"n. 厭惡, 嫌惡\nvi. 令人厭惡\nvt. 使作嘔",,,CEEC-108,4,,,,大考中心高中英文參考詞彙表（111學年度起適用）,LEVEL 4,官方清單,,,
ceec-108:level-4:dismiss,dismiss,dis'mis,v.,"vt. 解散, 開除, 解職\nvi. 解散\n[計] 解散",,,CEEC-108,4,,,,大考中心高中英文參考詞彙表（111學年度起適用）,LEVEL 4,官方清單,,,
ceec-108:level-4:disorder,disorder,dis'ɒ:dә,n.|v.,"n. 雜亂, 混亂\nvt. 擾亂, 使失調",,,CEEC-108,4,,,,大考中心高中英文參考詞彙表（111學年度起適用）,LEVEL 4,官方清單,,,
ceec-108:level-4:dispute,dispute,dis'pju:t,n.|v.,n. 爭論\nv. 爭論,,,CEEC-108,4,,,,大考中心高中英文參考詞彙表（111學年度起適用）,LEVEL 4,官方清單,,,
ceec-108:level-4:distinct,distinct,dis'tiŋkt,adj.,"a. 清楚的, 顯著的, 不同的",,,CEEC-108,4,,,,大考中心高中英文參考詞彙表（111學年度起適用）,LEVEL 4,官方清單,,,
ceec-108:level-4:distinguish,distinguish,dis'tiŋgwiʃ,v.,"v. 區別, 辨別",,,CEEC-108,4,,,,大考中心高中英文參考詞彙表（111學年度起適用）,LEVEL 4,官方清單,,,
ceec-108:level-4:distinguished,distinguished,dis'tiŋgwiʃt,adj.,"a. 卓著的, 著名的",,,CEEC-108,4,,,,大考中心高中英文參考詞彙表（111學年度起適用）,LEVEL 4,官方清單,,,
ceec-108:level-4:distribute,distribute,di'stribju:t,v.,"vt. 分配, 散佈, 分發\n[經] 分配, 分發",,,CEEC-108,4,,,,大考中心高中英文參考詞彙表（111學年度起適用）,LEVEL 4,官方清單,,,
ceec-108:level-4:distribution,distribution,.distrә'bju:ʃәn,n.,n. 分配\n[計] 分佈,,,CEEC-108,4,,,,大考中心高中英文參考詞彙表（111學年度起適用）,LEVEL 4,官方清單,,,
ceec-108:level-4:district,district,'distrikt,n.,"n. 區域, 地方\n[醫] 地區, 地段",,,CEEC-108,4,,,,大考中心高中英文參考詞彙表（111學年度起適用）,LEVEL 4,官方清單,,,
ceec-108:level-4:disturb,disturb,dis'tә:b,v.,"vt. 擾亂, 妨礙, 使不安\n[法] 滋擾, 擾亂",,,CEEC-108,4,,,,大考中心高中英文參考詞彙表（111學年度起適用）,LEVEL 4,官方清單,,,
ceec-108:level-4:diverse,diverse,dai'vә:s,adj.,"a. 不同的, 變化多的",,,CEEC-108,4,,,,大考中心高中英文參考詞彙表（111學年度起適用）,LEVEL 4,官方清單,,,
ceec-108:level-4:diversity,diversity,dai'vә:siti,n.,"n. 差異, 多樣性\n[化] 多樣性",,,CEEC-108,4,,,,大考中心高中英文參考詞彙表（111學年度起適用）,LEVEL 4,官方清單,,,
ceec-108:level-4:divine,divine,di'vain,adj.,"a. 神的, 神聖的, 非凡的\nn. 神學家",,,CEEC-108,4,,,,大考中心高中英文參考詞彙表（111學年度起適用）,LEVEL 4,官方清單,,,
ceec-108:level-4:divorce,divorce,di'vɒ:s,n.|v.,n. 離婚\nvt. 與...離婚,,,CEEC-108,4,,,,大考中心高中英文參考詞彙表（111學年度起適用）,LEVEL 4,官方清單,,,
ceec-108:level-4:dodge,dodge,dɒdʒ,n.|v.,"v. 避開, 躲避\nn. 詭計, 躲藏",,,CEEC-108,4,,,,大考中心高中英文參考詞彙表（111學年度起適用）,LEVEL 4,官方清單,,,
ceec-108:level-4:dominant,dominant,'dɒminәnt,adj.,"a. 佔優勢的, 支配的\n[醫] 優性的, 顯性的",,,CEEC-108,4,,,,大考中心高中英文參考詞彙表（111學年度起適用）,LEVEL 4,官方清單,,,
ceec-108:level-4:dominate,dominate,'dɒmineit,v.,"v. 支配, 佔優勢",,,CEEC-108,4,,,,大考中心高中英文參考詞彙表（111學年度起適用）,LEVEL 4,官方清單,,,
ceec-108:level-4:draft,draft,dræft. drɑ:ft,n.|v.,"n. 氣流, 草稿, 匯票, 草案\nvt. 起草, 徵兵\n[計] 草稿",,,CEEC-108,4,,,,大考中心高中英文參考詞彙表（111學年度起適用）,LEVEL 4,官方清單,,,
ceec-108:level-4:dread,dread,dred,n.|v.,"n. 恐懼, 可怕的人(或事)\na. 可怕的, 可怖的\nv. 恐懼, 害怕",,,CEEC-108,4,,,,大考中心高中英文參考詞彙表（111學年度起適用）,LEVEL 4,官方清單,,,
ceec-108:level-4:drift,drift,drift,n.|v.,"n. 漂流物, 漂流, 動向\nv. (使)漂流",,,CEEC-108,4,,,,大考中心高中英文參考詞彙表（111學年度起適用）,LEVEL 4,官方清單,,,
ceec-108:level-4:drill,drill,dril,n.|v.,"n. 鑽孔機, 鑽子, 播種機, 粗斜紋布\nv. 訓練, 鑽孔",,,CEEC-108,4,,,,大考中心高中英文參考詞彙表（111學年度起適用）,LEVEL 4,官方清單,,,
ceec-108:level-4:drowsy,drowsy,'drauzi,adj.,"a. 昏昏欲睡的\n[醫] 倦睡的, 瞌睡的",,,CEEC-108,4,,,,大考中心高中英文參考詞彙表（111學年度起適用）,LEVEL 4,官方清單,,,
ceec-108:level-4:durable,durable,'djurәbl,adj.,"a. 持久的, 耐用的",,,CEEC-108,4,,,,大考中心高中英文參考詞彙表（111學年度起適用）,LEVEL 4,官方清單,,,
ceec-108:level-4:dusty,dusty,'dʌsti,adj.,"a. 灰塵多的, 無聊的, 含糊的, 粉末狀的",,,CEEC-108,4,,,,大考中心高中英文參考詞彙表（111學年度起適用）,LEVEL 4,官方清單,,,
ceec-108:level-4:dye,dye,dai,n.|v.,"n. 顏料, 染料\nvt. 染, 染色\nvi. 被著色",,,CEEC-108,4,,,,大考中心高中英文參考詞彙表（111學年度起適用）,LEVEL 4,官方清單,,,
ceec-108:level-4:dynamic,dynamic,dai'næmik,adj.,"a. 動態的, 有活力的, 有力的, 動力的, 不斷變化的\nn. 動力, 動態\n[計] 動態的",,,CEEC-108,4,,,,大考中心高中英文參考詞彙表（111學年度起適用）,LEVEL 4,官方清單,,,
ceec-108:level-4:dynasty,dynasty,'dainæsti,n.,"n. 朝代, 王朝",,,CEEC-108,4,,,,大考中心高中英文參考詞彙表（111學年度起適用）,LEVEL 4,官方清單,,,
ceec-108:level-4:earnest,earnest,'ә:nist,adj.|n.,"n. 定金, 誠摯, 認真\na. 認真的, 熱心的, 重要的",,,CEEC-108,4,,,,大考中心高中英文參考詞彙表（111學年度起適用）,LEVEL 4,官方清單,,,
ceec-108:level-4:earphone,earphone,'iәfәun,n.,"n. 耳機, 聽筒\n[電] 耳機",,,CEEC-108,4,,,,大考中心高中英文參考詞彙表（111學年度起適用）,LEVEL 4,官方清單,,,
ceec-108:level-4:economic,economic,.i:kә'nɒmik,adj.,"a. 經濟上的, 實用的, 節省的\n[經] 經濟的",,,CEEC-108,4,,,,大考中心高中英文參考詞彙表（111學年度起適用）,LEVEL 4,官方清單,,,
ceec-108:level-4:economical,economical,.i:kә'nɒmikәl,adj.,"a. 節儉的, 經濟的, 合算的\n[經] 經濟的, 節約的",,,CEEC-108,4,,,,大考中心高中英文參考詞彙表（111學年度起適用）,LEVEL 4,官方清單,,,
ceec-108:level-4:economics,economics,.i:kә'nɒmiks,n.,n. 經濟學\n[經] 經濟學,,,CEEC-108,4,,,,大考中心高中英文參考詞彙表（111學年度起適用）,LEVEL 4,官方清單,,,
ceec-108:level-4:economist,economist,i:'kɒnәmist,n.,"n. 經濟學者, 經濟家\n[經] 經濟學家",,,CEEC-108,4,,,,大考中心高中英文參考詞彙表（111學年度起適用）,LEVEL 4,官方清單,,,
ceec-108:level-4:economy,economy,i'kɒnәmi,n.,"n. 經濟, 理財, 節約\n[醫] 經濟, 整體",,,CEEC-108,4,,,,大考中心高中英文參考詞彙表（111學年度起適用）,LEVEL 4,官方清單,,,
ceec-108:level-4:efficiency,efficiency,i'fiʃәnsi,n.,"n. 效率, 效能, 功效\n[醫] 效率, 效力",,,CEEC-108,4,,,,大考中心高中英文參考詞彙表（111學年度起適用）,LEVEL 4,官方清單,,,
ceec-108:level-4:elastic,elastic,i'læstik,adj.|n.,"n. 鬆緊帶, 橡皮筋\na. 有彈性的, 能伸縮的, 可通融的",,,CEEC-108,4,,,,大考中心高中英文參考詞彙表（111學年度起適用）,LEVEL 4,官方清單,,,
ceec-108:level-4:electronics,electronics,.ilek'trɒniks,n.,n. 電子學\n[計] 電子學,,,CEEC-108,4,,,,大考中心高中英文參考詞彙表（111學年度起適用）,LEVEL 4,官方清單,,,
ceec-108:level-4:elegant,elegant,'eligәnt,adj.,"a. 優雅的, 端莊的, 高雅的",,,CEEC-108,4,,,,大考中心高中英文參考詞彙表（111學年度起適用）,LEVEL 4,官方清單,,,
ceec-108:level-4:elementary,elementary,.eli'mentәri,adj.,"a. 初步的, 基本的\n[醫] 元素的, 基礎的, 初級的",,,CEEC-108,4,,,,大考中心高中英文參考詞彙表（111學年度起適用）,LEVEL 4,官方清單,,,
ceec-108:level-4:eliminate,eliminate,i'limineit,v.,"vt. 除去, 排除, 剔除, 消除",,,CEEC-108,4,,,,大考中心高中英文參考詞彙表（111學年度起適用）,LEVEL 4,官方清單,,,
ceec-108:level-4:elsewhere,elsewhere,'elshwєә,adv.,adv. 在別處,,,CEEC-108,4,,,,大考中心高中英文參考詞彙表（111學年度起適用）,LEVEL 4,官方清單,,,
ceec-108:level-4:embarrass,embarrass,im'bærәs,v.,"vt. 使困窘, 使侷促不安, 阻礙",,,CEEC-108,4,,,,大考中心高中英文參考詞彙表（111學年度起適用）,LEVEL 4,官方清單,,,
ceec-108:level-4:embarrassment,embarrassment,im'bærәsmәnt,n.,"n. 困難, 阻礙, 困窘\n[醫] 窘迫",,,CEEC-108,4,,,,大考中心高中英文參考詞彙表（111學年度起適用）,LEVEL 4,官方清單,,,
ceec-108:level-4:embassy,embassy,'embәsi,n.,"n. 大使館, 大使館全體人員\n[經] 大使館",,,CEEC-108,4,,,,大考中心高中英文參考詞彙表（111學年度起適用）,LEVEL 4,官方清單,,,
ceec-108:level-4:emerge,emerge,i'mә:dʒ,v.,"vi. 浮現, 形成, 出現, (事實)顯露",,,CEEC-108,4,,,,大考中心高中英文參考詞彙表（111學年度起適用）,LEVEL 4,官方清單,,,
ceec-108:level-4:emphasis,emphasis,'emfәsis,n.,"n. 強調, 加強, 重點, 強語氣",,,CEEC-108,4,,,,大考中心高中英文參考詞彙表（111學年度起適用）,LEVEL 4,官方清單,,,
ceec-108:level-4:empire,empire,'empaiә,n.,"n. 帝國, 帝權",,,CEEC-108,4,,,,大考中心高中英文參考詞彙表（111學年度起適用）,LEVEL 4,官方清單,,,
ceec-108:level-4:enclose,enclose,in'klәuz,v.,"vt. 圍繞, 圈起, 放入封套, 附上",,,CEEC-108,4,,,,大考中心高中英文參考詞彙表（111學年度起適用）,LEVEL 4,官方清單,,,
ceec-108:level-4:encounter,encounter,in'kauntә,n.|v.,"n. 相會, 相遇, 遭遇\nvt. 遇見, 邂逅, 會戰\nvi. 偶然相遇",,,CEEC-108,4,,,,大考中心高中英文參考詞彙表（111學年度起適用）,LEVEL 4,官方清單,,,
ceec-108:level-4:endanger,endanger,in'deindʒә,v.,"vt. 危及\n[法] 使危險, 危及",,,CEEC-108,4,,,,大考中心高中英文參考詞彙表（111學年度起適用）,LEVEL 4,官方清單,,,
ceec-108:level-4:endure,endure,in'djuә,v.,"vt. 忍受, 忍耐, 容忍, 耐\nvi. (正式)持久, 持續\n[計] 仍能工作, 繼續工作",,,CEEC-108,4,,,,大考中心高中英文參考詞彙表（111學年度起適用）,LEVEL 4,官方清單,,,
ceec-108:level-4:enforce,enforce,in'fɒ:s,v.,"vt. 強迫, 執行, 堅持\n[經] 予以強制執行",,,CEEC-108,4,,,,大考中心高中英文參考詞彙表（111學年度起適用）,LEVEL 4,官方清單,,,
ceec-108:level-4:enforcement,enforcement,in'fɒ:smәnt,n.,"n. 執行, 強制\n[法] 實施, 加強, 厲行",,,CEEC-108,4,,,,大考中心高中英文參考詞彙表（111學年度起適用）,LEVEL 4,官方清單,,,
ceec-108:level-4:engineering,engineering,.endʒi'niәriŋ,n.,"n. 工程學, 工程, 操縱\n[化] 機器; 機器學",,,CEEC-108,4,,,,大考中心高中英文參考詞彙表（111學年度起適用）,LEVEL 4,官方清單,,,
ceec-108:level-4:enlarge,enlarge,in'lɑ:dʒ,v.,"vt. 擴大, 增大\nvi. 擴大, 詳述",,,CEEC-108,4,,,,大考中心高中英文參考詞彙表（111學年度起適用）,LEVEL 4,官方清單,,,
ceec-108:level-4:enlargement,enlargement,in'lɑ:dʒmәnt,n.,"n. 擴大, 腫大, 肥大, 增大, 放大的照片, 放大, 擴建部分, 增補物, 擴充套件\n[計] 增補, 擴大, 放大",,,CEEC-108,4,,,,大考中心高中英文參考詞彙表（111學年度起適用）,LEVEL 4,官方清單,,,
ceec-108:level-4:enormous,enormous,i'nɒ:mәs,adj.,"a. 巨大的, 龐大的",,,CEEC-108,4,,,,大考中心高中英文參考詞彙表（111學年度起適用）,LEVEL 4,官方清單,,,
ceec-108:level-4:ensure,ensure,in'ʃuә,v.,"vt. 確定, 保證, 擔保, 保護\n[經] 確保, 確定",,,CEEC-108,4,,,,大考中心高中英文參考詞彙表（111學年度起適用）,LEVEL 4,官方清單,,,
ceec-108:level-4:entertain,entertain,.entә'tein,v.,"vt. 娛樂, 招待, 懷抱\nvi. 款待",,,CEEC-108,4,,,,大考中心高中英文參考詞彙表（111學年度起適用）,LEVEL 4,官方清單,,,
ceec-108:level-4:entertainment,entertainment,.entә'teinmәnt,n.,"n. 娛樂, 款待, 娛樂表演",,,CEEC-108,4,,,,大考中心高中英文參考詞彙表（111學年度起適用）,LEVEL 4,官方清單,,,
ceec-108:level-4:enthusiasm,enthusiasm,in'θju:ziæzәm,n.,"n. 巨大的熱情, 熱心",,,CEEC-108,4,,,,大考中心高中英文參考詞彙表（111學年度起適用）,LEVEL 4,官方清單,,,
ceec-108:level-4:equality,equality,i:'kwɒliti,n.,"n. 平等, 均勻, 相等\n[法] 同等, 平等, 相等",,,CEEC-108,4,,,,大考中心高中英文參考詞彙表（111學年度起適用）,LEVEL 4,官方清單,,,
ceec-108:level-4:equip,equip,i'kwip,v.,"vt. 裝備, 配備\n[機] 裝置, 裝置",,,CEEC-108,4,,,,大考中心高中英文參考詞彙表（111學年度起適用）,LEVEL 4,官方清單,,,
ceec-108:level-4:equipment,equipment,i'kwipmәnt,n.,"n. 裝備, 裝置, 才能\n[化] 裝置; 裝備; 裝置",,,CEEC-108,4,,,,大考中心高中英文參考詞彙表（111學年度起適用）,LEVEL 4,官方清單,,,
ceec-108:level-4:era,era,'iәrә,n.,"n. 時代, 紀元, 時期",,,CEEC-108,4,,,,大考中心高中英文參考詞彙表（111學年度起適用）,LEVEL 4,官方清單,,,
ceec-108:level-4:essential,essential,i'senʃәl,adj.|n.,"n. 要素, 要點, 本質\na. 必要的, 重要的, 本質的\n[計] 本質冒險",,,CEEC-108,4,,,,大考中心高中英文參考詞彙表（111學年度起適用）,LEVEL 4,官方清單,,,
ceec-108:level-4:establish,establish,i'stæbliʃ,v.,"vt. 建立, 確立, 制定\nvi. 移植生長",,,CEEC-108,4,,,,大考中心高中英文參考詞彙表（111學年度起適用）,LEVEL 4,官方清單,,,
ceec-108:level-4:establishment,establishment,i'stæbliʃmәnt,n.,"n. 確立, 制定, 設施\n[經] 企業, 公司, 商店",,,CEEC-108,4,,,,大考中心高中英文參考詞彙表（111學年度起適用）,LEVEL 4,官方清單,,,
ceec-108:level-4:estimate,estimate,'estimeit,n.|v.,"n. 估計, 判斷\nvt. 估計, 評價, 判斷\nvi. 估計",,,CEEC-108,4,,,,大考中心高中英文參考詞彙表（111學年度起適用）,LEVEL 4,官方清單,,,
ceec-108:level-4:ethnic,ethnic,'eθnik,adj.|n.,"a. 人種的, 種族的\n[醫] 人種的",,,CEEC-108,4,,,,大考中心高中英文參考詞彙表（111學年度起適用）,LEVEL 4,官方清單,,,
ceec-108:level-4:evaluate,evaluate,i'væljueit,v.,"vt. 評估, 評價, 賦值",,,CEEC-108,4,,,,大考中心高中英文參考詞彙表（111學年度起適用）,LEVEL 4,官方清單,,,
ceec-108:level-4:evaluation,evaluation,i.vælju'eiʃәn,n.,"n. 評估, 估價, 求值\n[計] 鑑定; 評價; 求值",,,CEEC-108,4,,,,大考中心高中英文參考詞彙表（111學年度起適用）,LEVEL 4,官方清單,,,
ceec-108:level-4:eventual,eventual,i'ventʃuәl,adj.,"a. 最後的, 終於的",,,CEEC-108,4,,,,大考中心高中英文參考詞彙表（111學年度起適用）,LEVEL 4,官方清單,,,
ceec-108:level-4:evidence,evidence,'evidәns,n.|v.,"n. 根據, 證據, 跡象\n[經] 證據, 憑證",,,CEEC-108,4,,,,大考中心高中英文參考詞彙表（111學年度起適用）,LEVEL 4,官方清單,,,
ceec-108:level-4:evident,evident,'evidәnt,adj.,"a. 顯然的, 明顯的",,,CEEC-108,4,,,,大考中心高中英文參考詞彙表（111學年度起適用）,LEVEL 4,官方清單,,,
ceec-108:level-4:exaggerate,exaggerate,ig'zædʒәreit,v.,"v. 誇大, 誇張",,,CEEC-108,4,,,,大考中心高中英文參考詞彙表（111學年度起適用）,LEVEL 4,官方清單,,,
ceec-108:level-4:exception,exception,ik'sepʃәn,n.,"n. 例外, 除外, 異議\n[計] 例外; 異常",,,CEEC-108,4,,,,大考中心高中英文參考詞彙表（111學年度起適用）,LEVEL 4,官方清單,,,
ceec-108:level-4:exhaust,exhaust,ig'zɒ:st,n.|v.,"n. 排氣, 排氣裝置, 廢氣\nvt. 抽完, 用盡, 耗盡, 使精疲力盡\nvi. 排氣",,,CEEC-108,4,,,,大考中心高中英文參考詞彙表（111學年度起適用）,LEVEL 4,官方清單,,,
ceec-108:level-4:exhibit,exhibit,ig'zibit,n.|v.,"n. 顯示, 顯現, 展覽品, 陳列品, 展覽\nvt. 展現, 陳列, 展覽\nvi. 開展覽會",,,CEEC-108,4,,,,大考中心高中英文參考詞彙表（111學年度起適用）,LEVEL 4,官方清單,,,
ceec-108:level-4:expand,expand,ik'spænd,v.,"vt. 使膨脹, 詳述, 擴張\nvi. 張開, 發展\nvt. 展開\nvi. 展開\n[計] 展開; DOS外部命令:將原始DOS磁碟上的壓縮檔案解壓縮並複製到硬碟上",,,CEEC-108,4,,,,大考中心高中英文參考詞彙表（111學年度起適用）,LEVEL 4,官方清單,,,
ceec-108:level-4:expansion,expansion,ik'spænʃәn,n.,"n. 擴充, 開展, 膨脹\n[計] 擴充套件",,,CEEC-108,4,,,,大考中心高中英文參考詞彙表（111學年度起適用）,LEVEL 4,官方清單,,,
ceec-108:level-4:experimental,experimental,ik.speri'mentәl,adj.,"a. 實驗的, 根據實驗的\n[醫] 實驗的",,,CEEC-108,4,,,,大考中心高中英文參考詞彙表（111學年度起適用）,LEVEL 4,官方清單,,,
ceec-108:level-4:explanation,explanation,.eksplә'neiʃәn,n.,"n. 解釋, 說明, 辯解, 表明\n[經] 解釋, 註釋, 說明",,,CEEC-108,4,,,,大考中心高中英文參考詞彙表（111學年度起適用）,LEVEL 4,官方清單,,,
ceec-108:level-4:explosion,explosion,ik'splәuʒәn,n.,"n. 爆發, 激增, 爆炸(聲)\n[化] 爆炸",,,CEEC-108,4,,,,大考中心高中英文參考詞彙表（111學年度起適用）,LEVEL 4,官方清單,,,
ceec-108:level-4:explosive,explosive,ik'splәusiv,adj.|n.,"n. 炸藥, 爆破音\na. 易爆發的, 爆炸的, 暴躁的",,,CEEC-108,4,,,,大考中心高中英文參考詞彙表（111學年度起適用）,LEVEL 4,官方清單,,,
ceec-108:level-4:expose,expose,ik'spәuz,v.,"vt. 使暴露, 使曝光, 揭穿, 陳列\n[醫] 暴露, 露置",,,CEEC-108,4,,,,大考中心高中英文參考詞彙表（111學年度起適用）,LEVEL 4,官方清單,,,
ceec-108:level-4:exposure,exposure,ik'spәuʒә,n.,"n. 暴露, 揭發, 揭露\n[化] 曝光量; 照射; 照射量",,,CEEC-108,4,,,,大考中心高中英文參考詞彙表（111學年度起適用）,LEVEL 4,官方清單,,,
ceec-108:level-4:extend,extend,ik'stend,v.,"v. 擴充, 延伸, 伸展, 擴大\n[計] 擴充套件",,,CEEC-108,4,,,,大考中心高中英文參考詞彙表（111學年度起適用）,LEVEL 4,官方清單,,,
ceec-108:level-4:extent,extent,ik'stent,n.,"n. 範圍, 程度, 區域\n[計] 範圍",,,CEEC-108,4,,,,大考中心高中英文參考詞彙表（111學年度起適用）,LEVEL 4,官方清單,,,
ceec-108:level-4:facial,facial,'feiʃәl,adj.,"n. 美顏, 臉部按摩\na. 臉的, 表面的, 臉部用的",,,CEEC-108,4,,,,大考中心高中英文參考詞彙表（111學年度起適用）,LEVEL 4,官方清單,,,
ceec-108:level-4:facility,facility,fә'siliti,n.,"n. 容易, 靈巧, 裝置\n[計] 設施; 裝置; 裝備",,,CEEC-108,4,,,,大考中心高中英文參考詞彙表（111學年度起適用）,LEVEL 4,官方清單,,,
ceec-108:level-4:faithful,faithful,'feiθful,adj.,"a. 忠實的, 詳確的, 可靠的\nn. 信徒",,,CEEC-108,4,,,,大考中心高中英文參考詞彙表（111學年度起適用）,LEVEL 4,官方清單,,,
ceec-108:level-4:fame,fame,feim,n.,"n. 名望, 名聲, 傳說",,,CEEC-108,4,,,,大考中心高中英文參考詞彙表（111學年度起適用）,LEVEL 4,官方清單,,,
ceec-108:level-4:fantastic,fantastic,fæn'tæstik,adj.,"a. 奇妙的, 稀奇的, 空想的",,,CEEC-108,4,,,,大考中心高中英文參考詞彙表（111學年度起適用）,LEVEL 4,官方清單,,,
ceec-108:level-4:fantasy,fantasy,'fæntәsi,n.,"n. 幻想, 想象的產物\n[醫] 幻想",,,CEEC-108,4,,,,大考中心高中英文參考詞彙表（111學年度起適用）,LEVEL 4,官方清單,,,
ceec-108:level-4:farewell,farewell,'fєә'wel,n.,"n. 辭別, 再見, 再會\ninterj. 再會",,,CEEC-108,4,,,,大考中心高中英文參考詞彙表（111學年度起適用）,LEVEL 4,官方清單,,,
ceec-108:level-4:fasten,fasten,'fɑ:sәn,v.,"vt. 拴緊, 使固定, 系, 集中於, 強加於\nvi. 扣緊",,,CEEC-108,4,,,,大考中心高中英文參考詞彙表（111學年度起適用）,LEVEL 4,官方清單,,,
ceec-108:level-4:fatal,fatal,'feitәl,adj.,"a. 致命的, 重大的, 命運註定的, 粗心的, 不幸的\n[醫] 致命的, 致死的",,,CEEC-108,4,,,,大考中心高中英文參考詞彙表（111學年度起適用）,LEVEL 4,官方清單,,,
ceec-108:level-4:favorable,favorable,'feivәrәbl,adj.,"a. 有利的, 讚許的, 良好的",,,CEEC-108,4,,,,大考中心高中英文參考詞彙表（111學年度起適用）,LEVEL 4,官方清單,,,
ceec-108:level-4:fax,fax,fæks,n.|v.,n. 傳真\nvt. 發傳真\n[計] 傳真系統; 傳真,,,CEEC-108,4,,,,大考中心高中英文參考詞彙表（111學年度起適用）,LEVEL 4,官方清單,,,
ceec-108:level-4:feast,feast,fi:st,n.|v.,"n. 宴會, 酒席, 享受, 節日\nvt. 款待, 享樂, 請客\nvi. 參加宴會, 盡情地吃, 享受",,,CEEC-108,4,,,,大考中心高中英文參考詞彙表（111學年度起適用）,LEVEL 4,官方清單,,,
ceec-108:level-4:feedback,feedback,'fi:dbæk,n.,"n. 反饋, 反應\n[計] 反饋",,,CEEC-108,4,,,,大考中心高中英文參考詞彙表（111學年度起適用）,LEVEL 4,官方清單,,,
ceec-108:level-4:ferry,ferry,'feri,n.|v.,"n. 渡船, 渡口\n[法] 擺渡營業權, 輪渡",,,CEEC-108,4,,,,大考中心高中英文參考詞彙表（111學年度起適用）,LEVEL 4,官方清單,,,
ceec-108:level-4:fertile,fertile,'fә:tail,adj.,"a. 可繁殖的, 肥沃的, 生產多的\n[醫] 能生育的",,,CEEC-108,4,,,,大考中心高中英文參考詞彙表（111學年度起適用）,LEVEL 4,官方清單,,,
ceec-108:level-4:fetch,fetch,fetʃ,n.|v.,"n. 取得, 拿, 詭計, 魂\nvt. 接來, 取來, 售得, 帶來, 推出, 引出, 殺死, 吸引, 到達\nvi. 取物, 前進\n[計] 取",,,CEEC-108,4,,,,大考中心高中英文參考詞彙表（111學年度起適用）,LEVEL 4,官方清單,,,
ceec-108:level-4:fiction,fiction,'fikʃәn,n.,"n. 小說, 虛構故事\n[法] 虛構的事實, 捏造, 擬製",,,CEEC-108,4,,,,大考中心高中英文參考詞彙表（111學年度起適用）,LEVEL 4,官方清單,,,
ceec-108:level-4:fierce,fierce,fiәs,adj.,"a. 兇猛的, 猛烈的, 熱烈的, 暴躁的",,,CEEC-108,4,,,,大考中心高中英文參考詞彙表（111學年度起適用）,LEVEL 4,官方清單,,,
ceec-108:level-4:finance,finance,fai'næns,n.|v.,"n. 財政, 財務\nvt. 供給...經費, 負擔經費\nvi. 籌措資金",,,CEEC-108,4,,,,大考中心高中英文參考詞彙表（111學年度起適用）,LEVEL 4,官方清單,,,
ceec-108:level-4:financial,financial,fai'nænʃәl,adj.,"a. 財政的, 金融的\n[經] 財政的, 金融的, 財務的",,,CEEC-108,4,,,,大考中心高中英文參考詞彙表（111學年度起適用）,LEVEL 4,官方清單,,,
ceec-108:level-4:fireplace,fireplace,'faiәpleis,n.,n. 壁爐,,,CEEC-108,4,,,,大考中心高中英文參考詞彙表（111學年度起適用）,LEVEL 4,官方清單,,,
ceec-108:level-4:flatter,flatter,'flætә,v.,"vt. 奉承, 阿諛, 使高興\n[機] 平面錘",,,CEEC-108,4,,,,大考中心高中英文參考詞彙表（111學年度起適用）,LEVEL 4,官方清單,,,
ceec-108:level-4:flea,flea,fli:,n.,n. 跳蚤\n[醫] 蚤,,,CEEC-108,4,,,,大考中心高中英文參考詞彙表（111學年度起適用）,LEVEL 4,官方清單,,,
ceec-108:level-4:flee,flee,fli:,v.,"vt. 逃避, 逃跑, 逃走\nvi. 逃, 消失",,,CEEC-108,4,,,,大考中心高中英文參考詞彙表（111學年度起適用）,LEVEL 4,官方清單,,,
ceec-108:level-4:flexible,flexible,'fleksәbl,adj.,"a. 易曲的, 靈活的, 柔順的, 能變形的, 可通融的\n[醫] 能屈的",,,CEEC-108,4,,,,大考中心高中英文參考詞彙表（111學年度起適用）,LEVEL 4,官方清單,,,
ceec-108:level-4:fluent,fluent,'flu:әnt,adj.,"a. 流利的, 流暢的",,,CEEC-108,4,,,,大考中心高中英文參考詞彙表（111學年度起適用）,LEVEL 4,官方清單,,,
ceec-108:level-4:flush,flush,flʌʃ,n.|v.,"n. 流溢, 面紅, 旺盛, 發燒, 驚飛的鳥, 同花牌\na. 豐足的, 齊平的, 滿盈的, 氾濫的\nadv. 齊平地, 直接地\nvi. 臉發紅, 奔湧, 旺盛, 驚飛\nvt. 淹沒, 沖洗, 使臉紅, 使激動, 使齊平, 使驚飛",,,CEEC-108,4,,,,大考中心高中英文參考詞彙表（111學年度起適用）,LEVEL 4,官方清單,,,
ceec-108:level-4:foam,foam,fәum,n.|v.,"n. 泡沫, 水沫, 泡沫材料\nvi. 起泡沫, 吐白沫\nvt. 使起泡沫",,,CEEC-108,4,,,,大考中心高中英文參考詞彙表（111學年度起適用）,LEVEL 4,官方清單,,,
ceec-108:level-4:forbid,forbid,fә'bid,v.,"vt. 禁止, 不準, 妨礙\n[法] 不許, 禁止, 阻止",,,CEEC-108,4,,,,大考中心高中英文參考詞彙表（111學年度起適用）,LEVEL 4,官方清單,,,
ceec-108:level-4:forecast,forecast,'fɒ:kɑ:st,n.|v.,"n. 預想, 預測, 預報\nvt. 預想, 預測, 預報\n[計] 趨勢預測",,,CEEC-108,4,,,,大考中心高中英文參考詞彙表（111學年度起適用）,LEVEL 4,官方清單,,,
ceec-108:level-4:formation,formation,fɒ:'meiʃәn,n.,"n. 形成, 構造, 編隊\n[醫] 形成, 結構",,,CEEC-108,4,,,,大考中心高中英文參考詞彙表（111學年度起適用）,LEVEL 4,官方清單,,,
ceec-108:level-4:formula,formula,'fɒ:mjulә,n.,"n. 客套語, 公式, 準則\n[計] 公式",,,CEEC-108,4,,,,大考中心高中英文參考詞彙表（111學年度起適用）,LEVEL 4,官方清單,,,
ceec-108:level-4:fort,fort,fɒ:t,n.,"n. 堡壘, 要塞, 易貨站\nvt. 設要塞保衛\nvi. 設要塞",,,CEEC-108,4,,,,大考中心高中英文參考詞彙表（111學年度起適用）,LEVEL 4,官方清單,,,
ceec-108:level-4:fortunate,fortunate,'fɒ:tʃәnit,adj.,"a. 幸運的, 幸福的",,,CEEC-108,4,,,,大考中心高中英文參考詞彙表（111學年度起適用）,LEVEL 4,官方清單,,,
ceec-108:level-4:fossil,fossil,'fɒsәl,adj.|n.,"n. 化石, 古物\na. 化石的, 陳腐的, 守舊的",,,CEEC-108,4,,,,大考中心高中英文參考詞彙表（111學年度起適用）,LEVEL 4,官方清單,,,
ceec-108:level-4:foundation,foundation,faun'deiʃәn,n.,"n. 基礎, 根據, 建立\n[化] 地基",,,CEEC-108,4,,,,大考中心高中英文參考詞彙表（111學年度起適用）,LEVEL 4,官方清單,,,
ceec-108:level-4:founder,founder,'faundә,n.,"n. 創立者, 建立者\nvt. 使沉沒, 使摔倒, 弄跛, 浸水, 破壞\nvi. 沉沒, 摔到, 變跛, 倒塌, 失敗",,,CEEC-108,4,,,,大考中心高中英文參考詞彙表（111學年度起適用）,LEVEL 4,官方清單,,,
ceec-108:level-4:fragile,fragile,'frædʒail,adj.,"a. 易碎的, 脆的\n[醫] 脆弱的, 脆的",,,CEEC-108,4,,,,大考中心高中英文參考詞彙表（111學年度起適用）,LEVEL 4,官方清單,,,
ceec-108:level-4:frame,frame,freim,n.|v.,"n. 框, 結構, 體格\nvt. 構成, 設計, 制定, 使適合, 陷害\n[計] 框架, 圖文框, 幀",,,CEEC-108,4,,,,大考中心高中英文參考詞彙表（111學年度起適用）,LEVEL 4,官方清單,,,
ceec-108:level-4:frequency,frequency,'fri:kwәnsi,n.,"n. 頻率, 頻數\n[計] 頻率",,,CEEC-108,4,,,,大考中心高中英文參考詞彙表（111學年度起適用）,LEVEL 4,官方清單,,,
ceec-108:level-4:freshman,freshman,,n.,"n. 新手, 生手, 大學一年級學生, (美)中學一年級學生",,,CEEC-108,4,,,,大考中心高中英文參考詞彙表（111學年度起適用）,LEVEL 4,官方清單,,,
ceec-108:level-4:frost,frost,frɒst,n.|v.,"n. 霜, 冰凍, 冷漠\nvt. 覆著霜, 凍結, 結霜\nvi. 受凍, 起霜",,,CEEC-108,4,,,,大考中心高中英文參考詞彙表（111學年度起適用）,LEVEL 4,官方清單,,,
ceec-108:level-4:frown,frown,fraun,n.|v.,n. 皺眉\nvi. 皺眉頭\nvt. 皺眉表示,,,CEEC-108,4,,,,大考中心高中英文參考詞彙表（111學年度起適用）,LEVEL 4,官方清單,,,
ceec-108:level-4:frustrate,frustrate,'frʌstreit,v.,"vt. 挫敗, 擊敗, 破壞\na. 無益的, 挫敗的, 挫折的",,,CEEC-108,4,,,,大考中心高中英文參考詞彙表（111學年度起適用）,LEVEL 4,官方清單,,,
ceec-108:level-4:frustration,frustration,frʌs'treiʃәn,n.,"n. 挫折, 頓挫\n[醫] 挫折",,,CEEC-108,4,,,,大考中心高中英文參考詞彙表（111學年度起適用）,LEVEL 4,官方清單,,,
ceec-108:level-4:fulfill,fulfill,ful'fil,v.,"vt. 實踐, 履行, 實行, 完成, 結束, 滿足\n[法] 履行, 完成, 達到",,,CEEC-108,4,,,,大考中心高中英文參考詞彙表（111學年度起適用）,LEVEL 4,官方清單,,,
ceec-108:level-4:fulfillment,fulfillment,ful'filmәnt,n.,"n. 履行, 結束, 完成, 實現, 滿意, 稱心",,,CEEC-108,4,,,,大考中心高中英文參考詞彙表（111學年度起適用）,LEVEL 4,官方清單,,,
ceec-108:level-4:functional,functional,'fʌŋkʃәnәl,adj.,"a. 功能的\n[醫] 機能的, 功能的, 官能的",,,CEEC-108,4,,,,大考中心高中英文參考詞彙表（111學年度起適用）,LEVEL 4,官方清單,,,
ceec-108:level-4:fundamental,fundamental,.fʌndә'mentәl,adj.|n.,"n. 基本原理, 原則, 基波\na. 基本的, 重要的, 原音的",,,CEEC-108,4,,,,大考中心高中英文參考詞彙表（111學年度起適用）,LEVEL 4,官方清單,,,
ceec-108:level-4:funeral,funeral,'fju:nәrәl,n.,"n. 葬禮, 出殯",,,CEEC-108,4,,,,大考中心高中英文參考詞彙表（111學年度起適用）,LEVEL 4,官方清單,,,
ceec-108:level-4:furious,furious,'fjuәriәs,adj.,"a. 狂怒的, 激烈的, 吵鬧的",,,CEEC-108,4,,,,大考中心高中英文參考詞彙表（111學年度起適用）,LEVEL 4,官方清單,,,
ceec-108:level-4:furnish,furnish,'fә:niʃ,v.,"vt. 供給, 提供, 裝設\n[化] 供應; 供給; 配料",,,CEEC-108,4,,,,大考中心高中英文參考詞彙表（111學年度起適用）,LEVEL 4,官方清單,,,
ceec-108:level-4:furthermore,furthermore,'fә:ðә'mɒ:,adv.,"adv. 此外, 而且",,,CEEC-108,4,,,,大考中心高中英文參考詞彙表（111學年度起適用）,LEVEL 4,官方清單,,,
ceec-108:level-4:gallery,gallery,'gælәri,n.,"n. 走廊, 最高樓座, 畫廊, 收集, 相簿\n[計] 相簿",,,CEEC-108,4,,,,大考中心高中英文參考詞彙表（111學年度起適用）,LEVEL 4,官方清單,,,
ceec-108:level-4:gaze,gaze,geiz,n.|v.,"n. 注視, 凝視\nvi. 注視, 凝視",,,CEEC-108,4,,,,大考中心高中英文參考詞彙表（111學年度起適用）,LEVEL 4,官方清單,,,
ceec-108:level-4:gear,gear,giә,n.|v.,"n. 齒輪, 工具\nvt. 以齒輪連起, 開動, 使適應, 安排\nvi. 連線上, 適合",,,CEEC-108,4,,,,大考中心高中英文參考詞彙表（111學年度起適用）,LEVEL 4,官方清單,,,
ceec-108:level-4:gender,gender,'dʒendә,n.,n. 性\nvt. 產生,,,CEEC-108,4,,,,大考中心高中英文參考詞彙表（111學年度起適用）,LEVEL 4,官方清單,,,
ceec-108:level-4:gene,gene,dʒi:n,n.,n. 基因\n[化] 基因(遺傳因子),,,CEEC-108,4,,,,大考中心高中英文參考詞彙表（111學年度起適用）,LEVEL 4,官方清單,,,
ceec-108:level-4:generation,generation,.dʒenә'reiʃәn,n.,"n. 一代, 一世, 產生\n[醫] 生殖, 世代",,,CEEC-108,4,,,,大考中心高中英文參考詞彙表（111學年度起適用）,LEVEL 4,官方清單,,,
ceec-108:level-4:generosity,generosity,.dʒenә'rɒsiti,n.,"n. 慷慨, 寬大",,,CEEC-108,4,,,,大考中心高中英文參考詞彙表（111學年度起適用）,LEVEL 4,官方清單,,,
ceec-108:level-4:genius,genius,'dʒi:njәs,n.,"n. 天才, 天賦, 精神, 神魔\n[醫] 特徵",,,CEEC-108,4,,,,大考中心高中英文參考詞彙表（111學年度起適用）,LEVEL 4,官方清單,,,
ceec-108:level-4:genuine,genuine,'dʒenjuin,adj.,"a. 真正的, 真實的, 誠懇的\n[醫] 真性的",,,CEEC-108,4,,,,大考中心高中英文參考詞彙表（111學年度起適用）,LEVEL 4,官方清單,,,
ceec-108:level-4:germ,germ,dʒә:m,n.,"n. 細菌, 種子, 生殖細胞, 根源\n[醫] 芽胞, 胚, 胚芽, 病菌",,,CEEC-108,4,,,,大考中心高中英文參考詞彙表（111學年度起適用）,LEVEL 4,官方清單,,,
ceec-108:level-4:gifted,gifted,'giftid,adj.,a. 有天才的,,,CEEC-108,4,,,,大考中心高中英文參考詞彙表（111學年度起適用）,LEVEL 4,官方清單,,,
ceec-108:level-4:gigantic,gigantic,dʒai'gæntik,adj.,"a. 巨人般的, 巨大的",,,CEEC-108,4,,,,大考中心高中英文參考詞彙表（111學年度起適用）,LEVEL 4,官方清單,,,
ceec-108:level-4:giggle,giggle,'gigl,n.|v.,"v. 吃吃地笑, 咯咯地笑\nn. 咯咯笑, 傻笑",,,CEEC-108,4,,,,大考中心高中英文參考詞彙表（111學年度起適用）,LEVEL 4,官方清單,,,
ceec-108:level-4:ginger,ginger,'dʒindʒә,n.,"n. 姜, 精力, 薑黃色\na. 薑黃色的\nvt. 用姜調味, 使活潑, 使有生氣",,,CEEC-108,4,,,,大考中心高中英文參考詞彙表（111學年度起適用）,LEVEL 4,官方清單,,,
ceec-108:level-4:glimpse,glimpse,glimps,n.|v.,"n. 一瞥, 一閃\nvi. 投以一瞥, 閃爍不定\nvt. 瞥見",,,CEEC-108,4,,,,大考中心高中英文參考詞彙表（111學年度起適用）,LEVEL 4,官方清單,,,
ceec-108:level-4:globe,globe,glәub,n.,"n. 球, 球狀物, 地球儀, 天體\nv. (使)成球狀",,,CEEC-108,4,,,,大考中心高中英文參考詞彙表（111學年度起適用）,LEVEL 4,官方清單,,,
ceec-108:level-4:glorious,glorious,'glɒ:riәs,adj.,a. 光榮的,,,CEEC-108,4,,,,大考中心高中英文參考詞彙表（111學年度起適用）,LEVEL 4,官方清單,,,
ceec-108:level-4:goods,goods,guds,n.,"n. 貨物\n[經] 貨物, 商品, 動產",,,CEEC-108,4,,,,大考中心高中英文參考詞彙表（111學年度起適用）,LEVEL 4,官方清單,,,
ceec-108:level-4:gown,gown,gaun,n.,"n. 睡衣, 法衣, 大學全體師生\nvt. 使穿睡衣",,,CEEC-108,4,,,,大考中心高中英文參考詞彙表（111學年度起適用）,LEVEL 4,官方清單,,,
ceec-108:level-4:grace,grace,greis,n.|v.,"n. 優雅, 風度, 慈悲, 恩惠, 體面, 赦免, 恩典, 謝恩禱告\nvt. 使優美",,,CEEC-108,4,,,,大考中心高中英文參考詞彙表（111學年度起適用）,LEVEL 4,官方清單,,,
ceec-108:level-4:graceful,graceful,'greisful,adj.,a. 優美的,,,CEEC-108,4,,,,大考中心高中英文參考詞彙表（111學年度起適用）,LEVEL 4,官方清單,,,
ceec-108:level-4:gracious,gracious,'greiʃәs,adj.,"a. 親切的, 慈善的",,,CEEC-108,4,,,,大考中心高中英文參考詞彙表（111學年度起適用）,LEVEL 4,官方清單,,,
ceec-108:level-4:graduation,graduation,.grædʒu'eiʃәn,n.,"n. 畢業, 得學位, 分劃, 刻度, 分等級\n[醫] 刻度, 分度, 畢業",,,CEEC-108,4,,,,大考中心高中英文參考詞彙表（111學年度起適用）,LEVEL 4,官方清單,,,
ceec-108:level-4:grammar,grammar,'græmә,n.,"n. 語法學, 入門書\n[計] 語法檢查",,,CEEC-108,4,,,,大考中心高中英文參考詞彙表（111學年度起適用）,LEVEL 4,官方清單,,,
ceec-108:level-4:grammatical,grammatical,grә'mætikl,adj.,"a. 語法的, 合乎語法的\n[法] 語法上的, 符合語法規則的, 文法上的",,,CEEC-108,4,,,,大考中心高中英文參考詞彙表（111學年度起適用）,LEVEL 4,官方清單,,,
ceec-108:level-4:graph,graph,græf,n.|v.,"n. 曲線圖, 圖表, 圖形\n[計] 圖形",,,CEEC-108,4,,,,大考中心高中英文參考詞彙表（111學年度起適用）,LEVEL 4,官方清單,,,
ceec-108:level-4:grateful,grateful,'greitful,adj.,"a. 感謝的, 感激的, 令人快意的, 受歡迎的",,,CEEC-108,4,,,,大考中心高中英文參考詞彙表（111學年度起適用）,LEVEL 4,官方清單,,,
ceec-108:level-4:gratitude,gratitude,'grætitju:d,n.,n. 感激之情,,,CEEC-108,4,,,,大考中心高中英文參考詞彙表（111學年度起適用）,LEVEL 4,官方清單,,,
ceec-108:level-4:grave,grave,greiv,adj.|n.,"n. 墓穴, 墳墓, 終結, 死亡\na. 莊重的, 嚴肅的, 重大的, 低沉的\nvt. 雕刻",,,CEEC-108,4,,,,大考中心高中英文參考詞彙表（111學年度起適用）,LEVEL 4,官方清單,,,
ceec-108:level-4:greasy,greasy,'gri:zi,adj.,"a. 油膩的, 含脂肪多的",,,CEEC-108,4,,,,大考中心高中英文參考詞彙表（111學年度起適用）,LEVEL 4,官方清單,,,
ceec-108:level-4:greeting,greeting,'gri:tiŋ,n.,"n. 祝賀, 問候",,,CEEC-108,4,,,,大考中心高中英文參考詞彙表（111學年度起適用）,LEVEL 4,官方清單,,,
ceec-108:level-4:grief,grief,gri:f,n.,"n. 傷心, 憂愁, 悲痛, 不幸, 災難",,,CEEC-108,4,,,,大考中心高中英文參考詞彙表（111學年度起適用）,LEVEL 4,官方清單,,,
ceec-108:level-4:grind,grind,graind,n.|v.,"n. 磨, 碾, 苦差, 摩擦聲, 用功的學生\nvt. 磨擦, 磨碎, 磨光, 折磨, 壓榨\nvi. 磨, 磨碎, 苦幹",,,CEEC-108,4,,,,大考中心高中英文參考詞彙表（111學年度起適用）,LEVEL 4,官方清單,,,
ceec-108:level-4:groom,groom,gru:m,n.,"n. 馬伕, 新郎, 男僕\nvt. 餵馬, 使...整潔, 推薦\nvi. 打扮, 穿戴",,,CEEC-108,4,,,,大考中心高中英文參考詞彙表（111學年度起適用）,LEVEL 4,官方清單,,,
ceec-108:level-4:guarantee,guarantee,.gærәn'ti:,n.|v.,"n. 擔保, 抵押品, 保證書\nvt. 保證, 擔保",,,CEEC-108,4,,,,大考中心高中英文參考詞彙表（111學年度起適用）,LEVEL 4,官方清單,,,
ceec-108:level-4:guardian,guardian,'gɑ:diәn,n.,"n. 看守者, 監護人, 保護人\na. 保護的",,,CEEC-108,4,,,,大考中心高中英文參考詞彙表（111學年度起適用）,LEVEL 4,官方清單,,,
ceec-108:level-4:guilt,guilt,gilt,n.,"n. 罪行, 內疚\n[法] 罪, 犯罪, 罪行",,,CEEC-108,4,,,,大考中心高中英文參考詞彙表（111學年度起適用）,LEVEL 4,官方清單,,,
ceec-108:level-4:guilty,guilty,'gilti,adj.,"a. 犯罪的, 有過失的, 自覺有錯的, 心虛的\n[法] 有罪的, 犯罪的, 自覺有罪的",,,CEEC-108,4,,,,大考中心高中英文參考詞彙表（111學年度起適用）,LEVEL 4,官方清單,,,
ceec-108:level-4:gulf,gulf,gʌlf,n.,"n. 海灣, 深淵, 漩渦, 隔閡\nvt. 吞沒",,,CEEC-108,4,,,,大考中心高中英文參考詞彙表（111學年度起適用）,LEVEL 4,官方清單,,,
ceec-108:level-4:habitual,habitual,hә'hitʃuәl,adj.,"a. 習慣的, 慣常的, 平常的\n[法] 習慣的, 以習慣為常業的, 慣常的",,,CEEC-108,4,,,,大考中心高中英文參考詞彙表（111學年度起適用）,LEVEL 4,官方清單,,,
ceec-108:level-4:halt,halt,hɒ:lt,n.|v.,"n. 停止, 立定, 休息\nvt. 使停止, 使立定\nvi. 立定, 停止, 蹣跚, 躊躇, 有缺點\n[計] 停止",,,CEEC-108,4,,,,大考中心高中英文參考詞彙表（111學年度起適用）,LEVEL 4,官方清單,,,
ceec-108:level-4:handwriting,handwriting,'hændraitiŋ,n.,n. 筆跡,,,CEEC-108,4,,,,大考中心高中英文參考詞彙表（111學年度起適用）,LEVEL 4,官方清單,,,
ceec-108:level-4:hardship,hardship,'hɑ:dʃip,n.,"n. 艱難, 辛苦, 苦難\n[法] 受苦, 吃苦, 苦難",,,CEEC-108,4,,,,大考中心高中英文參考詞彙表（111學年度起適用）,LEVEL 4,官方清單,,,
ceec-108:level-4:hardware,hardware,'hɑ:dwєә,n.,"n. 硬體, 五金器具, 零件\n[計] 硬體",,,CEEC-108,4,,,,大考中心高中英文參考詞彙表（111學年度起適用）,LEVEL 4,官方清單,,,
ceec-108:level-4:harmony,harmony,'hɑ:mәni,n.,"n. 協調, 和睦, 調和\n[電] 和聲學",,,CEEC-108,4,,,,大考中心高中英文參考詞彙表（111學年度起適用）,LEVEL 4,官方清單,,,
ceec-108:level-4:harsh,harsh,hɑ:ʃ,adj.,"a. 粗糙的, 刺耳的, 嚴厲的\n[法] 粗糙的, 嚴厲的, 苛刻的",,,CEEC-108,4,,,,大考中心高中英文參考詞彙表（111學年度起適用）,LEVEL 4,官方清單,,,
ceec-108:level-4:haste,haste,heist,n.,"n. 匆忙, 急忙",,,CEEC-108,4,,,,大考中心高中英文參考詞彙表（111學年度起適用）,LEVEL 4,官方清單,,,
ceec-108:level-4:hasten,hasten,'heisn,v.,"vt. 催促, 加緊\nvi. 趕快, 急忙",,,CEEC-108,4,,,,大考中心高中英文參考詞彙表（111學年度起適用）,LEVEL 4,官方清單,,,
ceec-108:level-4:hatred,hatred,'heitrid,n.,"n. 憎恨, 仇恨, 憎惡\n[法] 敵意, 憎恨, 憎惡",,,CEEC-108,4,,,,大考中心高中英文參考詞彙表（111學年度起適用）,LEVEL 4,官方清單,,,
ceec-108:level-4:hawk,hawk,hɒ:k,n.,"n. 鷹, 掠奪者, 鷹派成員\nvi. 放鷹行獵, 像鷹一般地襲擊, 清嗓, 咳嗽\nvt. 捕捉, 咳出, 兜售, 叫賣, 散播",,,CEEC-108,4,,,,大考中心高中英文參考詞彙表（111學年度起適用）,LEVEL 4,官方清單,,,
ceec-108:level-4:helicopter,helicopter,'helikɒptә,n.,n. 直升機\nvt. 由直升機運送\nvi. 乘直升機,,,CEEC-108,4,,,,大考中心高中英文參考詞彙表（111學年度起適用）,LEVEL 4,官方清單,,,
ceec-108:level-4:herd,herd,hә:d,n.|v.,"n. 獸群, 人群, 牧人\nvt. 群集, 使成群, 放牧\nvi. 聚在一起",,,CEEC-108,4,,,,大考中心高中英文參考詞彙表（111學年度起適用）,LEVEL 4,官方清單,,,
ceec-108:level-4:hesitation,hesitation,.hezi'teiʃәn,n.,"n. 猶豫, 躊躇, 含糊, 口吃, 暫停\n[計] 暫停",,,CEEC-108,4,,,,大考中心高中英文參考詞彙表（111學年度起適用）,LEVEL 4,官方清單,,,
ceec-108:level-4:hive,hive,haiv,n.,"n. 蜂房, 鬧區, 蜜蜂群\nvi. 進入蜂房, 儲藏蜜於蜂房, 如蜂般群居\nvt. 使進蜂房, 儲備\n[計] 蜂巢",,,CEEC-108,4,,,,大考中心高中英文參考詞彙表（111學年度起適用）,LEVEL 4,官方清單,,,
ceec-108:level-4:homeland,homeland,'hәumlænd,n.,"n. 本國, 故國",,,CEEC-108,4,,,,大考中心高中英文參考詞彙表（111學年度起適用）,LEVEL 4,官方清單,,,
ceec-108:level-4:honeymoon,honeymoon,'hʌnimu:n,n.|v.,"n. 蜜月, 蜜月假期\nvi. 渡蜜月",,,CEEC-108,4,,,,大考中心高中英文參考詞彙表（111學年度起適用）,LEVEL 4,官方清單,,,
ceec-108:level-4:hook,hook,huk,n.|v.,"n. 鉤, 鉤狀, 鐮刀, 陷阱\nvt. 掛...於鉤上, 鉤住, 引上鉤, 偷竊\nvi. 彎成鉤狀, 鉤緊\n[計] 鉤",,,CEEC-108,4,,,,大考中心高中英文參考詞彙表（111學年度起適用）,LEVEL 4,官方清單,,,
ceec-108:level-4:horizon,horizon,hә'raizәn,n.,"n. 地平線, 眼界, (天)視地平",,,CEEC-108,4,,,,大考中心高中英文參考詞彙表（111學年度起適用）,LEVEL 4,官方清單,,,
ceec-108:level-4:horrify,horrify,'hɒrifai,v.,"vt. 使恐懼, 使震驚",,,CEEC-108,4,,,,大考中心高中英文參考詞彙表（111學年度起適用）,LEVEL 4,官方清單,,,
ceec-108:level-4:hose,hose,hәuz,n.|v.,"n. 水管, 橡皮軟管, 長統襪\nvt. 用水管澆",,,CEEC-108,4,,,,大考中心高中英文參考詞彙表（111學年度起適用）,LEVEL 4,官方清單,,,
ceec-108:level-4:household,household,'haushәuld,n.,"n. 一家人, 家庭, 家族, 王室\na. 家庭的, 家常的, 王室的",,,CEEC-108,4,,,,大考中心高中英文參考詞彙表（111學年度起適用）,LEVEL 4,官方清單,,,
ceec-108:level-4:housework,housework,'hauswә:k,n.,"n. 家事, 家務",,,CEEC-108,4,,,,大考中心高中英文參考詞彙表（111學年度起適用）,LEVEL 4,官方清單,,,
ceec-108:level-4:humanity,humanity,hju:'mæniti,n.,"n. 人性, 人類, 博愛",,,CEEC-108,4,,,,大考中心高中英文參考詞彙表（111學年度起適用）,LEVEL 4,官方清單,,,
ceec-108:level-4:humidity,humidity,hju:'miditi,n.,"n. 溼氣, 潮溼, 溼度\n[計] 溼度",,,CEEC-108,4,,,,大考中心高中英文參考詞彙表（111學年度起適用）,LEVEL 4,官方清單,,,
ceec-108:level-4:hurricane,hurricane,'hә:rikәn,n.,"n. 颶風, 暴風, 暴風雨",,,CEEC-108,4,,,,大考中心高中英文參考詞彙表（111學年度起適用）,LEVEL 4,官方清單,,,
ceec-108:level-4:hush,hush,hʌʃ,n.|v.,"n. 肅靜, 安靜, 沉默\nvt. (使)肅靜, (使)安靜, (使)緘默\ninterj. 噓, 別作聲",,,CEEC-108,4,,,,大考中心高中英文參考詞彙表（111學年度起適用）,LEVEL 4,官方清單,,,
ceec-108:level-4:hydrogen,hydrogen,'haidrәdʒәn,n.,n. 氫\n[化] 氫H-2,,,CEEC-108,4,,,,大考中心高中英文參考詞彙表（111學年度起適用）,LEVEL 4,官方清單,,,
ceec-108:level-4:identical,identical,ai'dentikәl,adj.,"a. 同一的, 恆等的, 完全相同的\n[醫] 同一的, 同等的",,,CEEC-108,4,,,,大考中心高中英文參考詞彙表（111學年度起適用）,LEVEL 4,官方清單,,,
ceec-108:level-4:identification,identification,ai.dentifi'keiʃәn,n.,"n. 識別, 身份證明, 認同\n[化] 鑑定; 鑑別; 鑑別法; 認證",,,CEEC-108,4,,,,大考中心高中英文參考詞彙表（111學年度起適用）,LEVEL 4,官方清單,,,
ceec-108:level-4:identify,identify,ai'dentifai,v.,"vt. 識別, 認為...等同於, 確定, 使參與\nvi. 一致, 認同",,,CEEC-108,4,,,,大考中心高中英文參考詞彙表（111學年度起適用）,LEVEL 4,官方清單,,,
ceec-108:level-4:idiom,idiom,'idiәm,n.,"n. 習語, 成語, 慣用語法, 方言",,,CEEC-108,4,,,,大考中心高中英文參考詞彙表（111學年度起適用）,LEVEL 4,官方清單,,,
ceec-108:level-4:idle,idle,'aidl,adj.|v.,"a. 懶惰的, 閒散的, 停頓的, 空閒的, 無用的\nvi. 無所事事, 閒散, 浪費, 空轉\nvt. 虛度, 使閒散, 使空轉\nn. 空轉, 空閒時間\n[計] 空閒時間",,,CEEC-108,4,,,,大考中心高中英文參考詞彙表（111學年度起適用）,LEVEL 4,官方清單,,,
ceec-108:level-4:idol,idol,'aidәl,n.,"n. 偶像, 崇拜物, 寵兒, 幻象, 謬論",,,CEEC-108,4,,,,大考中心高中英文參考詞彙表（111學年度起適用）,LEVEL 4,官方清單,,,
ceec-108:level-4:ignorance,ignorance,'ignәrәns,n.,"n. 無知, 愚味\n[法] 無知, 不知情, 愚昧",,,CEEC-108,4,,,,大考中心高中英文參考詞彙表（111學年度起適用）,LEVEL 4,官方清單,,,
ceec-108:level-4:ignorant,ignorant,'ignәrәnt,adj.,"a. 無知識的, 不知道的, 由無知產生的\n[法] 無知的, 愚昧的, 不知情的",,,CEEC-108,4,,,,大考中心高中英文參考詞彙表（111學年度起適用）,LEVEL 4,官方清單,,,
ceec-108:level-4:illustrate,illustrate,'ilәstreit,v.,"vt. 舉例說明, 作圖解, 闡明\nvi. 舉例說明",,,CEEC-108,4,,,,大考中心高中英文參考詞彙表（111學年度起適用）,LEVEL 4,官方清單,,,
ceec-108:level-4:illustration,illustration,.ilә'streiʃәn,n.,"n. 例證, 插圖\n[化] 插圖",,,CEEC-108,4,,,,大考中心高中英文參考詞彙表（111學年度起適用）,LEVEL 4,官方清單,,,
ceec-108:level-4:imaginary,imaginary,i'mædʒinәri,adj.,"a. 想像的, 虛構的, 假想的",,,CEEC-108,4,,,,大考中心高中英文參考詞彙表（111學年度起適用）,LEVEL 4,官方清單,,,
ceec-108:level-4:imaginative,imaginative,i'mædʒinәtiv,adj.,"a. 想像的, 虛構的",,,CEEC-108,4,,,,大考中心高中英文參考詞彙表（111學年度起適用）,LEVEL 4,官方清單,,,
ceec-108:level-4:imitate,imitate,'imiteit,v.,"vt. 模仿, 效法, 冒充, 仿造",,,CEEC-108,4,,,,大考中心高中英文參考詞彙表（111學年度起適用）,LEVEL 4,官方清單,,,
ceec-108:level-4:imitation,imitation,.imi'teiʃәn,n.,"n. 模仿, 效法, 冒充, 贗品\n[醫] 模仿, 仿製, 仿製品",,,CEEC-108,4,,,,大考中心高中英文參考詞彙表（111學年度起適用）,LEVEL 4,官方清單,,,
ceec-108:level-4:immigrant,immigrant,'imigrәnt,n.,"n. 移民\na. 移入的, 移民的",,,CEEC-108,4,,,,大考中心高中英文參考詞彙表（111學年度起適用）,LEVEL 4,官方清單,,,
ceec-108:level-4:immigrate,immigrate,'imigreit,v.,vt. 使移居入境\nvi. 移入,,,CEEC-108,4,,,,大考中心高中英文參考詞彙表（111學年度起適用）,LEVEL 4,官方清單,,,
ceec-108:level-4:immigration,immigration,.imi'greiʃәn,n.,"n. 移民, 移居\n[醫] 移民",,,CEEC-108,4,,,,大考中心高中英文參考詞彙表（111學年度起適用）,LEVEL 4,官方清單,,,
ceec-108:level-4:impact,impact,'impækt,n.|v.,"n. 衝擊, 衝突, 影響, 效果\nvt. 擠入, 撞擊, 壓緊, 對...發生影響",,,CEEC-108,4,,,,大考中心高中英文參考詞彙表（111學年度起適用）,LEVEL 4,官方清單,,,
ceec-108:level-4:imply,imply,im'plai,v.,"vt. 暗示, 意味\n[計] 隱含",,,CEEC-108,4,,,,大考中心高中英文參考詞彙表（111學年度起適用）,LEVEL 4,官方清單,,,
ceec-108:level-4:impose,impose,im'pәuz,v.,"vt. 徵(稅), 把...強加於, 以...欺騙\nvi. 利用, 欺騙, 施加影響",,,CEEC-108,4,,,,大考中心高中英文參考詞彙表（111學年度起適用）,LEVEL 4,官方清單,,,
ceec-108:level-4:impression,impression,im'preʃәn,n.,"n. 印象, 意念, 蓋印, 印記, 印數, 底色, 效果\n[醫] 壓跡, 印模, 印象, 影響",,,CEEC-108,4,,,,大考中心高中英文參考詞彙表（111學年度起適用）,LEVEL 4,官方清單,,,
ceec-108:level-4:incident,incident,'insidәnt,n.,"n. 事件, 事變, 小事\na. 附帶的, 易於發生的, 外來的, 入射的",,,CEEC-108,4,,,,大考中心高中英文參考詞彙表（111學年度起適用）,LEVEL 4,官方清單,,,
ceec-108:level-4:including,including,,prep.,"prep. 包含, 包括\n[經] 包括, 算入",,,CEEC-108,4,,,,大考中心高中英文參考詞彙表（111學年度起適用）,LEVEL 4,官方清單,,,
ceec-108:level-4:incredible,incredible,in'kredәbl,adj.,a. 難以置信的,,,CEEC-108,4,,,,大考中心高中英文參考詞彙表（111學年度起適用）,LEVEL 4,官方清單,,,
ceec-108:level-4:indication,indication,.indi'keiʃәn,n.,"n. 指示, 象徵, 暗示\n[醫] 指示, 指徵, 適應徵",,,CEEC-108,4,,,,大考中心高中英文參考詞彙表（111學年度起適用）,LEVEL 4,官方清單,,,
ceec-108:level-4:infant,infant,'infәnt,n.,"n. 嬰兒, 兒童, 初學者\na. 嬰兒的, 幼稚的",,,CEEC-108,4,,,,大考中心高中英文參考詞彙表（111學年度起適用）,LEVEL 4,官方清單,,,
ceec-108:level-4:infection,infection,in'fekʃәn,n.,"n. 傳染, 影響, 傳染病\n[醫] 傳染, 感染",,,CEEC-108,4,,,,大考中心高中英文參考詞彙表（111學年度起適用）,LEVEL 4,官方清單,,,
ceec-108:level-4:inflation,inflation,in'fleiʃәn,n.,"n. 脹大, 誇張, 通貨膨脹\n[化] 充氣吹脹; 膨脹",,,CEEC-108,4,,,,大考中心高中英文參考詞彙表（111學年度起適用）,LEVEL 4,官方清單,,,
ceec-108:level-4:influential,influential,.infu'enʃәl,adj.,"a. 有影響的, 有勢力的",,,CEEC-108,4,,,,大考中心高中英文參考詞彙表（111學年度起適用）,LEVEL 4,官方清單,,,
ceec-108:level-4:informative,informative,in'fɒ:mәtiv,adj.,"a. 提供訊息的, 見聞廣博的",,,CEEC-108,4,,,,大考中心高中英文參考詞彙表（111學年度起適用）,LEVEL 4,官方清單,,,
ceec-108:level-4:ingredient,ingredient,in'gri:diәnt,n.,"n. 成分, 因素\n[化] 配合劑; 拼料; 成分; 組分",,,CEEC-108,4,,,,大考中心高中英文參考詞彙表（111學年度起適用）,LEVEL 4,官方清單,,,
ceec-108:level-4:initial,initial,i'niʃәl,adj.|n.|v.,"n. 字首, 首字母\na. 開始的, 最初的, 字首的\nvt. 用姓名的首字母簽名",,,CEEC-108,4,,,,大考中心高中英文參考詞彙表（111學年度起適用）,LEVEL 4,官方清單,,,
ceec-108:level-4:injure,injure,'indʒә,v.,"vt. 傷害, 損害, 使受冤屈\n[醫] 損傷",,,CEEC-108,4,,,,大考中心高中英文參考詞彙表（111學年度起適用）,LEVEL 4,官方清單,,,
ceec-108:level-4:innocence,innocence,'inәsәns,n.,"n. 無罪, 無知, 天真無邪\n[法] 無罪, 無罪的人, 清白無辜者",,,CEEC-108,4,,,,大考中心高中英文參考詞彙表（111學年度起適用）,LEVEL 4,官方清單,,,
ceec-108:level-4:input,input,'input,n.|v.,"n. 輸入, 輸入電路\nvt. 輸入\n[計] 輸入",,,CEEC-108,4,,,,大考中心高中英文參考詞彙表（111學年度起適用）,LEVEL 4,官方清單,,,
ceec-108:level-4:insert,insert,in'sә:t,n.|v.,"n. 插入物\nvt. 插入, 把(人造衛星)射入(軌道), 添寫\nvi. 附著\n[計] 插入",,,CEEC-108,4,,,,大考中心高中英文參考詞彙表（111學年度起適用）,LEVEL 4,官方清單,,,
ceec-108:level-4:inspection,inspection,in'spekʃәn,n.,"n. 檢驗, 檢查, 視察\n[醫] 檢查, 視察, 監督, 望診",,,CEEC-108,4,,,,大考中心高中英文參考詞彙表（111學年度起適用）,LEVEL 4,官方清單,,,
ceec-108:level-4:inspiration,inspiration,.inspә'reiʃәn,n.,"n. 靈感, 鼓舞人心的人或物, 妙計, 吸氣\n[醫] 吸[氣]",,,CEEC-108,4,,,,大考中心高中英文參考詞彙表（111學年度起適用）,LEVEL 4,官方清單,,,
ceec-108:level-4:inspire,inspire,in'spaiә,v.,"vt. 使感動, 激發, 啟示, 吸入, 鼓舞, 產生, 使生靈感\nvi. 吸入, 賦予靈感",,,CEEC-108,4,,,,大考中心高中英文參考詞彙表（111學年度起適用）,LEVEL 4,官方清單,,,
ceec-108:level-4:install,install,in'stɒ:l,v.,"vt. 安裝, 安置, 使就職\n[計] 安裝, 安裝程式; DOS內部命令:安裝常駐程式",,,CEEC-108,4,,,,大考中心高中英文參考詞彙表（111學年度起適用）,LEVEL 4,官方清單,,,
ceec-108:level-4:instinct,instinct,'instiŋkt,n.,"n. 本能, 直覺\na. 充滿著的",,,CEEC-108,4,,,,大考中心高中英文參考詞彙表（111學年度起適用）,LEVEL 4,官方清單,,,
ceec-108:level-4:instruct,instruct,in'strʌkt,v.,"vt. 教, 教育, 命令, 通知\n[法] 託辦, 指導, 指示",,,CEEC-108,4,,,,大考中心高中英文參考詞彙表（111學年度起適用）,LEVEL 4,官方清單,,,
ceec-108:level-4:instructor,instructor,in'strʌktә,n.,"n. 教員, 講師\n[法] 指導者, 教員, 講師",,,CEEC-108,4,,,,大考中心高中英文參考詞彙表（111學年度起適用）,LEVEL 4,官方清單,,,
ceec-108:level-4:insult,insult,'insʌlt,n.|v.,"n. 侮辱, 無禮, 損害\nvt. 損害, 侮辱, 攻擊",,,CEEC-108,4,,,,大考中心高中英文參考詞彙表（111學年度起適用）,LEVEL 4,官方清單,,,
ceec-108:level-4:insurance,insurance,in'ʃurәns,n.,"n. 保險, 保險業, 保險費\n[醫] 保險",,,CEEC-108,4,,,,大考中心高中英文參考詞彙表（111學年度起適用）,LEVEL 4,官方清單,,,
ceec-108:level-4:intellectual,intellectual,.intә'lektʃuәl,adj.|n.,"n. 有知識者, 知識分子, 憑理智做事者\na. 智力的, 用腦力的, 聰明的",,,CEEC-108,4,,,,大考中心高中英文參考詞彙表（111學年度起適用）,LEVEL 4,官方清單,,,
ceec-108:level-4:intelligence,intelligence,in'telidʒәns,n.,"n. 智力, 情報, 資訊\n[醫] 智力",,,CEEC-108,4,,,,大考中心高中英文參考詞彙表（111學年度起適用）,LEVEL 4,官方清單,,,
ceec-108:level-4:intend,intend,in'tend,v.,"vt. 計劃, 打算, 意思是\n[法] 想要, 打算, 意旨",,,CEEC-108,4,,,,大考中心高中英文參考詞彙表（111學年度起適用）,LEVEL 4,官方清單,,,
ceec-108:level-4:intense,intense,in'tens,adj.,"a. 非常的, 強烈的, 緊張的, 熱情的\n[醫] 強的",,,CEEC-108,4,,,,大考中心高中英文參考詞彙表（111學年度起適用）,LEVEL 4,官方清單,,,
ceec-108:level-4:intensity,intensity,in'tensәti,n.,"n. 強烈, 緊張, 強度\n[計] 強度; 亮度",,,CEEC-108,4,,,,大考中心高中英文參考詞彙表（111學年度起適用）,LEVEL 4,官方清單,,,
ceec-108:level-4:intensive,intensive,in'tensiv,adj.,"a. 加強的, 內涵的, 集中的\nn. 加強器",,,CEEC-108,4,,,,大考中心高中英文參考詞彙表（111學年度起適用）,LEVEL 4,官方清單,,,
ceec-108:level-4:intention,intention,in'tenʃәn,n.,"n. 意圖, 目的, 含義\n[醫] 癒合, 意向",,,CEEC-108,4,,,,大考中心高中英文參考詞彙表（111學年度起適用）,LEVEL 4,官方清單,,,
ceec-108:level-4:interact,interact,.intәr'ækt,v.,"vi. 互相影響, 互動作用\nn. 幕間劇, 幕間休息",,,CEEC-108,4,,,,大考中心高中英文參考詞彙表（111學年度起適用）,LEVEL 4,官方清單,,,
ceec-108:level-4:interaction,interaction,.intәr'ækʃәn,n.,"n. 互動作用, 交感\n[計] 互動作用",,,CEEC-108,4,,,,大考中心高中英文參考詞彙表（111學年度起適用）,LEVEL 4,官方清單,,,
ceec-108:level-4:interfere,interfere,.intә'fiә,v.,"vi. 妨礙, 衝突, 干涉, 牴觸\n[醫] 干擾, 干涉, 阻礙, 碰腿(馬)",,,CEEC-108,4,,,,大考中心高中英文參考詞彙表（111學年度起適用）,LEVEL 4,官方清單,,,
ceec-108:level-4:intermediate,intermediate,.intә'mi:diәt,adj.|n.|v.,"n. 中間物, 調停者, 中級\na. 中間的, 中級的\nvi. 起媒介作用\n[計] 中級",,,CEEC-108,4,,,,大考中心高中英文參考詞彙表（111學年度起適用）,LEVEL 4,官方清單,,,
ceec-108:level-4:interpret,interpret,in'tә:prit,v.,"vt. 解釋, 演出, 翻譯, 理解\nvi. 翻譯, 解釋",,,CEEC-108,4,,,,大考中心高中英文參考詞彙表（111學年度起適用）,LEVEL 4,官方清單,,,
ceec-108:level-4:interruption,interruption,.intә'rʌpʃәn,n.,"n. 打擾, 中斷, 障礙物\n[醫] 間斷, 阻斷, 中止",,,CEEC-108,4,,,,大考中心高中英文參考詞彙表（111學年度起適用）,LEVEL 4,官方清單,,,
ceec-108:level-4:intimate,intimate,'intimәt,adj.|n.,"a. 親密的, 私人的, 秘密的\nvt. 暗示, 通知, 告訴\nn. 至交",,,CEEC-108,4,,,,大考中心高中英文參考詞彙表（111學年度起適用）,LEVEL 4,官方清單,,,
ceec-108:level-4:intuition,intuition,.intju:'iʃәn,n.,"n. 直覺, 直覺的知識",,,CEEC-108,4,,,,大考中心高中英文參考詞彙表（111學年度起適用）,LEVEL 4,官方清單,,,
ceec-108:level-4:invade,invade,in'veid,v.,"vt. 侵入, 擁入, 侵略, 侵襲\n[法] 強入, 侵犯, 侵略",,,CEEC-108,4,,,,大考中心高中英文參考詞彙表（111學年度起適用）,LEVEL 4,官方清單,,,
ceec-108:level-4:invasion,invasion,in'veiʒәn,n.,"n. 侵犯, 侵入, 侵害\n[醫] 侵襲, 侵入, 發病",,,CEEC-108,4,,,,大考中心高中英文參考詞彙表（111學年度起適用）,LEVEL 4,官方清單,,,
ceec-108:level-4:invention,invention,in'venʃәn,n.,"n. 發明, 創作能力, 虛構的故事\n[經] 發明",,,CEEC-108,4,,,,大考中心高中英文參考詞彙表（111學年度起適用）,LEVEL 4,官方清單,,,
ceec-108:level-4:invest,invest,in'vest,v.,"vt. 投資, 花費, 籠罩, 授予\nvi. 投資, 利用",,,CEEC-108,4,,,,大考中心高中英文參考詞彙表（111學年度起適用）,LEVEL 4,官方清單,,,
ceec-108:level-4:investigation,investigation,in.vesti'geiʃәn,n.,"n. 調查, 審查\n[醫] 調查, 調查研究",,,CEEC-108,4,,,,大考中心高中英文參考詞彙表（111學年度起適用）,LEVEL 4,官方清單,,,
ceec-108:level-4:investment,investment,in'vestmәnt,n.,"n. 投資\n[醫] 包埋料, 圍模料, 包埋法, 圍模法",,,CEEC-108,4,,,,大考中心高中英文參考詞彙表（111學年度起適用）,LEVEL 4,官方清單,,,
ceec-108:level-4:involve,involve,in'vɒlv,v.,"vt. 包括, 使陷於, 潛心於, 包圍\n[醫] 累及, 牽涉, 包含",,,CEEC-108,4,,,,大考中心高中英文參考詞彙表（111學年度起適用）,LEVEL 4,官方清單,,,
ceec-108:level-4:involvement,involvement,in'vɔlvmәnt,n.,"n. 捲入, 牽連, 包含, 困窘\n[經] 財政困難, 經濟上的困窘",,,CEEC-108,4,,,,大考中心高中英文參考詞彙表（111學年度起適用）,LEVEL 4,官方清單,,,
ceec-108:level-4:isolate,isolate,'aisәleit,v.,"vt. 使隔離, 使孤立, 使絕緣\nn. 隔離種群",,,CEEC-108,4,,,,大考中心高中英文參考詞彙表（111學年度起適用）,LEVEL 4,官方清單,,,
ceec-108:level-4:isolation,isolation,.aisә'leiʃәn,n.,"n. 隔絕, 孤立, 隔離\n[化] 分離; 生物分離",,,CEEC-108,4,,,,大考中心高中英文參考詞彙表（111學年度起適用）,LEVEL 4,官方清單,,,
ceec-108:level-4:issue,issue,'isju,n.|v.,"n. 發行, 問題, 後果, 流出, 出口, 爭端\nvi. 發行, 流出, 造成...結果, 傳下\nvt. 使流出, 放出, 發行, 釋出, 發給",,,CEEC-108,4,,,,大考中心高中英文參考詞彙表（111學年度起適用）,LEVEL 4,官方清單,,,
ceec-108:level-4:jealousy,jealousy,'dʒelәsi,n.,"n. 妒忌, 猜忌, 羨慕\n[法] 妒忌, 嫉妒, 猜忌",,,CEEC-108,4,,,,大考中心高中英文參考詞彙表（111學年度起適用）,LEVEL 4,官方清單,,,
ceec-108:level-4:keen,keen,ki:n,adj.,"a. 鋒利的, 敏銳的, 強烈的, 敏捷的, 熱心的, 渴望的\nn. 輓歌, 痛哭\nv. 唱輓歌, 痛哭",,,CEEC-108,4,,,,大考中心高中英文參考詞彙表（111學年度起適用）,LEVEL 4,官方清單,,,
ceec-108:level-4:kettle,kettle,'ketl,n.,"n. 茶壺, 罐\n[化] 釜體釜; 鍋",,,CEEC-108,4,,,,大考中心高中英文參考詞彙表（111學年度起適用）,LEVEL 4,官方清單,,,
ceec-108:level-4:kneel,kneel,ni:l,v.,vi. 跪下,,,CEEC-108,4,,,,大考中心高中英文參考詞彙表（111學年度起適用）,LEVEL 4,官方清單,,,
ceec-108:level-4:knob,knob,nɒb,n.,"n. 把手, 瘤, 旋鈕, 球形突出物\nvt. 使有球形突出物\nvi. 鼓起",,,CEEC-108,4,,,,大考中心高中英文參考詞彙表（111學年度起適用）,LEVEL 4,官方清單,,,
ceec-108:level-4:lab,lab,læb,n.,"n. 實驗室, 研究室\n[醫] 凝乳酶",,,CEEC-108,4,,,,大考中心高中英文參考詞彙表（111學年度起適用）,LEVEL 4,官方清單,,,
ceec-108:level-4:labor,labor,'leibә,n.|v.,"n. 勞動, 努力, 工作, 勞工, 分娩\nvi. 勞動, 努力, 苦幹\nvt. 詳細分析, 使厭煩",,,CEEC-108,4,,,,大考中心高中英文參考詞彙表（111學年度起適用）,LEVEL 4,官方清單,,,
ceec-108:level-4:laboratory,laboratory,'læbrәtәri,n.,"n. 實驗室, 研究室, 化工廠\n[醫] 實驗室, 檢驗室, 化驗室",,,CEEC-108,4,,,,大考中心高中英文參考詞彙表（111學年度起適用）,LEVEL 4,官方清單,,,
ceec-108:level-4:lag,lag,læg,n.|v.,"n. 落後, 囚犯, 遲延, 桶板, 防護套\na. 最後的\nvi. 落後, 蹣跚, 緩緩而行, 滯後\nvt. 落後於, 押往監獄, 加上外套\n[計] 延遲; 落後",,,CEEC-108,4,,,,大考中心高中英文參考詞彙表（111學年度起適用）,LEVEL 4,官方清單,,,
ceec-108:level-4:landmark,landmark,'lændmɑ:k,n.,"n. 陸標, 劃時代的事, 地界標\n[醫] 界標",,,CEEC-108,4,,,,大考中心高中英文參考詞彙表（111學年度起適用）,LEVEL 4,官方清單,,,
ceec-108:level-4:landscape,landscape,'lændskeip,n.|v.,"n. 風景, 山水, 風景畫\nvi. 從事景觀美化\nvt. 美化...景觀\n[計] 橫向",,,CEEC-108,4,,,,大考中心高中英文參考詞彙表（111學年度起適用）,LEVEL 4,官方清單,,,
ceec-108:level-4:largely,largely,'lɑ:dʒli,adv.,"adv. 大量地, 很多地, 大半地",,,CEEC-108,4,,,,大考中心高中英文參考詞彙表（111學年度起適用）,LEVEL 4,官方清單,,,
ceec-108:level-4:launch,launch,lɒ:ntʃ,n.|v.,"n. 下水, 汽艇, 發射\nvt. 使下水, 發射, 發動\nvi. 起飛, 下水, 投入, 開始",,,CEEC-108,4,,,,大考中心高中英文參考詞彙表（111學年度起適用）,LEVEL 4,官方清單,,,
ceec-108:level-4:lawful,lawful,'lɒ:ful,adj.,"a. 法律許可的, 守法的, 合法的\n[經] 合法的, 法定的",,,CEEC-108,4,,,,大考中心高中英文參考詞彙表（111學年度起適用）,LEVEL 4,官方清單,,,
ceec-108:level-4:lean,lean,li:n,adj.|v.,"n. 瘦肉, 傾斜, 傾斜度\na. 瘦的, 貧乏的, 歉收的\nvi. 倚靠, 傾斜, 依賴\nvt. 使傾斜",,,CEEC-108,4,,,,大考中心高中英文參考詞彙表（111學年度起適用）,LEVEL 4,官方清單,,,
ceec-108:level-4:learned,learned,'lә:nid,adj.,"a. 有學問的, 學術上的\nlearn的過去式和過去分詞",,,CEEC-108,4,,,,大考中心高中英文參考詞彙表（111學年度起適用）,LEVEL 4,官方清單,,,
ceec-108:level-4:lecture,lecture,'lektʃә,n.|v.,"n. 演講, 譴責, 講稿\nvt. 演講, 訓誡, 說教\nvi. 講演",,,CEEC-108,4,,,,大考中心高中英文參考詞彙表（111學年度起適用）,LEVEL 4,官方清單,,,
ceec-108:level-4:lecturer,lecturer,'lektʃәrә,n.,"n. 演講者, 講師\n[法] 講演人, 講課人, 講師",,,CEEC-108,4,,,,大考中心高中英文參考詞彙表（111學年度起適用）,LEVEL 4,官方清單,,,
ceec-108:level-4:legend,legend,'ledʒәnd,n.,"n. 傳說, 傳奇文學, 圖例\n[計] 圖例",,,CEEC-108,4,,,,大考中心高中英文參考詞彙表（111學年度起適用）,LEVEL 4,官方清單,,,
ceec-108:level-4:leisurely,leisurely,'li:ʒәli,adj.|adv.,"a. 悠閒的, 從容的\nadv. 從容地, 悠閒地",,,CEEC-108,4,,,,大考中心高中英文參考詞彙表（111學年度起適用）,LEVEL 4,官方清單,,,
ceec-108:level-4:lengthen,lengthen,'leŋθәn,v.,"vt. 加長, 使延長\nvi. 變長",,,CEEC-108,4,,,,大考中心高中英文參考詞彙表（111學年度起適用）,LEVEL 4,官方清單,,,
ceec-108:level-4:liar,liar,'laiә,n.,n. 說謊者,,,CEEC-108,4,,,,大考中心高中英文參考詞彙表（111學年度起適用）,LEVEL 4,官方清單,,,
ceec-108:level-4:librarian,librarian,lai'brєәriәn,n.,"n. 圖書館員, 圖書管理員\n[計] 程式庫管理程式; 程式庫生成程式",,,CEEC-108,4,,,,大考中心高中英文參考詞彙表（111學年度起適用）,LEVEL 4,官方清單,,,
ceec-108:level-4:license,license,'laisns,n.|v.,"n. 執照, 許可證, 特許\nvt. 許可, 特許",,,CEEC-108,4,,,,大考中心高中英文參考詞彙表（111學年度起適用）,LEVEL 4,官方清單,,,
ceec-108:level-4:lifeguard,lifeguard,'laifgɑ:d,n.,"n. 衛兵, 禁衛軍, 救生員",,,CEEC-108,4,,,,大考中心高中英文參考詞彙表（111學年度起適用）,LEVEL 4,官方清單,,,
ceec-108:level-4:limitation,limitation,.limi'teiʃәn,n.,"n. 限制, 缺陷, 限額\n[醫] 限界, 限制, 限度",,,CEEC-108,4,,,,大考中心高中英文參考詞彙表（111學年度起適用）,LEVEL 4,官方清單,,,
ceec-108:level-4:linen,linen,'linin,n.,"n. 亞麻布, 亞麻線, 亞麻製品\na. 亞麻布制的, 亞麻的",,,CEEC-108,4,,,,大考中心高中英文參考詞彙表（111學年度起適用）,LEVEL 4,官方清單,,,
ceec-108:level-4:lipstick,lipstick,'lipstik,n.,"n. 口紅, 唇膏\n[機] 口紅",,,CEEC-108,4,,,,大考中心高中英文參考詞彙表（111學年度起適用）,LEVEL 4,官方清單,,,
ceec-108:level-4:liquor,liquor,'likә,n.,"n. 酒, 液體, 汁, 溶液\nvt. 浸水\nvi. 喝酒",,,CEEC-108,4,,,,大考中心高中英文參考詞彙表（111學年度起適用）,LEVEL 4,官方清單,,,
ceec-108:level-4:literary,literary,'litәrәri,adj.,"a. 文學的, 文藝的, 精通文學的\n[法] 文學的, 從事文學的, 從事寫作的",,,CEEC-108,4,,,,大考中心高中英文參考詞彙表（111學年度起適用）,LEVEL 4,官方清單,,,
ceec-108:level-4:literature,literature,'litәrәtʃә,n.,"n. 文學, 文藝, 著作\n[經] 廣告, 商品介紹等文學",,,CEEC-108,4,,,,大考中心高中英文參考詞彙表（111學年度起適用）,LEVEL 4,官方清單,,,
ceec-108:level-4:loan,loan,lәun,n.|v.,"n. 貸款, 借出\nv. 借, 供應貨款, 借給",,,CEEC-108,4,,,,大考中心高中英文參考詞彙表（111學年度起適用）,LEVEL 4,官方清單,,,
ceec-108:level-4:lobster,lobster,'lɒbstә,n.,n. 龍蝦,,,CEEC-108,4,,,,大考中心高中英文參考詞彙表（111學年度起適用）,LEVEL 4,官方清單,,,
ceec-108:level-4:logic,logic,'lɒdʒik,n.,"n. 邏輯, 邏輯學, 推理的方法, 推理, 邏輯性\n[計] 邏輯",,,CEEC-108,4,,,,大考中心高中英文參考詞彙表（111學年度起適用）,LEVEL 4,官方清單,,,
ceec-108:level-4:logical,logical,'lɒdʒikәl,adj.,"a. 合乎邏輯的, 合理的\n[法] 邏輯的, 符合邏輯的",,,CEEC-108,4,,,,大考中心高中英文參考詞彙表（111學年度起適用）,LEVEL 4,官方清單,,,
ceec-108:level-4:loosen,loosen,lu:sn,v.,"vt. 放鬆, 鬆開, 解除\nvi. 變鬆, 鬆弛",,,CEEC-108,4,,,,大考中心高中英文參考詞彙表（111學年度起適用）,LEVEL 4,官方清單,,,
ceec-108:level-4:lousy,lousy,'lauzi,adj.,"a. 汙穢的, 噁心的, 生蝨的",,,CEEC-108,4,,,,大考中心高中英文參考詞彙表（111學年度起適用）,LEVEL 4,官方清單,,,
ceec-108:level-4:loyal,loyal,'lɒiәl,adj.,"a. 忠誠的, 忠實的, 忠貞的",,,CEEC-108,4,,,,大考中心高中英文參考詞彙表（111學年度起適用）,LEVEL 4,官方清單,,,
ceec-108:level-4:loyalty,loyalty,'lɒiәlti,n.,"n. 忠貞, 忠誠, 忠實\n[法] 忠誠, 忠心",,,CEEC-108,4,,,,大考中心高中英文參考詞彙表（111學年度起適用）,LEVEL 4,官方清單,,,
ceec-108:level-4:luxurious,luxurious,lʌg'zjuәriәs,adj.,"a. 豪華的, 奢侈的, 放縱的",,,CEEC-108,4,,,,大考中心高中英文參考詞彙表（111學年度起適用）,LEVEL 4,官方清單,,,
ceec-108:level-4:luxury,luxury,'lʌkʃәri,n.,"n. 奢侈, 豪華\na. 奢侈的, 豪華的",,,CEEC-108,4,,,,大考中心高中英文參考詞彙表（111學年度起適用）,LEVEL 4,官方清單,,,
ceec-108:level-4:machinery,machinery,mә'ʃi:nәri,n.,"n. 機器, 機械裝置, 機構\n[化] 機械",,,CEEC-108,4,,,,大考中心高中英文參考詞彙表（111學年度起適用）,LEVEL 4,官方清單,,,
ceec-108:level-4:magnetic,magnetic,mæg'netik,adj.,"a. 有磁性的, 有吸引力的, 催眠術的\n[醫] 磁[性]的",,,CEEC-108,4,,,,大考中心高中英文參考詞彙表（111學年度起適用）,LEVEL 4,官方清單,,,
ceec-108:level-4:magnificent,magnificent,mæg'nifisnt,adj.,"a. 華麗的, 高尚的, 宏偉的",,,CEEC-108,4,,,,大考中心高中英文參考詞彙表（111學年度起適用）,LEVEL 4,官方清單,,,
ceec-108:level-4:makeup,makeup,'meikʌp,n.,"n. 組成, 性格, 化妝品, 化裝(術), 虛構, 補考",,,CEEC-108,4,,,,大考中心高中英文參考詞彙表（111學年度起適用）,LEVEL 4,官方清單,,,
ceec-108:level-4:manual,manual,'mænjuәl,adj.|n.,"n. 手冊, 指南\na. 手的, 手動的, 手工的, 體力的\n[計] 人工的, 手動的",,,CEEC-108,4,,,,大考中心高中英文參考詞彙表（111學年度起適用）,LEVEL 4,官方清單,,,
ceec-108:level-4:manufacture,manufacture,.mænju'fæktʃә,n.|v.,"n. 產品, 製造\nvt. 製造, 假造\nvi. 製造",,,CEEC-108,4,,,,大考中心高中英文參考詞彙表（111學年度起適用）,LEVEL 4,官方清單,,,
ceec-108:level-4:manufacturer,manufacturer,.mænju'fæktʃәrә,n.,"n. 製造業者, 廠商\n[經] 製造人, 製造商, 製造廠",,,CEEC-108,4,,,,大考中心高中英文參考詞彙表（111學年度起適用）,LEVEL 4,官方清單,,,
ceec-108:level-4:marathon,marathon,'mærәθәn,n.,"n. 馬拉松, 耐力的考驗",,,CEEC-108,4,,,,大考中心高中英文參考詞彙表（111學年度起適用）,LEVEL 4,官方清單,,,
ceec-108:level-4:margin,margin,'mɑ:dʒin,n.,"n. 頁邊的空白, 邊緣, 界限, 餘裕, 差數, 差額, 保證金\nvt. 加邊於, 加旁註於\n[計] 頁邊距",,,CEEC-108,4,,,,大考中心高中英文參考詞彙表（111學年度起適用）,LEVEL 4,官方清單,,,
ceec-108:level-4:maturity,maturity,mә'tjuәriti,n.,"n. 成熟, 完備, 到期\n[醫] 成熟, 成熟期, 發育期",,,CEEC-108,4,,,,大考中心高中英文參考詞彙表（111學年度起適用）,LEVEL 4,官方清單,,,
ceec-108:level-4:maximum,maximum,'mæksimәn,adj.|n.,"n. 極點, 最大量, 極大\na. 最高的, 最大的, 最大極限的\n[計] 最大值",,,CEEC-108,4,,,,大考中心高中英文參考詞彙表（111學年度起適用）,LEVEL 4,官方清單,,,
ceec-108:level-4:measurable,measurable,'meʒәrәbl,adj.,"a. 可測量的, 不久的, 重要的",,,CEEC-108,4,,,,大考中心高中英文參考詞彙表（111學年度起適用）,LEVEL 4,官方清單,,,
ceec-108:level-4:mechanic,mechanic,mi'kænik,n.,"n. 機械工, 技工\na. 手工的",,,CEEC-108,4,,,,大考中心高中英文參考詞彙表（111學年度起適用）,LEVEL 4,官方清單,,,
ceec-108:level-4:mechanical,mechanical,mi'kænikәl,adj.,"a. 機械的, 機械性的, 力學的\n[醫] 機械的, 力學的",,,CEEC-108,4,,,,大考中心高中英文參考詞彙表（111學年度起適用）,LEVEL 4,官方清單,,,
ceec-108:level-4:memorable,memorable,'memәrәbl,adj.,"a. 值得紀念的, 難忘的",,,CEEC-108,4,,,,大考中心高中英文參考詞彙表（111學年度起適用）,LEVEL 4,官方清單,,,
ceec-108:level-4:memorial,memorial,mi'mɒ:riәl,adj.|n.,"n. 紀念物, 請願書\na. 記念的, 記憶的",,,CEEC-108,4,,,,大考中心高中英文參考詞彙表（111學年度起適用）,LEVEL 4,官方清單,,,
ceec-108:level-4:memorize,memorize,'memәraiz,v.,"vt. 記住, 熟記, 背熟",,,CEEC-108,4,,,,大考中心高中英文參考詞彙表（111學年度起適用）,LEVEL 4,官方清單,,,
ceec-108:level-4:merchant,merchant,'mә:tʃәnt,n.,"n. 商人, 店主\na. 商業的, 商人的",,,CEEC-108,4,,,,大考中心高中英文參考詞彙表（111學年度起適用）,LEVEL 4,官方清單,,,
ceec-108:level-4:mercy,mercy,'mә:si,n.,"n. 仁慈, 寬恕, 慈悲, 憐憫, 幸運\n[法] 權宜處置權, 決定權, 寬恕",,,CEEC-108,4,,,,大考中心高中英文參考詞彙表（111學年度起適用）,LEVEL 4,官方清單,,,
ceec-108:level-4:mere,mere,miә,adj.,"n. 小湖, 池塘\na. 僅僅的, 只不過的",,,CEEC-108,4,,,,大考中心高中英文參考詞彙表（111學年度起適用）,LEVEL 4,官方清單,,,
ceec-108:level-4:merit,merit,'merit,n.,"n. 優點, 功績, 價值, 功過, 真相\nvt. 值得\nvi. 應受",,,CEEC-108,4,,,,大考中心高中英文參考詞彙表（111學年度起適用）,LEVEL 4,官方清單,,,
ceec-108:level-4:messenger,messenger,'mesindʒә,n.,"n. 報信者, 使者\n[經] 使者, 送信者, 通訊員",,,CEEC-108,4,,,,大考中心高中英文參考詞彙表（111學年度起適用）,LEVEL 4,官方清單,,,
ceec-108:level-4:messy,messy,'mesi,adj.,"a. 散亂的, 汙穢的, 麻煩的",,,CEEC-108,4,,,,大考中心高中英文參考詞彙表（111學年度起適用）,LEVEL 4,官方清單,,,
ceec-108:level-4:microscope,microscope,'maikrәuskәup,n.,n. 顯微鏡\n[化] 顯微鏡,,,CEEC-108,4,,,,大考中心高中英文參考詞彙表（111學年度起適用）,LEVEL 4,官方清單,,,
ceec-108:level-4:mild,mild,maild,adj.,"a. 溫和的, 溫柔的, 淡味的, 適度的, 輕微的, (肥皂等)軟性的\n[醫] 輕的, 緩和的",,,CEEC-108,4,,,,大考中心高中英文參考詞彙表（111學年度起適用）,LEVEL 4,官方清單,,,
ceec-108:level-4:mill,mill,mil,n.|v.,"n. 壓榨機, 磨坊, 製造廠\nvt. 碾磨, 磨細, 攪拌, 使亂轉\nvi. 亂轉, 被碾磨",,,CEEC-108,4,,,,大考中心高中英文參考詞彙表（111學年度起適用）,LEVEL 4,官方清單,,,
ceec-108:level-4:millionaire,millionaire,.miljә'nєә,n.,"n. 百萬富翁, 大富豪\n[經] 大資本家, 鉅富, 百萬富翁",,,CEEC-108,4,,,,大考中心高中英文參考詞彙表（111學年度起適用）,LEVEL 4,官方清單,,,
ceec-108:level-4:miner,miner,'mainә,n.,"n. 礦工, 開礦機, 坑道工兵\n[經] 礦工",,,CEEC-108,4,,,,大考中心高中英文參考詞彙表（111學年度起適用）,LEVEL 4,官方清單,,,
ceec-108:level-4:mineral,mineral,'minәrәl,n.,"n. 礦物, 無機物, 蘇打水\na. 礦物的, 似礦物的",,,CEEC-108,4,,,,大考中心高中英文參考詞彙表（111學年度起適用）,LEVEL 4,官方清單,,,
ceec-108:level-4:minimum,minimum,'minimәm,adj.|n.,"a. 最小的, 最低的\nn. 最小值\n[計] 最小值",,,CEEC-108,4,,,,大考中心高中英文參考詞彙表（111學年度起適用）,LEVEL 4,官方清單,,,
ceec-108:level-4:minister,minister,'ministә,n.,"n. 部長, 牧師, 公使\nvi. 服侍, 救助, 主持宗教儀式",,,CEEC-108,4,,,,大考中心高中英文參考詞彙表（111學年度起適用）,LEVEL 4,官方清單,,,
ceec-108:level-4:ministry,ministry,'ministri,n.,"n. 部, 內閣, 服務\n[經] 部",,,CEEC-108,4,,,,大考中心高中英文參考詞彙表（111學年度起適用）,LEVEL 4,官方清單,,,
ceec-108:level-4:mischief,mischief,'mistʃif,n.,"n. 損害, 傷害, 災禍, 惡作劇, 淘氣\n[法] 損害, 傷害, 危害",,,CEEC-108,4,,,,大考中心高中英文參考詞彙表（111學年度起適用）,LEVEL 4,官方清單,,,
ceec-108:level-4:miserable,miserable,'mizәrәbl,adj.,a. 悲慘的；痛苦的；卑鄙的,,,CEEC-108,4,,,,大考中心高中英文參考詞彙表（111學年度起適用）,LEVEL 4,官方清單,,,
ceec-108:level-4:misfortune,misfortune,mis'fɒ:tʃәn,n.,"n. 不幸, 災禍, 壞運氣\n[法] 不幸事故, 不幸, 災禍",,,CEEC-108,4,,,,大考中心高中英文參考詞彙表（111學年度起適用）,LEVEL 4,官方清單,,,
ceec-108:level-4:mislead,mislead,mis'li:d,v.,vt. 誤導,,,CEEC-108,4,,,,大考中心高中英文參考詞彙表（111學年度起適用）,LEVEL 4,官方清單,,,
ceec-108:level-4:misunderstand,misunderstand,.misʌndә'stænd,v.,"vt. 誤解, 誤會",,,CEEC-108,4,,,,大考中心高中英文參考詞彙表（111學年度起適用）,LEVEL 4,官方清單,,,
ceec-108:level-4:moderate,moderate,'mɒdәrәt,adj.,"a. 適度的, 穩健的, 中等的, 節制的\nvt. 節制, 減輕, 使緩和\nvi. 變緩和, 主持會議",,,CEEC-108,4,,,,大考中心高中英文參考詞彙表（111學年度起適用）,LEVEL 4,官方清單,,,
ceec-108:level-4:modest,modest,'mɒdist,adj.,"a. 謙遜的, 羞怯的, 端莊的, 適度的\n[經] 適當的",,,CEEC-108,4,,,,大考中心高中英文參考詞彙表（111學年度起適用）,LEVEL 4,官方清單,,,
ceec-108:level-4:modesty,modesty,'mɒdisti,n.,"n. 謙遜, 質樸, 羞怯",,,CEEC-108,4,,,,大考中心高中英文參考詞彙表（111學年度起適用）,LEVEL 4,官方清單,,,
ceec-108:level-4:monitor,monitor,'mɒnitә,n.|v.,"n. 監督器, 級長, 監聽員, 班長, 監視器, 告誡物\nv. 監視, 監聽, 監督\n[計] 監視器, 監視程式; 監視",,,CEEC-108,4,,,,大考中心高中英文參考詞彙表（111學年度起適用）,LEVEL 4,官方清單,,,
ceec-108:level-4:monument,monument,'mɒnjumәnt,n.,"n. 紀念碑, 紀念物, 石碑",,,CEEC-108,4,,,,大考中心高中英文參考詞彙表（111學年度起適用）,LEVEL 4,官方清單,,,
ceec-108:level-4:moreover,moreover,mɒ:'әuvә,adv.,"adv. 而且, 此外",,,CEEC-108,4,,,,大考中心高中英文參考詞彙表（111學年度起適用）,LEVEL 4,官方清單,,,
ceec-108:level-4:motivate,motivate,'mәutiveit,v.,"vt. 給與動機, 刺激, 提高...的學習慾望, 促動\n[經] 促動, 激發, 激勵",,,CEEC-108,4,,,,大考中心高中英文參考詞彙表（111學年度起適用）,LEVEL 4,官方清單,,,
ceec-108:level-4:motivation,motivation,.mәuti'veiʃәn,n.,"n. 動機, 刺激, 推動\n[醫] 促動, 推動, 誘導",,,CEEC-108,4,,,,大考中心高中英文參考詞彙表（111學年度起適用）,LEVEL 4,官方清單,,,
ceec-108:level-4:mountainous,mountainous,'mauntinәs,adj.,"a. 多山的, 如山的, 巨大的",,,CEEC-108,4,,,,大考中心高中英文參考詞彙表（111學年度起適用）,LEVEL 4,官方清單,,,
ceec-108:level-4:muddy,muddy,'mʌdi,adj.,"a. 泥濘的, 渾濁的, 模糊的\nvt. 使汙濁, 使沾上泥汙",,,CEEC-108,4,,,,大考中心高中英文參考詞彙表（111學年度起適用）,LEVEL 4,官方清單,,,
ceec-108:level-4:mule,mule,mju:l,n.,"n. 騾, 倔強之人",,,CEEC-108,4,,,,大考中心高中英文參考詞彙表（111學年度起適用）,LEVEL 4,官方清單,,,
ceec-108:level-4:multiple,multiple,'mʌltipl,adj.,"n. 倍數, 並聯\na. 多樣的, 許多的, 多功能的",,,CEEC-108,4,,,,大考中心高中英文參考詞彙表（111學年度起適用）,LEVEL 4,官方清單,,,
ceec-108:level-4:murderer,murderer,'mә:dәrә,n.,"n. 兇手, 殺人者, 謀害者\n[法] 謀殺犯, 兇手",,,CEEC-108,4,,,,大考中心高中英文參考詞彙表（111學年度起適用）,LEVEL 4,官方清單,,,
ceec-108:level-4:murmur,murmur,'mә:mә,n.|v.,"n. 低語, 低聲的怨言\nvi. 低語, 低聲而言\nvt. 低聲說",,,CEEC-108,4,,,,大考中心高中英文參考詞彙表（111學年度起適用）,LEVEL 4,官方清單,,,
ceec-108:level-4:mutual,mutual,'mju:tʃuәl,adj.,"a. 相互的, 共有的\n[經] 相互的",,,CEEC-108,4,,,,大考中心高中英文參考詞彙表（111學年度起適用）,LEVEL 4,官方清單,,,
ceec-108:level-4:mysterious,mysterious,mis'tiәriәs,adj.,"a. 神秘的, 難解的, 不可思議的",,,CEEC-108,4,,,,大考中心高中英文參考詞彙表（111學年度起適用）,LEVEL 4,官方清單,,,
ceec-108:level-4:namely,namely,'neimli,adv.,"adv. 即, 就是, 換句話說",,,CEEC-108,4,,,,大考中心高中英文參考詞彙表（111學年度起適用）,LEVEL 4,官方清單,,,
ceec-108:level-4:nationality,nationality,.næʃә'nælәti,n.,"n. 國籍, 國家, 民族性\n[法] 國家, 民族, 國民",,,CEEC-108,4,,,,大考中心高中英文參考詞彙表（111學年度起適用）,LEVEL 4,官方清單,,,
ceec-108:level-4:needy,needy,'ni:di,adj.,"a. 貧窮的, 貧困的, 生活艱苦的",,,CEEC-108,4,,,,大考中心高中英文參考詞彙表（111學年度起適用）,LEVEL 4,官方清單,,,
ceec-108:level-4:neglect,neglect,ni'glekt,n.|v.,"n. 疏忽, 忽略, 漏做\nvt. 疏忽, 忽視, 不顧",,,CEEC-108,4,,,,大考中心高中英文參考詞彙表（111學年度起適用）,LEVEL 4,官方清單,,,
ceec-108:level-4:negotiate,negotiate,ni'gәuʃieit,v.,"vi. 商議, 談判, 交涉\nvt. 談妥, 轉讓, 處理",,,CEEC-108,4,,,,大考中心高中英文參考詞彙表（111學年度起適用）,LEVEL 4,官方清單,,,
ceec-108:level-4:nevertheless,nevertheless,.nevәðә'les,adv.,"adv. 然而, 雖然如此\nconj. 然而",,,CEEC-108,4,,,,大考中心高中英文參考詞彙表（111學年度起適用）,LEVEL 4,官方清單,,,
ceec-108:level-4:nightmare,nightmare,'naitmєә,n.,"n. 夢魘, 惡夢, 可怕的事物(或情景、人物)\n[醫] 夢魘, 惡夢",,,CEEC-108,4,,,,大考中心高中英文參考詞彙表（111學年度起適用）,LEVEL 4,官方清單,,,
ceec-108:level-4:noble,noble,'nәubl,adj.|n.,"n. 貴族\na. 高貴的, 高尚的, 貴族的, 輝煌的",,,CEEC-108,4,,,,大考中心高中英文參考詞彙表（111學年度起適用）,LEVEL 4,官方清單,,,
ceec-108:level-4:nonsense,nonsense,'nɒnsәns,n.,"n. 無意義的事, 荒謬言行, 荒唐",,,CEEC-108,4,,,,大考中心高中英文參考詞彙表（111學年度起適用）,LEVEL 4,官方清單,,,
ceec-108:level-4:nowadays,nowadays,'nauәdeiz,adv.,"n. 現在, 現時, 當今\nadv. 時下, 現今",,,CEEC-108,4,,,,大考中心高中英文參考詞彙表（111學年度起適用）,LEVEL 4,官方清單,,,
ceec-108:level-4:nuclear,nuclear,'nju:kliә,adj.,"a. 核子的, 原子能的, 核的, 中心的\n[醫] 核的",,,CEEC-108,4,,,,大考中心高中英文參考詞彙表（111學年度起適用）,LEVEL 4,官方清單,,,
ceec-108:level-4:numerous,numerous,'nju:mәrәs,adj.,"a. 很多的, 數目眾多的, 多數的\n[機] 多數的, 甚多的",,,CEEC-108,4,,,,大考中心高中英文參考詞彙表（111學年度起適用）,LEVEL 4,官方清單,,,
ceec-108:level-4:nursery,nursery,'nә:sәri,n.,"n. 託兒所, 苗圃, 溫床\n[醫] 嬰兒室, 託兒所",,,CEEC-108,4,,,,大考中心高中英文參考詞彙表（111學年度起適用）,LEVEL 4,官方清單,,,
ceec-108:level-4:nutritious,nutritious,nju:'triʃәs,adj.,"a. 滋養的, 營養的\n[醫] 有營養的",,,CEEC-108,4,,,,大考中心高中英文參考詞彙表（111學年度起適用）,LEVEL 4,官方清單,,,
ceec-108:level-4:obedience,obedience,ә'bi:djәns,n.,"n. 服從, 順從, 忠實\n[法] 服從, 順從, 遵從",,,CEEC-108,4,,,,大考中心高中英文參考詞彙表（111學年度起適用）,LEVEL 4,官方清單,,,
ceec-108:level-4:obedient,obedient,ә'bi:djәnt,adj.,"a. 服從的, 順從的, 孝順的\n[法] 服從的, 順從的, 忠順的",,,CEEC-108,4,,,,大考中心高中英文參考詞彙表（111學年度起適用）,LEVEL 4,官方清單,,,
ceec-108:level-4:objection,objection,әb'dʒekʃәn,n.,"n. 異議, 反對, 不喜歡, 缺點, 缺陷, 妨礙, 拒絕之理由\n[法] 異議, 反對, 抗議",,,CEEC-108,4,,,,大考中心高中英文參考詞彙表（111學年度起適用）,LEVEL 4,官方清單,,,
ceec-108:level-4:objective,objective,әb'dʒektiv,adj.|n.,"n. 目的, 目標, 宗旨, 賓格, 實物\na. 客觀的, 如實的, 無偏見的, 賓格的",,,CEEC-108,4,,,,大考中心高中英文參考詞彙表（111學年度起適用）,LEVEL 4,官方清單,,,
ceec-108:level-4:observation,observation,.ɒbzә:'veiʃәn,n.,"n. 觀察, 注意, 觀測, 觀察力\n[化] 觀察",,,CEEC-108,4,,,,大考中心高中英文參考詞彙表（111學年度起適用）,LEVEL 4,官方清單,,,
ceec-108:level-4:obstacle,obstacle,'ɒbstәkl,n.,"n. 障礙, 妨害物, 阻礙",,,CEEC-108,4,,,,大考中心高中英文參考詞彙表（111學年度起適用）,LEVEL 4,官方清單,,,
ceec-108:level-4:obtain,obtain,әb'tein,v.,"vt. 獲得, 達到\nvi. 流行, 得到公認",,,CEEC-108,4,,,,大考中心高中英文參考詞彙表（111學年度起適用）,LEVEL 4,官方清單,,,
ceec-108:level-4:occasional,occasional,ә'keiʒәnl,adj.,"a. 偶然的, 臨時的\n[法] 偶然的, 特殊場合的",,,CEEC-108,4,,,,大考中心高中英文參考詞彙表（111學年度起適用）,LEVEL 4,官方清單,,,
ceec-108:level-4:occupation,occupation,.ɒkju'peiʃәn,n.,"n. 職業, 佔有, 佔有期, 佔領, 佔領軍\n[經] 佔有, 佔用, 職業",,,CEEC-108,4,,,,大考中心高中英文參考詞彙表（111學年度起適用）,LEVEL 4,官方清單,,,
ceec-108:level-4:occupy,occupy,'ɒkjupai,v.,"vt. 佔領, 佔(時間、空間等), 住進, 擔任, 使從事, 使全神貫注\n[法] 佔領, 佔據, 佔有",,,CEEC-108,4,,,,大考中心高中英文參考詞彙表（111學年度起適用）,LEVEL 4,官方清單,,,
ceec-108:level-4:offend,offend,ә'fend,v.,"v. 犯罪, 冒犯, 違反, 進攻",,,CEEC-108,4,,,,大考中心高中英文參考詞彙表（111學年度起適用）,LEVEL 4,官方清單,,,
ceec-108:level-4:offense,offense,ә'fens,n.,"n. 犯罪, 傷感情, 攻擊",,,CEEC-108,4,,,,大考中心高中英文參考詞彙表（111學年度起適用）,LEVEL 4,官方清單,,,
ceec-108:level-4:offensive,offensive,ә'fensiv,adj.,"a. 令人不快的, 侮辱的, 攻擊性的\n[法] 攻擊的, 進攻的, 冒犯的",,,CEEC-108,4,,,,大考中心高中英文參考詞彙表（111學年度起適用）,LEVEL 4,官方清單,,,
ceec-108:level-4:opera,opera,'ɒpәrә,n.,n. 歌劇,,,CEEC-108,4,,,,大考中心高中英文參考詞彙表（111學年度起適用）,LEVEL 4,官方清單,,,
ceec-108:level-4:oppose,oppose,ә'pәuz,v.,"vt. 反對, 以...對抗, 抗爭\nvi. 反對",,,CEEC-108,4,,,,大考中心高中英文參考詞彙表（111學年度起適用）,LEVEL 4,官方清單,,,
ceec-108:level-4:option,option,'ɒpʃәn,n.,"n. 選擇權, 挑選, 選項\n[計] 選項",,,CEEC-108,4,,,,大考中心高中英文參考詞彙表（111學年度起適用）,LEVEL 4,官方清單,,,
ceec-108:level-4:orbit,orbit,'ɒ:bit,n.|v.,"n. 軌道, 常軌, 眼眶\nvt. 繞...軌道而行\nvi. 進入軌道, 盤旋",,,CEEC-108,4,,,,大考中心高中英文參考詞彙表（111學年度起適用）,LEVEL 4,官方清單,,,
ceec-108:level-4:orchestra,orchestra,'ɒ:kistrә,n.,"n. 管絃樂隊, 樂隊演奏處",,,CEEC-108,4,,,,大考中心高中英文參考詞彙表（111學年度起適用）,LEVEL 4,官方清單,,,
ceec-108:level-4:orientation,orientation,.ɒ:rien'teiʃәn,n.,"n. 定方位, 適應, 向東方\nn. 方向\n[計] 方向",,,CEEC-108,4,,,,大考中心高中英文參考詞彙表（111學年度起適用）,LEVEL 4,官方清單,,,
ceec-108:level-4:orphan,orphan,'ɒ:fәn,n.|v.,"n. 孤兒\na. 無雙親的, 孤兒的\nvt. 使成孤兒\n[計] 弧體",,,CEEC-108,4,,,,大考中心高中英文參考詞彙表（111學年度起適用）,LEVEL 4,官方清單,,,
ceec-108:level-4:otherwise,otherwise,'ʌðәwaiz,adv.,"adv. 否則, 不同地, 別的方式",,,CEEC-108,4,,,,大考中心高中英文參考詞彙表（111學年度起適用）,LEVEL 4,官方清單,,,
ceec-108:level-4:outcome,outcome,'autkʌm,n.,"n. 結果, 出口",,,CEEC-108,4,,,,大考中心高中英文參考詞彙表（111學年度起適用）,LEVEL 4,官方清單,,,
ceec-108:level-4:outstanding,outstanding,.aut'stændiŋ,adj.,"a. 傑出的, 突出的, 未償付的, 未決定的\n[經] 未解決的, 未償付",,,CEEC-108,4,,,,大考中心高中英文參考詞彙表（111學年度起適用）,LEVEL 4,官方清單,,,
ceec-108:level-4:oval,oval,'әuvәl,adj.|n.,"n. 橢圓形\na. 卵形的, 橢圓形的",,,CEEC-108,4,,,,大考中心高中英文參考詞彙表（111學年度起適用）,LEVEL 4,官方清單,,,
ceec-108:level-4:overcoat,overcoat,'әuvәkәut,n.,n. 外套大衣,,,CEEC-108,4,,,,大考中心高中英文參考詞彙表（111學年度起適用）,LEVEL 4,官方清單,,,
ceec-108:level-4:overcome,overcome,.әuvә'kʌm,v.,"vt. 戰勝, 克服, 勝過\nvi. 得勝",,,CEEC-108,4,,,,大考中心高中英文參考詞彙表（111學年度起適用）,LEVEL 4,官方清單,,,
ceec-108:level-4:overlook,overlook,.әuvә'luk,v.,"vt. 俯瞰, 遠眺, 沒注意到\nn. 眺望, 俯瞰到的景色",,,CEEC-108,4,,,,大考中心高中英文參考詞彙表（111學年度起適用）,LEVEL 4,官方清單,,,
ceec-108:level-4:overnight,overnight,'әuvәnait,adj.|adv.,"n. 前一天晚上, 一夜的逗留\na. 通宵的, 晚上的, 前夜的\nadv. 在前一夜, 整夜, 昨晚一晚上",,,CEEC-108,4,,,,大考中心高中英文參考詞彙表（111學年度起適用）,LEVEL 4,官方清單,,,
ceec-108:level-4:overthrow,overthrow,.әuvә'θrәu,v.,"n. 推翻, 瓦解, 傾覆\nvt. 打倒, 推翻, 傾覆",,,CEEC-108,4,,,,大考中心高中英文參考詞彙表（111學年度起適用）,LEVEL 4,官方清單,,,
ceec-108:level-4:oxygen,oxygen,'ɒksәdʒәn,n.,n. 氧\n[化] 氧O-2,,,CEEC-108,4,,,,大考中心高中英文參考詞彙表（111學年度起適用）,LEVEL 4,官方清單,,,
ceec-108:level-4:pace,pace,peis,n.|v.,"n. 速度, 步調, 步法\nvi. 踱步, 緩慢走\nvt. 用步測, 踱步於",,,CEEC-108,4,,,,大考中心高中英文參考詞彙表（111學年度起適用）,LEVEL 4,官方清單,,,
ceec-108:level-4:panel,panel,'pænl,n.,"n. 嵌板, 儀表板, 專題討論小組, 全體陪審員\nvt. 嵌鑲板",,,CEEC-108,4,,,,大考中心高中英文參考詞彙表（111學年度起適用）,LEVEL 4,官方清單,,,
ceec-108:level-4:parachute,parachute,'pærәʃu:t,n.|v.,n. 降落傘\nvi. 跳傘,,,CEEC-108,4,,,,大考中心高中英文參考詞彙表（111學年度起適用）,LEVEL 4,官方清單,,,
ceec-108:level-4:paragraph,paragraph,'pærәgrɑ:f,n.,"n. 段落, 短評\nvt. 將...分段, 分段落\nvi. 寫短訊\n[計] 段落",,,CEEC-108,4,,,,大考中心高中英文參考詞彙表（111學年度起適用）,LEVEL 4,官方清單,,,
ceec-108:level-4:partial,partial,'pɑ:ʃәl,adj.,"a. 部分的, 偏袒的, 偏愛的\nn. 分音",,,CEEC-108,4,,,,大考中心高中英文參考詞彙表（111學年度起適用）,LEVEL 4,官方清單,,,
ceec-108:level-4:participation,participation,.pɑ:tisi'peiʃәn,n.,"n. 參與, 分享\n[經] 參與, 參股",,,CEEC-108,4,,,,大考中心高中英文參考詞彙表（111學年度起適用）,LEVEL 4,官方清單,,,
ceec-108:level-4:partnership,partnership,'pɑ:tnәʃip,n.,"n. 合夥, 合股, 合作關係\n[經] 合夥(合作)關係, 全體合夥人",,,CEEC-108,4,,,,大考中心高中英文參考詞彙表（111學年度起適用）,LEVEL 4,官方清單,,,
ceec-108:level-4:passive,passive,'pæsiv,adj.,"a. 消極的, 被動的, 冷漠的, 順從的, 無源的\n[醫] 被動的",,,CEEC-108,4,,,,大考中心高中英文參考詞彙表（111學年度起適用）,LEVEL 4,官方清單,,,
ceec-108:level-4:pasta,pasta,'pæstә,n.,"n. 義大利麵食\n[醫] 糊劑, 泥膏劑",,,CEEC-108,4,,,,大考中心高中英文參考詞彙表（111學年度起適用）,LEVEL 4,官方清單,,,
ceec-108:level-4:paw,paw,pɒ:,n.|v.,"n. 爪\nv. 以蹄扒地, 用爪子抓, 拼命抓, 向...亂抓, 笨拙地使用, 費力地前進",,,CEEC-108,4,,,,大考中心高中英文參考詞彙表（111學年度起適用）,LEVEL 4,官方清單,,,
ceec-108:level-4:peculiar,peculiar,pi'kju:ljә,adj.,"a. 奇特的, 罕見的, 特殊的, 特別的\nn. 特有財產, 特權",,,CEEC-108,4,,,,大考中心高中英文參考詞彙表（111學年度起適用）,LEVEL 4,官方清單,,,
ceec-108:level-4:peep,peep,pi:p,n.|v.,"n. 一瞥, 偷看, 不完全的景象, 初現, 吱吱聲, 嘀咕抱怨聲, 汽車喇叭聲\nvi. 窺視, 出現, 吱吱叫\nvt. 使隱約顯現",,,CEEC-108,4,,,,大考中心高中英文參考詞彙表（111學年度起適用）,LEVEL 4,官方清單,,,
ceec-108:level-4:peer,peer,piә,n.|v.,"n. 同等的人, 匹敵, 貴族\nvi. 凝視, 窺視, 費力地看, 隱現\nvt. 與...同等, 封為貴族",,,CEEC-108,4,,,,大考中心高中英文參考詞彙表（111學年度起適用）,LEVEL 4,官方清單,,,
ceec-108:level-4:penalty,penalty,'penәlti,n.,"n. 處罰, 刑罰, 罰款, 罰球, 報應, 不利結果, 妨礙\n[經] 罰金(款), 違約金",,,CEEC-108,4,,,,大考中心高中英文參考詞彙表（111學年度起適用）,LEVEL 4,官方清單,,,
ceec-108:level-4:percent,percent,pә'sent,n.,"n. 百分比, 百分數, 部分\n[機] 百分率",,,CEEC-108,4,,,,大考中心高中英文參考詞彙表（111學年度起適用）,LEVEL 4,官方清單,,,
ceec-108:level-4:percentage,percentage,pә'sentidʒ,n.,"n. 百分比, 比率, 部分, 可能性\n[計] 百分比",,,CEEC-108,4,,,,大考中心高中英文參考詞彙表（111學年度起適用）,LEVEL 4,官方清單,,,
ceec-108:level-4:perfection,perfection,pә'fekʃәn,n.,"n. 完美, 完成, 極端\n[經] 完整性",,,CEEC-108,4,,,,大考中心高中英文參考詞彙表（111學年度起適用）,LEVEL 4,官方清單,,,
ceec-108:level-4:perfume,perfume,'pә:fju:m,n.|v.,"n. 香水, 香氣, (悅人的)氣氛, 美名\nvt. 灑香水於, 薰香, 使充滿香氣",,,CEEC-108,4,,,,大考中心高中英文參考詞彙表（111學年度起適用）,LEVEL 4,官方清單,,,
ceec-108:level-4:permanent,permanent,'pә:mәnәnt,adj.,"a. 永久的, 不變的, 固定的, 持久的\nn. 燙髮\n[計] 永久的",,,CEEC-108,4,,,,大考中心高中英文參考詞彙表（111學年度起適用）,LEVEL 4,官方清單,,,
ceec-108:level-4:persuasion,persuasion,pә'sweiʒәn,n.,"n. 說服, 信念, 派別, 說服力",,,CEEC-108,4,,,,大考中心高中英文參考詞彙表（111學年度起適用）,LEVEL 4,官方清單,,,
ceec-108:level-4:persuasive,persuasive,pә'sweisiv,adj.,"a. 有說服力的, 勸誘的, 勸導性的",,,CEEC-108,4,,,,大考中心高中英文參考詞彙表（111學年度起適用）,LEVEL 4,官方清單,,,
ceec-108:level-4:pessimistic,pessimistic,.pesi'mistik,adj.,"a. 悲觀的, 厭世的, 悲觀主義的",,,CEEC-108,4,,,,大考中心高中英文參考詞彙表（111學年度起適用）,LEVEL 4,官方清單,,,
ceec-108:level-4:pest,pest,pest,n.,"n. 令人討厭之物, 有害之物, 害蟲, 瘟疫\n[醫] 鼠疫, 瘟疫",,,CEEC-108,4,,,,大考中心高中英文參考詞彙表（111學年度起適用）,LEVEL 4,官方清單,,,
ceec-108:level-4:phenomenon,phenomenon,fi'nɒminәn,n.,"n. 現象, 跡象, 表現, 奇蹟, 奇才\n[化] 現象",,,CEEC-108,4,,,,大考中心高中英文參考詞彙表（111學年度起適用）,LEVEL 4,官方清單,,,
ceec-108:level-4:philosopher,philosopher,fi'lɒsәfә,n.,"n. 哲學家, 哲人, 思想開創人, 達觀的人\n[法] 哲學家, 哲學研究者",,,CEEC-108,4,,,,大考中心高中英文參考詞彙表（111學年度起適用）,LEVEL 4,官方清單,,,
ceec-108:level-4:philosophical,philosophical,.filә'sɒfikl,adj.,"a. 哲學的, 冷靜的, 達觀的, 哲學上的, 哲學家似的",,,CEEC-108,4,,,,大考中心高中英文參考詞彙表（111學年度起適用）,LEVEL 4,官方清單,,,
ceec-108:level-4:philosophy,philosophy,fi'lɒsәfi,n.,"n. 哲學, 人生觀, 哲學思想, 哲理, 基本原理, 見解, 達觀, 沉著",,,CEEC-108,4,,,,大考中心高中英文參考詞彙表（111學年度起適用）,LEVEL 4,官方清單,,,
ceec-108:level-4:photography,photography,fә'tɒgrәfi,n.,"n. 攝影, 攝影術\n[化] 照相術",,,CEEC-108,4,,,,大考中心高中英文參考詞彙表（111學年度起適用）,LEVEL 4,官方清單,,,
ceec-108:level-4:physical,physical,'fizikl,adj.,"a. 身體的, 物質的, 自然的, 物理學的, 好色的\nn. 體格檢查",,,CEEC-108,4,,,,大考中心高中英文參考詞彙表（111學年度起適用）,LEVEL 4,官方清單,,,
ceec-108:level-4:physician,physician,fi'ziʃәn,n.,"n. 醫師, 內科醫師, 解除痛苦者\n[醫] 主治醫師",,,CEEC-108,4,,,,大考中心高中英文參考詞彙表（111學年度起適用）,LEVEL 4,官方清單,,,
ceec-108:level-4:physicist,physicist,'fizisist,n.,"n. 物理學家, 機械唯物論者, 自然科學家\n[醫] 菲西克氏手術(虹膜圓片切除)",,,CEEC-108,4,,,,大考中心高中英文參考詞彙表（111學年度起適用）,LEVEL 4,官方清單,,,
ceec-108:level-4:physics,physics,'fiziks,n.,"n. 物理學, 物理過程, 物理現象\n[化] 物理; 物理學",,,CEEC-108,4,,,,大考中心高中英文參考詞彙表（111學年度起適用）,LEVEL 4,官方清單,,,
ceec-108:level-4:pickle,pickle,'pikl,n.,"n. 鹽滷, 醃汁, 泡菜, 困境, 討厭鬼\nvt. 醃製, 酸洗, 葬送(機會等), 泡",,,CEEC-108,4,,,,大考中心高中英文參考詞彙表（111學年度起適用）,LEVEL 4,官方清單,,,
ceec-108:level-4:pioneer,pioneer,.paiә'niә,n.|v.,"n. 先鋒, 拓荒者, 創始人\nvt. 提倡, 開闢, 開創, 倡導\nvi. 作先驅, 開路\na. 最早的, 開拓的, 先驅的, 有開拓者特點的",,,CEEC-108,4,,,,大考中心高中英文參考詞彙表（111學年度起適用）,LEVEL 4,官方清單,,,
ceec-108:level-4:plentiful,plentiful,'plentiful,adj.,"a. 許多的, 豐富的, 豐饒的",,,CEEC-108,4,,,,大考中心高中英文參考詞彙表（111學年度起適用）,LEVEL 4,官方清單,,,
ceec-108:level-4:plot,plot,plɒt,n.|v.,"n. 小塊土地, 地區圖, 圖, 陰謀, 情節\nvt. 劃分, 繪圖, 密謀\nvi. 密謀, 策劃\n[計] 繪製",,,CEEC-108,4,,,,大考中心高中英文參考詞彙表（111學年度起適用）,LEVEL 4,官方清單,,,
ceec-108:level-4:plum,plum,plʌm,n.,n. 李子,,,CEEC-108,4,,,,大考中心高中英文參考詞彙表（111學年度起適用）,LEVEL 4,官方清單,,,
ceec-108:level-4:plumber,plumber,'plʌmә,n.,n. 水管工人\n[法] 堵漏防漏人員,,,CEEC-108,4,,,,大考中心高中英文參考詞彙表（111學年度起適用）,LEVEL 4,官方清單,,,
ceec-108:level-4:poisonous,poisonous,'pɒizәnәs,adj.,"a. 有毒的, 惡毒的, 討厭的\n[醫] 有毒的",,,CEEC-108,4,,,,大考中心高中英文參考詞彙表（111學年度起適用）,LEVEL 4,官方清單,,,
ceec-108:level-4:polish,polish,'pɒliʃ,n.|v.,"a. 波蘭的\nn. 波蘭人, 上光劑, 光澤, 優雅\nvt. 擦亮, 擦去, 使完美\nvi. 擦亮, 變得光亮",,,CEEC-108,4,,,,大考中心高中英文參考詞彙表（111學年度起適用）,LEVEL 4,官方清單,,,
ceec-108:level-4:popularity,popularity,.pɒpju'læriti,n.,"n. 名聲, 受大眾歡迎, 流行",,,CEEC-108,4,,,,大考中心高中英文參考詞彙表（111學年度起適用）,LEVEL 4,官方清單,,,
ceec-108:level-4:portable,portable,'pɒ:tәbl,adj.,"a. 可攜帶的, 可搬運的, 可移動的\n[計] 可移植的",,,CEEC-108,4,,,,大考中心高中英文參考詞彙表（111學年度起適用）,LEVEL 4,官方清單,,,
ceec-108:level-4:portray,portray,pɒ:'trei,v.,"vt. 描繪, 描寫, 描繪...的肖像",,,CEEC-108,4,,,,大考中心高中英文參考詞彙表（111學年度起適用）,LEVEL 4,官方清單,,,
ceec-108:level-4:possess,possess,pә'zes,v.,"vt. 持有, 佔有, 擁有, 剋制, 支配, 迷住\n[法] 持有, 佔有, 具有",,,CEEC-108,4,,,,大考中心高中英文參考詞彙表（111學年度起適用）,LEVEL 4,官方清單,,,
ceec-108:level-4:possession,possession,pә'zeʃәn,n.,"n. 擁有, 佔有, 所有, 財產, 領土, 領地, 自制, 著迷\n[經] 佔有, 持有",,,CEEC-108,4,,,,大考中心高中英文參考詞彙表（111學年度起適用）,LEVEL 4,官方清單,,,
ceec-108:level-4:postage,postage,'pәustidʒ,n.,"n. 郵資\n[經] 郵費, 郵資",,,CEEC-108,4,,,,大考中心高中英文參考詞彙表（111學年度起適用）,LEVEL 4,官方清單,,,
ceec-108:level-4:potential,potential,pә'tenʃәl,adj.|n.,"n. 潛在性, 可能性, 潛力, 潛能, 勢, 位\na. 有潛力的, 可能的, 潛在的",,,CEEC-108,4,,,,大考中心高中英文參考詞彙表（111學年度起適用）,LEVEL 4,官方清單,,,
ceec-108:level-4:precise,precise,pri'sais,adj.,"a. 精確的, 嚴謹的, 明確的\n[機] 精密的, 正確的",,,CEEC-108,4,,,,大考中心高中英文參考詞彙表（111學年度起適用）,LEVEL 4,官方清單,,,
ceec-108:level-4:predict,predict,pri'dikt,v.,"v. 預知, 預言, 預報",,,CEEC-108,4,,,,大考中心高中英文參考詞彙表（111學年度起適用）,LEVEL 4,官方清單,,,
ceec-108:level-4:prediction,prediction,pri'dikʃәn,n.,"n. 預言, 預報\n[化] 預測",,,CEEC-108,4,,,,大考中心高中英文參考詞彙表（111學年度起適用）,LEVEL 4,官方清單,,,
ceec-108:level-4:pregnancy,pregnancy,'preɡnәnsi,n.,"n. 懷孕；豐富, 多產；意義深長",,,CEEC-108,4,,,,大考中心高中英文參考詞彙表（111學年度起適用）,LEVEL 4,官方清單,,,
ceec-108:level-4:pregnant,pregnant,'pregnәnt,adj.,"a. 懷孕的, 充滿的, 思想豐富的, 成果豐碩的\n[醫] 妊娠的, 有孕的",,,CEEC-108,4,,,,大考中心高中英文參考詞彙表（111學年度起適用）,LEVEL 4,官方清單,,,
ceec-108:level-4:presentation,presentation,.prezәn'teiʃәn,n.,"n. 贈與, 描述, 介紹\n[計] 簡報",,,CEEC-108,4,,,,大考中心高中英文參考詞彙表（111學年度起適用）,LEVEL 4,官方清單,,,
ceec-108:level-4:preservation,preservation,.prezә'veiʃәn,n.,"n. 儲存, 保藏, 保護\n[醫] 保藏, 儲存, 防腐",,,CEEC-108,4,,,,大考中心高中英文參考詞彙表（111學年度起適用）,LEVEL 4,官方清單,,,
ceec-108:level-4:preserve,preserve,pri'zә:v,v.,"vt. 保護, 保持, 儲存, 維持, 醃, 禁獵\nvi. 加工食品, 禁獵\nn. 加工成的食品, 禁獵地, 保護區, 防護物",,,CEEC-108,4,,,,大考中心高中英文參考詞彙表（111學年度起適用）,LEVEL 4,官方清單,,,
ceec-108:level-4:prevention,prevention,pri'venʃәn,n.,"n. 阻止, 妨礙, 預防\n[醫] 預防",,,CEEC-108,4,,,,大考中心高中英文參考詞彙表（111學年度起適用）,LEVEL 4,官方清單,,,
ceec-108:level-4:prime,prime,praim,adj.|n.,"n. 最佳部分, 初期, 全盛期\na. 主要的, 最初的, 根本的\nv. 加油啟動, 灌注, 填裝",,,CEEC-108,4,,,,大考中心高中英文參考詞彙表（111學年度起適用）,LEVEL 4,官方清單,,,
ceec-108:level-4:primitive,primitive,'primitiv,adj.,"n. 原始人, 早期藝術家\na. 原始的, 上古的\n[計] 圖元; 原語; 基元",,,CEEC-108,4,,,,大考中心高中英文參考詞彙表（111學年度起適用）,LEVEL 4,官方清單,,,
ceec-108:level-4:priority,priority,prai'ɒriti,n.,"n. 優先權, 優先\n[計] 優先順序",,,CEEC-108,4,,,,大考中心高中英文參考詞彙表（111學年度起適用）,LEVEL 4,官方清單,,,
ceec-108:level-4:privacy,privacy,'praivәsi,n.,"n. 隱私, 隱居, 秘密\n[計] 個人保密權",,,CEEC-108,4,,,,大考中心高中英文參考詞彙表（111學年度起適用）,LEVEL 4,官方清單,,,
ceec-108:level-4:privilege,privilege,'privilidʒ,n.|v.,"n. 特權, 特別恩典, 基本權利, 特免\nvt. 給與...特權, 特免",,,CEEC-108,4,,,,大考中心高中英文參考詞彙表（111學年度起適用）,LEVEL 4,官方清單,,,
ceec-108:level-4:procedure,procedure,prә'si:dʒә,n.,"n. 程式, 過程, 手續\n[計] 規程; 過程",,,CEEC-108,4,,,,大考中心高中英文參考詞彙表（111學年度起適用）,LEVEL 4,官方清單,,,
ceec-108:level-4:proceed,proceed,prәu'si:d,v.,"vi. 繼續進行, 進行, 開始, 發出, 起訴\n[法] 所得, 收入, 收益",,,CEEC-108,4,,,,大考中心高中英文參考詞彙表（111學年度起適用）,LEVEL 4,官方清單,,,
ceec-108:level-4:productive,productive,prә'dʌktiv,adj.,"a. 能生產的, 有生產價值的, 多產的\n[醫] 產出性的, 產生性的",,,CEEC-108,4,,,,大考中心高中英文參考詞彙表（111學年度起適用）,LEVEL 4,官方清單,,,
ceec-108:level-4:profession,profession,prә'feʃәn,n.,"n. 職業, 表白, 宣告\n[化] 工種; 職業",,,CEEC-108,4,,,,大考中心高中英文參考詞彙表（111學年度起適用）,LEVEL 4,官方清單,,,
ceec-108:level-4:professional,professional,prә'feʃәnl,adj.|n.,"n. 專業人才\na. 專業的, 職業的",,,CEEC-108,4,,,,大考中心高中英文參考詞彙表（111學年度起適用）,LEVEL 4,官方清單,,,
ceec-108:level-4:profitable,profitable,'prɒfitәbl,adj.,"a. 有利潤的, 有利益的, 賺錢的\n[經] 有利(可圖)的, 合算的",,,CEEC-108,4,,,,大考中心高中英文參考詞彙表（111學年度起適用）,LEVEL 4,官方清單,,,
ceec-108:level-4:prominent,prominent,'prɒminәnt,adj.,"a. 卓越的, 顯著的, 突出的, 凸出的",,,CEEC-108,4,,,,大考中心高中英文參考詞彙表（111學年度起適用）,LEVEL 4,官方清單,,,
ceec-108:level-4:promising,promising,'prɒmisiŋ,adj.,"a. 有希望的, 前途有望的\n[經] 有希望的",,,CEEC-108,4,,,,大考中心高中英文參考詞彙表（111學年度起適用）,LEVEL 4,官方清單,,,
ceec-108:level-4:promotion,promotion,prәu'mәuʃәn,n.,"n. 晉級, 建立, 增進\n[經] 推廣, 推銷, 促進",,,CEEC-108,4,,,,大考中心高中英文參考詞彙表（111學年度起適用）,LEVEL 4,官方清單,,,
ceec-108:level-4:prompt,prompt,prɒmpt,adj.|n.|v.,"n. 激勵, 提示, 提醒物, 提詞, 付款期限\na. 迅速的, 敏捷的, 立刻的, 提詞員的\nvt. 激勵, 鼓動, 提示\nadv. 準時地\n[計] 提示符; DOS內部命令:設定DOS命令列的提示符",,,CEEC-108,4,,,,大考中心高中英文參考詞彙表（111學年度起適用）,LEVEL 4,官方清單,,,
ceec-108:level-4:pronunciation,pronunciation,prәu.nʌnsi'eiʃәn,n.,"n. 發音, 讀法",,,CEEC-108,4,,,,大考中心高中英文參考詞彙表（111學年度起適用）,LEVEL 4,官方清單,,,
ceec-108:level-4:proposal,proposal,prә'pәuzl,n.,"n. 提議, 計劃, 求婚\n[經] 提案, 申請, 投標",,,CEEC-108,4,,,,大考中心高中英文參考詞彙表（111學年度起適用）,LEVEL 4,官方清單,,,
ceec-108:level-4:prosper,prosper,'prɒspә,v.,"vi. 繁榮, 興隆, 成功\nvt. 使成功, 使昌盛",,,CEEC-108,4,,,,大考中心高中英文參考詞彙表（111學年度起適用）,LEVEL 4,官方清單,,,
ceec-108:level-4:prosperity,prosperity,prɒs'periti,n.,"n. 繁榮, 茂盛, 成功\n[經] 繁榮",,,CEEC-108,4,,,,大考中心高中英文參考詞彙表（111學年度起適用）,LEVEL 4,官方清單,,,
ceec-108:level-4:prosperous,prosperous,'prɒspәrәs,adj.,"a. 成功的, 繁盛的, 幸運的\n[經] 繁榮的, 昌盛的",,,CEEC-108,4,,,,大考中心高中英文參考詞彙表（111學年度起適用）,LEVEL 4,官方清單,,,
ceec-108:level-4:protein,protein,'prәuti:in,n.,n. 蛋白質\na. 蛋白質的,,,CEEC-108,4,,,,大考中心高中英文參考詞彙表（111學年度起適用）,LEVEL 4,官方清單,,,
ceec-108:level-4:protest,protest,prә'test,n.|v.,"n. 抗議, 反對, 抗議書, 斷言\nv. 反對, 抗議, 斷言",,,CEEC-108,4,,,,大考中心高中英文參考詞彙表（111學年度起適用）,LEVEL 4,官方清單,,,
ceec-108:level-4:psychological,psychological,.saikә'lɒdʒikәl,adj.,"a. 心理學的, 精神上的, 心靈的\n[法] 心理上的, 心理學的",,,CEEC-108,4,,,,大考中心高中英文參考詞彙表（111學年度起適用）,LEVEL 4,官方清單,,,
ceec-108:level-4:psychologist,psychologist,sai'kɒlәdʒist,n.,n. 心理學家\n[醫] 心理學家,,,CEEC-108,4,,,,大考中心高中英文參考詞彙表（111學年度起適用）,LEVEL 4,官方清單,,,
ceec-108:level-4:psychology,psychology,sai'kɒlәdʒi,n.,"n. 心理學, 心理狀態\n[醫] 心理學",,,CEEC-108,4,,,,大考中心高中英文參考詞彙表（111學年度起適用）,LEVEL 4,官方清單,,,
ceec-108:level-4:publication,publication,.pʌbli'keiʃәn,n.,"n. 出版物, 出版, 公佈\n[經] 釋出",,,CEEC-108,4,,,,大考中心高中英文參考詞彙表（111學年度起適用）,LEVEL 4,官方清單,,,
ceec-108:level-4:publicity,publicity,pʌb'lisiti,n.,"n. 名聲, 宣傳, 公開場合\n[經] 宣傳, 廣告",,,CEEC-108,4,,,,大考中心高中英文參考詞彙表（111學年度起適用）,LEVEL 4,官方清單,,,
ceec-108:level-4:publish,publish,'pʌbliʃ,v.,"vt. 出版, 發行, 公開, 發表, 宣傳, 公佈\nvi. 出版, 發行",,,CEEC-108,4,,,,大考中心高中英文參考詞彙表（111學年度起適用）,LEVEL 4,官方清單,,,
ceec-108:level-4:publisher,publisher,'pʌbliʃә,n.,"n. 出版者, 發行人\n[法] 發行人, 出版者, 報刊發行者",,,CEEC-108,4,,,,大考中心高中英文參考詞彙表（111學年度起適用）,LEVEL 4,官方清單,,,
ceec-108:level-4:pursue,pursue,pә'sju:,v.,"vt. 追趕, 追蹤, 追隨, 追求, 實行, 繼續, 從事\nvi. 追趕, 繼續",,,CEEC-108,4,,,,大考中心高中英文參考詞彙表（111學年度起適用）,LEVEL 4,官方清單,,,
ceec-108:level-4:pursuit,pursuit,pә'sju:t,n.,"n. 追蹤, 追求, 追趕, 娛樂, 職業\n[法] 追捕, 追求",,,CEEC-108,4,,,,大考中心高中英文參考詞彙表（111學年度起適用）,LEVEL 4,官方清單,,,
ceec-108:level-4:quarrel,quarrel,'kwɒrәl,n.|v.,"n. 吵架, 反目, 怨言, 方頭鑿\nvi. 吵架, 爭論, 挑剔",,,CEEC-108,4,,,,大考中心高中英文參考詞彙表（111學年度起適用）,LEVEL 4,官方清單,,,
ceec-108:level-4:quilt,quilt,kwilt,n.|v.,"n. 棉被\nvt. 加軟襯料後縫製, 東拼西湊地編\nvi. 縫被子",,,CEEC-108,4,,,,大考中心高中英文參考詞彙表（111學年度起適用）,LEVEL 4,官方清單,,,
ceec-108:level-4:quotation,quotation,kwәu'teiʃәn,n.,"n. 引用語, 語錄, 牌價, 報價\n[化] 報價",,,CEEC-108,4,,,,大考中心高中英文參考詞彙表（111學年度起適用）,LEVEL 4,官方清單,,,
ceec-108:level-4:radar,radar,'reidә,n.,"n. 雷達, 無線電探測器\n[計] 雷達圖",,,CEEC-108,4,,,,大考中心高中英文參考詞彙表（111學年度起適用）,LEVEL 4,官方清單,,,
ceec-108:level-4:rage,rage,reidʒ,n.|v.,"n. 憤怒, 情緒激動, 狂暴\nvi. 大怒, 狂吹, 流行",,,CEEC-108,4,,,,大考中心高中英文參考詞彙表（111學年度起適用）,LEVEL 4,官方清單,,,
ceec-108:level-4:rainfall,rainfall,'reinfɒ:l,n.,"n. 降雨, 降雨量\n[經] 降雨量",,,CEEC-108,4,,,,大考中心高中英文參考詞彙表（111學年度起適用）,LEVEL 4,官方清單,,,
ceec-108:level-4:raisin,raisin,'reizn,n.,n. 葡萄乾,,,CEEC-108,4,,,,大考中心高中英文參考詞彙表（111學年度起適用）,LEVEL 4,官方清單,,,
ceec-108:level-4:realistic,realistic,riә'listik,adj.,"a. 現實的, 逼真的, 現實主義的, 實在論的",,,CEEC-108,4,,,,大考中心高中英文參考詞彙表（111學年度起適用）,LEVEL 4,官方清單,,,
ceec-108:level-4:rebel,rebel,'rebl,n.|v.,"n. 叛徒, 反叛者\nvi. 造反, 反抗, 抵抗, 反感\na. 造反的, 反抗的",,,CEEC-108,4,,,,大考中心高中英文參考詞彙表（111學年度起適用）,LEVEL 4,官方清單,,,
ceec-108:level-4:recall,recall,ri'kɒ:l,n.|v.,"n. 回憶, 召回, 撤消\nvt. 回想, 回憶, 召回, 撤消, 使恢復\n[計] 檢索",,,CEEC-108,4,,,,大考中心高中英文參考詞彙表（111學年度起適用）,LEVEL 4,官方清單,,,
ceec-108:level-4:reception,reception,ri'sepʃәn,n.,"n. 接待, 接受, 招待會\n[醫] 接受, 感受",,,CEEC-108,4,,,,大考中心高中英文參考詞彙表（111學年度起適用）,LEVEL 4,官方清單,,,
ceec-108:level-4:recipe,recipe,'resipi,n.,"n. 食譜, 處方, 秘訣\n[醫] 取(處方頭語), 處方",,,CEEC-108,4,,,,大考中心高中英文參考詞彙表（111學年度起適用）,LEVEL 4,官方清單,,,
ceec-108:level-4:recognition,recognition,.rekәg'niʃәn,n.,"n. 讚譽, 認得, 識別, 承認, 認可, 認識\n[電] 認識",,,CEEC-108,4,,,,大考中心高中英文參考詞彙表（111學年度起適用）,LEVEL 4,官方清單,,,
ceec-108:level-4:recovery,recovery,ri'kʌvәri,n.,"n. 恢復, 復原, 痊癒, 重獲\n[計] 恢復",,,CEEC-108,4,,,,大考中心高中英文參考詞彙表（111學年度起適用）,LEVEL 4,官方清單,,,
ceec-108:level-4:recreation,recreation,.rekri'eiʃәn,n.,"n. 娛樂, 消遣, 休息, 再創造\n[醫] 娛樂, 休養",,,CEEC-108,4,,,,大考中心高中英文參考詞彙表（111學年度起適用）,LEVEL 4,官方清單,,,
ceec-108:level-4:recycle,recycle,.ri:'saikl,v.,"vt. 使再迴圈, 重新利用, 再製\nn. 再迴圈",,,CEEC-108,4,,,,大考中心高中英文參考詞彙表（111學年度起適用）,LEVEL 4,官方清單,,,
ceec-108:level-4:reduction,reduction,ri'dʌkʃәn,n.,"n. 減少, 縮影, 變化\n[化] 還原",,,CEEC-108,4,,,,大考中心高中英文參考詞彙表（111學年度起適用）,LEVEL 4,官方清單,,,
ceec-108:level-4:refer,refer,ri'fә:,v.,"vt. 提交, 歸諸於, 把...提交, 使求助於\nvi. 提到, 涉及, 查閱, 查詢, 諮詢",,,CEEC-108,4,,,,大考中心高中英文參考詞彙表（111學年度起適用）,LEVEL 4,官方清單,,,
ceec-108:level-4:reference,reference,'refәrәns,n.,"n. 參考, 索引, 參照\nvt. 給...加上參考資料\nvt. 引用\nvi. 引用\n[計] 引用",,,CEEC-108,4,,,,大考中心高中英文參考詞彙表（111學年度起適用）,LEVEL 4,官方清單,,,
ceec-108:level-4:reflect,reflect,ri'flekt,v.,"vt. 反射, 反映, 招致, 深思\nvi. 被反射, 映出, 深思, 考慮, 指責",,,CEEC-108,4,,,,大考中心高中英文參考詞彙表（111學年度起適用）,LEVEL 4,官方清單,,,
ceec-108:level-4:reflection,reflection,ri'flekʃәn,n.,"n. 反映, 沉思, 映像, 想法, 責難\n[計] 反射",,,CEEC-108,4,,,,大考中心高中英文參考詞彙表（111學年度起適用）,LEVEL 4,官方清單,,,
ceec-108:level-4:reform,reform,ri'fɒ:m,n.|v.,"n. 改革, 改正, 改造\nvt. 改革, 改過, 革新, 重整\nvi. 革新, 改過",,,CEEC-108,4,,,,大考中心高中英文參考詞彙表（111學年度起適用）,LEVEL 4,官方清單,,,
ceec-108:level-4:refugee,refugee,.refju'dʒi:,n.,"n. 難民, 流亡者\n[法] 避難者, 流亡者, 難民",,,CEEC-108,4,,,,大考中心高中英文參考詞彙表（111學年度起適用）,LEVEL 4,官方清單,,,
ceec-108:level-4:refund,refund,'ri:fʌnd,n.|v.,"n. 償還\nvt. 付還, 償還借款\nvi. 歸還, 償還",,,CEEC-108,4,,,,大考中心高中英文參考詞彙表（111學年度起適用）,LEVEL 4,官方清單,,,
ceec-108:level-4:refusal,refusal,ri'fju:zl,n.,"n. 拒絕, 推卻, 優先決定權\n[法] 拒絕, 謝絕, 取捨權",,,CEEC-108,4,,,,大考中心高中英文參考詞彙表（111學年度起適用）,LEVEL 4,官方清單,,,
ceec-108:level-4:regarding,regarding,ri'gɑ:diŋ,prep.,prep. 關於,,,CEEC-108,4,,,,大考中心高中英文參考詞彙表（111學年度起適用）,LEVEL 4,官方清單,,,
ceec-108:level-4:register,register,'redʒistә,n.|v.,"n. 暫存器, 記錄, 登記簿, 註冊\nvt. 記錄, 註冊, 提示, 表達, 把...掛號\nvi. 登記, 註冊, 掛號\n[計] 暫存器",,,CEEC-108,4,,,,大考中心高中英文參考詞彙表（111學年度起適用）,LEVEL 4,官方清單,,,
ceec-108:level-4:registration,registration,.redʒi'streiʃәn,n.,"n. 登記, 掛號, 註冊\n[計] 登記; 定位; 對齊; 記錄",,,CEEC-108,4,,,,大考中心高中英文參考詞彙表（111學年度起適用）,LEVEL 4,官方清單,,,
ceec-108:level-4:regulate,regulate,'regjuleit,v.,"vt. 管理, 控制, 調節, 調整, 校準\n[經] 控制, 管理",,,CEEC-108,4,,,,大考中心高中英文參考詞彙表（111學年度起適用）,LEVEL 4,官方清單,,,
ceec-108:level-4:regulation,regulation,.regju'leiʃәn,n.,"n. 規則, 管理, 調整\n[計] 調整; 規章; 規則; 調節",,,CEEC-108,4,,,,大考中心高中英文參考詞彙表（111學年度起適用）,LEVEL 4,官方清單,,,
ceec-108:level-4:rejection,rejection,ri'dʒekʃәn,n.,"n. 拒絕, 拋棄, 駁回, 被拋棄的東西, 嘔出物\n[化] 報廢; 拒收",,,CEEC-108,4,,,,大考中心高中英文參考詞彙表（111學年度起適用）,LEVEL 4,官方清單,,,
ceec-108:level-4:relaxation,relaxation,.ri:læk'seiʃәn,n.,"n. 鬆弛, 放鬆, 減輕, 緩和, 休息, 休養\n[化] 鬆弛; 馳豫",,,CEEC-108,4,,,,大考中心高中英文參考詞彙表（111學年度起適用）,LEVEL 4,官方清單,,,
ceec-108:level-4:relevant,relevant,'relivәnt,adj.,"a. 有關聯的, 有關係的, 適當的, 相應的\n[法] 有關的, 相關的",,,CEEC-108,4,,,,大考中心高中英文參考詞彙表（111學年度起適用）,LEVEL 4,官方清單,,,
ceec-108:level-4:relieve,relieve,ri'li:v,v.,"vt. 減輕, 救濟, 解除, 使免除, 換...的班, 使得到調劑, 使不單調, 襯托, 使顯著\nvi. 救濟, 當替補投手, 呈鮮明突出",,,CEEC-108,4,,,,大考中心高中英文參考詞彙表（111學年度起適用）,LEVEL 4,官方清單,,,
ceec-108:level-4:reluctant,reluctant,ri'lʌktәnt,adj.,"a. 不情願的, 勉強的\n[法] 不願的, 勉強的, 難以處理的",,,CEEC-108,4,,,,大考中心高中英文參考詞彙表（111學年度起適用）,LEVEL 4,官方清單,,,
ceec-108:level-4:remark,remark,ri'mɑ:k,n.|v.,"n. 評論, 注意\nvt. 評論, 注意\nvi. 評論, 談論\n[計] 註釋",,,CEEC-108,4,,,,大考中心高中英文參考詞彙表（111學年度起適用）,LEVEL 4,官方清單,,,
ceec-108:level-4:remarkable,remarkable,ri'mɑ:kәbl,adj.,"a. 不平常的, 值得注意的, 顯著的",,,CEEC-108,4,,,,大考中心高中英文參考詞彙表（111學年度起適用）,LEVEL 4,官方清單,,,
ceec-108:level-4:remedy,remedy,'remidi,n.|v.,"n. 藥物, 治療法, 治療, 補救, 賠償\nvt. 治療, 補救, 矯正, 改善, 修補, 修繕",,,CEEC-108,4,,,,大考中心高中英文參考詞彙表（111學年度起適用）,LEVEL 4,官方清單,,,
ceec-108:level-4:renew,renew,ri'nju:,v.,"vt. 使更新, 使恢復, 復興, 修補, 補充, 繼續, 重訂, 重申, 續借\nvi. 更新, 重新開始",,,CEEC-108,4,,,,大考中心高中英文參考詞彙表（111學年度起適用）,LEVEL 4,官方清單,,,
ceec-108:level-4:repetition,repetition,.repi'tiʃәn,n.,"n. 重複, 背誦, 迴圈, 複製品, 副本\n[機] 重複, 反覆",,,CEEC-108,4,,,,大考中心高中英文參考詞彙表（111學年度起適用）,LEVEL 4,官方清單,,,
ceec-108:level-4:representation,representation,.reprizen'teiʃәn,n.,"n. 表示法, 表現, 陳述, 代表\n[計] 表示法指定",,,CEEC-108,4,,,,大考中心高中英文參考詞彙表（111學年度起適用）,LEVEL 4,官方清單,,,
ceec-108:level-4:reputation,reputation,.repju'teiʃәn,n.,"n. 名譽, 名聲, 聲望\n[法] 名聲, 名譽, 公認證據",,,CEEC-108,4,,,,大考中心高中英文參考詞彙表（111學年度起適用）,LEVEL 4,官方清單,,,
ceec-108:level-4:rescue,rescue,'reskju:,n.|v.,"n. 援救, 解救, 營救\nvt. 援救, 救出, 營救",,,CEEC-108,4,,,,大考中心高中英文參考詞彙表（111學年度起適用）,LEVEL 4,官方清單,,,
ceec-108:level-4:research,research,ri'sә:tʃ,n.|v.,"n. 研究, 調查, 考察\nvi. 研究, 調查",,,CEEC-108,4,,,,大考中心高中英文參考詞彙表（111學年度起適用）,LEVEL 4,官方清單,,,
ceec-108:level-4:researcher,researcher,ri:'sә:tʃә,n.,n. 研究人員,,,CEEC-108,4,,,,大考中心高中英文參考詞彙表（111學年度起適用）,LEVEL 4,官方清單,,,
ceec-108:level-4:resemble,resemble,ri'zembl,v.,"vt. 相似, 類似",,,CEEC-108,4,,,,大考中心高中英文參考詞彙表（111學年度起適用）,LEVEL 4,官方清單,,,
ceec-108:level-4:reservation,reservation,.rezә'veiʃәn,n.,"n. 保留, 預定, 保留品, 保留地\n[經] 預定, 預約, 權益保留",,,CEEC-108,4,,,,大考中心高中英文參考詞彙表（111學年度起適用）,LEVEL 4,官方清單,,,
ceec-108:level-4:resign,resign,ri'zain,v.,"vt. 辭職, 放棄, 使順從\nvi. 辭職, 屈從",,,CEEC-108,4,,,,大考中心高中英文參考詞彙表（111學年度起適用）,LEVEL 4,官方清單,,,
ceec-108:level-4:resignation,resignation,.rezig'neiʃәn,n.,"n. 辭職, 辭呈, 聽從\n[經] 辭職",,,CEEC-108,4,,,,大考中心高中英文參考詞彙表（111學年度起適用）,LEVEL 4,官方清單,,,
ceec-108:level-4:resistance,resistance,ri'zistәns,n.,"n. 抵抗力, 反抗, 耐力, 阻力, 電阻\n[化] 抵抗; 抗性; 阻力; 抗藥性; 電阻",,,CEEC-108,4,,,,大考中心高中英文參考詞彙表（111學年度起適用）,LEVEL 4,官方清單,,,
ceec-108:level-4:resolution,resolution,.rezә'lu:ʃәn,n.,"n. 解析, 決心, 堅定, 決定, 決議, 消除, 解答, 分解\nn. 圖形解析度\n[計] 圖形解析度",,,CEEC-108,4,,,,大考中心高中英文參考詞彙表（111學年度起適用）,LEVEL 4,官方清單,,,
ceec-108:level-4:resolve,resolve,ri'zɒlv,n.|v.,"vi. 決定, 分解, 決心\nvt. 使分解, 解析, 解決, 消除, 決心\nn. 決定之事, 決心, 堅決",,,CEEC-108,4,,,,大考中心高中英文參考詞彙表（111學年度起適用）,LEVEL 4,官方清單,,,
ceec-108:level-4:respectable,respectable,ri'spektәbl,adj.,"a. 值得尊重的, 人格高尚的, 相當數量的\nn. 品格高尚的人",,,CEEC-108,4,,,,大考中心高中英文參考詞彙表（111學年度起適用）,LEVEL 4,官方清單,,,
ceec-108:level-4:respectful,respectful,ri'spektful,adj.,"a. 表示尊敬的, 有禮貌的, 謙恭的",,,CEEC-108,4,,,,大考中心高中英文參考詞彙表（111學年度起適用）,LEVEL 4,官方清單,,,
ceec-108:level-4:restore,restore,ri'stɒ:,v.,"vt. 回覆, 恢復, 歸還, 修補, 修復\nvt. 還原\nvi. 還原\n[計] 還原; DOS外部命令:從備份盤中取回檔案",,,CEEC-108,4,,,,大考中心高中英文參考詞彙表（111學年度起適用）,LEVEL 4,官方清單,,,
ceec-108:level-4:restriction,restriction,ri'strikʃәn,n.,"n. 限制, 限定, 約束\n[計] 限定",,,CEEC-108,4,,,,大考中心高中英文參考詞彙表（111學年度起適用）,LEVEL 4,官方清單,,,
ceec-108:level-4:retain,retain,ri'tein,v.,"vt. 保持, 保有, 留住, 記得, 付定金聘請\n[經] 保留, 留存",,,CEEC-108,4,,,,大考中心高中英文參考詞彙表（111學年度起適用）,LEVEL 4,官方清單,,,
ceec-108:level-4:retire,retire,ri'taiә,v.,"n. 隱居\nvi. 引退, 退役, 退休, 退去, 撤退, 退卻\nvt. 使...撤退, 辭退",,,CEEC-108,4,,,,大考中心高中英文參考詞彙表（111學年度起適用）,LEVEL 4,官方清單,,,
ceec-108:level-4:retirement,retirement,ri'taiәmәnt,n.,"n. 退休, 隱居, 撤退\n[經] 退休, 退股, (固定資產)報廢",,,CEEC-108,4,,,,大考中心高中英文參考詞彙表（111學年度起適用）,LEVEL 4,官方清單,,,
ceec-108:level-4:retreat,retreat,ri'tri:t,n.|v.,"n. 休息寓所, 撤退, 隱居, 退避\nvi. 撤退, 隱退, 向後傾\nvt. 退(棋)",,,CEEC-108,4,,,,大考中心高中英文參考詞彙表（111學年度起適用）,LEVEL 4,官方清單,,,
ceec-108:level-4:reunion,reunion,ri:'ju:njәn,n.,"n. 團圓, 重聚\n[醫] 再連合, 復連[合]",,,CEEC-108,4,,,,大考中心高中英文參考詞彙表（111學年度起適用）,LEVEL 4,官方清單,,,
ceec-108:level-4:revenge,revenge,ri'vendʒ,n.|v.,"n. 報仇, 復仇, 報復\nvt. 報仇, 報復",,,CEEC-108,4,,,,大考中心高中英文參考詞彙表（111學年度起適用）,LEVEL 4,官方清單,,,
ceec-108:level-4:revise,revise,ri'vaiz,v.,"n. 校訂, 修正, 改樣\nvt. 校訂, 修正, 校正",,,CEEC-108,4,,,,大考中心高中英文參考詞彙表（111學年度起適用）,LEVEL 4,官方清單,,,
ceec-108:level-4:revision,revision,ri'viʒәn,n.,"n. 校訂, 修正, 修訂本, 修訂版\n[計] 修訂版",,,CEEC-108,4,,,,大考中心高中英文參考詞彙表（111學年度起適用）,LEVEL 4,官方清單,,,
ceec-108:level-4:revolution,revolution,.revә'lu:ʃәn,n.,"n. 革命, 大變革, 旋轉, 轉數, 迴圈\n[化] 迴轉",,,CEEC-108,4,,,,大考中心高中英文參考詞彙表（111學年度起適用）,LEVEL 4,官方清單,,,
ceec-108:level-4:revolutionary,revolutionary,.revә'lu:ʃәnәri,adj.|n.,"n. 革命者, 革命黨人\na. 革命的, 革命性的",,,CEEC-108,4,,,,大考中心高中英文參考詞彙表（111學年度起適用）,LEVEL 4,官方清單,,,
ceec-108:level-4:reward,reward,ri'wɒ:d,n.|v.,"n. 報酬, 酬謝, 賞金\nvt. 獎賞, 酬謝, 給...應有報應",,,CEEC-108,4,,,,大考中心高中英文參考詞彙表（111學年度起適用）,LEVEL 4,官方清單,,,
ceec-108:level-4:rhyme,rhyme,raim,n.|v.,"n. 韻, 押韻, 韻文\nvi. 押韻\nvt. 使押韻, 用韻詩表達",,,CEEC-108,4,,,,大考中心高中英文參考詞彙表（111學年度起適用）,LEVEL 4,官方清單,,,
ceec-108:level-4:rhythm,rhythm,'riðәm,n.,"n. 旋律, 節奏, 韻律, 勻稱, 張弛節律\n[醫] 節律",,,CEEC-108,4,,,,大考中心高中英文參考詞彙表（111學年度起適用）,LEVEL 4,官方清單,,,
ceec-108:level-4:riddle,riddle,'ridl,n.,"n. 謎, 謎語, 粗篩\nvt. 解謎, 給...出謎, 篩, 尋根究底地檢驗, 充滿於\nvi. 出謎",,,CEEC-108,4,,,,大考中心高中英文參考詞彙表（111學年度起適用）,LEVEL 4,官方清單,,,
ceec-108:level-4:robber,robber,'rɒbә,n.,"n. 強盜, 盜賊",,,CEEC-108,4,,,,大考中心高中英文參考詞彙表（111學年度起適用）,LEVEL 4,官方清單,,,
ceec-108:level-4:romance,romance,rәu'mæns,n.,"n. 冒險故事, 浪漫史, 傳奇文學\nvi. 寫傳奇, 作空想, 虛構",,,CEEC-108,4,,,,大考中心高中英文參考詞彙表（111學年度起適用）,LEVEL 4,官方清單,,,
ceec-108:level-4:route,route,ru:t,n.|v.,"n. 路徑, 途徑, 路線\nvt. 確定路線, 按規定路線傳送\n[計] 傳遞, 路由設定程式",,,CEEC-108,4,,,,大考中心高中英文參考詞彙表（111學年度起適用）,LEVEL 4,官方清單,,,
ceec-108:level-4:ruin,ruin,ruin,n.|v.,"n. 毀滅, 推翻, 廢墟\nvi. 毀滅, 衰敗, 破壞, 破產, 墮落\nvt. 使毀滅, 毀壞, 使破產",,,CEEC-108,4,,,,大考中心高中英文參考詞彙表（111學年度起適用）,LEVEL 4,官方清單,,,
ceec-108:level-4:rural,rural,'ruәrәl,adj.,"a. 鄉下的, 田園的, 鄉村風味的\n[法] 農村的, 鄉村的, 有關農業的",,,CEEC-108,4,,,,大考中心高中英文參考詞彙表（111學年度起適用）,LEVEL 4,官方清單,,,
ceec-108:level-4:rusty,rusty,'rʌsti,adj.,"a. 生鏽的, 腐蝕的, 生疏的, 頑固的, 腐爛的\n[醫] 鏽色的",,,CEEC-108,4,,,,大考中心高中英文參考詞彙表（111學年度起適用）,LEVEL 4,官方清單,,,
ceec-108:level-4:sacrifice,sacrifice,'sækrifais,n.|v.,"n. 犧牲, 供奉, 祭品\nvt. 犧牲, 祭祀, 賤賣\nvi. 獻祭",,,CEEC-108,4,,,,大考中心高中英文參考詞彙表（111學年度起適用）,LEVEL 4,官方清單,,,
ceec-108:level-4:satellite,satellite,'sætlait,n.,"n. 人造衛星\n[醫] 伴行靜脈, 陪靜脈, 陪病部, 隨體, 衛星",,,CEEC-108,4,,,,大考中心高中英文參考詞彙表（111學年度起適用）,LEVEL 4,官方清單,,,
ceec-108:level-4:satisfaction,satisfaction,.sætis'fækʃәn,n.,"n. 滿足, 滿意, 快事, 賠償, 贖罪, 報仇的機會\n[經] 償還, 贖回",,,CEEC-108,4,,,,大考中心高中英文參考詞彙表（111學年度起適用）,LEVEL 4,官方清單,,,
ceec-108:level-4:scarcely,scarcely,'skɑ:sli,adv.,"adv. 簡直不, 一定不, 僅僅",,,CEEC-108,4,,,,大考中心高中英文參考詞彙表（111學年度起適用）,LEVEL 4,官方清單,,,
ceec-108:level-4:scenery,scenery,'si:nәri,n.,"n. 風景, 景色, 舞臺佈景",,,CEEC-108,4,,,,大考中心高中英文參考詞彙表（111學年度起適用）,LEVEL 4,官方清單,,,
ceec-108:level-4:scold,scold,skәuld,n.|v.,"n. 好罵街的人, 責罵\nv. 責罵",,,CEEC-108,4,,,,大考中心高中英文參考詞彙表（111學年度起適用）,LEVEL 4,官方清單,,,
ceec-108:level-4:scoop,scoop,sku:p,n.|v.,"n. 鏟子, 勺子, 穴, 口, 獨家新聞\nvt. 汲取, 舀取, 挖空, 搶先報道",,,CEEC-108,4,,,,大考中心高中英文參考詞彙表（111學年度起適用）,LEVEL 4,官方清單,,,
ceec-108:level-4:scratch,scratch,skrætʃ,n.|v.,"n. 抓痕, 搔, 抓, 擦傷, 刮擦聲, 亂寫, 零分, 起跑線\nvt. 搔, 抓, 挖出, 擦, 刮, 亂塗, 勾抹掉\nvi. 搔, 抓, 發刮擦聲, 勉強餬口\na. 碰巧的, 湊合的, 打草稿用的\n[計] 擦除",,,CEEC-108,4,,,,大考中心高中英文參考詞彙表（111學年度起適用）,LEVEL 4,官方清單,,,
ceec-108:level-4:sculpture,sculpture,'skʌlptʃә,n.|v.,"n. 雕刻, 雕塑\nvt. 雕刻, 雕塑\nvi. 當雕刻師",,,CEEC-108,4,,,,大考中心高中英文參考詞彙表（111學年度起適用）,LEVEL 4,官方清單,,,
ceec-108:level-4:secure,secure,si'kjuә,adj.|v.,"a. 無慮的, 安心的, 安全的, 可靠的, 保險的\nvt. 固定, 獲得, 保證, 使安全, 掩護, 招致\nvi. 停止操作, 船拋錨",,,CEEC-108,4,,,,大考中心高中英文參考詞彙表（111學年度起適用）,LEVEL 4,官方清單,,,
ceec-108:level-4:seize,seize,si:z,v.,"vt. 抓住, 逮捕, 俘獲, 沒收, 扣押, 掌握\nvi. 突然抓住, 利用",,,CEEC-108,4,,,,大考中心高中英文參考詞彙表（111學年度起適用）,LEVEL 4,官方清單,,,
ceec-108:level-4:settler,settler,'setlә,n.,"n. 移民者, 解決者, 結算員\n[化] 沉澱池; 沉降器; 澄清槽",,,CEEC-108,4,,,,大考中心高中英文參考詞彙表（111學年度起適用）,LEVEL 4,官方清單,,,
ceec-108:level-4:severe,severe,si'viә,adj.,"a. 嚴格的, 尖銳的, 嚴肅的, 嚴重的, 嚴厲的, 樸素的\n[法] 嚴厲的, 苛刻的, 嚴重的",,,CEEC-108,4,,,,大考中心高中英文參考詞彙表（111學年度起適用）,LEVEL 4,官方清單,,,
ceec-108:level-4:sew,sew,sәu,v.,"vt. 縫紉, 縫合, 縫\nvi. 縫紉",,,CEEC-108,4,,,,大考中心高中英文參考詞彙表（111學年度起適用）,LEVEL 4,官方清單,,,
ceec-108:level-4:shade,shade,ʃeid,n.|v.,"n. 蔭, 陰暗, 遮光物, 燈罩, 簾, 濃淡, 微量, 底紋\nvi. 漸變\nvt. 使陰暗, 使漸變, 遮蔽, 微減\n[計] 底紋",,,CEEC-108,4,,,,大考中心高中英文參考詞彙表（111學年度起適用）,LEVEL 4,官方清單,,,
ceec-108:level-4:shady,shady,'ʃeidi,adj.,"a. 蔭涼的, 成蔭的, 陰暗的, 隱蔽的\n[法] 成問題的, 令人懷疑的",,,CEEC-108,4,,,,大考中心高中英文參考詞彙表（111學年度起適用）,LEVEL 4,官方清單,,,
ceec-108:level-4:shameful,shameful,'ʃeimful,adj.,"a. 可恥的, 丟臉的, 不道德的, 淫猥的, 猥褻的, 不體面的",,,CEEC-108,4,,,,大考中心高中英文參考詞彙表（111學年度起適用）,LEVEL 4,官方清單,,,
ceec-108:level-4:shave,shave,ʃeiv,n.|v.,"n. 修面, 刮鬍子, 倖免, 剃刀\nvt. 修面, 剃, 修剪, 掠過\nvi. 刮臉, 勉強透過",,,CEEC-108,4,,,,大考中心高中英文參考詞彙表（111學年度起適用）,LEVEL 4,官方清單,,,
ceec-108:level-4:shelter,shelter,'ʃeltә,n.|v.,"n. 庇護所, 避難所, 庇護, 隱蔽處, 掩蔽\nvt. 庇護, 保護, 隱匿\nvi. 躲避",,,CEEC-108,4,,,,大考中心高中英文參考詞彙表（111學年度起適用）,LEVEL 4,官方清單,,,
ceec-108:level-4:shift,shift,ʃift,n.|v.,"n. 變化, 移動, 輪班, 手段, 應急辦法, 移位\nvt. 替換, 轉移, 改變, 推卸, 變速\nvi. 轉換, 移動, 轉變, 推託, 變速\n[計] DOS內部命令:該命令可將批處理引數向左移動一個位置",,,CEEC-108,4,,,,大考中心高中英文參考詞彙表（111學年度起適用）,LEVEL 4,官方清單,,,
ceec-108:level-4:sightseeing,sightseeing,'saitsi:iŋ,n.,"n. 觀光, 遊覽\na. 觀光的, 遊覽的",,,CEEC-108,4,,,,大考中心高中英文參考詞彙表（111學年度起適用）,LEVEL 4,官方清單,,,
ceec-108:level-4:signature,signature,'signәtʃә,adj.|n.,"n. 簽字, 識別標誌, 調號\n[計] 簽名附件",,,CEEC-108,4,,,,大考中心高中英文參考詞彙表（111學年度起適用）,LEVEL 4,官方清單,,,
ceec-108:level-4:significance,significance,sig'nifikәns,n.,"n. 重要性, 意義, 意味\n[計] 有效; 有效性",,,CEEC-108,4,,,,大考中心高中英文參考詞彙表（111學年度起適用）,LEVEL 4,官方清單,,,
ceec-108:level-4:sincerity,sincerity,sin'serәti,n.,"n. 誠實, 真實, 誠心誠意",,,CEEC-108,4,,,,大考中心高中英文參考詞彙表（111學年度起適用）,LEVEL 4,官方清單,,,
ceec-108:level-4:singular,singular,'siŋgjulә,adj.|n.,"n. 單數\na. 異常的, 單一的",,,CEEC-108,4,,,,大考中心高中英文參考詞彙表（111學年度起適用）,LEVEL 4,官方清單,,,
ceec-108:level-4:site,site,sait,n.|v.,"n. 位置, 場所, 地點\nvt. 給...擇址",,,CEEC-108,4,,,,大考中心高中英文參考詞彙表（111學年度起適用）,LEVEL 4,官方清單,,,
ceec-108:level-4:sketch,sketch,sketʃ,n.|v.,"n. 素描, 草圖, 小品\nv. 描繪略圖, 畫素描或速寫",,,CEEC-108,4,,,,大考中心高中英文參考詞彙表（111學年度起適用）,LEVEL 4,官方清單,,,
ceec-108:level-4:skyscraper,skyscraper,'skaiskreipә,n.,"n. 摩天樓, 三角形天帆",,,CEEC-108,4,,,,大考中心高中英文參考詞彙表（111學年度起適用）,LEVEL 4,官方清單,,,
ceec-108:level-4:slight,slight,slait,adj.|n.|v.,"n. 輕蔑, 怠慢\na. 輕微的, 纖細的, 脆弱的, 苗條的\nvt. 輕視, 忽略, 怠慢",,,CEEC-108,4,,,,大考中心高中英文參考詞彙表（111學年度起適用）,LEVEL 4,官方清單,,,
ceec-108:level-4:slogan,slogan,'slәugәn,n.,"n. 吶喊聲, 標語, 口號",,,CEEC-108,4,,,,大考中心高中英文參考詞彙表（111學年度起適用）,LEVEL 4,官方清單,,,
ceec-108:level-4:socket,socket,'sɒkit,n.,"n. 窩, 穴, 插座, 眼窩\nvt. 插進插座\n[計] 套接字",,,CEEC-108,4,,,,大考中心高中英文參考詞彙表（111學年度起適用）,LEVEL 4,官方清單,,,
ceec-108:level-4:software,software,'sɒftwєә,n.,n. 軟體\n[計] 軟裝置,,,CEEC-108,4,,,,大考中心高中英文參考詞彙表（111學年度起適用）,LEVEL 4,官方清單,,,
ceec-108:level-4:solar,solar,'sәulә,adj.,"a. 太陽的, 日光的, 源自太陽的\n[醫] 太陽的; 腹腔叢的",,,CEEC-108,4,,,,大考中心高中英文參考詞彙表（111學年度起適用）,LEVEL 4,官方清單,,,
ceec-108:level-4:spade,spade,speid,n.,"n. 鏟子, 鋤, 剷刀, 黑桃\nvt. 以鋤掘, 把...弄實抹平\nvi. 鏟",,,CEEC-108,4,,,,大考中心高中英文參考詞彙表（111學年度起適用）,LEVEL 4,官方清單,,,
ceec-108:level-4:spare,spare,spєә,adj.|n.|v.,"n. 剩餘, 備用品, 備件, 備用零件, 備用輪胎\na. 多餘的, 備用的, 空閒的, 節約的, 瘦的\nvi. 節約, 省掉, 寬恕\nvt. 節約, 省用, 剩下, 饒恕, 赦免",,,CEEC-108,4,,,,大考中心高中英文參考詞彙表（111學年度起適用）,LEVEL 4,官方清單,,,
ceec-108:level-4:spark,spark,spɑ:k,n.|v.,"n. 火花, 火星, 閃光, 無線電報務員, 瞬間放電, 活力, 朝氣, 花花公子, 情郎\nvi. 閃光, 發火花, 求婚\nvt. 發動, 鼓舞, 使有朝氣, 求婚",,,CEEC-108,4,,,,大考中心高中英文參考詞彙表（111學年度起適用）,LEVEL 4,官方清單,,,
ceec-108:level-4:spear,spear,spiә,n.|v.,"n. 矛, 槍, 持矛者, 嫩枝\nvt. 用矛刺\nvi. 刺, 戳\na. 父系的",,,CEEC-108,4,,,,大考中心高中英文參考詞彙表（111學年度起適用）,LEVEL 4,官方清單,,,
ceec-108:level-4:species,species,'spi:ʃiz,n.,"n. 種, 類, 外形\n[醫] 茶劑; 種",,,CEEC-108,4,,,,大考中心高中英文參考詞彙表（111學年度起適用）,LEVEL 4,官方清單,,,
ceec-108:level-4:spiritual,spiritual,'spiritʃuәl,adj.,"a. 精神上的, 神聖的, 崇高的, 高尚的, 鬼的, 招魂術的\nn. 有關教會的事",,,CEEC-108,4,,,,大考中心高中英文參考詞彙表（111學年度起適用）,LEVEL 4,官方清單,,,
ceec-108:level-4:splendid,splendid,'spendid,adj.,"a. 光亮的, 了不起的, 燦爛的, 壯麗的, 顯著的, 傑出的",,,CEEC-108,4,,,,大考中心高中英文參考詞彙表（111學年度起適用）,LEVEL 4,官方清單,,,
ceec-108:level-4:split,split,split,n.|v.,"n. 劈開, 裂片, 裂縫, 分裂, 派系, 派別, 柳條\na. 劈開的\nvi. 分離, 分開, 裂開, 被劈開\nvt. 劈開, 切開, 使分裂, 使分離\n[計] 拆分",,,CEEC-108,4,,,,大考中心高中英文參考詞彙表（111學年度起適用）,LEVEL 4,官方清單,,,
ceec-108:level-4:sprinkle,sprinkle,'spriŋkl,n.|v.,"vt. 灑, 散置, 撒, 點綴\nvi. 灑, 撒, 下小雨\nn. 灑, 撒, 散置, 小雨, 少量",,,CEEC-108,4,,,,大考中心高中英文參考詞彙表（111學年度起適用）,LEVEL 4,官方清單,,,
ceec-108:level-4:stab,stab,stæb,n.|v.,"n. 刺, 戳, 劇痛, 嘗試, 努力\nvt. 刺, 戳, 刺入, 刺痛, 直入, 使傷心\nvi. 刺, 刺傷",,,CEEC-108,4,,,,大考中心高中英文參考詞彙表（111學年度起適用）,LEVEL 4,官方清單,,,
ceec-108:level-4:statistic,statistic,stә'tistik,n.,"n. 統計量\na. 統計的, 統計學的",,,CEEC-108,4,,,,大考中心高中英文參考詞彙表（111學年度起適用）,LEVEL 4,官方清單,,,
ceec-108:level-4:status,status,'steitәs,n.,"n. 狀態, 情形, 地位, 要人身份\n[計] 狀態",,,CEEC-108,4,,,,大考中心高中英文參考詞彙表（111學年度起適用）,LEVEL 4,官方清單,,,
ceec-108:level-4:stem,stem,stem,n.|v.,"n. 莖, 幹, 柄, 船首, 血統, 堵塞物\nvt. 摘掉莖, 裝柄於, 阻止, 堵住, 逆行\nvi. 堵住, 逆行",,,CEEC-108,4,,,,大考中心高中英文參考詞彙表（111學年度起適用）,LEVEL 4,官方清單,,,
ceec-108:level-4:stereo,stereo,'stiәriәu,n.,"n. 鉛版, 立體照片\na. 立體的, 立體感覺的",,,CEEC-108,4,,,,大考中心高中英文參考詞彙表（111學年度起適用）,LEVEL 4,官方清單,,,
ceec-108:level-4:stingy,stingy,'stindʒi,adj.,"a. 小氣的, 吝嗇的, 缺乏的, 有刺的",,,CEEC-108,4,,,,大考中心高中英文參考詞彙表（111學年度起適用）,LEVEL 4,官方清單,,,
ceec-108:level-4:stocking,stocking,'stɒkiŋ,n.,n. 長襪\n[醫] 馬足水腫; 長襪,,,CEEC-108,4,,,,大考中心高中英文參考詞彙表（111學年度起適用）,LEVEL 4,官方清單,,,
ceec-108:level-4:strengthen,strengthen,'streŋθәn,v.,"vt. 加強, 變堅固\nvi. 變強, 股票上漲",,,CEEC-108,4,,,,大考中心高中英文參考詞彙表（111學年度起適用）,LEVEL 4,官方清單,,,
ceec-108:level-4:stripe,stripe,straip,n.,"n. 斑紋, 條紋\n[醫] 紋, 條紋",,,CEEC-108,4,,,,大考中心高中英文參考詞彙表（111學年度起適用）,LEVEL 4,官方清單,,,
ceec-108:level-4:strive,strive,straiv,v.,"vi. 努力, 奮鬥, 鬥爭",,,CEEC-108,4,,,,大考中心高中英文參考詞彙表（111學年度起適用）,LEVEL 4,官方清單,,,
ceec-108:level-4:stroke,stroke,strәuk,n.|v.,"n. 筆劃, 打, 中風, 撫, 摩, 衝程\nvt. 劃尾槳, 撫, 摩, 劃去\n[計] 筆劃",,,CEEC-108,4,,,,大考中心高中英文參考詞彙表（111學年度起適用）,LEVEL 4,官方清單,,,
ceec-108:level-4:submarine,submarine,'sʌbmәri:n,adj.|n.,"n. 潛水艇, 海底生物\na. 海中的, 生長在海中的\nvt. 用潛水艇攻擊\nvi. 在下疾行, 在下滑動",,,CEEC-108,4,,,,大考中心高中英文參考詞彙表（111學年度起適用）,LEVEL 4,官方清單,,,
ceec-108:level-4:sue,sue,su:,v.,"vt. 控告, 起訴, 請求\nvi. 提出訴訟, 提出請求",,,CEEC-108,4,,,,大考中心高中英文參考詞彙表（111學年度起適用）,LEVEL 4,官方清單,,,
ceec-108:level-4:suggestion,suggestion,sә'dʒestʃәn,n.,"n. 提議, 意見\n[醫] 暗示",,,CEEC-108,4,,,,大考中心高中英文參考詞彙表（111學年度起適用）,LEVEL 4,官方清單,,,
ceec-108:level-4:summarize,summarize,'sʌmәraiz,v.,"v. 概述, 總結",,,CEEC-108,4,,,,大考中心高中英文參考詞彙表（111學年度起適用）,LEVEL 4,官方清單,,,
ceec-108:level-4:surgeon,surgeon,'sә:dʒәn,n.,"n. 外科醫生, 軍醫, 船醫\n[醫] 外科醫師",,,CEEC-108,4,,,,大考中心高中英文參考詞彙表（111學年度起適用）,LEVEL 4,官方清單,,,
ceec-108:level-4:surgery,surgery,'sә:dʒәri,n.,"n. 外科, 手術, 手術室, 換球術",,,CEEC-108,4,,,,大考中心高中英文參考詞彙表（111學年度起適用）,LEVEL 4,官方清單,,,
ceec-108:level-4:surrender,surrender,sә'rendә,n.|v.,"vt. 交出, 放棄, 使投降, 讓與\nvi. 投降, 自首\nn. 交出, 放棄, 投降",,,CEEC-108,4,,,,大考中心高中英文參考詞彙表（111學年度起適用）,LEVEL 4,官方清單,,,
ceec-108:level-4:surroundings,surroundings,sә'rajndiŋz,n.,"n. 環境, 周圍的事物\n[化] 環境",,,CEEC-108,4,,,,大考中心高中英文參考詞彙表（111學年度起適用）,LEVEL 4,官方清單,,,
ceec-108:level-4:suspicious,suspicious,sә'spiʃәs,adj.,"a. 可疑的, 多疑的, 懷疑的\n[法] 懷疑的, 令人懷疑的, 可疑的",,,CEEC-108,4,,,,大考中心高中英文參考詞彙表（111學年度起適用）,LEVEL 4,官方清單,,,
ceec-108:level-4:sway,sway,swei,n.|v.,"n. 搖擺, 影響力, 支配\nvt. 搖動, 支配, 弄歪, 使傾斜, 使動搖, 影響\nvi. 搖動, 搖擺, 傾斜, 動搖, 統治, 轉向",,,CEEC-108,4,,,,大考中心高中英文參考詞彙表（111學年度起適用）,LEVEL 4,官方清單,,,
ceec-108:level-4:syllable,syllable,'silәbl,n.,n. 音節\nvt. 分成音節\n[計] 位元組,,,CEEC-108,4,,,,大考中心高中英文參考詞彙表（111學年度起適用）,LEVEL 4,官方清單,,,
ceec-108:level-4:sympathetic,sympathetic,.simpә'θetik,adj.,"a. 有同情心的, 合意的, 贊成的\nn. 交感神經, 容易感受的人",,,CEEC-108,4,,,,大考中心高中英文參考詞彙表（111學年度起適用）,LEVEL 4,官方清單,,,
ceec-108:level-4:sympathy,sympathy,'simpәθi,n.,"n. 同情, 贊同, 憐憫, 慰問, 弔唁\n[醫] 交感[作用], 同感[作用], 感應, 同情",,,CEEC-108,4,,,,大考中心高中英文參考詞彙表（111學年度起適用）,LEVEL 4,官方清單,,,
ceec-108:level-4:systematic,systematic,.sisti'mætik,adj.,"a. 有系統的, 分類上的, 體系的\n[醫] 系統的, 系的, 分類的",,,CEEC-108,4,,,,大考中心高中英文參考詞彙表（111學年度起適用）,LEVEL 4,官方清單,,,
ceec-108:level-4:technician,technician,tek'niʃәn,n.,n. 技師\n[化] 技師,,,CEEC-108,4,,,,大考中心高中英文參考詞彙表（111學年度起適用）,LEVEL 4,官方清單,,,
ceec-108:level-4:technological,technological,.teknә'lɒdʒikl,adj.,"a. 技術的\n[經] 工藝的, 技術的",,,CEEC-108,4,,,,大考中心高中英文參考詞彙表（111學年度起適用）,LEVEL 4,官方清單,,,
ceec-108:level-4:telegraph,telegraph,'teligrɑ:f,n.|v.,"n. 電報, 電報機\nvi. 打電報\nvt. 打電報給, 電匯, 流露, 顯示出要...的樣子",,,CEEC-108,4,,,,大考中心高中英文參考詞彙表（111學年度起適用）,LEVEL 4,官方清單,,,
ceec-108:level-4:telescope,telescope,'teliskәup,n.,"n. 望遠鏡\nvi. 疊縮, 嵌進, 縮短\nvt. 使疊縮, 使縮短",,,CEEC-108,4,,,,大考中心高中英文參考詞彙表（111學年度起適用）,LEVEL 4,官方清單,,,
ceec-108:level-4:tendency,tendency,'tendәnsi,n.,"n. 趨向, 傾向\n[醫] 趨向, 趨勢",,,CEEC-108,4,,,,大考中心高中英文參考詞彙表（111學年度起適用）,LEVEL 4,官方清單,,,
ceec-108:level-4:tense,tense,tens,adj.|v.,"a. 緊張的, 拉緊的\nv. (使)緊張, (使)拉緊\nn. 時態",,,CEEC-108,4,,,,大考中心高中英文參考詞彙表（111學年度起適用）,LEVEL 4,官方清單,,,
ceec-108:level-4:tension,tension,'tenʃәn,n.,"n. 緊張, 不安, 拉緊, 張力, 壓力, 電壓\nvt. 拉緊, 使緊張",,,CEEC-108,4,,,,大考中心高中英文參考詞彙表（111學年度起適用）,LEVEL 4,官方清單,,,
ceec-108:level-4:terror,terror,'terә,n.,"n. 恐怖, 可怕的人\n[醫] 驚嚇, 驚悸",,,CEEC-108,4,,,,大考中心高中英文參考詞彙表（111學年度起適用）,LEVEL 4,官方清單,,,
ceec-108:level-4:theme,theme,θi:m,n.,"n. 主題, 話題, 題目",,,CEEC-108,4,,,,大考中心高中英文參考詞彙表（111學年度起適用）,LEVEL 4,官方清單,,,
ceec-108:level-4:thorough,thorough,'θʌrә,adj.,"a. 十分的, 徹底的",,,CEEC-108,4,,,,大考中心高中英文參考詞彙表（111學年度起適用）,LEVEL 4,官方清單,,,
ceec-108:level-4:thoughtful,thoughtful,'θɒ:tful,adj.,"a. 深思的, 體貼的",,,CEEC-108,4,,,,大考中心高中英文參考詞彙表（111學年度起適用）,LEVEL 4,官方清單,,,
ceec-108:level-4:tickle,tickle,'tikl,n.|v.,"n. 胳肢, 癢\nvt. 胳肢, 使發癢, 使快樂, 逗樂\nvi. 覺得癢, 使人癢",,,CEEC-108,4,,,,大考中心高中英文參考詞彙表（111學年度起適用）,LEVEL 4,官方清單,,,
ceec-108:level-4:timetable,timetable,'taimteibl,n.,n. 時間表,,,CEEC-108,4,,,,大考中心高中英文參考詞彙表（111學年度起適用）,LEVEL 4,官方清單,,,
ceec-108:level-4:timid,timid,'timid,adj.,"a. 膽小的, 羞怯的",,,CEEC-108,4,,,,大考中心高中英文參考詞彙表（111學年度起適用）,LEVEL 4,官方清單,,,
ceec-108:level-4:tolerable,tolerable,'tɒlәrәbl,adj.,"a. 可容忍的, 可以的",,,CEEC-108,4,,,,大考中心高中英文參考詞彙表（111學年度起適用）,LEVEL 4,官方清單,,,
ceec-108:level-4:tolerance,tolerance,'tɒlәrәns,n.,"n. 寬容, 忍受, 容忍, 容許量, 公差\n[計] 允許誤差",,,CEEC-108,4,,,,大考中心高中英文參考詞彙表（111學年度起適用）,LEVEL 4,官方清單,,,
ceec-108:level-4:tolerant,tolerant,'tɒlәrәnt,adj.,"a. 寬容的, 容忍的, (對冷、熱)能耐的\n[醫] 能耐受的",,,CEEC-108,4,,,,大考中心高中英文參考詞彙表（111學年度起適用）,LEVEL 4,官方清單,,,
ceec-108:level-4:tolerate,tolerate,'tɒlәreit,v.,"vt. 寬容, 容許, 有耐力",,,CEEC-108,4,,,,大考中心高中英文參考詞彙表（111學年度起適用）,LEVEL 4,官方清單,,,
ceec-108:level-4:tomb,tomb,tu:m,n.,"n. 墳墓, 死亡\nvt. 埋葬",,,CEEC-108,4,,,,大考中心高中英文參考詞彙表（111學年度起適用）,LEVEL 4,官方清單,,,
ceec-108:level-4:tortoise,tortoise,'tɒ:tәs,n.,"n. 龜, 行動遲緩的人",,,CEEC-108,4,,,,大考中心高中英文參考詞彙表（111學年度起適用）,LEVEL 4,官方清單,,,
ceec-108:level-4:torture,torture,'tɒ:tʃә,n.|v.,"n. 拷問, 苦悶\nvt. 拷問, 曲解, 折磨, 使彎曲",,,CEEC-108,4,,,,大考中心高中英文參考詞彙表（111學年度起適用）,LEVEL 4,官方清單,,,
ceec-108:level-4:tragedy,tragedy,'trædʒidi,n.,"n. 悲劇, 慘案, 悲劇作品\n[法] 慘事, 災難, 不辛",,,CEEC-108,4,,,,大考中心高中英文參考詞彙表（111學年度起適用）,LEVEL 4,官方清單,,,
ceec-108:level-4:tragic,tragic,'trædʒik,adj.,"a. 悲慘的, 悲劇的",,,CEEC-108,4,,,,大考中心高中英文參考詞彙表（111學年度起適用）,LEVEL 4,官方清單,,,
ceec-108:level-4:transfer,transfer,træns'fә:,n.|v.,"n. 遷移, 移動, 傳遞, 轉讓, 轉移, 過戶, 匯兌, 換車\nvt. 使轉移, 調轉, 調任, 改變, 傳遞, 轉讓\nvi. 轉移, 轉學, 轉職, 換車\n[計] 傳送",,,CEEC-108,4,,,,大考中心高中英文參考詞彙表（111學年度起適用）,LEVEL 4,官方清單,,,
ceec-108:level-4:transform,transform,træns'fɒ:m,v.,"vt. 使轉換, 改變, 改造, 使...變形\nvi. 改變, 轉化, 變換\n[計] 變換",,,CEEC-108,4,,,,大考中心高中英文參考詞彙表（111學年度起適用）,LEVEL 4,官方清單,,,
ceec-108:level-4:translate,translate,træns'leit,v.,"vt. 翻譯, 解釋, 轉化, 轉變為, 調動\nvi. 翻譯, 被譯\n[計] 轉換",,,CEEC-108,4,,,,大考中心高中英文參考詞彙表（111學年度起適用）,LEVEL 4,官方清單,,,
ceec-108:level-4:translation,translation,træns'leiʃәn,n.,"n. 翻譯, 譯文, 轉化, 調任, 平移, 轉譯\n[計] 轉換",,,CEEC-108,4,,,,大考中心高中英文參考詞彙表（111學年度起適用）,LEVEL 4,官方清單,,,
ceec-108:level-4:translator,translator,træn'leitә,n.,n. 翻譯者\n[計] 翻譯程式; 翻譯器,,,CEEC-108,4,,,,大考中心高中英文參考詞彙表（111學年度起適用）,LEVEL 4,官方清單,,,
ceec-108:level-4:transportation,transportation,.trænspә'teiʃәn,n.,"n. 運輸, 輸送, 交通車輛\n[經] 運轉, 運輸, 運輸費",,,CEEC-108,4,,,,大考中心高中英文參考詞彙表（111學年度起適用）,LEVEL 4,官方清單,,,
ceec-108:level-4:tremble,tremble,'trembl,n.|v.,"n. 戰慄, 顫抖\nvi. 戰慄, 憂慮, 搖晃",,,CEEC-108,4,,,,大考中心高中英文參考詞彙表（111學年度起適用）,LEVEL 4,官方清單,,,
ceec-108:level-4:tremendous,tremendous,tri'mendәs,adj.,"a. 巨大的, 非常的, 可怕的",,,CEEC-108,4,,,,大考中心高中英文參考詞彙表（111學年度起適用）,LEVEL 4,官方清單,,,
ceec-108:level-4:tribal,tribal,traibl,adj.,"a. 部落的, 宗族的",,,CEEC-108,4,,,,大考中心高中英文參考詞彙表（111學年度起適用）,LEVEL 4,官方清單,,,
ceec-108:level-4:triumph,triumph,'traiәmf,n.|v.,"n. 凱旋, 勝利, 歡欣\nvi. 得勝, 成功",,,CEEC-108,4,,,,大考中心高中英文參考詞彙表（111學年度起適用）,LEVEL 4,官方清單,,,
ceec-108:level-4:troublesome,troublesome,'trʌblsәm,adj.,"a. 麻煩的, 令人討厭的",,,CEEC-108,4,,,,大考中心高中英文參考詞彙表（111學年度起適用）,LEVEL 4,官方清單,,,
ceec-108:level-4:tumble,tumble,tʌmbl,n.|v.,"n. 跌倒, 摔跤, 翻斤斗\nvi. 翻倒, 摔倒, 倒塌, 滾動, 翻斤斗, 倉促地行動\nvt. 使摔倒, 使滾翻, 弄亂",,,CEEC-108,4,,,,大考中心高中英文參考詞彙表（111學年度起適用）,LEVEL 4,官方清單,,,
ceec-108:level-4:twig,twig,twig,n.,"n. 小枝, 細枝\nv. 懂得, 瞭解",,,CEEC-108,4,,,,大考中心高中英文參考詞彙表（111學年度起適用）,LEVEL 4,官方清單,,,
ceec-108:level-4:universal,universal,.ju:ni'vә:sl,adj.|n.,"a. 全世界的, 普遍的, 宇宙的, 通用的\nn. 一般概念",,,CEEC-108,4,,,,大考中心高中英文參考詞彙表（111學年度起適用）,LEVEL 4,官方清單,,,
ceec-108:level-4:urge,urge,ә:dʒ,n.|v.,"n. 衝動, 推動力, 迫切的要求\nvt. 驅策, 力勸, 竭力主張, 推動\nvi. 強烈要求",,,CEEC-108,4,,,,大考中心高中英文參考詞彙表（111學年度起適用）,LEVEL 4,官方清單,,,
ceec-108:level-4:urgent,urgent,'ә:dʒәnt,adj.,"a. 緊急的, 急迫的, 催逼的\n[經] 緊急的, 急迫的",,,CEEC-108,4,,,,大考中心高中英文參考詞彙表（111學年度起適用）,LEVEL 4,官方清單,,,
ceec-108:level-4:usage,usage,'ju:sidʒ,n.,"n. 用法, 使用, 習慣, 慣用法, 習慣法\n[經] 使用情況, 使用用途, 慣例",,,CEEC-108,4,,,,大考中心高中英文參考詞彙表（111學年度起適用）,LEVEL 4,官方清單,,,
ceec-108:level-4:vacancy,vacancy,'veikәnsi,n.,"n. 空, 空白, 空缺, 空虛, 空閒\n[化] 空位",,,CEEC-108,4,,,,大考中心高中英文參考詞彙表（111學年度起適用）,LEVEL 4,官方清單,,,
ceec-108:level-4:vain,vain,vein,adj.,"a. 無價值的, 徒然的, 空虛的, 自負的, 愚蠢的",,,CEEC-108,4,,,,大考中心高中英文參考詞彙表（111學年度起適用）,LEVEL 4,官方清單,,,
ceec-108:level-4:vast,vast,vɑ:st,adj.,"a. 巨大的, 廣大的, 非常的, 大量的",,,CEEC-108,4,,,,大考中心高中英文參考詞彙表（111學年度起適用）,LEVEL 4,官方清單,,,
ceec-108:level-4:vegetarian,vegetarian,.vedʒi'tєәriәn,n.,"n. 素食者, 食草動物\na. 素食的",,,CEEC-108,4,,,,大考中心高中英文參考詞彙表（111學年度起適用）,LEVEL 4,官方清單,,,
ceec-108:level-4:vessel,vessel,'vesl,n.,"n. 船, 容器, 脈管\n[醫] 管, 脈管, (容)器",,,CEEC-108,4,,,,大考中心高中英文參考詞彙表（111學年度起適用）,LEVEL 4,官方清單,,,
ceec-108:level-4:violate,violate,'vaiәleit,v.,"vt. 違犯, 褻瀆, 違反, 侵犯, 妨礙\n[經] 違犯, 違反",,,CEEC-108,4,,,,大考中心高中英文參考詞彙表（111學年度起適用）,LEVEL 4,官方清單,,,
ceec-108:level-4:violation,violation,.vaiә'leiʃәn,n.,"n. 違反, 違背, 妨礙\n[法] 違犯, 違背, 違反",,,CEEC-108,4,,,,大考中心高中英文參考詞彙表（111學年度起適用）,LEVEL 4,官方清單,,,
ceec-108:level-4:virtue,virtue,'vә:tju:,n.,"n. 德行, 美德, 優點, 功效, 效力\n[法] 美德, 貞操, 優點",,,CEEC-108,4,,,,大考中心高中英文參考詞彙表（111學年度起適用）,LEVEL 4,官方清單,,,
ceec-108:level-4:virus,virus,'vaiәrәs,n.,"n. 病毒, 濾過性病毒, 毒害\n[化] 病毒",,,CEEC-108,4,,,,大考中心高中英文參考詞彙表（111學年度起適用）,LEVEL 4,官方清單,,,
ceec-108:level-4:visual,visual,'viʒuәl,adj.,"a. 視覺的\n[醫] 視覺的, 視力的, 視覺性記憶優勢者",,,CEEC-108,4,,,,大考中心高中英文參考詞彙表（111學年度起適用）,LEVEL 4,官方清單,,,
ceec-108:level-4:vital,vital,'vaitl,adj.,"a. 生命的, 重要的, 充滿活力的, 生死攸關的, 致命的\n[醫] 生命的, 生活的, 生活上必需的, 緊要的",,,CEEC-108,4,,,,大考中心高中英文參考詞彙表（111學年度起適用）,LEVEL 4,官方清單,,,
ceec-108:level-4:voluntary,voluntary,'vɒlәntәri,adj.,"a. 自動的, 自願的, 故意的, 志願的, 自發的\nn. 自願行動, 志願者, 自由調",,,CEEC-108,4,,,,大考中心高中英文參考詞彙表（111學年度起適用）,LEVEL 4,官方清單,,,
ceec-108:level-4:volunteer,volunteer,.vɒlәn'tiә,n.|v.,n. 志願者\na. 志願的\nv. 自願,,,CEEC-108,4,,,,大考中心高中英文參考詞彙表（111學年度起適用）,LEVEL 4,官方清單,,,
ceec-108:level-4:voyage,voyage,'vɒiidʒ,n.|v.,"n. 航行, 航海, 航程, 旅行, 航空\nvi. 航海, 航行\nvt. 航行越過, 飛過",,,CEEC-108,4,,,,大考中心高中英文參考詞彙表（111學年度起適用）,LEVEL 4,官方清單,,,
ceec-108:level-4:waken,waken,'weikn,v.,"vt. 喚醒, 使覺醒, 激發\nvi. 覺醒, 醒來",,,CEEC-108,4,,,,大考中心高中英文參考詞彙表（111學年度起適用）,LEVEL 4,官方清單,,,
ceec-108:level-4:website,website,,n.,n. 網站（全球資訊網的主機站）,,,CEEC-108,4,,,,大考中心高中英文參考詞彙表（111學年度起適用）,LEVEL 4,官方清單,,,
ceec-108:level-4:welfare,welfare,'welfєә,n.,"n. 福利, 安寧, 幸福, 福利事業\na. 福利的",,,CEEC-108,4,,,,大考中心高中英文參考詞彙表（111學年度起適用）,LEVEL 4,官方清單,,,
ceec-108:level-4:wink,wink,wiŋk,n.|v.,"n. 眨眼, 使眼色, 瞬間\nvi. 眨眼, 使眼色, 閃爍\nvt. 眨",,,CEEC-108,4,,,,大考中心高中英文參考詞彙表（111學年度起適用）,LEVEL 4,官方清單,,,
ceec-108:level-4:wit,wit,wit,n.,"n. 機智, 智力, 頭腦, 理智, 妙語, 機智的人",,,CEEC-108,4,,,,大考中心高中英文參考詞彙表（111學年度起適用）,LEVEL 4,官方清單,,,
ceec-108:level-4:witch,witch,witʃ,n.,"n. 巫婆, 女巫\nvt. 施巫術, 迷惑",,,CEEC-108,4,,,,大考中心高中英文參考詞彙表（111學年度起適用）,LEVEL 4,官方清單,,,
ceec-108:level-4:withdraw,withdraw,wið'drɒ:,v.,"vt. 撤回, 取回, 撤消, 使撤退, 拉開, 移開\nvi. 撤退, 離開",,,CEEC-108,4,,,,大考中心高中英文參考詞彙表（111學年度起適用）,LEVEL 4,官方清單,,,
ceec-108:level-4:witness,witness,'witnis,n.|v.,"n. 證人, 目擊者, 證據, 證詞\nvt. 目擊, 作證, 證明, 表明\nvi. 作證人, 作為證據",,,CEEC-108,4,,,,大考中心高中英文參考詞彙表（111學年度起適用）,LEVEL 4,官方清單,,,
ceec-108:level-4:wizard,wizard,'wizәd,n.,"n. 男巫, 術士, 奇才\na. 男巫的, 巫術的\n[計] 嚮導",,,CEEC-108,4,,,,大考中心高中英文參考詞彙表（111學年度起適用）,LEVEL 4,官方清單,,,
ceec-108:level-4:workout,workout,'wә:kaut,n.,"n. 試驗, 試用, 鍛鍊",,,CEEC-108,4,,,,大考中心高中英文參考詞彙表（111學年度起適用）,LEVEL 4,官方清單,,,
ceec-108:level-4:workplace,workplace,,n.,"n. 工作場所, 工廠, 車間",,,CEEC-108,4,,,,大考中心高中英文參考詞彙表（111學年度起適用）,LEVEL 4,官方清單,,,
ceec-108:level-4:wreck,wreck,rek,n.|v.,"n. 失事, 殘骸, 破壞\nvt. 使失事, 拆毀, 破壞\nvi. (船)失事, 營救失事船隻",,,CEEC-108,4,,,,大考中心高中英文參考詞彙表（111學年度起適用）,LEVEL 4,官方清單,,,
ceec-108:level-4:yawn,yawn,jɒ:n,n.|v.,"n. 哈欠\nvi. 打哈欠, 裂開\nvt. 打著哈欠說",,,CEEC-108,4,,,,大考中心高中英文參考詞彙表（111學年度起適用）,LEVEL 4,官方清單,,,
ceec-108:level-4:youthful,youthful,'ju:θful,adj.,"a. 年輕的, 青年的\n[法] 青年的, 年輕的",,,CEEC-108,4,,,,大考中心高中英文參考詞彙表（111學年度起適用）,LEVEL 4,官方清單,,,
ceec-108:level-5:abnormal,abnormal,æb'nɒ:mәl,adj.,"a. 反常的, 不規則的, 變態的, 畸形的\nn. 畸形的人",,,CEEC-108,5,,,,大考中心高中英文參考詞彙表（111學年度起適用）,LEVEL 5,官方清單,,,
ceec-108:level-5:abolish,abolish,ә'bɒliʃ,v.,"vt. 廢止, 革除, 消滅\n[經] 廢除, 取消, 裁撤",,,CEEC-108,5,,,,大考中心高中英文參考詞彙表（111學年度起適用）,LEVEL 5,官方清單,,,
ceec-108:level-5:abortion,abortion,ә'bɒ:ʃәn,n.,"n. 流產, 墮胎, 失敗, 夭折, 中止\n[醫] 流產, 小產; 頓挫",,,CEEC-108,5,,,,大考中心高中英文參考詞彙表（111學年度起適用）,LEVEL 5,官方清單,,,
ceec-108:level-5:abrupt,abrupt,ә'brʌpt,adj.,"a. 突然的, 唐突的, 陡峭的, 不連貫的",,,CEEC-108,5,,,,大考中心高中英文參考詞彙表（111學年度起適用）,LEVEL 5,官方清單,,,
ceec-108:level-5:absurd,absurd,әb'sә:d,adj.,"a. 荒謬的, 不合理的, 可笑的\nn. 荒誕",,,CEEC-108,5,,,,大考中心高中英文參考詞彙表（111學年度起適用）,LEVEL 5,官方清單,,,
ceec-108:level-5:abundant,abundant,ә'bʌndәnt,adj.,"a. 豐富的, 充分的, 大量的",,,CEEC-108,5,,,,大考中心高中英文參考詞彙表（111學年度起適用）,LEVEL 5,官方清單,,,
ceec-108:level-5:abuse,abuse,ә'bju:s.ә'bju:z,n.|v.,"n. 濫用, 虐待, 惡習, 辱罵\nvt. 濫用, 辱罵, 虐待",,,CEEC-108,5,,,,大考中心高中英文參考詞彙表（111學年度起適用）,LEVEL 5,官方清單,,,
ceec-108:level-5:accelerate,accelerate,әk'selәreit,v.,"v. 加速, 促進",,,CEEC-108,5,,,,大考中心高中英文參考詞彙表（111學年度起適用）,LEVEL 5,官方清單,,,
ceec-108:level-5:accessible,accessible,әk'sesәbl,adj.,"a. 易接近的, 可進入的, 可使用的, 易受影響的, 可理解的",,,CEEC-108,5,,,,大考中心高中英文參考詞彙表（111學年度起適用）,LEVEL 5,官方清單,,,
ceec-108:level-5:accommodate,accommodate,ә'kɒmәdeit,v.,"vt. 使適應, 調和, 通融, 容納, 向...提供\nvi. 適應",,,CEEC-108,5,,,,大考中心高中英文參考詞彙表（111學年度起適用）,LEVEL 5,官方清單,,,
ceec-108:level-5:accommodation,accommodation,ә.kɒmә'deiʃәn,n.,"n. 膳宿, 預訂鋪位, 適應性調節, 調和, 貸款\n[醫] 調節(眼); 適應",,,CEEC-108,5,,,,大考中心高中英文參考詞彙表（111學年度起適用）,LEVEL 5,官方清單,,,
ceec-108:level-5:accord,accord,ә'kɒ:d,n.|v.,"n. 一致, 調和, 協定\nvt. 給與, 使一致\nvi. 相符合",,,CEEC-108,5,,,,大考中心高中英文參考詞彙表（111學年度起適用）,LEVEL 5,官方清單,,,
ceec-108:level-5:accounting,accounting,ә'kauntiŋ,n.,"n. 會計學, 帳單, 清帳\n[計] 帳戶處理, 記帳",,,CEEC-108,5,,,,大考中心高中英文參考詞彙表（111學年度起適用）,LEVEL 5,官方清單,,,
ceec-108:level-5:acknowledge,acknowledge,әk'nɒlidʒ,v.,"vt. 承認, 告知收悉, 答謝, 報償\n[經] 承認, 答謝, 收到的通知",,,CEEC-108,5,,,,大考中心高中英文參考詞彙表（111學年度起適用）,LEVEL 5,官方清單,,,
ceec-108:level-5:acknowledgement,acknowledgement,әk'nɒlidʒmәnt,n.,"n. 承認, 確認, 感謝, 收到的通知\n[計] 確認; 肯定",,,CEEC-108,5,,,,大考中心高中英文參考詞彙表（111學年度起適用）,LEVEL 5,官方清單,,,
ceec-108:level-5:acquaint,acquaint,ә'kweint,v.,"vt. 使認識, 介紹",,,CEEC-108,5,,,,大考中心高中英文參考詞彙表（111學年度起適用）,LEVEL 5,官方清單,,,
ceec-108:level-5:acquisition,acquisition,.ækwi'ziʃәn,n.,"n. 獲得, 獲得物\n[經] 收購, 招攬, 取得",,,CEEC-108,5,,,,大考中心高中英文參考詞彙表（111學年度起適用）,LEVEL 5,官方清單,,,
ceec-108:level-5:activist,activist,'æktivist,n.,n. 激進主義分子,,,CEEC-108,5,,,,大考中心高中英文參考詞彙表（111學年度起適用）,LEVEL 5,官方清單,,,
ceec-108:level-5:acute,acute,ә'kju:t,adj.,"a. 尖銳的, 敏銳的, 激烈的, 嚴重的, 急性的\n[醫] 急性的; 尖銳的",,,CEEC-108,5,,,,大考中心高中英文參考詞彙表（111學年度起適用）,LEVEL 5,官方清單,,,
ceec-108:level-5:administration,administration,әd.mini'streiʃәn,n.,"n. 行政, 管理, 政府機關\n[化] 給藥",,,CEEC-108,5,,,,大考中心高中英文參考詞彙表（111學年度起適用）,LEVEL 5,官方清單,,,
ceec-108:level-5:administrative,administrative,әd'ministrәtiv,adj.,"a. 管理的, 行政的\n[法] 行政的, 管理的, 遺產管理的",,,CEEC-108,5,,,,大考中心高中英文參考詞彙表（111學年度起適用）,LEVEL 5,官方清單,,,
ceec-108:level-5:administrator,administrator,әd'ministreitә,n.,"n. 管理人, 行政官\n[經] 遺產管理人員",,,CEEC-108,5,,,,大考中心高中英文參考詞彙表（111學年度起適用）,LEVEL 5,官方清單,,,
ceec-108:level-5:adolescent,adolescent,.ædәu'lesәnt,adj.|n.,"a. 青春期的, 青少年的\nn. 青少年",,,CEEC-108,5,,,,大考中心高中英文參考詞彙表（111學年度起適用）,LEVEL 5,官方清單,,,
ceec-108:level-5:adore,adore,ә'dɒ:,v.,"vt. 崇拜, 愛慕, 喜愛\nvi. 崇拜, 愛慕",,,CEEC-108,5,,,,大考中心高中英文參考詞彙表（111學年度起適用）,LEVEL 5,官方清單,,,
ceec-108:level-5:adverse,adverse,'ædvә:s,adj.,"a. 不利的, 敵對的, 相反的, 逆的\n[法] 相反的, 敵對的, 逆的",,,CEEC-108,5,,,,大考中心高中英文參考詞彙表（111學年度起適用）,LEVEL 5,官方清單,,,
ceec-108:level-5:advocate,advocate,'ædvәkeit,n.|v.,"n. 提倡者, 擁護者\nvt. 主張, 提倡",,,CEEC-108,5,,,,大考中心高中英文參考詞彙表（111學年度起適用）,LEVEL 5,官方清單,,,
ceec-108:level-5:affection,affection,ә'fekʃәn,n.,"n. 影響, 病, 喜愛, 情感, 傾向\n[醫] 疾患, 病變, 病; 感情",,,CEEC-108,5,,,,大考中心高中英文參考詞彙表（111學年度起適用）,LEVEL 5,官方清單,,,
ceec-108:level-5:agenda,agenda,ә'dʒendә,n.,"pl. 議程, 日常工作事項\n[計] 待議事件",,,CEEC-108,5,,,,大考中心高中英文參考詞彙表（111學年度起適用）,LEVEL 5,官方清單,,,
ceec-108:level-5:aggression,aggression,ә'greʃәn,n.,"n. 侵犯, 侵略\n[醫] 攻擊",,,CEEC-108,5,,,,大考中心高中英文參考詞彙表（111學年度起適用）,LEVEL 5,官方清單,,,
ceec-108:level-5:agony,agony,'ægәni,n.,"n. 極大的痛苦, 掙扎\n[醫] 瀕死苦悶; 劇痛",,,CEEC-108,5,,,,大考中心高中英文參考詞彙表（111學年度起適用）,LEVEL 5,官方清單,,,
ceec-108:level-5:agricultural,agricultural,.ægri'kʌltʃәrәl,adj.,"a. 農業的\n[法] 農業的, 耕作的",,,CEEC-108,5,,,,大考中心高中英文參考詞彙表（111學年度起適用）,LEVEL 5,官方清單,,,
ceec-108:level-5:aisle,aisle,ail,n.,"n. 走廊, 側廊, 過道\n[機] 走道",,,CEEC-108,5,,,,大考中心高中英文參考詞彙表（111學年度起適用）,LEVEL 5,官方清單,,,
ceec-108:level-5:alcoholic,alcoholic,.ælkә'hɒlik,adj.|n.,"n. 酒鬼, 酒精中毒者\na. 酒精的",,,CEEC-108,5,,,,大考中心高中英文參考詞彙表（111學年度起適用）,LEVEL 5,官方清單,,,
ceec-108:level-5:alien,alien,'eiljәn,adj.|n.,"n. 外國人, 外僑\na. 外國的, 相異的",,,CEEC-108,5,,,,大考中心高中英文參考詞彙表（111學年度起適用）,LEVEL 5,官方清單,,,
ceec-108:level-5:allergic,allergic,ә'lә:dʒik,adj.,"a. 對...過敏的, 極反感的\n[醫] 變應性的",,,CEEC-108,5,,,,大考中心高中英文參考詞彙表（111學年度起適用）,LEVEL 5,官方清單,,,
ceec-108:level-5:allergy,allergy,'ælәdʒi,n.,"n. 變應性, 反感, 厭惡\n[化] 變態反應; 變應性",,,CEEC-108,5,,,,大考中心高中英文參考詞彙表（111學年度起適用）,LEVEL 5,官方清單,,,
ceec-108:level-5:alliance,alliance,ә'laiәns,n.,"n. 聯盟, 聯合\n[法] 同盟, 聯盟, 聯姻",,,CEEC-108,5,,,,大考中心高中英文參考詞彙表（111學年度起適用）,LEVEL 5,官方清單,,,
ceec-108:level-5:allocate,allocate,'ælәukeit,v.,"vt. 分派, 分配\n[計] 分配",,,CEEC-108,5,,,,大考中心高中英文參考詞彙表（111學年度起適用）,LEVEL 5,官方清單,,,
ceec-108:level-5:ally,ally,'ælai. ә'lai,n.|v.,"n. 同盟者, 同盟國, 助手\nvt. 使聯盟, 使聯合, 使有關係\nvi. 結盟",,,CEEC-108,5,,,,大考中心高中英文參考詞彙表（111學年度起適用）,LEVEL 5,官方清單,,,
ceec-108:level-5:alongside,alongside,ә'lɒŋ'said,adv.|prep.,"adv. 在旁邊, 靠攏著\nprep. 在...旁邊, 與...在一起",,,CEEC-108,5,,,,大考中心高中英文參考詞彙表（111學年度起適用）,LEVEL 5,官方清單,,,
ceec-108:level-5:alter,alter,'ɒ:ltә,v.,v. 改變,,,CEEC-108,5,,,,大考中心高中英文參考詞彙表（111學年度起適用）,LEVEL 5,官方清單,,,
ceec-108:level-5:alternate,alternate,'ɒ:ltәnәt,adj.|n.|v.,"a. 交替的, 輪流的, 間隔的\nv. 輪流, (使)交替",,,CEEC-108,5,,,,大考中心高中英文參考詞彙表（111學年度起適用）,LEVEL 5,官方清單,,,
ceec-108:level-5:amend,amend,ә'mend,v.,"vt. 修改, 改善, 改良\nvi. 改過自新",,,CEEC-108,5,,,,大考中心高中英文參考詞彙表（111學年度起適用）,LEVEL 5,官方清單,,,
ceec-108:level-5:ample,ample,'æmpl,adj.,"a. 大量的, 充足的, 豐富的",,,CEEC-108,5,,,,大考中心高中英文參考詞彙表（111學年度起適用）,LEVEL 5,官方清單,,,
ceec-108:level-5:analyst,analyst,'ænәlist,n.,"n. 分析者, 精神分析學家\n[化] 分析員; 化驗員",,,CEEC-108,5,,,,大考中心高中英文參考詞彙表（111學年度起適用）,LEVEL 5,官方清單,,,
ceec-108:level-5:anonymous,anonymous,ә'nɒnimәs,adj.,"a. 姓氏不詳的, 無名的, 無特色的\n[計] 無記錄",,,CEEC-108,5,,,,大考中心高中英文參考詞彙表（111學年度起適用）,LEVEL 5,官方清單,,,
ceec-108:level-5:anticipate,anticipate,æn'tisipeit,v.,"vt. 預期, 佔先, 加速, 提前使用\n[醫] 提前出現, 先期發生",,,CEEC-108,5,,,,大考中心高中英文參考詞彙表（111學年度起適用）,LEVEL 5,官方清單,,,
ceec-108:level-5:antique,antique,æn'ti:k,adj.|n.,"n. 古董, 古物\na. 古老的, 古風的, 舊式的, 過時的",,,CEEC-108,5,,,,大考中心高中英文參考詞彙表（111學年度起適用）,LEVEL 5,官方清單,,,
ceec-108:level-5:applause,applause,ә'plɒ:z,n.,"n. 鼓掌, 喝彩, 讚許",,,CEEC-108,5,,,,大考中心高中英文參考詞彙表（111學年度起適用）,LEVEL 5,官方清單,,,
ceec-108:level-5:appliance,appliance,ә'plaiәns,n.,"n. 器械, 用具, 應用\n[醫] 矯正器; 器",,,CEEC-108,5,,,,大考中心高中英文參考詞彙表（111學年度起適用）,LEVEL 5,官方清單,,,
ceec-108:level-5:apt,apt,æpt,adj.,"a. 有...傾向的, 易於的, 恰當的, 聰明的\n[計] 自動數控語言, 自動圖象傳輸, 自動程式控制, 自動程式設計工具",,,CEEC-108,5,,,,大考中心高中英文參考詞彙表（111學年度起適用）,LEVEL 5,官方清單,,,
ceec-108:level-5:architect,architect,'ɑ:kitekt,n.,"n. 建築師, 設計者, 締造者",,,CEEC-108,5,,,,大考中心高中英文參考詞彙表（111學年度起適用）,LEVEL 5,官方清單,,,
ceec-108:level-5:architecture,architecture,'ɑ:kitektʃә,n.,"n. 建築學, 建築式樣\n[計] 體系結構",,,CEEC-108,5,,,,大考中心高中英文參考詞彙表（111學年度起適用）,LEVEL 5,官方清單,,,
ceec-108:level-5:arena,arena,ә'ri:nә,n.,"n. 角鬥場, 舞臺, 場地\n[醫] 尿沉渣, 尿沙; 腦沙",,,CEEC-108,5,,,,大考中心高中英文參考詞彙表（111學年度起適用）,LEVEL 5,官方清單,,,
ceec-108:level-5:arouse,arouse,ә'rauz,v.,"vt. 喚醒, 鼓勵, 引起\nvi. 醒來",,,CEEC-108,5,,,,大考中心高中英文參考詞彙表（111學年度起適用）,LEVEL 5,官方清單,,,
ceec-108:level-5:array,array,ә'rei,n.,"n. 排列, 衣服, 大批, 軍隊\nvt. 佈署, 打扮, 排列\n[計] 陣列; 陣列",,,CEEC-108,5,,,,大考中心高中英文參考詞彙表（111學年度起適用）,LEVEL 5,官方清單,,,
ceec-108:level-5:arrogant,arrogant,'ærәɡәnt,adj.,"a. 自大的, 傲慢的",,,CEEC-108,5,,,,大考中心高中英文參考詞彙表（111學年度起適用）,LEVEL 5,官方清單,,,
ceec-108:level-5:articulate,articulate,ɑ:'tikjulit,adj.|v.,"a. 發音清晰的, 口才好的\nvt. 明白地說, 以關節連線, 使成為系統的整體",,,CEEC-108,5,,,,大考中心高中英文參考詞彙表（111學年度起適用）,LEVEL 5,官方清單,,,
ceec-108:level-5:ass,ass,æs,n.,"n. 驢, 傻瓜, 笨蛋, 屁股\n[計] 模擬模擬系統",,,CEEC-108,5,,,,大考中心高中英文參考詞彙表（111學年度起適用）,LEVEL 5,官方清單,,,
ceec-108:level-5:assault,assault,ә'sɒ:t,n.|v.,"n. 攻擊, 襲擊\nvt. 襲擊, 攻擊\nvi. 發動攻擊",,,CEEC-108,5,,,,大考中心高中英文參考詞彙表（111學年度起適用）,LEVEL 5,官方清單,,,
ceec-108:level-5:assert,assert,ә'sә:t,v.,"vt. 主張, 堅稱, 斷言\n[法] 宣稱, 斷言, 維護",,,CEEC-108,5,,,,大考中心高中英文參考詞彙表（111學年度起適用）,LEVEL 5,官方清單,,,
ceec-108:level-5:assess,assess,ә'ses,v.,"vt. 估定, 對...徵稅, 評定\n[經] 估計, 估價, 確定(稅款罰款等)的金額",,,CEEC-108,5,,,,大考中心高中英文參考詞彙表（111學年度起適用）,LEVEL 5,官方清單,,,
ceec-108:level-5:assessment,assessment,ә'sesmәnt,n.,"n. 評估, 估定, 評定的款額\n[化] 評估",,,CEEC-108,5,,,,大考中心高中英文參考詞彙表（111學年度起適用）,LEVEL 5,官方清單,,,
ceec-108:level-5:asset,asset,'æset,n.,"n. 資產, 有益的東西",,,CEEC-108,5,,,,大考中心高中英文參考詞彙表（111學年度起適用）,LEVEL 5,官方清單,,,
ceec-108:level-5:assumption,assumption,ә'sʌmpʃәn,n.,"n. 假定, 自負, 擔任, 假裝\n[經] 假定, 承擔",,,CEEC-108,5,,,,大考中心高中英文參考詞彙表（111學年度起適用）,LEVEL 5,官方清單,,,
ceec-108:level-5:astonish,astonish,ә'stɒniʃ,v.,vt. 使驚訝,,,CEEC-108,5,,,,大考中心高中英文參考詞彙表（111學年度起適用）,LEVEL 5,官方清單,,,
ceec-108:level-5:astonishment,astonishment,ә'stɒniʃmәnt,n.,"n. 驚異, 驚愕, 使人驚異的事物",,,CEEC-108,5,,,,大考中心高中英文參考詞彙表（111學年度起適用）,LEVEL 5,官方清單,,,
ceec-108:level-5:athletics,athletics,æθ'letiks,n.,n. 體育運動,,,CEEC-108,5,,,,大考中心高中英文參考詞彙表（111學年度起適用）,LEVEL 5,官方清單,,,
ceec-108:level-5:attendance,attendance,ә'tendәns,n.,"n. 出席, 出席的人數, 照料\n[法] 管理, 照料, 資助",,,CEEC-108,5,,,,大考中心高中英文參考詞彙表（111學年度起適用）,LEVEL 5,官方清單,,,
ceec-108:level-5:attic,attic,'ætik,n.,"n. 閣樓, 頂樓\n[醫] 鼓室上隱窩",,,CEEC-108,5,,,,大考中心高中英文參考詞彙表（111學年度起適用）,LEVEL 5,官方清單,,,
ceec-108:level-5:attorney,attorney,ә'tә:ni,n.,"n. 代理人, 律師\n[經] 律師, 代理人",,,CEEC-108,5,,,,大考中心高中英文參考詞彙表（111學年度起適用）,LEVEL 5,官方清單,,,
ceec-108:level-5:attribute,attribute,ә'tribju:t,v.,"n. 屬性, 標誌, 定語\nvt. 把...歸於, 認為...屬於\n[計] 屬性",,,CEEC-108,5,,,,大考中心高中英文參考詞彙表（111學年度起適用）,LEVEL 5,官方清單,,,
ceec-108:level-5:auction,auction,'ɒ:kʃәn,n.|v.,n. 拍賣\nvt. 拍賣,,,CEEC-108,5,,,,大考中心高中英文參考詞彙表（111學年度起適用）,LEVEL 5,官方清單,,,
ceec-108:level-5:authorize,authorize,'ɒ:θәraiz,v.,"vt. 授權, 批准, 委託\n[經] 授權, 委任, 認可",,,CEEC-108,5,,,,大考中心高中英文參考詞彙表（111學年度起適用）,LEVEL 5,官方清單,,,
ceec-108:level-5:autonomy,autonomy,ɒ:'tɒnәmi,n.,"n. 自治, 自治權\n[醫] 自主性",,,CEEC-108,5,,,,大考中心高中英文參考詞彙表（111學年度起適用）,LEVEL 5,官方清單,,,
ceec-108:level-5:awe,awe,ɒ:,n.|v.,n. 敬畏\nvt. 使敬畏,,,CEEC-108,5,,,,大考中心高中英文參考詞彙表（111學年度起適用）,LEVEL 5,官方清單,,,
ceec-108:level-5:backyard,backyard,'bæk'jɑ:d,n.,"n. 後院, 後庭",,,CEEC-108,5,,,,大考中心高中英文參考詞彙表（111學年度起適用）,LEVEL 5,官方清單,,,
ceec-108:level-5:ballot,ballot,'bælәt,n.|v.,"n. 投票, 投票用紙, 抽籤\nvi. 投票, 抽籤\nvt. 投票選出, 拉選票",,,CEEC-108,5,,,,大考中心高中英文參考詞彙表（111學年度起適用）,LEVEL 5,官方清單,,,
ceec-108:level-5:ban,ban,bæn,n.|v.,"n. 禁令\nvt. 禁止, 取締",,,CEEC-108,5,,,,大考中心高中英文參考詞彙表（111學年度起適用）,LEVEL 5,官方清單,,,
ceec-108:level-5:banner,banner,'bænә,n.,"n. 旗幟\na. 顯著的, 特別好的",,,CEEC-108,5,,,,大考中心高中英文參考詞彙表（111學年度起適用）,LEVEL 5,官方清單,,,
ceec-108:level-5:barren,barren,'bærәn,adj.,"a. 不育的, 貧瘠的\nn. 荒地",,,CEEC-108,5,,,,大考中心高中英文參考詞彙表（111學年度起適用）,LEVEL 5,官方清單,,,
ceec-108:level-5:batch,batch,bætʃ,n.,"n. 一次所烘的麵包, 一次所制之量, 一組, 批, 成批, 分批\nv. 成批, 分批處理\n[計] 一批",,,CEEC-108,5,,,,大考中心高中英文參考詞彙表（111學年度起適用）,LEVEL 5,官方清單,,,
ceec-108:level-5:behalf,behalf,bi'hɑ:f,n.,"n. 利益, 方面",,,CEEC-108,5,,,,大考中心高中英文參考詞彙表（111學年度起適用）,LEVEL 5,官方清單,,,
ceec-108:level-5:belongings,belongings,bi'lɒŋiŋz,n.,"n. 財產, 所有物, 相關事物\n[經] 財產, 所有物, 附屬物",,,CEEC-108,5,,,,大考中心高中英文參考詞彙表（111學年度起適用）,LEVEL 5,官方清單,,,
ceec-108:level-5:beloved,beloved,bi'lʌvd,adj.|n.,a. 心愛的\nn. 心愛的人,,,CEEC-108,5,,,,大考中心高中英文參考詞彙表（111學年度起適用）,LEVEL 5,官方清單,,,
ceec-108:level-5:beneficial,beneficial,.beni'fiʃәl,adj.,"a. 有益的, 受益的\n[經] 有使用權的, 可享利益的",,,CEEC-108,5,,,,大考中心高中英文參考詞彙表（111學年度起適用）,LEVEL 5,官方清單,,,
ceec-108:level-5:betray,betray,bi'trei,v.,"vt. 出賣, 背叛, 辜負, 暴露\n[法] 出賣, 背叛, 洩漏",,,CEEC-108,5,,,,大考中心高中英文參考詞彙表（111學年度起適用）,LEVEL 5,官方清單,,,
ceec-108:level-5:beware,beware,bi'wєә,v.,"v. 小心, 謹防",,,CEEC-108,5,,,,大考中心高中英文參考詞彙表（111學年度起適用）,LEVEL 5,官方清單,,,
ceec-108:level-5:bias,bias,'baiәs,n.|v.,"n. 偏見, 斜紋\na. 偏斜的\nadv. 偏斜\nvt. 使有偏見\n[計] 偏流; 偏壓; 偏磁; 偏離",,,CEEC-108,5,,,,大考中心高中英文參考詞彙表（111學年度起適用）,LEVEL 5,官方清單,,,
ceec-108:level-5:bid,bid,bid,n.|v.,"n. 出價\nv. 命令, 吩咐, 請求, 表示, 宣佈, 投標",,,CEEC-108,5,,,,大考中心高中英文參考詞彙表（111學年度起適用）,LEVEL 5,官方清單,,,
ceec-108:level-5:biological,biological,.baiәu'lɒdʒikәl,adj.,a. 生物學的\n[醫] 生物學的,,,CEEC-108,5,,,,大考中心高中英文參考詞彙表（111學年度起適用）,LEVEL 5,官方清單,,,
ceec-108:level-5:bizarre,bizarre,bi'zɑ:,adj.,a. 奇異的,,,CEEC-108,5,,,,大考中心高中英文參考詞彙表（111學年度起適用）,LEVEL 5,官方清單,,,
ceec-108:level-5:blast,blast,blæst,n.|v.,"n. 一陣風, 爆炸, 枯萎病\nvt. 炸, 使枯萎\nvi. 炸, 猛攻, 猛烈抨擊, 枯萎",,,CEEC-108,5,,,,大考中心高中英文參考詞彙表（111學年度起適用）,LEVEL 5,官方清單,,,
ceec-108:level-5:blur,blur,blә:,n.|v.,"vt. 使模糊, 弄髒\nvi. 弄髒, 模糊",,,CEEC-108,5,,,,大考中心高中英文參考詞彙表（111學年度起適用）,LEVEL 5,官方清單,,,
ceec-108:level-5:blush,blush,blʌʃ,n.|v.,"vi. 臉紅, 羞愧\nvt. 弄成紅色\nn. 臉紅",,,CEEC-108,5,,,,大考中心高中英文參考詞彙表（111學年度起適用）,LEVEL 5,官方清單,,,
ceec-108:level-5:bodyguard,bodyguard,'bɒdigɑ:d,n.,"n. 保鏢, 護衛",,,CEEC-108,5,,,,大考中心高中英文參考詞彙表（111學年度起適用）,LEVEL 5,官方清單,,,
ceec-108:level-5:bolt,bolt,bәult,n.|v.,"n. 門閂, 螺釘, 篩子, 閃電, 意外事件\nvt. 閂住, 發射, 脫口而出, 篩, 囫圇吞下\nvi. 囫圇吞棗, 射箭, 脫韁, 退出黨派\nadv. 突然",,,CEEC-108,5,,,,大考中心高中英文參考詞彙表（111學年度起適用）,LEVEL 5,官方清單,,,
ceec-108:level-5:bonus,bonus,'bәunәs,n.,"n. 獎金, 紅利\n[經] 獎金, 紅利, 額外補貼",,,CEEC-108,5,,,,大考中心高中英文參考詞彙表（111學年度起適用）,LEVEL 5,官方清單,,,
ceec-108:level-5:boom,boom,bu:m,n.|v.,"n. 繁榮, 隆隆聲\nvi. 急速發展, 發隆隆聲\nvt. 使興旺, 發隆隆聲",,,CEEC-108,5,,,,大考中心高中英文參考詞彙表（111學年度起適用）,LEVEL 5,官方清單,,,
ceec-108:level-5:boost,boost,bu:st,n.|v.,"n. 推進, 吹捧\nvt. 推進, 提高, 宣揚, 促進",,,CEEC-108,5,,,,大考中心高中英文參考詞彙表（111學年度起適用）,LEVEL 5,官方清單,,,
ceec-108:level-5:booth,booth,bu:θ,n.,"n. 亭, 攤棚\n[經] 貨攤, 電話間",,,CEEC-108,5,,,,大考中心高中英文參考詞彙表（111學年度起適用）,LEVEL 5,官方清單,,,
ceec-108:level-5:boredom,boredom,'bɒ:dәm,n.,"n. 厭煩, 厭倦, 令人厭煩的事物",,,CEEC-108,5,,,,大考中心高中英文參考詞彙表（111學年度起適用）,LEVEL 5,官方清單,,,
ceec-108:level-5:bound,bound,baund,n.|v.,"n. 躍, 回跳, 範圍, 邊界\na. 受約束的, 裝有封面的, 有義務的, 關聯的, 被束縛的, 準備去...的, 便秘的\nvi. 跳躍, 彈起\nvt. 使跳, 限制, 形成...的疆界\nbind過去式和過去分詞\n[計] 裝訂的",,,CEEC-108,5,,,,大考中心高中英文參考詞彙表（111學年度起適用）,LEVEL 5,官方清單,,,
ceec-108:level-5:boundary,boundary,'baundri,n.,"n. 邊界, 分界線\n[計] 邊界",,,CEEC-108,5,,,,大考中心高中英文參考詞彙表（111學年度起適用）,LEVEL 5,官方清單,,,
ceec-108:level-5:boxer,boxer,'bɒksә,n.,n. 拳師,,,CEEC-108,5,,,,大考中心高中英文參考詞彙表（111學年度起適用）,LEVEL 5,官方清單,,,
ceec-108:level-5:breakthrough,breakthrough,'breikθru:,n.,"n. 突破\n[經] 突破, 新發現, 新進展",,,CEEC-108,5,,,,大考中心高中英文參考詞彙表（111學年度起適用）,LEVEL 5,官方清單,,,
ceec-108:level-5:briefcase,briefcase,'bri:fkeis,n.,n. 公事包,,,CEEC-108,5,,,,大考中心高中英文參考詞彙表（111學年度起適用）,LEVEL 5,官方清單,,,
ceec-108:level-5:bronze,bronze,brɒnz,adj.|n.,"n. 青銅, 銅像\na. 青銅色的",,,CEEC-108,5,,,,大考中心高中英文參考詞彙表（111學年度起適用）,LEVEL 5,官方清單,,,
ceec-108:level-5:browse,browse,brauz,n.|v.,"v. 瀏覽, 吃草\nn. 瀏覽, 吃草\n[計] 瀏覽",,,CEEC-108,5,,,,大考中心高中英文參考詞彙表（111學年度起適用）,LEVEL 5,官方清單,,,
ceec-108:level-5:bruise,bruise,bru:z,n.|v.,"n. 青腫, 挫傷, 擦傷\nvi. 受傷, 擦傷\nvt. 使受傷, 研碎",,,CEEC-108,5,,,,大考中心高中英文參考詞彙表（111學年度起適用）,LEVEL 5,官方清單,,,
ceec-108:level-5:bulk,bulk,bʌlk,n.,"n. 大小, 體積, 大塊, 大多數\nvt. 顯得大, 顯得重要",,,CEEC-108,5,,,,大考中心高中英文參考詞彙表（111學年度起適用）,LEVEL 5,官方清單,,,
ceec-108:level-5:bully,bully,'buli,n.|v.,"n. 欺凌弱小者, 土霸\nvt. 威脅, 恐嚇, 欺負\nvi. 欺負\na. 特好的, 第一流的\nadv. 十分",,,CEEC-108,5,,,,大考中心高中英文參考詞彙表（111學年度起適用）,LEVEL 5,官方清單,,,
ceec-108:level-5:bureau,bureau,'bjuәrәu,n.,"n. 局, 辦公處\n[經] 局, 司, 處",,,CEEC-108,5,,,,大考中心高中英文參考詞彙表（111學年度起適用）,LEVEL 5,官方清單,,,
ceec-108:level-5:bureaucracy,bureaucracy,bjuә'rɒkrәsi,n.,"n. 官僚, 官吏\n[法] 官僚主義, 官僚政治, 官僚機構",,,CEEC-108,5,,,,大考中心高中英文參考詞彙表（111學年度起適用）,LEVEL 5,官方清單,,,
ceec-108:level-5:burial,burial,'beriәl,n.,"n. 埋葬, 葬禮\n[法] 埋葬, 葬禮",,,CEEC-108,5,,,,大考中心高中英文參考詞彙表（111學年度起適用）,LEVEL 5,官方清單,,,
ceec-108:level-5:butcher,butcher,'butʃә,n.|v.,"n. 屠夫, 肉商, 小販\nvt. 屠宰, 屠殺",,,CEEC-108,5,,,,大考中心高中英文參考詞彙表（111學年度起適用）,LEVEL 5,官方清單,,,
ceec-108:level-5:calcium,calcium,'kælsiәm,n.,n. 鈣\n[化] 鈣Ca,,,CEEC-108,5,,,,大考中心高中英文參考詞彙表（111學年度起適用）,LEVEL 5,官方清單,,,
ceec-108:level-5:canal,canal,kә'næl,n.,"n. 運河, 水道, 管, 溝渠\nvt. 開運河",,,CEEC-108,5,,,,大考中心高中英文參考詞彙表（111學年度起適用）,LEVEL 5,官方清單,,,
ceec-108:level-5:canvas,canvas,'kænvәs,n.|v.,"n. 帆布, 畫布, 油畫\n[化] 帆布",,,CEEC-108,5,,,,大考中心高中英文參考詞彙表（111學年度起適用）,LEVEL 5,官方清單,,,
ceec-108:level-5:capability,capability,.keipә'biliti,n.,"n. 能力, 效能, 約束力\n[化] 能力",,,CEEC-108,5,,,,大考中心高中英文參考詞彙表（111學年度起適用）,LEVEL 5,官方清單,,,
ceec-108:level-5:carbon,carbon,'kɑ:bәn,n.,"n. 碳, 副本, 複寫紙\n[化] 碳",,,CEEC-108,5,,,,大考中心高中英文參考詞彙表（111學年度起適用）,LEVEL 5,官方清單,,,
ceec-108:level-5:carnival,carnival,'kɑ:nivәl,n.,"n. 嘉年華會, 狂歡節, 飲宴狂歡",,,CEEC-108,5,,,,大考中心高中英文參考詞彙表（111學年度起適用）,LEVEL 5,官方清單,,,
ceec-108:level-5:casino,casino,kә'si:nәu,n.,"n. 卡西諾賭場, 卡西諾牌戲",,,CEEC-108,5,,,,大考中心高中英文參考詞彙表（111學年度起適用）,LEVEL 5,官方清單,,,
ceec-108:level-5:cathedral,cathedral,kә'θi:drәl,n.,n. 大教堂,,,CEEC-108,5,,,,大考中心高中英文參考詞彙表（111學年度起適用）,LEVEL 5,官方清單,,,
ceec-108:level-5:caution,caution,'kɒ:ʃәn,n.|v.,"n. 小心, 慎重, 警示\nvt. 警告\n[計] 警告",,,CEEC-108,5,,,,大考中心高中英文參考詞彙表（111學年度起適用）,LEVEL 5,官方清單,,,
ceec-108:level-5:cautious,cautious,'kɒ:ʃәs,adj.,"a. 謹慎的, 小心的",,,CEEC-108,5,,,,大考中心高中英文參考詞彙表（111學年度起適用）,LEVEL 5,官方清單,,,
ceec-108:level-5:celebrity,celebrity,si'lebrti,n.,"n. 名聲, 名人",,,CEEC-108,5,,,,大考中心高中英文參考詞彙表（111學年度起適用）,LEVEL 5,官方清單,,,
ceec-108:level-5:cemetery,cemetery,'semitәri,n.,"n. 墓地, 公墓\n[法] 公墓, 墓地",,,CEEC-108,5,,,,大考中心高中英文參考詞彙表（111學年度起適用）,LEVEL 5,官方清單,,,
ceec-108:level-5:ceremony,ceremony,'serimәni,n.,"n. 典禮, 儀式, 禮節\n[法] 典禮, 儀式",,,CEEC-108,5,,,,大考中心高中英文參考詞彙表（111學年度起適用）,LEVEL 5,官方清單,,,
ceec-108:level-5:certainty,certainty,'sә:tәnti,n.,"n. 確定, 確實的事情\n[法] 確定, 肯定, 必然的事",,,CEEC-108,5,,,,大考中心高中英文參考詞彙表（111學年度起適用）,LEVEL 5,官方清單,,,
ceec-108:level-5:certificate,certificate,sә'tifikeit,n.|v.,"n. 證書, 證明書\nvt. 發給證明書, 用證書批准, 用證書證明",,,CEEC-108,5,,,,大考中心高中英文參考詞彙表（111學年度起適用）,LEVEL 5,官方清單,,,
ceec-108:level-5:chaos,chaos,'keiɒs,n.,"n. 大混亂, 混沌\n[化] 混沌; 渾沌",,,CEEC-108,5,,,,大考中心高中英文參考詞彙表（111學年度起適用）,LEVEL 5,官方清單,,,
ceec-108:level-5:chapel,chapel,'tʃæpәl,n.,"n. 小教堂, 禮拜式",,,CEEC-108,5,,,,大考中心高中英文參考詞彙表（111學年度起適用）,LEVEL 5,官方清單,,,
ceec-108:level-5:characterize,characterize,'kærәktәraiz,v.,"vt. 描繪...的特性, 刻劃...的性格",,,CEEC-108,5,,,,大考中心高中英文參考詞彙表（111學年度起適用）,LEVEL 5,官方清單,,,
ceec-108:level-5:chef,chef,ʃef,n.,n. 廚師,,,CEEC-108,5,,,,大考中心高中英文參考詞彙表（111學年度起適用）,LEVEL 5,官方清單,,,
ceec-108:level-5:choir,choir,'kwaiә,n.,"n. 唱詩班, 唱詩班的席位\nv. 合唱",,,CEEC-108,5,,,,大考中心高中英文參考詞彙表（111學年度起適用）,LEVEL 5,官方清單,,,
ceec-108:level-5:chord,chord,kɒ:d,n.,"n. 弦, 和音\n[醫] 索, 帶",,,CEEC-108,5,,,,大考中心高中英文參考詞彙表（111學年度起適用）,LEVEL 5,官方清單,,,
ceec-108:level-5:chore,chore,tʃɒ:,n.,"n. 零工, 家務\n[經] 零工",,,CEEC-108,5,,,,大考中心高中英文參考詞彙表（111學年度起適用）,LEVEL 5,官方清單,,,
ceec-108:level-5:chronic,chronic,'krɒnik,adj.,"a. 慢性的, 習慣性的\nn. 慢性病患者",,,CEEC-108,5,,,,大考中心高中英文參考詞彙表（111學年度起適用）,LEVEL 5,官方清單,,,
ceec-108:level-5:chubby,chubby,'tʃʌbi,adj.,a. 圓胖的,,,CEEC-108,5,,,,大考中心高中英文參考詞彙表（111學年度起適用）,LEVEL 5,官方清單,,,
ceec-108:level-5:chunk,chunk,tʃʌŋk,n.,"n. 大塊, 矮胖的人(或物)\n[經] 定樣",,,CEEC-108,5,,,,大考中心高中英文參考詞彙表（111學年度起適用）,LEVEL 5,官方清單,,,
ceec-108:level-5:circuit,circuit,'sә:kit,n.,"n. 電路, 環(行)道, 巡迴\n[計] 線路; 電路",,,CEEC-108,5,,,,大考中心高中英文參考詞彙表（111學年度起適用）,LEVEL 5,官方清單,,,
ceec-108:level-5:cite,cite,sait,v.,"vt. 引用, 引證, 表彰\n[建] 引證, 指引",,,CEEC-108,5,,,,大考中心高中英文參考詞彙表（111學年度起適用）,LEVEL 5,官方清單,,,
ceec-108:level-5:citizenship,citizenship,'sitizәnʃip,n.,"n. 國籍, 市民權, 市民的身份\n[法] 公民權, 公民資格, 公民身分",,,CEEC-108,5,,,,大考中心高中英文參考詞彙表（111學年度起適用）,LEVEL 5,官方清單,,,
ceec-108:level-5:civic,civic,'sivik,adj.,"a. 市的, 市民的, 公民的\n[法] 公民的, 市民的, 公民資格的",,,CEEC-108,5,,,,大考中心高中英文參考詞彙表（111學年度起適用）,LEVEL 5,官方清單,,,
ceec-108:level-5:clarity,clarity,'klærәti,n.,"n. 清楚, 明晰\n[化] 透明度; 透明性; 清晰性",,,CEEC-108,5,,,,大考中心高中英文參考詞彙表（111學年度起適用）,LEVEL 5,官方清單,,,
ceec-108:level-5:clause,clause,klɒ:z,n.,"n. 子句, 條款\n[計] 子句",,,CEEC-108,5,,,,大考中心高中英文參考詞彙表（111學年度起適用）,LEVEL 5,官方清單,,,
ceec-108:level-5:cling,cling,kliŋ,v.,"vi. 粘緊, 附著, 緊貼, 堅持",,,CEEC-108,5,,,,大考中心高中英文參考詞彙表（111學年度起適用）,LEVEL 5,官方清單,,,
ceec-108:level-5:clinical,clinical,'klinikәl,adj.,"a. 臨床的, 門診部的\n[醫] 臨床的, 臨證的",,,CEEC-108,5,,,,大考中心高中英文參考詞彙表（111學年度起適用）,LEVEL 5,官方清單,,,
ceec-108:level-5:cluster,cluster,'klʌstә,n.|v.,"n. 串, 叢, 群, 簇\nvi. 成串, 叢生\nvt. 使聚集\n[計] 簇",,,CEEC-108,5,,,,大考中心高中英文參考詞彙表（111學年度起適用）,LEVEL 5,官方清單,,,
ceec-108:level-5:cocaine,cocaine,kә'kein,n.,"n. 可卡因, 古柯鹼\n[化] 可卡因; 古柯鹼",,,CEEC-108,5,,,,大考中心高中英文參考詞彙表（111學年度起適用）,LEVEL 5,官方清單,,,
ceec-108:level-5:coffin,coffin,'kɒfin,n.,"n. 棺材, 靈柩\nvt. 把...裝進棺材",,,CEEC-108,5,,,,大考中心高中英文參考詞彙表（111學年度起適用）,LEVEL 5,官方清單,,,
ceec-108:level-5:cognitive,cognitive,'kɒgnitiv,adj.,"a. 認知的, 認識的",,,CEEC-108,5,,,,大考中心高中英文參考詞彙表（111學年度起適用）,LEVEL 5,官方清單,,,
ceec-108:level-5:coherent,coherent,kәu'hiәrәnt,adj.,"a. 互相耦合的, 清晰的, 明瞭的，凝聚性的, 連貫的",,,CEEC-108,5,,,,大考中心高中英文參考詞彙表（111學年度起適用）,LEVEL 5,官方清單,,,
ceec-108:level-5:coincidence,coincidence,kәu'insidәns,n.,"n. 巧合, 同時發生\n[電] 符合計數器",,,CEEC-108,5,,,,大考中心高中英文參考詞彙表（111學年度起適用）,LEVEL 5,官方清單,,,
ceec-108:level-5:collaboration,collaboration,kә.læbә'ræʃәn,n.,"n. 合作, 勾結\n[法] 通敵賣國者, 奸細",,,CEEC-108,5,,,,大考中心高中英文參考詞彙表（111學年度起適用）,LEVEL 5,官方清單,,,
ceec-108:level-5:collective,collective,kә'leiktiv,adj.|n.,"a. 集體的, 聚集的, 共同的\n[醫] 集體的, 集合的",,,CEEC-108,5,,,,大考中心高中英文參考詞彙表（111學年度起適用）,LEVEL 5,官方清單,,,
ceec-108:level-5:collector,collector,kә'lektә,n.,"n. 收集家, 收取款項的人\n[化] 集電極; 捕收劑",,,CEEC-108,5,,,,大考中心高中英文參考詞彙表（111學年度起適用）,LEVEL 5,官方清單,,,
ceec-108:level-5:colonial,colonial,kә'lәunjәl,adj.|n.,"a. 殖民的, 殖民地的\n[法] 殖民地居民",,,CEEC-108,5,,,,大考中心高中英文參考詞彙表（111學年度起適用）,LEVEL 5,官方清單,,,
ceec-108:level-5:columnist,columnist,'kɒlәmist,n.,n. 專欄作家,,,CEEC-108,5,,,,大考中心高中英文參考詞彙表（111學年度起適用）,LEVEL 5,官方清單,,,
ceec-108:level-5:combat,combat,'kɒmbæt,n.|v.,"n. 爭鬥, 戰鬥\nvi. 戰鬥, 爭鬥\nvt. 與...戰鬥, 與...鬥爭",,,CEEC-108,5,,,,大考中心高中英文參考詞彙表（111學年度起適用）,LEVEL 5,官方清單,,,
ceec-108:level-5:comedian,comedian,kә'mi:djәn,n.,n. 喜劇演員,,,CEEC-108,5,,,,大考中心高中英文參考詞彙表（111學年度起適用）,LEVEL 5,官方清單,,,
ceec-108:level-5:commentary,commentary,'kɒmәntәri,n.,"n. 註釋, 評論, 說明\n[法] 註釋, 評註, 評論",,,CEEC-108,5,,,,大考中心高中英文參考詞彙表（111學年度起適用）,LEVEL 5,官方清單,,,
ceec-108:level-5:commentator,commentator,'kɔmenteitә,n.,"n. 評論員, 實況廣播員, 註釋者, 時事評論員",,,CEEC-108,5,,,,大考中心高中英文參考詞彙表（111學年度起適用）,LEVEL 5,官方清單,,,
ceec-108:level-5:commission,commission,kә'miʃәn,n.|v.,"n. 委任狀, 任官令, 所委職責, 佣金, 犯, 委託, 所託之事\nvt. 委任, 委託製作, 使服役",,,CEEC-108,5,,,,大考中心高中英文參考詞彙表（111學年度起適用）,LEVEL 5,官方清單,,,
ceec-108:level-5:commitment,commitment,kә'mitmәnt,n.,"n. 委託, 交押, 承擔義務, 贊助\n[醫] 院禁",,,CEEC-108,5,,,,大考中心高中英文參考詞彙表（111學年度起適用）,LEVEL 5,官方清單,,,
ceec-108:level-5:commodity,commodity,kә'mɒditi,n.,"n. 農產品, 商品, 有用的物品\n[經] 商品, 貨物, 日用品",,,CEEC-108,5,,,,大考中心高中英文參考詞彙表（111學年度起適用）,LEVEL 5,官方清單,,,
ceec-108:level-5:communism,communism,'kɒmjunizm,n.,n. 共產主義,,,CEEC-108,5,,,,大考中心高中英文參考詞彙表（111學年度起適用）,LEVEL 5,官方清單,,,
ceec-108:level-5:communist,communist,'kɒmjunist,adj.|n.,"n. 共產主義者, 共產黨員\n[法] 共產主義的, 共產黨的",,,CEEC-108,5,,,,大考中心高中英文參考詞彙表（111學年度起適用）,LEVEL 5,官方清單,,,
ceec-108:level-5:commute,commute,kә'mju:t,v.,"vt. 交換, 折償, 減輕\nvi. 代償, 經常乘車來往",,,CEEC-108,5,,,,大考中心高中英文參考詞彙表（111學年度起適用）,LEVEL 5,官方清單,,,
ceec-108:level-5:commuter,commuter,kә'mju:tә,n.,"n. 乘公共車輛上下班者, 月季票乘客\n[經] 非(當地)居民",,,CEEC-108,5,,,,大考中心高中英文參考詞彙表（111學年度起適用）,LEVEL 5,官方清單,,,
ceec-108:level-5:compact,compact,kәm'pækt,adj.|n.|v.,"a. 緊湊的, 緊密的, 簡潔的\nvt. 使緊密結合, 壓縮\nvi. 變堅實",,,CEEC-108,5,,,,大考中心高中英文參考詞彙表（111學年度起適用）,LEVEL 5,官方清單,,,
ceec-108:level-5:comparable,comparable,'kɒmpәrәbl,adj.,"a. 可比較的, 比得上的",,,CEEC-108,5,,,,大考中心高中英文參考詞彙表（111學年度起適用）,LEVEL 5,官方清單,,,
ceec-108:level-5:compassion,compassion,kәm'pæʃәn,n.,"n. 同情, 憐憫",,,CEEC-108,5,,,,大考中心高中英文參考詞彙表（111學年度起適用）,LEVEL 5,官方清單,,,
ceec-108:level-5:compassionate,compassionate,kәm'pæʃәnit,adj.,"a. 慈悲的, 富於同情心的, 照顧性的\nvt. 憐憫, 同情",,,CEEC-108,5,,,,大考中心高中英文參考詞彙表（111學年度起適用）,LEVEL 5,官方清單,,,
ceec-108:level-5:compatible,compatible,kәm'pætәbl,adj.,"a. 能共處的, 可並立的, 適合的\n[計] 相容的; 相容的",,,CEEC-108,5,,,,大考中心高中英文參考詞彙表（111學年度起適用）,LEVEL 5,官方清單,,,
ceec-108:level-5:compel,compel,kәm'pel,v.,"vt. 強迫, 迫使",,,CEEC-108,5,,,,大考中心高中英文參考詞彙表（111學年度起適用）,LEVEL 5,官方清單,,,
ceec-108:level-5:compensate,compensate,'kɒmpenseit,v.,"v. 償還, 補償, 付報酬",,,CEEC-108,5,,,,大考中心高中英文參考詞彙表（111學年度起適用）,LEVEL 5,官方清單,,,
ceec-108:level-5:compensation,compensation,.kɒmpen'seiʃәn,n.,"n. 補償, 賠償金, 工資\n[醫] 代償(機能), 補償",,,CEEC-108,5,,,,大考中心高中英文參考詞彙表（111學年度起適用）,LEVEL 5,官方清單,,,
ceec-108:level-5:competence,competence,'kɒmpitәns,n.,"n. 勝任, 職稱, 能力\n[醫] 能力, 活性",,,CEEC-108,5,,,,大考中心高中英文參考詞彙表（111學年度起適用）,LEVEL 5,官方清單,,,
ceec-108:level-5:competent,competent,'kɒmpitәnt,adj.,"a. 能幹的, 勝任的, 有效的, 足夠的\n[經] 有權的, 授權的, 勝任的",,,CEEC-108,5,,,,大考中心高中英文參考詞彙表（111學年度起適用）,LEVEL 5,官方清單,,,
ceec-108:level-5:complexity,complexity,kәm'pleksiti,n.,"n. 複雜, 複雜性, 複雜的事物",,,CEEC-108,5,,,,大考中心高中英文參考詞彙表（111學年度起適用）,LEVEL 5,官方清單,,,
ceec-108:level-5:compliance,compliance,kәm'plaiәns,n.,"n. 遵從, 順從, 屈從\n[化] 柔順; 順應",,,CEEC-108,5,,,,大考中心高中英文參考詞彙表（111學年度起適用）,LEVEL 5,官方清單,,,
ceec-108:level-5:complication,complication,.kɒmpli'keiʃәn,n.,"n. 複雜化, 複雜情況\n[醫] 併發症, 併發病",,,CEEC-108,5,,,,大考中心高中英文參考詞彙表（111學年度起適用）,LEVEL 5,官方清單,,,
ceec-108:level-5:compliment,compliment,'kɒmplimәnt,n.|v.,"n. 稱讚, 恭維, 敬意\nvt. 稱讚, 褒揚, 恭維",,,CEEC-108,5,,,,大考中心高中英文參考詞彙表（111學年度起適用）,LEVEL 5,官方清單,,,
ceec-108:level-5:comply,comply,kәm'plai,v.,"vi. 順從, 依從\n[法] 遵守, 承諾, 照做",,,CEEC-108,5,,,,大考中心高中英文參考詞彙表（111學年度起適用）,LEVEL 5,官方清單,,,
ceec-108:level-5:component,component,kәm'pәunәnt,adj.|n.,"n. 元件, 元件, 成分\na. 組成的, 構成的\n[計] 元件",,,CEEC-108,5,,,,大考中心高中英文參考詞彙表（111學年度起適用）,LEVEL 5,官方清單,,,
ceec-108:level-5:compound,compound,kәm'paund,adj.|n.|v.,"n. 混合物, 複合詞, 化合物, 院子\na. 複合的, 混合的, 化合的\nvi. 化合, 和解, 妥協\nvt. 使複合, 使化合",,,CEEC-108,5,,,,大考中心高中英文參考詞彙表（111學年度起適用）,LEVEL 5,官方清單,,,
ceec-108:level-5:comprehend,comprehend,.kɒmpri'hend,v.,"vt. 理解, 包括",,,CEEC-108,5,,,,大考中心高中英文參考詞彙表（111學年度起適用）,LEVEL 5,官方清單,,,
ceec-108:level-5:comprehension,comprehension,.kɒmpri'henʃәn,n.,"n. 理解, 包含",,,CEEC-108,5,,,,大考中心高中英文參考詞彙表（111學年度起適用）,LEVEL 5,官方清單,,,
ceec-108:level-5:comprise,comprise,kәm'praiz,v.,"vt. 包含, 構成",,,CEEC-108,5,,,,大考中心高中英文參考詞彙表（111學年度起適用）,LEVEL 5,官方清單,,,
ceec-108:level-5:compromise,compromise,'kɒmprәmaiz,n.|v.,"n. 妥協, 折中, 折中方案, 和解\nvi. 妥協處理\nvt. 危害",,,CEEC-108,5,,,,大考中心高中英文參考詞彙表（111學年度起適用）,LEVEL 5,官方清單,,,
ceec-108:level-5:compulsory,compulsory,kәm'pʌlsәri,adj.,"a. 被強制的, 強迫的, 義務的\n[經] 強迫的, 強制的",,,CEEC-108,5,,,,大考中心高中英文參考詞彙表（111學年度起適用）,LEVEL 5,官方清單,,,
ceec-108:level-5:conceal,conceal,kәn'si:l,v.,"vt. 隱藏, 掩蓋, 隱瞞\n[法] 隱瞞, 隱匿, 保守秘密",,,CEEC-108,5,,,,大考中心高中英文參考詞彙表（111學年度起適用）,LEVEL 5,官方清單,,,
ceec-108:level-5:concede,concede,kәn'si:d,v.,"vt. 承認, 退讓\nvi. 讓步",,,CEEC-108,5,,,,大考中心高中英文參考詞彙表（111學年度起適用）,LEVEL 5,官方清單,,,
ceec-108:level-5:conceive,conceive,kәn'si:v,v.,"vt. 構思, 認為\nvi. 懷孕",,,CEEC-108,5,,,,大考中心高中英文參考詞彙表（111學年度起適用）,LEVEL 5,官方清單,,,
ceec-108:level-5:conception,conception,kɒn'sepʃәn,n.,"n. 觀念, 概念\n[醫] 妊娠, 受孕; 概念",,,CEEC-108,5,,,,大考中心高中英文參考詞彙表（111學年度起適用）,LEVEL 5,官方清單,,,
ceec-108:level-5:condemn,condemn,kәn'dem,v.,"vt. 判刑, 責備, 譴責\n[法] 定罪, 判刑, 宣告有罪",,,CEEC-108,5,,,,大考中心高中英文參考詞彙表（111學年度起適用）,LEVEL 5,官方清單,,,
ceec-108:level-5:conduct,conduct,"'kɔndʌkt, -dәkt",n.|v.,"n. 行為, 舉動, 指導\nvt. 為人, 指揮, 管理, 實施\nvi. 領導, 傳導, 指揮",,,CEEC-108,5,,,,大考中心高中英文參考詞彙表（111學年度起適用）,LEVEL 5,官方清單,,,
ceec-108:level-5:confession,confession,kәn'feʃәn,n.,"n. 承認, 坦白, 招供\n[法] 自白, 招供, 自認有罪",,,CEEC-108,5,,,,大考中心高中英文參考詞彙表（111學年度起適用）,LEVEL 5,官方清單,,,
ceec-108:level-5:confidential,confidential,.kɒnfi'denʃәl,adj.,"a. 機密的, 獲他人信賴的, 易於信任他人的\n[經] 秘密件",,,CEEC-108,5,,,,大考中心高中英文參考詞彙表（111學年度起適用）,LEVEL 5,官方清單,,,
ceec-108:level-5:confine,confine,kәn'fain,v.,"vt. 限制, 使不外出, 禁閉\nvi. 鄰接, 交界\nn. 邊緣, 範圍, 區域",,,CEEC-108,5,,,,大考中心高中英文參考詞彙表（111學年度起適用）,LEVEL 5,官方清單,,,
ceec-108:level-5:conform,conform,kәn'fɒ:m,v.,"vt. 使一致, 使遵守, 使符合\nvi. 一致, 符合, 適應",,,CEEC-108,5,,,,大考中心高中英文參考詞彙表（111學年度起適用）,LEVEL 5,官方清單,,,
ceec-108:level-5:confront,confront,kәn'frʌnt,v.,"vt. 使面對, 對抗, 遭遇, 使對質, 比較\n[法] 對證, 使對質, 比較",,,CEEC-108,5,,,,大考中心高中英文參考詞彙表（111學年度起適用）,LEVEL 5,官方清單,,,
ceec-108:level-5:confrontation,confrontation,.kɔnfrʌn'teiʃәn,n.,n. 對抗；對質；面對,,,CEEC-108,5,,,,大考中心高中英文參考詞彙表（111學年度起適用）,LEVEL 5,官方清單,,,
ceec-108:level-5:consecutive,consecutive,kәn'sekjutiv,adj.,"a. 連續的, 聯貫的\n[計] 連續的; 連線的",,,CEEC-108,5,,,,大考中心高中英文參考詞彙表（111學年度起適用）,LEVEL 5,官方清單,,,
ceec-108:level-5:consensus,consensus,kәn'sensәs,n.,"n. 合意, 一致, 同感\n[計] 合意",,,CEEC-108,5,,,,大考中心高中英文參考詞彙表（111學年度起適用）,LEVEL 5,官方清單,,,
ceec-108:level-5:consent,consent,kәn'sent,n.|v.,"n. 同意, 許可\nvi. 同意, 贊同",,,CEEC-108,5,,,,大考中心高中英文參考詞彙表（111學年度起適用）,LEVEL 5,官方清單,,,
ceec-108:level-5:conservation,conservation,.kɒnsә'veiʃәn,n.,"n. 保護, 儲存\n[醫] 儲存",,,CEEC-108,5,,,,大考中心高中英文參考詞彙表（111學年度起適用）,LEVEL 5,官方清單,,,
ceec-108:level-5:considerate,considerate,kәn'sidәrit,adj.,"a. 體貼的, 體諒的, 考慮周到的",,,CEEC-108,5,,,,大考中心高中英文參考詞彙表（111學年度起適用）,LEVEL 5,官方清單,,,
ceec-108:level-5:constitutional,constitutional,.kɒnsti'tju:ʃәnl,adj.|n.,"a. 憲法的, 立憲的, 體質的\n[醫] 全身的; 體質的",,,CEEC-108,5,,,,大考中心高中英文參考詞彙表（111學年度起適用）,LEVEL 5,官方清單,,,
ceec-108:level-5:constraint,constraint,kәn'streint,n.,"n. 強制, 約束\n[計] 約束",,,CEEC-108,5,,,,大考中心高中英文參考詞彙表（111學年度起適用）,LEVEL 5,官方清單,,,
ceec-108:level-5:consultation,consultation,.kɒnsәl'teiʃәn,n.,"n. 請教, 諮詢, 磋商會\n[醫] 會診",,,CEEC-108,5,,,,大考中心高中英文參考詞彙表（111學年度起適用）,LEVEL 5,官方清單,,,
ceec-108:level-5:consumption,consumption,kәn'sʌmpʃәn,n.,"n. 消費, 消費量, 癆病\n[化] 消耗量; 耗量",,,CEEC-108,5,,,,大考中心高中英文參考詞彙表（111學年度起適用）,LEVEL 5,官方清單,,,
ceec-108:level-5:contagious,contagious,kәn'teidʒәs,adj.,"a. 觸染性的, 會蔓延的\n[醫] (接)觸(傳)染的",,,CEEC-108,5,,,,大考中心高中英文參考詞彙表（111學年度起適用）,LEVEL 5,官方清單,,,
ceec-108:level-5:contaminate,contaminate,kәn'tæmineit,v.,"vt. 弄汙, 弄髒, 汙染, 毒害\n[化] 汙染",,,CEEC-108,5,,,,大考中心高中英文參考詞彙表（111學年度起適用）,LEVEL 5,官方清單,,,
ceec-108:level-5:contemplate,contemplate,'kɒntempleit,v.,"vt. 注視, 沉思, 盤算\nvi. 冥思苦想",,,CEEC-108,5,,,,大考中心高中英文參考詞彙表（111學年度起適用）,LEVEL 5,官方清單,,,
ceec-108:level-5:contemporary,contemporary,kәn'tempәrәri,adj.|n.,"n. 同時代的人\na. 同時代的, 屬於同一時期的",,,CEEC-108,5,,,,大考中心高中英文參考詞彙表（111學年度起適用）,LEVEL 5,官方清單,,,
ceec-108:level-5:contempt,contempt,kәn'tempt,n.,"n. 輕視, 輕蔑\n[法] 藐視, 侮辱, 輕視",,,CEEC-108,5,,,,大考中心高中英文參考詞彙表（111學年度起適用）,LEVEL 5,官方清單,,,
ceec-108:level-5:contend,contend,kәn'tend,v.,"vi. 奮鬥, 鬥爭, 競爭\nvt. 為...鬥爭",,,CEEC-108,5,,,,大考中心高中英文參考詞彙表（111學年度起適用）,LEVEL 5,官方清單,,,
ceec-108:level-5:continental,continental,.kɒnti'nentl,adj.,"a. 大陸的, 洲的\nn. 歐洲大陸人",,,CEEC-108,5,,,,大考中心高中英文參考詞彙表（111學年度起適用）,LEVEL 5,官方清單,,,
ceec-108:level-5:contractor,contractor,'kɒntræktә,n.,"n. 立契約的人, 承包商\n[化] 承包者; 承包工廠",,,CEEC-108,5,,,,大考中心高中英文參考詞彙表（111學年度起適用）,LEVEL 5,官方清單,,,
ceec-108:level-5:contradiction,contradiction,.kɒntrә'dikʃәn,n.,"n. 反駁, 矛盾\n[法] 矛盾, 否認, 反駁",,,CEEC-108,5,,,,大考中心高中英文參考詞彙表（111學年度起適用）,LEVEL 5,官方清單,,,
ceec-108:level-5:controversial,controversial,.kɒntrә'vә:ʃәl,adj.,"a. 爭論的, 論爭的, 被議論的",,,CEEC-108,5,,,,大考中心高中英文參考詞彙表（111學年度起適用）,LEVEL 5,官方清單,,,
ceec-108:level-5:controversy,controversy,'kɒntrәvә:si,n.,"n. 論爭, 辯論, 論戰, 爭論\n[法] 論戰, 爭論, 爭吵",,,CEEC-108,5,,,,大考中心高中英文參考詞彙表（111學年度起適用）,LEVEL 5,官方清單,,,
ceec-108:level-5:conversion,conversion,kәn'vә:ʃәn,n.,"n. 轉變, 轉換, 改變宗教信仰, 換位法\n[計] 轉換",,,CEEC-108,5,,,,大考中心高中英文參考詞彙表（111學年度起適用）,LEVEL 5,官方清單,,,
ceec-108:level-5:convert,convert,kәn'vә:t,v.,"n. 皈依者, 改變宗教信仰者\nvt. 使改變信仰, 轉換, 兌換, 倒置\nvi. 皈依\n[計] 轉換",,,CEEC-108,5,,,,大考中心高中英文參考詞彙表（111學年度起適用）,LEVEL 5,官方清單,,,
ceec-108:level-5:convict,convict,kәn'vikt,n.|v.,"n. 囚犯, 罪犯\nvt. 宣告有罪, 使知罪",,,CEEC-108,5,,,,大考中心高中英文參考詞彙表（111學年度起適用）,LEVEL 5,官方清單,,,
ceec-108:level-5:conviction,conviction,kәn'vikʃәn,n.,"n. 定罪, 信服, 堅信\n[法] 定罪, 證明有罪, 判罪",,,CEEC-108,5,,,,大考中心高中英文參考詞彙表（111學年度起適用）,LEVEL 5,官方清單,,,
ceec-108:level-5:coordinate,coordinate,kәu'ɒ:dineit,adj.|n.|v.,"n. 同等的人(或物), 座標\na. 同等的, 並列的\nv. (使)協調",,,CEEC-108,5,,,,大考中心高中英文參考詞彙表（111學年度起適用）,LEVEL 5,官方清單,,,
ceec-108:level-5:copyright,copyright,'kɒpirait,n.|v.,"n. 版權, 著作權\n[法] 著作權",,,CEEC-108,5,,,,大考中心高中英文參考詞彙表（111學年度起適用）,LEVEL 5,官方清單,,,
ceec-108:level-5:core,core,kɒ:,n.,"n. 核心, 果心, 要點\nvt. 挖...的核\n[計] 核心, 核心網",,,CEEC-108,5,,,,大考中心高中英文參考詞彙表（111學年度起適用）,LEVEL 5,官方清單,,,
ceec-108:level-5:corporate,corporate,'kɒ:pәrit,adj.,"a. 社團的, 合夥的, 公司的\n[經] 團體的, 法人的, 社團的",,,CEEC-108,5,,,,大考中心高中英文參考詞彙表（111學年度起適用）,LEVEL 5,官方清單,,,
ceec-108:level-5:corporation,corporation,.kɒ:pә'reiʃәn,n.,"n. 公司, 合作, 法人團體\n[法] 法人團體, 社團, 法人",,,CEEC-108,5,,,,大考中心高中英文參考詞彙表（111學年度起適用）,LEVEL 5,官方清單,,,
ceec-108:level-5:correlation,correlation,.kɒrә'leiʃәn,n.,"n. 相互關係, 相關, 關聯\n[醫] 相關, 聯絡",,,CEEC-108,5,,,,大考中心高中英文參考詞彙表（111學年度起適用）,LEVEL 5,官方清單,,,
ceec-108:level-5:correspondent,correspondent,.kɒri'spɒndәnt,n.,"n. 通訊記者, 通訊者\n[經] 客戶, 代理商行, 代理銀行",,,CEEC-108,5,,,,大考中心高中英文參考詞彙表（111學年度起適用）,LEVEL 5,官方清單,,,
ceec-108:level-5:corridor,corridor,'kɒridɒ:,n.,"n. 走廊, 迴廊, 人口密集地帶",,,CEEC-108,5,,,,大考中心高中英文參考詞彙表（111學年度起適用）,LEVEL 5,官方清單,,,
ceec-108:level-5:corrupt,corrupt,kә'rʌpt,adj.|v.,"a. 腐敗的, 貪汙的, 訛誤充斥的\nvt. 使腐爛, 腐蝕, 使惡化\nvi. 腐爛, 墮落",,,CEEC-108,5,,,,大考中心高中英文參考詞彙表（111學年度起適用）,LEVEL 5,官方清單,,,
ceec-108:level-5:corruption,corruption,kә'rʌpʃәn,n.,"n. 腐敗, 墮落, 貪汙\n[計] 論誤",,,CEEC-108,5,,,,大考中心高中英文參考詞彙表（111學年度起適用）,LEVEL 5,官方清單,,,
ceec-108:level-5:counsel,counsel,'kaunsәl,n.|v.,"n. 商議, 忠告, 法律顧問\nv. 商議, 勸告",,,CEEC-108,5,,,,大考中心高中英文參考詞彙表（111學年度起適用）,LEVEL 5,官方清單,,,
ceec-108:level-5:counselor,counselor,'kaunsәlә,n.,"n. 顧問, 參事, 法律顧問",,,CEEC-108,5,,,,大考中心高中英文參考詞彙表（111學年度起適用）,LEVEL 5,官方清單,,,
ceec-108:level-5:courteous,courteous,'kә:tjәs,adj.,"a. 彬彬有禮, 謙恭的",,,CEEC-108,5,,,,大考中心高中英文參考詞彙表（111學年度起適用）,LEVEL 5,官方清單,,,
ceec-108:level-5:coverage,coverage,'kʌvәridʒ,n.,"n. 覆蓋的範圍, 保險總額, 新聞報導\n[化] 可達範圍; 覆蓋度",,,CEEC-108,5,,,,大考中心高中英文參考詞彙表（111學年度起適用）,LEVEL 5,官方清單,,,
ceec-108:level-5:credibility,credibility,.kredi'biliti,n.,"n. 可信用, 確實性, 可靠\n[法] 證據能力, 可信程度, 確實性",,,CEEC-108,5,,,,大考中心高中英文參考詞彙表（111學年度起適用）,LEVEL 5,官方清單,,,
ceec-108:level-5:creek,creek,kri:k,n.,"n. 小溪, 小河, 小灣",,,CEEC-108,5,,,,大考中心高中英文參考詞彙表（111學年度起適用）,LEVEL 5,官方清單,,,
ceec-108:level-5:cripple,cripple,'kripl,n.|v.,"n. 跛者, 殘廢\nvt. 使跛, 使成殘廢, 削弱\na. 跛的, 殘廢的",,,CEEC-108,5,,,,大考中心高中英文參考詞彙表（111學年度起適用）,LEVEL 5,官方清單,,,
ceec-108:level-5:criteria,criteria,krai'tiәriә,n.,pl. 標準\n[計] 條件,,,CEEC-108,5,,,,大考中心高中英文參考詞彙表（111學年度起適用）,LEVEL 5,官方清單,,,
ceec-108:level-5:criterion,criterion,krai'tiәriәn,n.,"n. 標準, 準則, 規範\n[化] 判據",,,CEEC-108,5,,,,大考中心高中英文參考詞彙表（111學年度起適用）,LEVEL 5,官方清單,,,
ceec-108:level-5:crucial,crucial,'kru:ʃәl,adj.,"a. 決定性的, 重要的, 嚴厲的\n[醫] 十字形的; 決斷的, 定局的",,,CEEC-108,5,,,,大考中心高中英文參考詞彙表（111學年度起適用）,LEVEL 5,官方清單,,,
ceec-108:level-5:crude,crude,kru:d,adj.,"a. 天然的, 未成熟的, 粗糙的, 粗魯的\nn. 天然的物質",,,CEEC-108,5,,,,大考中心高中英文參考詞彙表（111學年度起適用）,LEVEL 5,官方清單,,,
ceec-108:level-5:cruise,cruise,kru:z,n.|v.,"n. 巡航, 巡弋, 漫遊\nv. 巡航, 巡弋, 漫遊",,,CEEC-108,5,,,,大考中心高中英文參考詞彙表（111學年度起適用）,LEVEL 5,官方清單,,,
ceec-108:level-5:crystal,crystal,'kristl,adj.|n.,"n. 水晶, 水晶裝飾品, 結晶\na. 水晶的, 水晶一樣的, 透明的",,,CEEC-108,5,,,,大考中心高中英文參考詞彙表（111學年度起適用）,LEVEL 5,官方清單,,,
ceec-108:level-5:cuisine,cuisine,kwi:'zi:n,n.,"n. 烹調風格, 烹調法, 烹飪, 廚房",,,CEEC-108,5,,,,大考中心高中英文參考詞彙表（111學年度起適用）,LEVEL 5,官方清單,,,
ceec-108:level-5:currency,currency,'kʌrәnsi,n.,"n. 貨幣, 通貨, 流通, 通用\n[計] 貨幣, 貨幣型",,,CEEC-108,5,,,,大考中心高中英文參考詞彙表（111學年度起適用）,LEVEL 5,官方清單,,,
ceec-108:level-5:curriculum,curriculum,kә'rikjulәm,n.,"n. 課程\n[醫] 課程, 學程",,,CEEC-108,5,,,,大考中心高中英文參考詞彙表（111學年度起適用）,LEVEL 5,官方清單,,,
ceec-108:level-5:custody,custody,'kʌstәdi,n.,"n. 監護, 拘留, 監禁\n[經] 保管, 照顧, 保護",,,CEEC-108,5,,,,大考中心高中英文參考詞彙表（111學年度起適用）,LEVEL 5,官方清單,,,
ceec-108:level-5:customs,customs,,n.,"n. 海關, 關卡, 關稅\n[經] 關稅, 海關",,,CEEC-108,5,,,,大考中心高中英文參考詞彙表（111學年度起適用）,LEVEL 5,官方清單,,,
ceec-108:level-5:deadly,deadly,'dedli,adj.|adv.,"a. 致命的, 致死的\nadv. 非常, 如死一般地",,,CEEC-108,5,,,,大考中心高中英文參考詞彙表（111學年度起適用）,LEVEL 5,官方清單,,,
ceec-108:level-5:debris,debris,'deibri:,n.,"n. 碎片, 殘骸\n[醫] 碎屑",,,CEEC-108,5,,,,大考中心高中英文參考詞彙表（111學年度起適用）,LEVEL 5,官方清單,,,
ceec-108:level-5:debut,debut,'deibju:,n.,"n. 初次登臺, 開張\nv. 初次登臺",,,CEEC-108,5,,,,大考中心高中英文參考詞彙表（111學年度起適用）,LEVEL 5,官方清單,,,
ceec-108:level-5:decay,decay,di'kei,n.|v.,"n. 衰退, 腐敗\nv. (使)衰退, (使)腐敗",,,CEEC-108,5,,,,大考中心高中英文參考詞彙表（111學年度起適用）,LEVEL 5,官方清單,,,
ceec-108:level-5:deceive,deceive,di'si:v,v.,"v. 欺騙, 行騙",,,CEEC-108,5,,,,大考中心高中英文參考詞彙表（111學年度起適用）,LEVEL 5,官方清單,,,
ceec-108:level-5:decent,decent,'di:sәnt,adj.,"a. 有分寸的, 得體的, 大方的",,,CEEC-108,5,,,,大考中心高中英文參考詞彙表（111學年度起適用）,LEVEL 5,官方清單,,,
ceec-108:level-5:declaration,declaration,.deklә'reiʃәn,n.,"n. 宣告, 說明, 宣佈\n[計] 說明",,,CEEC-108,5,,,,大考中心高中英文參考詞彙表（111學年度起適用）,LEVEL 5,官方清單,,,
ceec-108:level-5:decline,decline,di'klain,n.|v.,"n. 衰退, 跌落, 下降\nvt. 使降低, 婉謝\nvi. 下降, 衰落, 偏斜",,,CEEC-108,5,,,,大考中心高中英文參考詞彙表（111學年度起適用）,LEVEL 5,官方清單,,,
ceec-108:level-5:dedicate,dedicate,'dedikeit,v.,"vt. 獻出, 貢獻",,,CEEC-108,5,,,,大考中心高中英文參考詞彙表（111學年度起適用）,LEVEL 5,官方清單,,,
ceec-108:level-5:defendant,defendant,di'fendәnt,n.,n. 被告\n[經] 被告方,,,CEEC-108,5,,,,大考中心高中英文參考詞彙表（111學年度起適用）,LEVEL 5,官方清單,,,
ceec-108:level-5:deficit,deficit,'defisit,n.,"n. 赤字, 不足額\n[醫] 短缺",,,CEEC-108,5,,,,大考中心高中英文參考詞彙表（111學年度起適用）,LEVEL 5,官方清單,,,
ceec-108:level-5:defy,defy,di'fai,v.,"vt. 藐視, 挑釁, 使落空\nn. 挑戰",,,CEEC-108,5,,,,大考中心高中英文參考詞彙表（111學年度起適用）,LEVEL 5,官方清單,,,
ceec-108:level-5:delegate,delegate,'deligeit,n.|v.,n. 代表\nvt. 委派...為代表,,,CEEC-108,5,,,,大考中心高中英文參考詞彙表（111學年度起適用）,LEVEL 5,官方清單,,,
ceec-108:level-5:delegation,delegation,.deli'geiʃәn,n.,"n. 代表團, 派遣代表團, 代表的地位(或權力)\n[經] 派遣, 委任, 委託",,,CEEC-108,5,,,,大考中心高中英文參考詞彙表（111學年度起適用）,LEVEL 5,官方清單,,,
ceec-108:level-5:deliberate,deliberate,di'libәrәt,adj.|v.,"a. 深思熟慮的, 故意的, 從容的\nv. 仔細考慮",,,CEEC-108,5,,,,大考中心高中英文參考詞彙表（111學年度起適用）,LEVEL 5,官方清單,,,
ceec-108:level-5:democrat,democrat,'demәkræt,n.,"n. 民主人士, 民主主義者, 民主黨黨員\n[經] 民主黨",,,CEEC-108,5,,,,大考中心高中英文參考詞彙表（111學年度起適用）,LEVEL 5,官方清單,,,
ceec-108:level-5:denial,denial,di'naiәl,n.,"n. 否認\n[法] 否定, 否認, 拒絕接受",,,CEEC-108,5,,,,大考中心高中英文參考詞彙表（111學年度起適用）,LEVEL 5,官方清單,,,
ceec-108:level-5:density,density,'densiti,n.,n. 密度\n[化] 密度,,,CEEC-108,5,,,,大考中心高中英文參考詞彙表（111學年度起適用）,LEVEL 5,官方清單,,,
ceec-108:level-5:depict,depict,di'pikt,v.,"vt. 描述, 描寫",,,CEEC-108,5,,,,大考中心高中英文參考詞彙表（111學年度起適用）,LEVEL 5,官方清單,,,
ceec-108:level-5:deploy,deploy,di'plɒi,v.,"v. 展開, 配置",,,CEEC-108,5,,,,大考中心高中英文參考詞彙表（111學年度起適用）,LEVEL 5,官方清單,,,
ceec-108:level-5:depress,depress,di'pres,v.,"vt. 使沮喪, 壓低, 降低, 使蕭條\n[化] 推下",,,CEEC-108,5,,,,大考中心高中英文參考詞彙表（111學年度起適用）,LEVEL 5,官方清單,,,
ceec-108:level-5:deputy,deputy,'depjuti,n.,n. 副手，代理人,,,CEEC-108,5,,,,大考中心高中英文參考詞彙表（111學年度起適用）,LEVEL 5,官方清單,,,
ceec-108:level-5:derive,derive,di'raiv,v.,vt. 得自\nvi. 起源,,,CEEC-108,5,,,,大考中心高中英文參考詞彙表（111學年度起適用）,LEVEL 5,官方清單,,,
ceec-108:level-5:descend,descend,di'send,v.,"vi. 下降, 世代相傳, 屈尊, 襲擊\nvt. 下降",,,CEEC-108,5,,,,大考中心高中英文參考詞彙表（111學年度起適用）,LEVEL 5,官方清單,,,
ceec-108:level-5:descriptive,descriptive,di'skriptiv,adj.,"a. 描述的, 敘述的",,,CEEC-108,5,,,,大考中心高中英文參考詞彙表（111學年度起適用）,LEVEL 5,官方清單,,,
ceec-108:level-5:despair,despair,di'spєә,n.|v.,"n. 絕望, 失望\nvi. 絕望",,,CEEC-108,5,,,,大考中心高中英文參考詞彙表（111學年度起適用）,LEVEL 5,官方清單,,,
ceec-108:level-5:destination,destination,.desti'neiʃәn,n.,"n. 目的地, 目標, 目的\n[計] 目的檔案, 目的單元",,,CEEC-108,5,,,,大考中心高中英文參考詞彙表（111學年度起適用）,LEVEL 5,官方清單,,,
ceec-108:level-5:destiny,destiny,'destini,n.,"n. 命運, 定數",,,CEEC-108,5,,,,大考中心高中英文參考詞彙表（111學年度起適用）,LEVEL 5,官方清單,,,
ceec-108:level-5:destructive,destructive,di'strʌktiv,adj.,"a. 毀滅性的, 破壞的, 有害的\n[醫] 破壞的, 毀壞的",,,CEEC-108,5,,,,大考中心高中英文參考詞彙表（111學年度起適用）,LEVEL 5,官方清單,,,
ceec-108:level-5:devotion,devotion,di'vәuʃәn,n.,"n. 熱愛, 投入",,,CEEC-108,5,,,,大考中心高中英文參考詞彙表（111學年度起適用）,LEVEL 5,官方清單,,,
ceec-108:level-5:diagnose,diagnose,'daiәgnәuz,v.,v. 診斷,,,CEEC-108,5,,,,大考中心高中英文參考詞彙表（111學年度起適用）,LEVEL 5,官方清單,,,
ceec-108:level-5:diagnosis,diagnosis,.daiәg'nәusis,n.,n. 診斷\n[計] 診斷,,,CEEC-108,5,,,,大考中心高中英文參考詞彙表（111學年度起適用）,LEVEL 5,官方清單,,,
ceec-108:level-5:dialect,dialect,'daiәlekt,n.,"n. 方言, 同源語",,,CEEC-108,5,,,,大考中心高中英文參考詞彙表（111學年度起適用）,LEVEL 5,官方清單,,,
ceec-108:level-5:diameter,diameter,dai'æmitә,n.,"n. 直徑\n[醫] 直經, 徑",,,CEEC-108,5,,,,大考中心高中英文參考詞彙表（111學年度起適用）,LEVEL 5,官方清單,,,
ceec-108:level-5:diaper,diaper,'daiәpә,n.,"n. 尿布\n[醫] 尿布, 兜布",,,CEEC-108,5,,,,大考中心高中英文參考詞彙表（111學年度起適用）,LEVEL 5,官方清單,,,
ceec-108:level-5:digestion,digestion,di'dʒestʃәn,n.,"n. 消化力, 領悟\n[化] 消化; 消化作用; 蒸煮; 蒸煮作用; 煮解; 浸提; 陳化",,,CEEC-108,5,,,,大考中心高中英文參考詞彙表（111學年度起適用）,LEVEL 5,官方清單,,,
ceec-108:level-5:dilemma,dilemma,di'lemә,n.,"n. 困境, (進退兩難的)窘境",,,CEEC-108,5,,,,大考中心高中英文參考詞彙表（111學年度起適用）,LEVEL 5,官方清單,,,
ceec-108:level-5:dimension,dimension,dai'menʃәn,n.,"n. 尺寸, 次元, 面積, 維數\nvt. 標出尺寸",,,CEEC-108,5,,,,大考中心高中英文參考詞彙表（111學年度起適用）,LEVEL 5,官方清單,,,
ceec-108:level-5:diminish,diminish,di'miniʃ,v.,"v. (使)減少, (使)變小",,,CEEC-108,5,,,,大考中心高中英文參考詞彙表（111學年度起適用）,LEVEL 5,官方清單,,,
ceec-108:level-5:diplomatic,diplomatic,.diplә'mætik,adj.,"a. 外交的, 老練的\n[法] 外交的, 外交上的, 文獻上的",,,CEEC-108,5,,,,大考中心高中英文參考詞彙表（111學年度起適用）,LEVEL 5,官方清單,,,
ceec-108:level-5:directory,directory,di'rektәri,n.,"n. 目錄, 工商名錄, 指南\n[計] 目錄",,,CEEC-108,5,,,,大考中心高中英文參考詞彙表（111學年度起適用）,LEVEL 5,官方清單,,,
ceec-108:level-5:disapprove,disapprove,.disә'pru:v,v.,v. 不贊成,,,CEEC-108,5,,,,大考中心高中英文參考詞彙表（111學年度起適用）,LEVEL 5,官方清單,,,
ceec-108:level-5:disclose,disclose,dis'klәuz,v.,"vt. 揭露, 透露\n[法] 揭發, 揭露, 公開",,,CEEC-108,5,,,,大考中心高中英文參考詞彙表（111學年度起適用）,LEVEL 5,官方清單,,,
ceec-108:level-5:disconnect,disconnect,.diskә'nekt,v.,"vt. 使分離, 使不相連, 拆開\nvi. 斷開\n[計] 斷開",,,CEEC-108,5,,,,大考中心高中英文參考詞彙表（111學年度起適用）,LEVEL 5,官方清單,,,
ceec-108:level-5:discourse,discourse,'diskɒ:s,n.,"n. 談話, 演講\nvi. 談話, 講述",,,CEEC-108,5,,,,大考中心高中英文參考詞彙表（111學年度起適用）,LEVEL 5,官方清單,,,
ceec-108:level-5:discriminate,discriminate,dis'krimineit,v.,"v. 區別, 差別待遇",,,CEEC-108,5,,,,大考中心高中英文參考詞彙表（111學年度起適用）,LEVEL 5,官方清單,,,
ceec-108:level-5:discrimination,discrimination,dis.krimi'neiʃәn,n.,"n. 差別, 岐視, 辨別力\n[化] 鑑別",,,CEEC-108,5,,,,大考中心高中英文參考詞彙表（111學年度起適用）,LEVEL 5,官方清單,,,
ceec-108:level-5:disrupt,disrupt,dis'rʌpt,v.,"a. 分裂的, 中斷的\nvt. 使分裂, 使瓦解",,,CEEC-108,5,,,,大考中心高中英文參考詞彙表（111學年度起適用）,LEVEL 5,官方清單,,,
ceec-108:level-5:dissolve,dissolve,di'zɒlv,v.,"v. 溶解, 解散",,,CEEC-108,5,,,,大考中心高中英文參考詞彙表（111學年度起適用）,LEVEL 5,官方清單,,,
ceec-108:level-5:distinction,distinction,dis'tiŋkʃәn,n.,n. 區別,,,CEEC-108,5,,,,大考中心高中英文參考詞彙表（111學年度起適用）,LEVEL 5,官方清單,,,
ceec-108:level-5:distinctive,distinctive,di'stiŋktiv,adj.,"a. 有特色的, 出眾的",,,CEEC-108,5,,,,大考中心高中英文參考詞彙表（111學年度起適用）,LEVEL 5,官方清單,,,
ceec-108:level-5:distract,distract,dis'trækt,v.,"vt. 轉移, 分心, 使發狂",,,CEEC-108,5,,,,大考中心高中英文參考詞彙表（111學年度起適用）,LEVEL 5,官方清單,,,
ceec-108:level-5:doctrine,doctrine,'dɒktrin,n.,"n. 教條, 學說\n[醫] 學說",,,CEEC-108,5,,,,大考中心高中英文參考詞彙表（111學年度起適用）,LEVEL 5,官方清單,,,
ceec-108:level-5:document,document,'dɒkjumәnt,n.|v.,"n. 檔案, 公文, 文件\nvt. 證明, 為...引證\n[計] 文件",,,CEEC-108,5,,,,大考中心高中英文參考詞彙表（111學年度起適用）,LEVEL 5,官方清單,,,
ceec-108:level-5:documentary,documentary,.dɒkju'mentәri,adj.|n.,n. 記錄片\na. 檔案的,,,CEEC-108,5,,,,大考中心高中英文參考詞彙表（111學年度起適用）,LEVEL 5,官方清單,,,
ceec-108:level-5:domain,domain,dәu'mein,n.,"n. 領域, 領土, 產業, 範圍\n[計] 域, 區域, 支配命令",,,CEEC-108,5,,,,大考中心高中英文參考詞彙表（111學年度起適用）,LEVEL 5,官方清單,,,
ceec-108:level-5:dome,dome,dәum,n.|v.,n. 圓頂\nvt. 加圓頂\nvi. 成圓頂狀,,,CEEC-108,5,,,,大考中心高中英文參考詞彙表（111學年度起適用）,LEVEL 5,官方清單,,,
ceec-108:level-5:donate,donate,'dәuneit,v.,v. 捐贈,,,CEEC-108,5,,,,大考中心高中英文參考詞彙表（111學年度起適用）,LEVEL 5,官方清單,,,
ceec-108:level-5:donation,donation,dәu'neiʃәn,n.,"n. 捐贈物, 捐款, 捐贈\n[經] 贈品, 捐款, 捐贈",,,CEEC-108,5,,,,大考中心高中英文參考詞彙表（111學年度起適用）,LEVEL 5,官方清單,,,
ceec-108:level-5:donor,donor,'dәunә,n.,n. 捐贈人\n[化] 給體; 供體,,,CEEC-108,5,,,,大考中心高中英文參考詞彙表（111學年度起適用）,LEVEL 5,官方清單,,,
ceec-108:level-5:doorway,doorway,'dɒ:wei,n.,"n. 門口, 途徑",,,CEEC-108,5,,,,大考中心高中英文參考詞彙表（111學年度起適用）,LEVEL 5,官方清單,,,
ceec-108:level-5:dough,dough,dәu,n.,n. 生麵糰\n[化] 捏塑體; 生麵糰,,,CEEC-108,5,,,,大考中心高中英文參考詞彙表（111學年度起適用）,LEVEL 5,官方清單,,,
ceec-108:level-5:dreadful,dreadful,'dredful,adj.,a. 可怕的,,,CEEC-108,5,,,,大考中心高中英文參考詞彙表（111學年度起適用）,LEVEL 5,官方清單,,,
ceec-108:level-5:driveway,driveway,'draivwei,n.,n. 車道,,,CEEC-108,5,,,,大考中心高中英文參考詞彙表（111學年度起適用）,LEVEL 5,官方清單,,,
ceec-108:level-5:drought,drought,draut,n.,"n. 乾旱, 缺乏",,,CEEC-108,5,,,,大考中心高中英文參考詞彙表（111學年度起適用）,LEVEL 5,官方清單,,,
ceec-108:level-5:ecological,ecological,.i:kә'lɒdʒikәl,adj.,"a. 生態學的, 主張生態保護的\n[法] 生態的, 生態學的",,,CEEC-108,5,,,,大考中心高中英文參考詞彙表（111學年度起適用）,LEVEL 5,官方清單,,,
ceec-108:level-5:ecology,ecology,i:'kɒlәdʒi,n.,"n. 生態學, 社會生態學\n[化] 生態學",,,CEEC-108,5,,,,大考中心高中英文參考詞彙表（111學年度起適用）,LEVEL 5,官方清單,,,
ceec-108:level-5:ecosystem,ecosystem,'i:kәu.sistәm,n.,n. 生態系統\n[醫] 生態系,,,CEEC-108,5,,,,大考中心高中英文參考詞彙表（111學年度起適用）,LEVEL 5,官方清單,,,
ceec-108:level-5:ego,ego,'egәu. 'i:gәu,n.,n. 自我\n[醫] 自我,,,CEEC-108,5,,,,大考中心高中英文參考詞彙表（111學年度起適用）,LEVEL 5,官方清單,,,
ceec-108:level-5:elaborate,elaborate,i'læbәreit,adj.|v.,"a. 精細的, 詳盡的, 精心計劃(或製作)的\nvt. 詳細地說明, 用心地製作, 發揮\nvi. 變複雜, 作詳細說明",,,CEEC-108,5,,,,大考中心高中英文參考詞彙表（111學年度起適用）,LEVEL 5,官方清單,,,
ceec-108:level-5:eligible,eligible,'elidʒәbl,adj.,"a. 有資格當選的, 合格的\nn. 有資格者, 合格者, 適任者",,,CEEC-108,5,,,,大考中心高中英文參考詞彙表（111學年度起適用）,LEVEL 5,官方清單,,,
ceec-108:level-5:eloquent,eloquent,'elәkwәnt,adj.,"a. 雄辯的, 有口才的, 有說服力的",,,CEEC-108,5,,,,大考中心高中英文參考詞彙表（111學年度起適用）,LEVEL 5,官方清單,,,
ceec-108:level-5:embrace,embrace,im'breis,n.|v.,"n. 擁抱\nvt. 擁抱, 互相擁抱, 包含, 收買\nvi. 擁抱",,,CEEC-108,5,,,,大考中心高中英文參考詞彙表（111學年度起適用）,LEVEL 5,官方清單,,,
ceec-108:level-5:emission,emission,i'miʃәn,n.,"n. 發射, 射出, 發行\n[醫] 發射, 遺精",,,CEEC-108,5,,,,大考中心高中英文參考詞彙表（111學年度起適用）,LEVEL 5,官方清單,,,
ceec-108:level-5:endorse,endorse,in'dɒ:s,v.,"vt. 支援, 贊同, 背書於, 簽署\n[經] 贊成, 背書",,,CEEC-108,5,,,,大考中心高中英文參考詞彙表（111學年度起適用）,LEVEL 5,官方清單,,,
ceec-108:level-5:endorsement,endorsement,in'dɒ:smәnt,n.,"n. 支援, 認可, 背書\n[經] 背書, 擔保, 保證",,,CEEC-108,5,,,,大考中心高中英文參考詞彙表（111學年度起適用）,LEVEL 5,官方清單,,,
ceec-108:level-5:enterprise,enterprise,'entәpraiz,n.,"n. 企業, 事業心, 進取心, 幹事業\n[計] 企業",,,CEEC-108,5,,,,大考中心高中英文參考詞彙表（111學年度起適用）,LEVEL 5,官方清單,,,
ceec-108:level-5:enthusiastic,enthusiastic,in.θju:zi'æstik,adj.,"a. 狂熱的, 熱心的, 熱烈的",,,CEEC-108,5,,,,大考中心高中英文參考詞彙表（111學年度起適用）,LEVEL 5,官方清單,,,
ceec-108:level-5:entitle,entitle,in'taitl,v.,"vt. 給...權利, 取名為, 給予名稱, 叫做\n[法] 給...權利, 使有資格, 稱呼",,,CEEC-108,5,,,,大考中心高中英文參考詞彙表（111學年度起適用）,LEVEL 5,官方清單,,,
ceec-108:level-5:entity,entity,'entiti,n.,"n. 實體, 實存物, 存在\n[計] 實體",,,CEEC-108,5,,,,大考中心高中英文參考詞彙表（111學年度起適用）,LEVEL 5,官方清單,,,
ceec-108:level-5:entrepreneur,entrepreneur,.ɒntrәprә'nә:,n.,"n. 企業家, 主辦人\n[經] 承包商, 企業家",,,CEEC-108,5,,,,大考中心高中英文參考詞彙表（111學年度起適用）,LEVEL 5,官方清單,,,
ceec-108:level-5:envious,envious,'enviәs,adj.,"a. 嫉妒的, 羨慕的",,,CEEC-108,5,,,,大考中心高中英文參考詞彙表（111學年度起適用）,LEVEL 5,官方清單,,,
ceec-108:level-5:envision,envision,in'viʒәn,v.,"vt. 想象, 預想",,,CEEC-108,5,,,,大考中心高中英文參考詞彙表（111學年度起適用）,LEVEL 5,官方清單,,,
ceec-108:level-5:epidemic,epidemic,.epi'demik,adj.|n.,"n. 傳染病, 流行病\na. 流行的, 傳染性的",,,CEEC-108,5,,,,大考中心高中英文參考詞彙表（111學年度起適用）,LEVEL 5,官方清單,,,
ceec-108:level-5:episode,episode,'episәud,n.,"n. 插曲, 插話, 有趣的事件, 一段情節\n[醫] 插話, 插曲, 發作",,,CEEC-108,5,,,,大考中心高中英文參考詞彙表（111學年度起適用）,LEVEL 5,官方清單,,,
ceec-108:level-5:equation,equation,i'kweiʃәn,n.,"n. 相等, 等式, 平衡\n[化] 方程式; 等式; 反應式; 公式",,,CEEC-108,5,,,,大考中心高中英文參考詞彙表（111學年度起適用）,LEVEL 5,官方清單,,,
ceec-108:level-5:equity,equity,'ekwiti,n.,"n. 公平, 公正\n[經] 權益, 產權",,,CEEC-108,5,,,,大考中心高中英文參考詞彙表（111學年度起適用）,LEVEL 5,官方清單,,,
ceec-108:level-5:equivalent,equivalent,i'kwivәlәnt,adj.|n.,"n. 同等物, 等價物, 相等物\na. 相等的, 相當的, 同意義的\n[計] 等價的",,,CEEC-108,5,,,,大考中心高中英文參考詞彙表（111學年度起適用）,LEVEL 5,官方清單,,,
ceec-108:level-5:erect,erect,i'rekt,adj.|v.,"a. 直立的, 豎立的, 筆直的\nvt. 使豎立, 使直立, 樹立, 建立\nvi. 勃起",,,CEEC-108,5,,,,大考中心高中英文參考詞彙表（111學年度起適用）,LEVEL 5,官方清單,,,
ceec-108:level-5:errand,errand,'erәnd,n.,"n. 任務, 差使, 使命",,,CEEC-108,5,,,,大考中心高中英文參考詞彙表（111學年度起適用）,LEVEL 5,官方清單,,,
ceec-108:level-5:erupt,erupt,i'rʌpt,v.,vi. 爆發\nvt. 噴出,,,CEEC-108,5,,,,大考中心高中英文參考詞彙表（111學年度起適用）,LEVEL 5,官方清單,,,
ceec-108:level-5:escalator,escalator,'eskәleitә,n.,"n. 電動扶梯, 自動扶梯\n[機] 升降階梯",,,CEEC-108,5,,,,大考中心高中英文參考詞彙表（111學年度起適用）,LEVEL 5,官方清單,,,
ceec-108:level-5:essence,essence,'esns,n.,"n. 實質, 本質, 香精\n[化] 香精",,,CEEC-108,5,,,,大考中心高中英文參考詞彙表（111學年度起適用）,LEVEL 5,官方清單,,,
ceec-108:level-5:estate,estate,i'steit,n.,"n. 不動產, (人生的)階段, 階層, 財產\n[經] 房地產, 遺產, 財產",,,CEEC-108,5,,,,大考中心高中英文參考詞彙表（111學年度起適用）,LEVEL 5,官方清單,,,
ceec-108:level-5:eternal,eternal,i'tә:nl,adj.,"a. 永恆的, 永遠的, 不滅的",,,CEEC-108,5,,,,大考中心高中英文參考詞彙表（111學年度起適用）,LEVEL 5,官方清單,,,
ceec-108:level-5:ethic,ethic,'eθik,n.,"n. 道德規範, 倫理",,,CEEC-108,5,,,,大考中心高中英文參考詞彙表（111學年度起適用）,LEVEL 5,官方清單,,,
ceec-108:level-5:ethical,ethical,'eθikәl,adj.,"a. 倫理的, 民族的, 民族特有的\n[醫] 倫理的, 道德的",,,CEEC-108,5,,,,大考中心高中英文參考詞彙表（111學年度起適用）,LEVEL 5,官方清單,,,
ceec-108:level-5:evolution,evolution,.i:vә'lu:ʃәn,n.,"n. 進化, 發展, 進展, (氣體)放出, 開方\n[醫] 進化, 演化, 旋出",,,CEEC-108,5,,,,大考中心高中英文參考詞彙表（111學年度起適用）,LEVEL 5,官方清單,,,
ceec-108:level-5:evolve,evolve,i'vɒlv,v.,"vi. 進展, 進化, 展開\nvt. 使發展, 使推斷出, 使進化",,,CEEC-108,5,,,,大考中心高中英文參考詞彙表（111學年度起適用）,LEVEL 5,官方清單,,,
ceec-108:level-5:exaggeration,exaggeration,ig.zædʒә'reiʃәn,n.,"n. 誇張, 誇大的事物, 誇大之詞",,,CEEC-108,5,,,,大考中心高中英文參考詞彙表（111學年度起適用）,LEVEL 5,官方清單,,,
ceec-108:level-5:exceed,exceed,ik'si:d,v.,"vt. 超過, 超越, 勝過\nvi. 超過其他",,,CEEC-108,5,,,,大考中心高中英文參考詞彙表（111學年度起適用）,LEVEL 5,官方清單,,,
ceec-108:level-5:exceptional,exceptional,ik'sepʃәnәl,adj.,"a. 例外的, 異常的, 特別的",,,CEEC-108,5,,,,大考中心高中英文參考詞彙表（111學年度起適用）,LEVEL 5,官方清單,,,
ceec-108:level-5:excessive,excessive,ik'sesiv,adj.,"a. 過度的, 過多的, 極端的\n[法] 過度的, 過分的, 額外的",,,CEEC-108,5,,,,大考中心高中英文參考詞彙表（111學年度起適用）,LEVEL 5,官方清單,,,
ceec-108:level-5:exclaim,exclaim,iks'kleim,v.,"v. 大叫, 呼喊, 大聲叫",,,CEEC-108,5,,,,大考中心高中英文參考詞彙表（111學年度起適用）,LEVEL 5,官方清單,,,
ceec-108:level-5:exclude,exclude,iks'klu:d,v.,"vt. 除外, 排除, 排斥\n[醫] 除外(診斷)",,,CEEC-108,5,,,,大考中心高中英文參考詞彙表（111學年度起適用）,LEVEL 5,官方清單,,,
ceec-108:level-5:exclusive,exclusive,ik'sklu:siv,adj.,"a. 排外的, 獨佔的, 唯一的\n[計] 獨佔的",,,CEEC-108,5,,,,大考中心高中英文參考詞彙表（111學年度起適用）,LEVEL 5,官方清單,,,
ceec-108:level-5:execute,execute,'eksikju:t,v.,"vt. 執行, 實行, 完成, 處死, 製成\n[計] 執行",,,CEEC-108,5,,,,大考中心高中英文參考詞彙表（111學年度起適用）,LEVEL 5,官方清單,,,
ceec-108:level-5:execution,execution,.eksi'kju:ʃәn,n.,"n. 實行, 完成, 執行, 死刑\n[計] 執行",,,CEEC-108,5,,,,大考中心高中英文參考詞彙表（111學年度起適用）,LEVEL 5,官方清單,,,
ceec-108:level-5:executive,executive,ig'zekjutiv,adj.|n.,"n. 執行部門, 執行委員會, 執行者, 經理主管人員\na. 執行的, 善於執行的, 善於經營的\n[計] 執行程式",,,CEEC-108,5,,,,大考中心高中英文參考詞彙表（111學年度起適用）,LEVEL 5,官方清單,,,
ceec-108:level-5:exile,exile,'eksail,n.|v.,"n. 放逐, 流放, 被放逐者\nvt. 放逐, 流放, 使背井離鄉",,,CEEC-108,5,,,,大考中心高中英文參考詞彙表（111學年度起適用）,LEVEL 5,官方清單,,,
ceec-108:level-5:exotic,exotic,ig'zɒtik,adj.|n.,"a. 異國的, 外來的\nn. 外來人, 外來物, 舶來品",,,CEEC-108,5,,,,大考中心高中英文參考詞彙表（111學年度起適用）,LEVEL 5,官方清單,,,
ceec-108:level-5:expedition,expedition,.ekspi'diʃәn,n.,"n. 遠征, 探險隊, 迅速",,,CEEC-108,5,,,,大考中心高中英文參考詞彙表（111學年度起適用）,LEVEL 5,官方清單,,,
ceec-108:level-5:expertise,expertise,.ekspә:'ti:z,n.,"n. 專家意見, 專門技術\n[法] 專門知識, 專家意見",,,CEEC-108,5,,,,大考中心高中英文參考詞彙表（111學年度起適用）,LEVEL 5,官方清單,,,
ceec-108:level-5:explicit,explicit,ik'splisit,adj.,"a. 詳述的, 清楚的, 直言的",,,CEEC-108,5,,,,大考中心高中英文參考詞彙表（111學年度起適用）,LEVEL 5,官方清單,,,
ceec-108:level-5:exploit,exploit,'eksplɒit,n.|v.,"n. 功績, 勳績\nvt. 開發, 利用, 開拓, 剝削",,,CEEC-108,5,,,,大考中心高中英文參考詞彙表（111學年度起適用）,LEVEL 5,官方清單,,,
ceec-108:level-5:exploration,exploration,.eksplә'reiʃәn,n.,"n. 探險, 踏勘, 探測\n[醫] 探察",,,CEEC-108,5,,,,大考中心高中英文參考詞彙表（111學年度起適用）,LEVEL 5,官方清單,,,
ceec-108:level-5:extension,extension,ik'stenʃәn,n.,"n. 延長, 擴充, 範圍, 副檔名\na. 伸縮的\n[計] 副檔名, 擴充名",,,CEEC-108,5,,,,大考中心高中英文參考詞彙表（111學年度起適用）,LEVEL 5,官方清單,,,
ceec-108:level-5:extensive,extensive,ik'stensiv,adj.,"a. 廣的, 廣泛的, 多方面的\n[經] 廣大的, 擴大的",,,CEEC-108,5,,,,大考中心高中英文參考詞彙表（111學年度起適用）,LEVEL 5,官方清單,,,
ceec-108:level-5:exterior,exterior,ik'stiәriә,adj.|n.,"n. 外部, 表面, 外貌\na. 外部的, 外在的, 表面的",,,CEEC-108,5,,,,大考中心高中英文參考詞彙表（111學年度起適用）,LEVEL 5,官方清單,,,
ceec-108:level-5:external,external,ik'stә:nl,adj.|n.,"n. 外部, 外面\na. 外部的, 客觀的, 表面的",,,CEEC-108,5,,,,大考中心高中英文參考詞彙表（111學年度起適用）,LEVEL 5,官方清單,,,
ceec-108:level-5:extinct,extinct,ik'stiŋkt,adj.,"a. 熄滅的, 滅絕的, 耗盡的\n[法] 消滅了的, 過時的, 無效的",,,CEEC-108,5,,,,大考中心高中英文參考詞彙表（111學年度起適用）,LEVEL 5,官方清單,,,
ceec-108:level-5:extraordinary,extraordinary,ik'strɒ:dәnәri,adj.,"a. 非常的, 特別的, 非凡的\n[經] 非常的, 特別的, 臨時的",,,CEEC-108,5,,,,大考中心高中英文參考詞彙表（111學年度起適用）,LEVEL 5,官方清單,,,
ceec-108:level-5:fabric,fabric,'fæbrik,n.,"n. 織物, 布, 結構, 構造, 建築物\n[經] 組織, 建築物, 工廠",,,CEEC-108,5,,,,大考中心高中英文參考詞彙表（111學年度起適用）,LEVEL 5,官方清單,,,
ceec-108:level-5:fabulous,fabulous,'fæbjulәs,adj.,"a. 傳說的, 寓言般的, 難以置信的",,,CEEC-108,5,,,,大考中心高中英文參考詞彙表（111學年度起適用）,LEVEL 5,官方清單,,,
ceec-108:level-5:facilitate,facilitate,fә'siliteit,v.,"vt. 使容易, 促進, 幫助\n[法] 使容易, 使便利, 推進",,,CEEC-108,5,,,,大考中心高中英文參考詞彙表（111學年度起適用）,LEVEL 5,官方清單,,,
ceec-108:level-5:faculty,faculty,'fækәlti,n.,"n. 才能, 能力, 全體教員, (大學的)系\n[醫] 能力, [大學]院系",,,CEEC-108,5,,,,大考中心高中英文參考詞彙表（111學年度起適用）,LEVEL 5,官方清單,,,
ceec-108:level-5:fascinate,fascinate,'fæsineit,v.,"vt. 令人入神, 使著迷\nvi. 入迷",,,CEEC-108,5,,,,大考中心高中英文參考詞彙表（111學年度起適用）,LEVEL 5,官方清單,,,
ceec-108:level-5:fatigue,fatigue,fә'ti:g,n.|v.,"n. 疲乏, 疲勞\nvt. 使疲勞, 使心智衰弱\nvi. 疲勞\na. 疲勞的",,,CEEC-108,5,,,,大考中心高中英文參考詞彙表（111學年度起適用）,LEVEL 5,官方清單,,,
ceec-108:level-5:federal,federal,'fedәrәl,adj.,"a. 聯邦的, 聯合的, 同盟的\n[法] 聯邦的, 聯邦制的, 聯盟的",,,CEEC-108,5,,,,大考中心高中英文參考詞彙表（111學年度起適用）,LEVEL 5,官方清單,,,
ceec-108:level-5:fiber,fiber,'faibә,n.,"n. 纖維, 構造, 纖維製品\n[化] 纖維",,,CEEC-108,5,,,,大考中心高中英文參考詞彙表（111學年度起適用）,LEVEL 5,官方清單,,,
ceec-108:level-5:filter,filter,'filtә,n.|v.,"n. 濾波器, 過濾器, 濾光器, 過濾嘴, 去塵器\nvt. 過濾, 滲透, 走漏\nvi. 濾過, 滲入\n[計] 過濾器, 篩選",,,CEEC-108,5,,,,大考中心高中英文參考詞彙表（111學年度起適用）,LEVEL 5,官方清單,,,
ceec-108:level-5:fiscal,fiscal,'fiskәl,adj.,"a. 財政的, 國庫的\n[經] 財政上的, 會計的, 國庫的",,,CEEC-108,5,,,,大考中心高中英文參考詞彙表（111學年度起適用）,LEVEL 5,官方清單,,,
ceec-108:level-5:fleet,fleet,fli:t,n.,"n. 艦隊, 港灣, 小河\na. 快速的, 敏捷的, 淺的, 短暫的\nadv. 淺\nvi. 疾馳, 飛逝, 掠過\nvt. 消磨, 變換船(或船員)的位置",,,CEEC-108,5,,,,大考中心高中英文參考詞彙表（111學年度起適用）,LEVEL 5,官方清單,,,
ceec-108:level-5:flexibility,flexibility,.fleksi'biliti,n.,"n. 彈性, 適應性\n[計] 靈活性; 適應性",,,CEEC-108,5,,,,大考中心高中英文參考詞彙表（111學年度起適用）,LEVEL 5,官方清單,,,
ceec-108:level-5:flip,flip,flip,n.|v.,"vt. 擲, 彈, 輕擊, 空翻\nvi. 用指輕彈, 抽打, 蹦跳\nn. 拋, 彈, 筋斗\na. 無禮的\n[計] 翻轉",,,CEEC-108,5,,,,大考中心高中英文參考詞彙表（111學年度起適用）,LEVEL 5,官方清單,,,
ceec-108:level-5:fluency,fluency,'flu:әnsi,n.,"n. 流暢, 雄辯, 善辯",,,CEEC-108,5,,,,大考中心高中英文參考詞彙表（111學年度起適用）,LEVEL 5,官方清單,,,
ceec-108:level-5:fluid,fluid,'flu:id,adj.|n.,"n. 液體, 分泌液, 流體\na. 流動的, 可改變的",,,CEEC-108,5,,,,大考中心高中英文參考詞彙表（111學年度起適用）,LEVEL 5,官方清單,,,
ceec-108:level-5:forge,forge,fɒ:dʒ,v.,"n. 熔爐, 鐵工廠\nvt. 打製, 鍛造, 偽造\nvi. 鍛造, 偽造",,,CEEC-108,5,,,,大考中心高中英文參考詞彙表（111學年度起適用）,LEVEL 5,官方清單,,,
ceec-108:level-5:format,format,'fɒ:mæt,n.|v.,"n. 開本, 版式, 形式, 格式\nvt. 格式化\n[計] 格式; DOS外部命令:對磁碟進行格式化",,,CEEC-108,5,,,,大考中心高中英文參考詞彙表（111學年度起適用）,LEVEL 5,官方清單,,,
ceec-108:level-5:forum,forum,'fɒ:rәm,n.,"n. 論壇, 公開討論的廣場, 法庭, 討論會\n[法] 討論會, 專題討論, 公共論壇",,,CEEC-108,5,,,,大考中心高中英文參考詞彙表（111學年度起適用）,LEVEL 5,官方清單,,,
ceec-108:level-5:foster,foster,'fɒstә,adj.|v.,"a. 收養的, 養育的\nvt. 養育, 撫育, 培養, 鼓勵, 抱(希望)",,,CEEC-108,5,,,,大考中心高中英文參考詞彙表（111學年度起適用）,LEVEL 5,官方清單,,,
ceec-108:level-5:foul,foul,faul,adj.|adv.|n.|v.,"a. 汙穢的, 邪惡的, 惡臭的, 骯髒的, 惡劣的, 淤塞的\nvt. 弄髒, 妨害, 汙衊, 犯規, 淤塞\nvi. 腐爛, 犯規, 纏結\nadv. 違反規則地, 不正當地\nn. 犯規, 纏繞",,,CEEC-108,5,,,,大考中心高中英文參考詞彙表（111學年度起適用）,LEVEL 5,官方清單,,,
ceec-108:level-5:fraction,fraction,'frækʃәn,n.,"n. 小部分, 破片, 分數\n[醫] 部分, 成分, 分散",,,CEEC-108,5,,,,大考中心高中英文參考詞彙表（111學年度起適用）,LEVEL 5,官方清單,,,
ceec-108:level-5:fragment,fragment,'frægmәnt,n.|v.,"n. 碎片, 破片, 片段\n[計] 段落; 片段; 分段",,,CEEC-108,5,,,,大考中心高中英文參考詞彙表（111學年度起適用）,LEVEL 5,官方清單,,,
ceec-108:level-5:framework,framework,'freimwә:k,n.,"n. 結構, 骨架, 參照標準, 準則, 觀點\n[醫] 構架組織",,,CEEC-108,5,,,,大考中心高中英文參考詞彙表（111學年度起適用）,LEVEL 5,官方清單,,,
ceec-108:level-5:franchise,franchise,'fræntʃaiz,n.,"n. 公民權, 特權, 特許經營權, 免賠額\nvt. 給以特權, 給以...公民權",,,CEEC-108,5,,,,大考中心高中英文參考詞彙表（111學年度起適用）,LEVEL 5,官方清單,,,
ceec-108:level-5:fraud,fraud,frɒ:d,n.,"n. 欺騙, 欺詐, 詭計, 騙子\n[經] 欺詐, 舞弊, 騙子",,,CEEC-108,5,,,,大考中心高中英文參考詞彙表（111學年度起適用）,LEVEL 5,官方清單,,,
ceec-108:level-5:freight,freight,'freit,n.|v.,"n. 船貨, 運費, 貨運\nvt. 裝貨, 使充滿, 以貨運運送, 租(或出租)(船等)",,,CEEC-108,5,,,,大考中心高中英文參考詞彙表（111學年度起適用）,LEVEL 5,官方清單,,,
ceec-108:level-5:frontier,frontier,'frʌntjә,n.,"n. 邊界, 邊境\n[法] 國境, 邊境, 邊界",,,CEEC-108,5,,,,大考中心高中英文參考詞彙表（111學年度起適用）,LEVEL 5,官方清單,,,
ceec-108:level-5:galaxy,galaxy,'gælәksi,n.,"n. 銀河, 星系, 一群(顯赫的人物)\n[電] 銀河系",,,CEEC-108,5,,,,大考中心高中英文參考詞彙表（111學年度起適用）,LEVEL 5,官方清單,,,
ceec-108:level-5:gasp,gasp,gæsp,n.|v.,"n. 喘氣\nvi. 喘氣, 喘息, 渴望\nvt. 氣喘吁吁地說",,,CEEC-108,5,,,,大考中心高中英文參考詞彙表（111學年度起適用）,LEVEL 5,官方清單,,,
ceec-108:level-5:gathering,gathering,'gæðәriŋ,n.,"n. 聚集, 集中, 採集\n[化] 富集",,,CEEC-108,5,,,,大考中心高中英文參考詞彙表（111學年度起適用）,LEVEL 5,官方清單,,,
ceec-108:level-5:generate,generate,'dʒenәreit,v.,"vt. 產生, 發生, 導致\n[電] 產生",,,CEEC-108,5,,,,大考中心高中英文參考詞彙表（111學年度起適用）,LEVEL 5,官方清單,,,
ceec-108:level-5:generator,generator,'dʒenәreitә,n.,"n. 產生器, 發電機, 生產者\n[計] 發生器",,,CEEC-108,5,,,,大考中心高中英文參考詞彙表（111學年度起適用）,LEVEL 5,官方清單,,,
ceec-108:level-5:genetic,genetic,dʒi'netik,adj.,"a. 創始的, 遺傳的, 起源的, 遺傳學的\n[醫] 生殖的, 遺傳的",,,CEEC-108,5,,,,大考中心高中英文參考詞彙表（111學年度起適用）,LEVEL 5,官方清單,,,
ceec-108:level-5:genetics,genetics,dʒi'netiks,n.,n. 遺傳學\n[化] 遺傳學,,,CEEC-108,5,,,,大考中心高中英文參考詞彙表（111學年度起適用）,LEVEL 5,官方清單,,,
ceec-108:level-5:genre,genre,'ʒɒŋrә,n.,"n. 型別, 流派",,,CEEC-108,5,,,,大考中心高中英文參考詞彙表（111學年度起適用）,LEVEL 5,官方清單,,,
ceec-108:level-5:glare,glare,glєә,n.|v.,"n. 閃耀光, 刺眼\nvi. 發眩光, 瞪視\nvt. 瞪眼表示",,,CEEC-108,5,,,,大考中心高中英文參考詞彙表（111學年度起適用）,LEVEL 5,官方清單,,,
ceec-108:level-5:gloomy,gloomy,'glu:mi,adj.,"a. 抑沉的, 憂悶的, 黑暗的, 悲觀的",,,CEEC-108,5,,,,大考中心高中英文參考詞彙表（111學年度起適用）,LEVEL 5,官方清單,,,
ceec-108:level-5:gorgeous,gorgeous,'gɒ:dʒәs,adj.,"a. 華麗的, 燦爛的",,,CEEC-108,5,,,,大考中心高中英文參考詞彙表（111學年度起適用）,LEVEL 5,官方清單,,,
ceec-108:level-5:grant,grant,grænt,n.|v.,"n. 授予, 授予物, 允許\nvt. 允許, 承認, 授與\n[計] 授權命令",,,CEEC-108,5,,,,大考中心高中英文參考詞彙表（111學年度起適用）,LEVEL 5,官方清單,,,
ceec-108:level-5:graphic,graphic,'græfik,adj.|n.,"a. 生動的, 輪廓分明的, 繪畫似的, 圖解的\n[計] 圖形的",,,CEEC-108,5,,,,大考中心高中英文參考詞彙表（111學年度起適用）,LEVEL 5,官方清單,,,
ceec-108:level-5:gravity,gravity,'græviti,n.,"n. 地心引力, 重力\n[化] 重力",,,CEEC-108,5,,,,大考中心高中英文參考詞彙表（111學年度起適用）,LEVEL 5,官方清單,,,
ceec-108:level-5:greed,greed,gri:d,n.,"n. 貪慾, 貪婪",,,CEEC-108,5,,,,大考中心高中英文參考詞彙表（111學年度起適用）,LEVEL 5,官方清單,,,
ceec-108:level-5:grieve,grieve,gri:v,v.,"vt. 使悲傷\nvi. 悲痛, 傷心",,,CEEC-108,5,,,,大考中心高中英文參考詞彙表（111學年度起適用）,LEVEL 5,官方清單,,,
ceec-108:level-5:grill,grill,gril,n.|v.,"n. 烤架, 鐵格子, 烤肉\nv. 燒, 烤, 嚴加盤問, 給...裝柵欄",,,CEEC-108,5,,,,大考中心高中英文參考詞彙表（111學年度起適用）,LEVEL 5,官方清單,,,
ceec-108:level-5:grim,grim,grim,adj.,"a. 冷酷的, 堅強的, 殘忍的, 可怕的, 討厭的",,,CEEC-108,5,,,,大考中心高中英文參考詞彙表（111學年度起適用）,LEVEL 5,官方清單,,,
ceec-108:level-5:grip,grip,grip,n.|v.,"n. 緊握, 柄, 握力, 握手方式, 手提包, 掌握, 支配, 控制\nvt. 抓緊, 抱住, 吸住, 掌握\nvi. 握牢, 有吸引力",,,CEEC-108,5,,,,大考中心高中英文參考詞彙表（111學年度起適用）,LEVEL 5,官方清單,,,
ceec-108:level-5:gross,gross,grәus,adj.|n.|v.,"n. 總數, 總量\na. 總共的, 未打折扣的, 惡劣的, 粗野的\nvt. 總共收入",,,CEEC-108,5,,,,大考中心高中英文參考詞彙表（111學年度起適用）,LEVEL 5,官方清單,,,
ceec-108:level-5:guideline,guideline,'gaidlain,n.,"n. 指導路線, 方針, 指標\n[經] 指導路線, 方針, 準則",,,CEEC-108,5,,,,大考中心高中英文參考詞彙表（111學年度起適用）,LEVEL 5,官方清單,,,
ceec-108:level-5:gut,gut,gʌt,n.|v.,"n. 劇情, 內容, 內臟, 肚子, 海峽, 勇氣\nvt. 取出內臟, 毀壞...的內部",,,CEEC-108,5,,,,大考中心高中英文參考詞彙表（111學年度起適用）,LEVEL 5,官方清單,,,
ceec-108:level-5:habitat,habitat,'hæbitæt,n.,"n. 棲息地, 居留地, 自生地, 聚集處\n[醫] 習生地, 產地, 生境, 棲所",,,CEEC-108,5,,,,大考中心高中英文參考詞彙表（111學年度起適用）,LEVEL 5,官方清單,,,
ceec-108:level-5:haul,haul,hɒ:l,n.|v.,"n. 用力拖拉, 拖運, 強拉, 捕獲量, 拖運距離\nvi. 拖, 拉, 改變方向, 改變主意\nvt. 拖拉, 拖運",,,CEEC-108,5,,,,大考中心高中英文參考詞彙表（111學年度起適用）,LEVEL 5,官方清單,,,
ceec-108:level-5:hazard,hazard,'hæzәd,n.|v.,"n. 冒險, 危險, 機會\nvt. 冒...的危險, 賭運氣, 使冒危險\n[計] 相關危險; 冒險",,,CEEC-108,5,,,,大考中心高中英文參考詞彙表（111學年度起適用）,LEVEL 5,官方清單,,,
ceec-108:level-5:heir,heir,єә,n.,"n. 繼承人, 嗣子, 後嗣\n[法] 繼承人, 後嗣",,,CEEC-108,5,,,,大考中心高中英文參考詞彙表（111學年度起適用）,LEVEL 5,官方清單,,,
ceec-108:level-5:hence,hence,hens,adv.,"adv. 因此, 從此",,,CEEC-108,5,,,,大考中心高中英文參考詞彙表（111學年度起適用）,LEVEL 5,官方清單,,,
ceec-108:level-5:herb,herb,hә:b,n.,"n. 藥草, 香草\n[醫] 草, 草本, 草藥",,,CEEC-108,5,,,,大考中心高中英文參考詞彙表（111學年度起適用）,LEVEL 5,官方清單,,,
ceec-108:level-5:heritage,heritage,'heritidʒ,n.,"n. 遺產, 祖先遺留物, 繼承物\n[醫] 遺傳性",,,CEEC-108,5,,,,大考中心高中英文參考詞彙表（111學年度起適用）,LEVEL 5,官方清單,,,
ceec-108:level-5:highlight,highlight,'hailait,n.|v.,"n. 加亮區, 精彩場面\nvt. 加亮, 使顯著, 以強光照射, 突出\n[計] 突出",,,CEEC-108,5,,,,大考中心高中英文參考詞彙表（111學年度起適用）,LEVEL 5,官方清單,,,
ceec-108:level-5:hockey,hockey,'hɒki,n.,"n. 冰球, 曲棍球",,,CEEC-108,5,,,,大考中心高中英文參考詞彙表（111學年度起適用）,LEVEL 5,官方清單,,,
ceec-108:level-5:honorable,honorable,'ɒnәrәbl,adj.,"a. 值得尊敬的, 榮耀的, 高貴的",,,CEEC-108,5,,,,大考中心高中英文參考詞彙表（111學年度起適用）,LEVEL 5,官方清單,,,
ceec-108:level-5:horizontal,horizontal,.hɒri'zɒntәl,adj.|n.,"n. 水平線, 水平面, 水平位置\na. 水平線的, 平坦的, 橫的\nn. 水平\n[計] 水平",,,CEEC-108,5,,,,大考中心高中英文參考詞彙表（111學年度起適用）,LEVEL 5,官方清單,,,
ceec-108:level-5:hormone,hormone,'hɒ:mәun,n.,n. 荷爾蒙\n[化] 激素(舊稱荷爾蒙),,,CEEC-108,5,,,,大考中心高中英文參考詞彙表（111學年度起適用）,LEVEL 5,官方清單,,,
ceec-108:level-5:hostage,hostage,'hɒstidʒ,n.,"n. 人質, 抵押品\n[經] 人質, 抵押品",,,CEEC-108,5,,,,大考中心高中英文參考詞彙表（111學年度起適用）,LEVEL 5,官方清單,,,
ceec-108:level-5:hostile,hostile,'hɒstail,adj.,"a. 敵人的, 懷敵意的, 敵對的\nn. 敵對分子",,,CEEC-108,5,,,,大考中心高中英文參考詞彙表（111學年度起適用）,LEVEL 5,官方清單,,,
ceec-108:level-5:hostility,hostility,hɒs'tiliti,n.,"n. 敵意, 敵對, 反對",,,CEEC-108,5,,,,大考中心高中英文參考詞彙表（111學年度起適用）,LEVEL 5,官方清單,,,
ceec-108:level-5:housing,housing,'hausiŋ,n.,"n. 遮蓋, 住房供給, 居留(處), 房屋, 裝飾\n[化] 外殼",,,CEEC-108,5,,,,大考中心高中英文參考詞彙表（111學年度起適用）,LEVEL 5,官方清單,,,
ceec-108:level-5:howl,howl,haul,n.|v.,"n. 嗥叫, 吠聲, 號叫\nvi. 狂吠, 咆哮, 呼嘯\nvt. 對...吼叫, 狂喊著說",,,CEEC-108,5,,,,大考中心高中英文參考詞彙表（111學年度起適用）,LEVEL 5,官方清單,,,
ceec-108:level-5:hypothesis,hypothesis,hai'pɒθәsis,n.,n. 假設\n[化] 假設,,,CEEC-108,5,,,,大考中心高中英文參考詞彙表（111學年度起適用）,LEVEL 5,官方清單,,,
ceec-108:level-5:icon,icon,'aikɒn,n.,"n. 畫像, 肖像, 偶像, 圖示, 像標\n[計] 像標, 圖示",,,CEEC-108,5,,,,大考中心高中英文參考詞彙表（111學年度起適用）,LEVEL 5,官方清單,,,
ceec-108:level-5:ideology,ideology,.aidi'ɒlәdʒi,n.,"n. 思想體系, 意識形態, 觀念學, 空論\n[醫] 觀念學, 觀念形態",,,CEEC-108,5,,,,大考中心高中英文參考詞彙表（111學年度起適用）,LEVEL 5,官方清單,,,
ceec-108:level-5:idiot,idiot,'idiәt,n.,"n. 白痴, 極蠢之人\n[醫] 白痴者, 痴子",,,CEEC-108,5,,,,大考中心高中英文參考詞彙表（111學年度起適用）,LEVEL 5,官方清單,,,
ceec-108:level-5:illusion,illusion,i'lju:ʒәn,n.,"n. 幻影, 錯覺, 幻想\n[醫] 錯覺",,,CEEC-108,5,,,,大考中心高中英文參考詞彙表（111學年度起適用）,LEVEL 5,官方清單,,,
ceec-108:level-5:immense,immense,i'mens,adj.,"a. 極廣大的, 無邊的, 非常好的",,,CEEC-108,5,,,,大考中心高中英文參考詞彙表（111學年度起適用）,LEVEL 5,官方清單,,,
ceec-108:level-5:immune,immune,i'mju:n,adj.,"a. 免疫的, 免除的, 不受影響的\nn. 免疫者",,,CEEC-108,5,,,,大考中心高中英文參考詞彙表（111學年度起適用）,LEVEL 5,官方清單,,,
ceec-108:level-5:implement,implement,'implimәnt,n.|v.,"n. 工具, 器具, 手段\nvt. 實現, 使生效, 執行",,,CEEC-108,5,,,,大考中心高中英文參考詞彙表（111學年度起適用）,LEVEL 5,官方清單,,,
ceec-108:level-5:implication,implication,.impli'keiʃәn,n.,"n. 牽連, 含義, 暗示\n[法] 推斷, 含蓄之意, 暗示",,,CEEC-108,5,,,,大考中心高中英文參考詞彙表（111學年度起適用）,LEVEL 5,官方清單,,,
ceec-108:level-5:impulse,impulse,'impʌls,n.,"n. 衝動, 驅使, 刺激, 推動, 衝力, 建議, 脈衝\nvt. 推動",,,CEEC-108,5,,,,大考中心高中英文參考詞彙表（111學年度起適用）,LEVEL 5,官方清單,,,
ceec-108:level-5:incentive,incentive,in'sentiv,adj.|n.,n. 動機\na. 激勵的,,,CEEC-108,5,,,,大考中心高中英文參考詞彙表（111學年度起適用）,LEVEL 5,官方清單,,,
ceec-108:level-5:incorporate,incorporate,in'kɒ:pәreit,v.,"a. 合併的, 組成公司的, 一體化的\nvt. 吸收, 合併, 使組成公司, 體現\nvi. 合併, 混合, 組成公司",,,CEEC-108,5,,,,大考中心高中英文參考詞彙表（111學年度起適用）,LEVEL 5,官方清單,,,
ceec-108:level-5:index,index,'indeks,n.|v.,"n. 索引, 指標, 指數, 指標\nvt. 編入索引中, 指出\nvi. 做索引\n[計] 下標; 附標; 變址; 索引; 編索引",,,CEEC-108,5,,,,大考中心高中英文參考詞彙表（111學年度起適用）,LEVEL 5,官方清單,,,
ceec-108:level-5:indifferent,indifferent,in'difәrәnt,adj.,"a. 漠不關心的, 無重要性的, 中立的\n[醫] 中性的, 無作用的, 無親和力的, 淡漠的",,,CEEC-108,5,,,,大考中心高中英文參考詞彙表（111學年度起適用）,LEVEL 5,官方清單,,,
ceec-108:level-5:indigenous,indigenous,in'didʒinәs,adj.,"a. 本土的, 國產的, 固有的\n[醫] 原產的, 本土的",,,CEEC-108,5,,,,大考中心高中英文參考詞彙表（111學年度起適用）,LEVEL 5,官方清單,,,
ceec-108:level-5:indispensable,indispensable,.indis'pensәbl,adj.,"n. 不可缺少之物\na. 不可缺少的, 責無旁貸的, 絕對必要的",,,CEEC-108,5,,,,大考中心高中英文參考詞彙表（111學年度起適用）,LEVEL 5,官方清單,,,
ceec-108:level-5:indulge,indulge,in'dʌldʒ,v.,"vt. 縱情於, 使高興, 放任, 遷就\nvi. 沉溺",,,CEEC-108,5,,,,大考中心高中英文參考詞彙表（111學年度起適用）,LEVEL 5,官方清單,,,
ceec-108:level-5:inevitable,inevitable,in'evitәbl,adj.,"a. 不可避免的, 必然的\n[法] 不可避免的, 無法規避的, 必然的",,,CEEC-108,5,,,,大考中心高中英文參考詞彙表（111學年度起適用）,LEVEL 5,官方清單,,,
ceec-108:level-5:infect,infect,in'fekt,v.,"vt. 傳染, 感染\n[醫] 傳染, 感染",,,CEEC-108,5,,,,大考中心高中英文參考詞彙表（111學年度起適用）,LEVEL 5,官方清單,,,
ceec-108:level-5:infinite,infinite,'infinit,adj.,"n. 無限, 神\na. 無窮的, 無限的, 極大的",,,CEEC-108,5,,,,大考中心高中英文參考詞彙表（111學年度起適用）,LEVEL 5,官方清單,,,
ceec-108:level-5:infrastructure,infrastructure,'infrәstrʌktʃә,n.,"n. 基礎結構, 基礎設施\n[經] 基礎設施",,,CEEC-108,5,,,,大考中心高中英文參考詞彙表（111學年度起適用）,LEVEL 5,官方清單,,,
ceec-108:level-5:inherent,inherent,in'hiәrәnt,adj.,"a. 固有的, 與生俱來的\n[醫] 固有的, 生來的",,,CEEC-108,5,,,,大考中心高中英文參考詞彙表（111學年度起適用）,LEVEL 5,官方清單,,,
ceec-108:level-5:inherit,inherit,in'herit,v.,"vt. 繼承, 遺傳\nvi. 接受遺產",,,CEEC-108,5,,,,大考中心高中英文參考詞彙表（111學年度起適用）,LEVEL 5,官方清單,,,
ceec-108:level-5:initiate,initiate,i'niʃieit,adj.|n.|v.,"n. 入會, 開始\na. 新加入的\nvt. 開始, 傳授基本知識給",,,CEEC-108,5,,,,大考中心高中英文參考詞彙表（111學年度起適用）,LEVEL 5,官方清單,,,
ceec-108:level-5:initiative,initiative,i'niʃiәtiv,adj.|n.,"n. 主動行動, 首創精神, 主動權\na. 自發的, 起始的",,,CEEC-108,5,,,,大考中心高中英文參考詞彙表（111學年度起適用）,LEVEL 5,官方清單,,,
ceec-108:level-5:inject,inject,in'dʒekt,v.,"vt. 注射, 注入, 使入軌\n[醫] 注射",,,CEEC-108,5,,,,大考中心高中英文參考詞彙表（111學年度起適用）,LEVEL 5,官方清單,,,
ceec-108:level-5:injection,injection,in'dʒekʃәn,n.,"n. 注射, 注射劑\n[化] 注入; 注射",,,CEEC-108,5,,,,大考中心高中英文參考詞彙表（111學年度起適用）,LEVEL 5,官方清單,,,
ceec-108:level-5:inning,inning,'iniŋ,n.,"n. 一局, 挨次輪換, 執政期, 圍墾",,,CEEC-108,5,,,,大考中心高中英文參考詞彙表（111學年度起適用）,LEVEL 5,官方清單,,,
ceec-108:level-5:innovation,innovation,.inәu'veiʃәn,n.,"n. 改革, 創新\n[法] 創新, 改革, 重新整理",,,CEEC-108,5,,,,大考中心高中英文參考詞彙表（111學年度起適用）,LEVEL 5,官方清單,,,
ceec-108:level-5:innovative,innovative,'inәjveitiv,adj.,"a. 革新的, 創新的, 富有革新精神的",,,CEEC-108,5,,,,大考中心高中英文參考詞彙表（111學年度起適用）,LEVEL 5,官方清單,,,
ceec-108:level-5:inquiry,inquiry,in'kwaiәri,n.,"n. 質詢, 探索, 調查, 詢盤\n[計] 詢問; 查詢",,,CEEC-108,5,,,,大考中心高中英文參考詞彙表（111學年度起適用）,LEVEL 5,官方清單,,,
ceec-108:level-5:insane,insane,in'sein,adj.,"a. 患精神病的, 極愚蠢的\n[醫] 神經錯亂的",,,CEEC-108,5,,,,大考中心高中英文參考詞彙表（111學年度起適用）,LEVEL 5,官方清單,,,
ceec-108:level-5:insight,insight,'insait,n.,"n. 察看, 洞察力, 見識\n[醫] 自知力, 洞察, 頓悟",,,CEEC-108,5,,,,大考中心高中英文參考詞彙表（111學年度起適用）,LEVEL 5,官方清單,,,
ceec-108:level-5:installation,installation,.instә'leiʃәn,n.,"n. 安裝, 裝置, 就職\n[醫] 結構, 裝置, 設立",,,CEEC-108,5,,,,大考中心高中英文參考詞彙表（111學年度起適用）,LEVEL 5,官方清單,,,
ceec-108:level-5:institute,institute,'institju:t,n.|v.,"n. 學會, 學院, 協會\nvt. 創立, 開始, 制定, 任命",,,CEEC-108,5,,,,大考中心高中英文參考詞彙表（111學年度起適用）,LEVEL 5,官方清單,,,
ceec-108:level-5:institution,institution,.insti'tju:ʃәn,n.,"n. 機構, 慣例, 制度\n[醫] 機關, 機構, 設施",,,CEEC-108,5,,,,大考中心高中英文參考詞彙表（111學年度起適用）,LEVEL 5,官方清單,,,
ceec-108:level-5:intact,intact,in'tækt,adj.,"a. 尚未被人碰過的, 原封不動的, 完整的\n[醫] 完整的, 無傷的",,,CEEC-108,5,,,,大考中心高中英文參考詞彙表（111學年度起適用）,LEVEL 5,官方清單,,,
ceec-108:level-5:integrate,integrate,'intigreit,v.,"vt. 綜合, 使完整, 使成整體\nvi. 成一體\na. 完整的, 完全的",,,CEEC-108,5,,,,大考中心高中英文參考詞彙表（111學年度起適用）,LEVEL 5,官方清單,,,
ceec-108:level-5:integration,integration,.inti'greiʃәn,n.,"n. 綜合, 與環境協調的行為, 整合\n[化] 整合; 整合",,,CEEC-108,5,,,,大考中心高中英文參考詞彙表（111學年度起適用）,LEVEL 5,官方清單,,,
ceec-108:level-5:integrity,integrity,in'tegriti,n.,"n. 正直, 廉正, 完整\n[計] 完整性",,,CEEC-108,5,,,,大考中心高中英文參考詞彙表（111學年度起適用）,LEVEL 5,官方清單,,,
ceec-108:level-5:intensify,intensify,in'tensifai,v.,vt. 加強\nvi. 強化,,,CEEC-108,5,,,,大考中心高中英文參考詞彙表（111學年度起適用）,LEVEL 5,官方清單,,,
ceec-108:level-5:intent,intent,in'tent,adj.|n.,"n. 意圖, 含義, 故意\na. 專心的, 決心的, 熱心的",,,CEEC-108,5,,,,大考中心高中英文參考詞彙表（111學年度起適用）,LEVEL 5,官方清單,,,
ceec-108:level-5:interference,interference,.intә'fiәrәns,n.,"n. 衝突, 干涉\n[計] 干擾",,,CEEC-108,5,,,,大考中心高中英文參考詞彙表（111學年度起適用）,LEVEL 5,官方清單,,,
ceec-108:level-5:interior,interior,in'tiәriә,adj.|n.,"n. 內部, 內政\na. 內部的, 心靈的, 內地的, 內政的",,,CEEC-108,5,,,,大考中心高中英文參考詞彙表（111學年度起適用）,LEVEL 5,官方清單,,,
ceec-108:level-5:interpretation,interpretation,in.tә:pri'teiʃәn,n.,"n. 解釋, 演出, 翻譯\n[計] 插值; 插值法; 解釋",,,CEEC-108,5,,,,大考中心高中英文參考詞彙表（111學年度起適用）,LEVEL 5,官方清單,,,
ceec-108:level-5:interval,interval,'intәvәl,n.,"n. 間隔, 距離, 間歇, 間隙\n[計] 時間間隔",,,CEEC-108,5,,,,大考中心高中英文參考詞彙表（111學年度起適用）,LEVEL 5,官方清單,,,
ceec-108:level-5:intervention,intervention,.intә'venʃәn,n.,"n. 插入, 介入, 調停\n[經] 干預",,,CEEC-108,5,,,,大考中心高中英文參考詞彙表（111學年度起適用）,LEVEL 5,官方清單,,,
ceec-108:level-5:investigator,investigator,in'vestigeitә,n.,"n. 調查者, 審查者\n[法] 審查員, 偵查員, 調查員",,,CEEC-108,5,,,,大考中心高中英文參考詞彙表（111學年度起適用）,LEVEL 5,官方清單,,,
ceec-108:level-5:irony,irony,'aiәrәni,n.,"n. 反語, 諷刺, 具有諷刺意味的事",,,CEEC-108,5,,,,大考中心高中英文參考詞彙表（111學年度起適用）,LEVEL 5,官方清單,,,
ceec-108:level-5:journalism,journalism,'dʒә:nәlizm,n.,"n. 新聞業, 報章雜誌\n[法] 報刊, 新聞業, 新聞出版",,,CEEC-108,5,,,,大考中心高中英文參考詞彙表（111學年度起適用）,LEVEL 5,官方清單,,,
ceec-108:level-5:journalist,journalist,'dʒә:nәlist,n.,"n. 新聞記者, 從事新聞雜誌業的人",,,CEEC-108,5,,,,大考中心高中英文參考詞彙表（111學年度起適用）,LEVEL 5,官方清單,,,
ceec-108:level-5:judicial,judicial,dʒu:'diʃәl,adj.,"a. 法庭的, 公正的, 審判上的, 司法的\n[法] 司法的, 審判上的, 法官的",,,CEEC-108,5,,,,大考中心高中英文參考詞彙表（111學年度起適用）,LEVEL 5,官方清單,,,
ceec-108:level-5:jug,jug,dʒʌg,n.|v.,"n. 水壺, 監牢, 模仿夜鶯的叫聲\nvt. 放入壺中, 燉, 關押\nvi. 模仿夜鶯叫",,,CEEC-108,5,,,,大考中心高中英文參考詞彙表（111學年度起適用）,LEVEL 5,官方清單,,,
ceec-108:level-5:jury,jury,'dʒuәri,n.,"n. 陪審團, 評判委員會\na. 應急的",,,CEEC-108,5,,,,大考中心高中英文參考詞彙表（111學年度起適用）,LEVEL 5,官方清單,,,
ceec-108:level-5:justify,justify,'dʒʌstifai,v.,"vt. 替...辯護, 證明\nvi. 證明合法\n[計] 段落重排, 兩端對齊",,,CEEC-108,5,,,,大考中心高中英文參考詞彙表（111學年度起適用）,LEVEL 5,官方清單,,,
ceec-108:level-5:juvenile,juvenile,'dʒu:vinail,adj.|n.,"n. 少年, 少年讀物\na. 少年的, 不成熟的, 適於少年的",,,CEEC-108,5,,,,大考中心高中英文參考詞彙表（111學年度起適用）,LEVEL 5,官方清單,,,
ceec-108:level-5:kidnap,kidnap,'kidnæp,v.,"vt. 綁架, 誘拐, 拐騙\n[法] 拐帶, 誘拐, 綁架",,,CEEC-108,5,,,,大考中心高中英文參考詞彙表（111學年度起適用）,LEVEL 5,官方清單,,,
ceec-108:level-5:landlord,landlord,'lændlɒ:d,n.,"n. 房東, 地主\n[經] 業主, 地主, 房東",,,CEEC-108,5,,,,大考中心高中英文參考詞彙表（111學年度起適用）,LEVEL 5,官方清單,,,
ceec-108:level-5:laser,laser,'leizә,n.,n. 鐳射\n[計] 鐳射器,,,CEEC-108,5,,,,大考中心高中英文參考詞彙表（111學年度起適用）,LEVEL 5,官方清單,,,
ceec-108:level-5:lawmaker,lawmaker,lɒ:'meikә,n.,n. 立法者,,,CEEC-108,5,,,,大考中心高中英文參考詞彙表（111學年度起適用）,LEVEL 5,官方清單,,,
ceec-108:level-5:lawsuit,lawsuit,'lɒ:sju:t,n.,"n. 訴訟\n[法] 訴訟, 訴訟案件",,,CEEC-108,5,,,,大考中心高中英文參考詞彙表（111學年度起適用）,LEVEL 5,官方清單,,,
ceec-108:level-5:layer,layer,'leiә,n.|v.,"n. 層, 產卵雞, 放置者\nvt. 分層堆積, 壓植\n[計] 層",,,CEEC-108,5,,,,大考中心高中英文參考詞彙表（111學年度起適用）,LEVEL 5,官方清單,,,
ceec-108:level-5:league,league,li:g,n.|v.,"n. 同盟, 聯盟, 盟約\nv. 組聯盟, (使)加盟",,,CEEC-108,5,,,,大考中心高中英文參考詞彙表（111學年度起適用）,LEVEL 5,官方清單,,,
ceec-108:level-5:legacy,legacy,'legәsi,n.,"n. 祖先傳下來之物, 遺贈物\n[經] 遺產, 遺贈物",,,CEEC-108,5,,,,大考中心高中英文參考詞彙表（111學年度起適用）,LEVEL 5,官方清單,,,
ceec-108:level-5:legendary,legendary,'ledʒәndәri,adj.,"a. 傳說的, 傳奇中說的, 傳奇般的, 傳說中的, 著名的",,,CEEC-108,5,,,,大考中心高中英文參考詞彙表（111學年度起適用）,LEVEL 5,官方清單,,,
ceec-108:level-5:legislation,legislation,.ledʒis'leiʃәn,n.,"n. 立法, 法律\n[醫] 立法, 法規",,,CEEC-108,5,,,,大考中心高中英文參考詞彙表（111學年度起適用）,LEVEL 5,官方清單,,,
ceec-108:level-5:legislative,legislative,'ledʒislәtiv,adj.,"n. 立法機構\na. 立法的, 有立法權的",,,CEEC-108,5,,,,大考中心高中英文參考詞彙表（111學年度起適用）,LEVEL 5,官方清單,,,
ceec-108:level-5:legitimate,legitimate,li'dʒitimәt,adj.|v.,"a. 合法的, 正當的, 婚生的\nvt. 認為正當, 立為嫡嗣, 使合法",,,CEEC-108,5,,,,大考中心高中英文參考詞彙表（111學年度起適用）,LEVEL 5,官方清單,,,
ceec-108:level-5:lest,lest,lest,conj.,"conj. 以免, 唯恐, 免得",,,CEEC-108,5,,,,大考中心高中英文參考詞彙表（111學年度起適用）,LEVEL 5,官方清單,,,
ceec-108:level-5:liability,liability,laiә'biliti,n.,"n. 責任, 債務, 傾向\n[經] 責任, 義務, 負債",,,CEEC-108,5,,,,大考中心高中英文參考詞彙表（111學年度起適用）,LEVEL 5,官方清單,,,
ceec-108:level-5:likelihood,likelihood,'laiklihud,n.,"n. 可能, 可能性",,,CEEC-108,5,,,,大考中心高中英文參考詞彙表（111學年度起適用）,LEVEL 5,官方清單,,,
ceec-108:level-5:likewise,likewise,'laikwaiz,adv.,"adv. 同樣地, 也",,,CEEC-108,5,,,,大考中心高中英文參考詞彙表（111學年度起適用）,LEVEL 5,官方清單,,,
ceec-108:level-5:loop,loop,lu:p,n.,"n. 環, 圈, 彎曲部分, 迴圈\nvt. 使成環, 以圈結, 以環連結\nvi. 打環, 翻筋斗\n[計] 迴圈",,,CEEC-108,5,,,,大考中心高中英文參考詞彙表（111學年度起適用）,LEVEL 5,官方清單,,,
ceec-108:level-5:lounge,lounge,laundʒ,n.|v.,"n. 閒逛, 休閒室, 長沙發\nvi. 閒混, (懶洋洋地)躺\nvt. 閒混",,,CEEC-108,5,,,,大考中心高中英文參考詞彙表（111學年度起適用）,LEVEL 5,官方清單,,,
ceec-108:level-5:lump,lump,lʌmp,n.|v.,"n. 塊, 瘤, 很多, 腫塊, 笨人\nvt. 使成塊狀, 混在一起\nvi. 結塊",,,CEEC-108,5,,,,大考中心高中英文參考詞彙表（111學年度起適用）,LEVEL 5,官方清單,,,
ceec-108:level-5:mainstream,mainstream,'meinstri:m,n.,n. 主流,,,CEEC-108,5,,,,大考中心高中英文參考詞彙表（111學年度起適用）,LEVEL 5,官方清單,,,
ceec-108:level-5:maintenance,maintenance,'meintәnәns,n.,"n. 維護, 保持, 維修, 生活費用, 堅持, 扶養\n[計] 維護; 維修",,,CEEC-108,5,,,,大考中心高中英文參考詞彙表（111學年度起適用）,LEVEL 5,官方清單,,,
ceec-108:level-5:mammal,mammal,mæmәl,n.,n. 哺乳動物\n[化] 哺乳動物,,,CEEC-108,5,,,,大考中心高中英文參考詞彙表（111學年度起適用）,LEVEL 5,官方清單,,,
ceec-108:level-5:mandate,mandate,'mændeit,n.,"n. 命令, 指令, 要求\nvt. 委任統治",,,CEEC-108,5,,,,大考中心高中英文參考詞彙表（111學年度起適用）,LEVEL 5,官方清單,,,
ceec-108:level-5:manifest,manifest,'mænifest,adj.|v.,"n. 載貨單, 運貨單, 旅客名單\na. 顯然的, 明白的\nvi. 顯示, 出現\nvt. 表明, 表現, 證明",,,CEEC-108,5,,,,大考中心高中英文參考詞彙表（111學年度起適用）,LEVEL 5,官方清單,,,
ceec-108:level-5:manipulate,manipulate,mә'nipjuleit,v.,"vt. 操縱, 利用, 操作, 巧妙地處理, 假造",,,CEEC-108,5,,,,大考中心高中英文參考詞彙表（111學年度起適用）,LEVEL 5,官方清單,,,
ceec-108:level-5:mansion,mansion,'mænʃәn,n.,"n. 大廈, 宅邸",,,CEEC-108,5,,,,大考中心高中英文參考詞彙表（111學年度起適用）,LEVEL 5,官方清單,,,
ceec-108:level-5:marine,marine,mә'ri:n,adj.|n.,"n. 艦隊, 水兵, 海景畫\na. 海的, 海產的, 海底的, 船舶的, 海運的",,,CEEC-108,5,,,,大考中心高中英文參考詞彙表（111學年度起適用）,LEVEL 5,官方清單,,,
ceec-108:level-5:masculine,masculine,'mæskjulin,adj.|n.,"n. 陽性, 男性\na. 男性的, 陽性的, 有丈夫氣的",,,CEEC-108,5,,,,大考中心高中英文參考詞彙表（111學年度起適用）,LEVEL 5,官方清單,,,
ceec-108:level-5:massage,massage,'mæsɑ:ʒ,n.|v.,"n. 按摩, 揉\nvt. 按摩, 揉",,,CEEC-108,5,,,,大考中心高中英文參考詞彙表（111學年度起適用）,LEVEL 5,官方清單,,,
ceec-108:level-5:massive,massive,'mæsiv,adj.,"a. 大而重的, 寬大的, 宏偉的\n[醫] 大塊的, 整塊的, 大量的",,,CEEC-108,5,,,,大考中心高中英文參考詞彙表（111學年度起適用）,LEVEL 5,官方清單,,,
ceec-108:level-5:masterpiece,masterpiece,'mɑ:stәpi:s,n.,"n. 傑作, 名著",,,CEEC-108,5,,,,大考中心高中英文參考詞彙表（111學年度起適用）,LEVEL 5,官方清單,,,
ceec-108:level-5:mattress,mattress,'mætris,n.,"n. 床墊, 空氣墊, 沉床\n[醫] 褥子, 床墊",,,CEEC-108,5,,,,大考中心高中英文參考詞彙表（111學年度起適用）,LEVEL 5,官方清單,,,
ceec-108:level-5:meantime,meantime,'mi:ntaim,adv.|n.,"n. 間隔時間, 其時\nadv. 其間",,,CEEC-108,5,,,,大考中心高中英文參考詞彙表（111學年度起適用）,LEVEL 5,官方清單,,,
ceec-108:level-5:mechanism,mechanism,'mekәnizm,n.,"n. 機械, 機構, 結構, 機理, 技巧\n[化] 機理; 歷程; 機構",,,CEEC-108,5,,,,大考中心高中英文參考詞彙表（111學年度起適用）,LEVEL 5,官方清單,,,
ceec-108:level-5:medication,medication,.medi'keiʃәn,n.,"n. 藥物治療, 藥物處理, 醫藥\n[醫] 藥療法, 投藥法",,,CEEC-108,5,,,,大考中心高中英文參考詞彙表（111學年度起適用）,LEVEL 5,官方清單,,,
ceec-108:level-5:mentor,mentor,'mentɔ:,n.,"n. 指導者, 良師益友",,,CEEC-108,5,,,,大考中心高中英文參考詞彙表（111學年度起適用）,LEVEL 5,官方清單,,,
ceec-108:level-5:merge,merge,mә:dʒ,v.,"vt. 使合併, 使消失, 吞沒\nvi. 合併, 漸漸消失\n[計] 合併",,,CEEC-108,5,,,,大考中心高中英文參考詞彙表（111學年度起適用）,LEVEL 5,官方清單,,,
ceec-108:level-5:metaphor,metaphor,'metәfә,n.,n. 隱喻,,,CEEC-108,5,,,,大考中心高中英文參考詞彙表（111學年度起適用）,LEVEL 5,官方清單,,,
ceec-108:level-5:metropolitan,metropolitan,.metrә'pɒlitn,adj.|n.,"n. 大都市居民, 都主教, 宗主國的公民\na. 大都市的, 都主教區的, 宗主國的",,,CEEC-108,5,,,,大考中心高中英文參考詞彙表（111學年度起適用）,LEVEL 5,官方清單,,,
ceec-108:level-5:midst,midst,midst,n.|prep.,n. 中間\nprep. 在...中間,,,CEEC-108,5,,,,大考中心高中英文參考詞彙表（111學年度起適用）,LEVEL 5,官方清單,,,
ceec-108:level-5:migration,migration,mai'greiʃәn,n.,"n. 移民, 移往, 移動\n[計] 遷移",,,CEEC-108,5,,,,大考中心高中英文參考詞彙表（111學年度起適用）,LEVEL 5,官方清單,,,
ceec-108:level-5:milestone,milestone,'mailstәun,n.,"n. 里程碑, 里程石, 里程標",,,CEEC-108,5,,,,大考中心高中英文參考詞彙表（111學年度起適用）,LEVEL 5,官方清單,,,
ceec-108:level-5:miniature,miniature,'miniәtʃә,adj.|n.,"n. 縮圖, 小畫像\na. 小規模的, 纖小的",,,CEEC-108,5,,,,大考中心高中英文參考詞彙表（111學年度起適用）,LEVEL 5,官方清單,,,
ceec-108:level-5:minimal,minimal,'miniml,adj.,"a. 最小的, 極微的, 最小限度的\n[醫] 最小的, 最低的",,,CEEC-108,5,,,,大考中心高中英文參考詞彙表（111學年度起適用）,LEVEL 5,官方清單,,,
ceec-108:level-5:minimize,minimize,'minimaiz,v.,vt. 將...減到最少\nvt. 最小化\nvi. 最小化\n[計] 最小化,,,CEEC-108,5,,,,大考中心高中英文參考詞彙表（111學年度起適用）,LEVEL 5,官方清單,,,
ceec-108:level-5:mint,mint,mint,n.,"n. 薄荷, 造幣廠, 鉅額\nvt. 鑄造, 鑄幣, 製造",,,CEEC-108,5,,,,大考中心高中英文參考詞彙表（111學年度起適用）,LEVEL 5,官方清單,,,
ceec-108:level-5:missionary,missionary,'miʃәnәri,adj.|n.,"n. 傳教士, 負有任務者, 工作人員\na. 傳教的, 傳教士的",,,CEEC-108,5,,,,大考中心高中英文參考詞彙表（111學年度起適用）,LEVEL 5,官方清單,,,
ceec-108:level-5:moan,moan,mәun,n.|v.,"n. 呻吟, 悲嘆\nvi. 呻吟, 抱怨, 悲嘆\nvt. 呻吟著說",,,CEEC-108,5,,,,大考中心高中英文參考詞彙表（111學年度起適用）,LEVEL 5,官方清單,,,
ceec-108:level-5:mock,mock,mɒk,adj.|n.|v.,"n. 嘲笑, 戲弄, 模仿\na. 假的, 偽造的, 模擬的\nadv. 虛偽地\nvt. 嘲弄, 模仿, 使失望, 欺騙, 挫敗\nvi. 嘲弄",,,CEEC-108,5,,,,大考中心高中英文參考詞彙表（111學年度起適用）,LEVEL 5,官方清單,,,
ceec-108:level-5:mode,mode,mәud,n.,"n. 模態, 調式, 樣式, 文體, 狀態, 方式, 風尚\n[計] 方式; DOS外部命令:設定各種裝置命令",,,CEEC-108,5,,,,大考中心高中英文參考詞彙表（111學年度起適用）,LEVEL 5,官方清單,,,
ceec-108:level-5:modify,modify,'mɒdifai,v.,"vt. 修正, 變更, 修飾, 緩和, 減輕\nvi. 被修改\n[計] 修改",,,CEEC-108,5,,,,大考中心高中英文參考詞彙表（111學年度起適用）,LEVEL 5,官方清單,,,
ceec-108:level-5:molecule,molecule,'mɒlikju:l,n.,"n. 分子, 些微\n[化] 分子",,,CEEC-108,5,,,,大考中心高中英文參考詞彙表（111學年度起適用）,LEVEL 5,官方清單,,,
ceec-108:level-5:monopoly,monopoly,mә'nɒpәli,n.,"n. 壟斷, 專賣權, 獨佔事業\n[經] 壟斷, 專利品, 壟斷(權)獨佔",,,CEEC-108,5,,,,大考中心高中英文參考詞彙表（111學年度起適用）,LEVEL 5,官方清單,,,
ceec-108:level-5:morality,morality,mә'ræliti,n.,"n. 道德, 教訓, 品行\n[法] 道德, 道義",,,CEEC-108,5,,,,大考中心高中英文參考詞彙表（111學年度起適用）,LEVEL 5,官方清單,,,
ceec-108:level-5:mortality,mortality,mɒ:'tælәti,n.,"n. 必死的命運, 死亡數目, 死亡率\n[醫] 必死性, 死亡率",,,CEEC-108,5,,,,大考中心高中英文參考詞彙表（111學年度起適用）,LEVEL 5,官方清單,,,
ceec-108:level-5:mortgage,mortgage,'mɒ:gidʒ,n.,"n. 抵押, 約束性義務, 抵押借款\nvt. 抵押, 以...作擔保, 把...許給",,,CEEC-108,5,,,,大考中心高中英文參考詞彙表（111學年度起適用）,LEVEL 5,官方清單,,,
ceec-108:level-5:motive,motive,'mәutiv,n.,"n. 動機, 目的, 主題, 基調\na. 運動的, 成為動機的",,,CEEC-108,5,,,,大考中心高中英文參考詞彙表（111學年度起適用）,LEVEL 5,官方清單,,,
ceec-108:level-5:mount,mount,maunt,n.|v.,"n. 乘騎用馬, 框, 襯紙, 山\nvi. 乘馬, 爬上, 增長\nvt. 爬上, 使上馬, 裝上, 裝裱, 安放, 製作...的標本, 設定, 上演\n[計] 安裝",,,CEEC-108,5,,,,大考中心高中英文參考詞彙表（111學年度起適用）,LEVEL 5,官方清單,,,
ceec-108:level-5:mumble,mumble,'mʌmbl,n.|v.,"n. 喃喃而語, 咕噥\nv. 喃喃而語, 咕噥",,,CEEC-108,5,,,,大考中心高中英文參考詞彙表（111學年度起適用）,LEVEL 5,官方清單,,,
ceec-108:level-5:municipal,municipal,mju:'nisipl,adj.,"a. 市政的, 自治區的, 內政的\n[經] 市政的, 市的",,,CEEC-108,5,,,,大考中心高中英文參考詞彙表（111學年度起適用）,LEVEL 5,官方清單,,,
ceec-108:level-5:muscular,muscular,'mʌskjulә,adj.,"a. 強壯的, 肌肉發達的, 有力的\n[醫] 肌的; 肌肉發達的",,,CEEC-108,5,,,,大考中心高中英文參考詞彙表（111學年度起適用）,LEVEL 5,官方清單,,,
ceec-108:level-5:mustard,mustard,'mʌstәd,n.,"n. 芥末, 芥菜, 強烈的興趣\n[醫] 芥子; 芥屬植物",,,CEEC-108,5,,,,大考中心高中英文參考詞彙表（111學年度起適用）,LEVEL 5,官方清單,,,
ceec-108:level-5:myth,myth,miθ,n.,"n. 神話, 虛構的事, 虛構的人",,,CEEC-108,5,,,,大考中心高中英文參考詞彙表（111學年度起適用）,LEVEL 5,官方清單,,,
ceec-108:level-5:naive,naive,nɑ:'i:v,adj.,"a. 天真的, 純真的, 幼稚的",,,CEEC-108,5,,,,大考中心高中英文參考詞彙表（111學年度起適用）,LEVEL 5,官方清單,,,
ceec-108:level-5:narrative,narrative,'nærәtiv,adj.|n.,"n. 敘述, 故事\na. 敘述的, 敘事的, 故事體的",,,CEEC-108,5,,,,大考中心高中英文參考詞彙表（111學年度起適用）,LEVEL 5,官方清單,,,
ceec-108:level-5:nasty,nasty,'nɑ:sti,adj.,"a. 汙穢的, 下流的, 險惡的",,,CEEC-108,5,,,,大考中心高中英文參考詞彙表（111學年度起適用）,LEVEL 5,官方清單,,,
ceec-108:level-5:negotiation,negotiation,ni.gәuʃi'eiʃәn,n.,"n. 談判, 磋商, 交涉\n[經] 談判, 協商",,,CEEC-108,5,,,,大考中心高中英文參考詞彙表（111學年度起適用）,LEVEL 5,官方清單,,,
ceec-108:level-5:neutral,neutral,'nju:trәl,adj.|n.,"n. 中立者, 中立國, 非彩色, 空檔\na. 中立的, 中性的, 無色的",,,CEEC-108,5,,,,大考中心高中英文參考詞彙表（111學年度起適用）,LEVEL 5,官方清單,,,
ceec-108:level-5:nominate,nominate,'nɒmineit,v.,"vt. 提名, 任命, 命名\n[法] 提名...為候選人, 指定, 推薦",,,CEEC-108,5,,,,大考中心高中英文參考詞彙表（111學年度起適用）,LEVEL 5,官方清單,,,
ceec-108:level-5:nomination,nomination,.nɒmi'neiʃәn,n.,"n. 提名, 任命, 提名權",,,CEEC-108,5,,,,大考中心高中英文參考詞彙表（111學年度起適用）,LEVEL 5,官方清單,,,
ceec-108:level-5:nominee,nominee,.nɒmi'ni:,n.,"n. 被提名者, 被任命者\n[經] 被指定人",,,CEEC-108,5,,,,大考中心高中英文參考詞彙表（111學年度起適用）,LEVEL 5,官方清單,,,
ceec-108:level-5:nonprofit,nonprofit,nɒn'prɒfit,adj.,"a. 非贏利的, 無利可圖的\n[法] 非營利的, 無利可圖的",,,CEEC-108,5,,,,大考中心高中英文參考詞彙表（111學年度起適用）,LEVEL 5,官方清單,,,
ceec-108:level-5:norm,norm,nɒ:m,n.,"n. 基準, 模範, 標準, 準則, 平均數\n[化] 定額",,,CEEC-108,5,,,,大考中心高中英文參考詞彙表（111學年度起適用）,LEVEL 5,官方清單,,,
ceec-108:level-5:noticeable,noticeable,'nәutisәbl,adj.,"a. 顯而易見的, 顯著的, 值得注意的",,,CEEC-108,5,,,,大考中心高中英文參考詞彙表（111學年度起適用）,LEVEL 5,官方清單,,,
ceec-108:level-5:notify,notify,'nәutifai,v.,"vt. 通知, 通告, 報告\n[計] 通知",,,CEEC-108,5,,,,大考中心高中英文參考詞彙表（111學年度起適用）,LEVEL 5,官方清單,,,
ceec-108:level-5:notion,notion,'nәuʃәn,n.,"n. 概念, 觀念, 想法, 打算, 別緻的小東西\n[經] 概念, 打算, 想法",,,CEEC-108,5,,,,大考中心高中英文參考詞彙表（111學年度起適用）,LEVEL 5,官方清單,,,
ceec-108:level-5:nowhere,nowhere,'nәuhwєә,adv.|pron.,"adv. 無處, 到處都無",,,CEEC-108,5,,,,大考中心高中英文參考詞彙表（111學年度起適用）,LEVEL 5,官方清單,,,
ceec-108:level-5:nutrient,nutrient,'nju:triәnt,adj.|n.,"a. 營養的, 滋養的\nn. 營養物, 滋養物",,,CEEC-108,5,,,,大考中心高中英文參考詞彙表（111學年度起適用）,LEVEL 5,官方清單,,,
ceec-108:level-5:nutrition,nutrition,nju:'triʃәn,n.,"n. 營養, 營養學\n[醫] 營養, 營養品",,,CEEC-108,5,,,,大考中心高中英文參考詞彙表（111學年度起適用）,LEVEL 5,官方清單,,,
ceec-108:level-5:obligation,obligation,.ɒbli'geiʃәn,n.,"n. 義務, 責任, 約束, 契約, 恩惠, 債務\n[經] 待付款, 債務, 義務",,,CEEC-108,5,,,,大考中心高中英文參考詞彙表（111學年度起適用）,LEVEL 5,官方清單,,,
ceec-108:level-5:obscure,obscure,әb'skjuә,adj.|v.,"a. 模糊的, 昏暗的, 難解的, 晦澀的, 偏僻的, 微賤的, 無名的\nvt. 使變暗, 隱藏, 使變模糊, 使難解",,,CEEC-108,5,,,,大考中心高中英文參考詞彙表（111學年度起適用）,LEVEL 5,官方清單,,,
ceec-108:level-5:observer,observer,әb'zә:vә,n.,"n. 觀察者, 遵守者, 觀察員\n[法] 觀察者, 觀察員, 監場員",,,CEEC-108,5,,,,大考中心高中英文參考詞彙表（111學年度起適用）,LEVEL 5,官方清單,,,
ceec-108:level-5:odds,odds,ɒdz,n.,"n. 可能性, 機率, 機會, 勝算, 不平等",,,CEEC-108,5,,,,大考中心高中英文參考詞彙表（111學年度起適用）,LEVEL 5,官方清單,,,
ceec-108:level-5:offering,offering,'ɒfәriŋ,n.,"n. 提供, 奉獻物, 牲禮, 上市的股票(或證券等)\n[經] 出售物",,,CEEC-108,5,,,,大考中心高中英文參考詞彙表（111學年度起適用）,LEVEL 5,官方清單,,,
ceec-108:level-5:olive,olive,'ɒliv,adj.|n.,"n. 橄欖, 橄欖樹, 橄欖色, 橄欖枝\na. 黃綠色的, 黃褐色的, 橄欖色的",,,CEEC-108,5,,,,大考中心高中英文參考詞彙表（111學年度起適用）,LEVEL 5,官方清單,,,
ceec-108:level-5:operational,operational,.ɒpә'reiʃәnl,adj.,"a. 操作的, 運作的\n[法] 操作上的, 業務上的, 可起作用的",,,CEEC-108,5,,,,大考中心高中英文參考詞彙表（111學年度起適用）,LEVEL 5,官方清單,,,
ceec-108:level-5:opponent,opponent,ә'pәunәnt,n.,"n. 對手, 敵手, 反對者\na. 敵對的, 反對的, 對面的",,,CEEC-108,5,,,,大考中心高中英文參考詞彙表（111學年度起適用）,LEVEL 5,官方清單,,,
ceec-108:level-5:opposition,opposition,.ɒpә'ziʃәn,n.,"n. 反對, 敵對, 相反, 在野黨\n[醫] 對生, 對向, 反抗, 反對症",,,CEEC-108,5,,,,大考中心高中英文參考詞彙表（111學年度起適用）,LEVEL 5,官方清單,,,
ceec-108:level-5:opt,opt,ɒpt,v.,vi. 選擇,,,CEEC-108,5,,,,大考中心高中英文參考詞彙表（111學年度起適用）,LEVEL 5,官方清單,,,
ceec-108:level-5:optimism,optimism,'ɒptimizm,n.,"n. 樂觀主義, 樂觀, 樂天\n[醫] 樂觀主義, 樂觀",,,CEEC-108,5,,,,大考中心高中英文參考詞彙表（111學年度起適用）,LEVEL 5,官方清單,,,
ceec-108:level-5:optional,optional,'ɒpʃәnl,adj.,"a. 可選擇的, 隨意的\n[化] 選購的",,,CEEC-108,5,,,,大考中心高中英文參考詞彙表（111學年度起適用）,LEVEL 5,官方清單,,,
ceec-108:level-5:orchard,orchard,'ɒ:tʃәd,n.,"n. 果園, 果樹林",,,CEEC-108,5,,,,大考中心高中英文參考詞彙表（111學年度起適用）,LEVEL 5,官方清單,,,
ceec-108:level-5:organism,organism,'ɒ:gәnizm,n.,"n. 生物, 有機體, 社會組織\n[醫] 生物[體],[有]機體",,,CEEC-108,5,,,,大考中心高中英文參考詞彙表（111學年度起適用）,LEVEL 5,官方清單,,,
ceec-108:level-5:originality,originality,ә.ridʒә'næliti,n.,"n. 創意, 新奇, 獨創能力, 原始",,,CEEC-108,5,,,,大考中心高中英文參考詞彙表（111學年度起適用）,LEVEL 5,官方清單,,,
ceec-108:level-5:outfit,outfit,'autfit,n.|v.,"n. 用具, 配備, 機構\nvt. 配備, 供應\nvi. 得到裝備",,,CEEC-108,5,,,,大考中心高中英文參考詞彙表（111學年度起適用）,LEVEL 5,官方清單,,,
ceec-108:level-5:outlet,outlet,'autlet,n.,"n. 出口, 發洩方法, 市場\n[醫] 出口",,,CEEC-108,5,,,,大考中心高中英文參考詞彙表（111學年度起適用）,LEVEL 5,官方清單,,,
ceec-108:level-5:output,output,'autput,n.|v.,"n. 輸出, 產品, 產量\n[計] 輸出",,,CEEC-108,5,,,,大考中心高中英文參考詞彙表（111學年度起適用）,LEVEL 5,官方清單,,,
ceec-108:level-5:outsider,outsider,' aut'saidә,n.,"n. 外人, 局外人, 非會員, 外行, 門外漢, 比賽中獲勝可能性不大的選手\n[經] 外船公司",,,CEEC-108,5,,,,大考中心高中英文參考詞彙表（111學年度起適用）,LEVEL 5,官方清單,,,
ceec-108:level-5:overall,overall,'әuvәrɒ:l,adj.|adv.|n.,"a. 全部的, 全體的, 從頭至尾的, 一切在內的\nadv. 從頭到尾, 總的說來\nn. 罩衫, 工作服",,,CEEC-108,5,,,,大考中心高中英文參考詞彙表（111學年度起適用）,LEVEL 5,官方清單,,,
ceec-108:level-5:overhead,overhead,'әuvәhed,adj.|adv.|n.,"n. 經常開支, 普通用費, 天花板\na. 在頭上的, 高架的\nadv. 在頭頂上, 在空中, 在高處, 從頭到腳全部沒入地\n[計] 總開銷; 額外開銷",,,CEEC-108,5,,,,大考中心高中英文參考詞彙表（111學年度起適用）,LEVEL 5,官方清單,,,
ceec-108:level-5:oversee,oversee,.әuvә'si:,v.,"vt. 向下看, 瞭望, 監督, 偷看到\n[法] 監察, 監督, 俯瞰",,,CEEC-108,5,,,,大考中心高中英文參考詞彙表（111學年度起適用）,LEVEL 5,官方清單,,,
ceec-108:level-5:overtake,overtake,.әuvә'teik,v.,"vt. 趕上, 突然降臨於, 壓倒, 代替",,,CEEC-108,5,,,,大考中心高中英文參考詞彙表（111學年度起適用）,LEVEL 5,官方清單,,,
ceec-108:level-5:overturn,overturn,.әuvә'tә:n,n.|v.,"n. 傾覆, 破滅, 革命\nvt. 推翻, 顛倒\nvi. 翻倒",,,CEEC-108,5,,,,大考中心高中英文參考詞彙表（111學年度起適用）,LEVEL 5,官方清單,,,
ceec-108:level-5:overwhelm,overwhelm,.әuvә'hwelm,v.,"vt. 淹沒, 受打擊, 制服, 壓倒, 使不知所措\n[法] 打翻, 傾覆, 覆蓋",,,CEEC-108,5,,,,大考中心高中英文參考詞彙表（111學年度起適用）,LEVEL 5,官方清單,,,
ceec-108:level-5:parallel,parallel,'pærәlel,adj.|n.|v.,"n. 平行, 對比, 相匹敵之物\na. 平行的, 相似的\nvt. 與...平行, 與...相似, 相比, 使平行\n[計] 並聯; 並行",,,CEEC-108,5,,,,大考中心高中英文參考詞彙表（111學年度起適用）,LEVEL 5,官方清單,,,
ceec-108:level-5:participant,participant,pɑ:'tisipәnt,n.,"n. 參加者, 參與者\na. 有份的, 參加的, 參與的",,,CEEC-108,5,,,,大考中心高中英文參考詞彙表（111學年度起適用）,LEVEL 5,官方清單,,,
ceec-108:level-5:particle,particle,'pɑ:tikl,n.,"n. 顆粒, 粒子, 質點, 極小量\n[化] 粒子; 質點",,,CEEC-108,5,,,,大考中心高中英文參考詞彙表（111學年度起適用）,LEVEL 5,官方清單,,,
ceec-108:level-5:partly,partly,'pɑ:tli,adv.,"adv. 部分地, 在一定程度上",,,CEEC-108,5,,,,大考中心高中英文參考詞彙表（111學年度起適用）,LEVEL 5,官方清單,,,
ceec-108:level-5:passionate,passionate,'pæʃәnit,adj.,"a. 熱情的, 熱烈的, 易怒的, 熱戀的",,,CEEC-108,5,,,,大考中心高中英文參考詞彙表（111學年度起適用）,LEVEL 5,官方清單,,,
ceec-108:level-5:pastry,pastry,'peistri,n.,"n. 油酥點心, 麵粉糕餅",,,CEEC-108,5,,,,大考中心高中英文參考詞彙表（111學年度起適用）,LEVEL 5,官方清單,,,
ceec-108:level-5:patch,patch,pætʃ,n.|v.,"n. 片, 補綴, 碎片, 斑, 傻瓜\nvt. 補綴, 掩飾, 拼湊, 平息\n[計] 修補; 拼湊",,,CEEC-108,5,,,,大考中心高中英文參考詞彙表（111學年度起適用）,LEVEL 5,官方清單,,,
ceec-108:level-5:patent,patent,'pætnt. 'peitnt,adj.|n.|v.,"n. 專利權, 許可證, 執照, 專利品, 素質\na. 專利的, 特許的, 顯著的, 新奇的\nvt. 取得...的專利權, 請準專利",,,CEEC-108,5,,,,大考中心高中英文參考詞彙表（111學年度起適用）,LEVEL 5,官方清單,,,
ceec-108:level-5:pathetic,pathetic,pә'θetik,adj.,"a. 悲哀的, 可憐的, 感傷的, 差勁的\n[醫] 感情的",,,CEEC-108,5,,,,大考中心高中英文參考詞彙表（111學年度起適用）,LEVEL 5,官方清單,,,
ceec-108:level-5:patrol,patrol,pә'trәul,n.|v.,"n. 巡邏, 巡邏員, 偵察隊\nv. 巡邏, 巡視",,,CEEC-108,5,,,,大考中心高中英文參考詞彙表（111學年度起適用）,LEVEL 5,官方清單,,,
ceec-108:level-5:patron,patron,'peitrәn,n.,"n. 贊助人, 顧客, 保護人\n[法] 保護人, 庇護人, 贊助人",,,CEEC-108,5,,,,大考中心高中英文參考詞彙表（111學年度起適用）,LEVEL 5,官方清單,,,
ceec-108:level-5:peasant,peasant,'peznt,n.,"n. 農夫, 鄉下人",,,CEEC-108,5,,,,大考中心高中英文參考詞彙表（111學年度起適用）,LEVEL 5,官方清單,,,
ceec-108:level-5:pedal,pedal,'pedl,n.|v.,"n. 踏板, 腳蹬子\na. 腳的, 腳踏的\nvt. 用腳踏動\nvi. 踩踏板, 騎車",,,CEEC-108,5,,,,大考中心高中英文參考詞彙表（111學年度起適用）,LEVEL 5,官方清單,,,
ceec-108:level-5:pedestrian,pedestrian,pә'destriәn,adj.|n.,"n. 行人, 步行者\na. 人行的, 徒步的, 呆板的, 通俗的, 平淡無奇的",,,CEEC-108,5,,,,大考中心高中英文參考詞彙表（111學年度起適用）,LEVEL 5,官方清單,,,
ceec-108:level-5:penetrate,penetrate,'penitreit,v.,"vt. 穿透, 刺穿, 滲透, 看穿, 洞察, 瞭解, 使充溢\nvi. 刺入, 看穿, 滲透, 打進",,,CEEC-108,5,,,,大考中心高中英文參考詞彙表（111學年度起適用）,LEVEL 5,官方清單,,,
ceec-108:level-5:pension,pension,'penʃәn,n.|v.,"n. 養老金, 退休金, 津貼, 年金, 撫卹金, 膳宿學校, 膳宿費\nvt. 發給退休金, 用津貼拉攏",,,CEEC-108,5,,,,大考中心高中英文參考詞彙表（111學年度起適用）,LEVEL 5,官方清單,,,
ceec-108:level-5:perceive,perceive,pә'si:v,v.,"vt. 感覺, 認知, 理解, 意識到",,,CEEC-108,5,,,,大考中心高中英文參考詞彙表（111學年度起適用）,LEVEL 5,官方清單,,,
ceec-108:level-5:perception,perception,pә'sepʃәn,n.,"n. 知覺, 感覺, 領悟力, 獲取\n[醫] 知覺",,,CEEC-108,5,,,,大考中心高中英文參考詞彙表（111學年度起適用）,LEVEL 5,官方清單,,,
ceec-108:level-5:performer,performer,pә'fɒ:mә,n.,"n. 表演者, 執行者, 完成者\n[法] 執行者, 履行者, 實行者",,,CEEC-108,5,,,,大考中心高中英文參考詞彙表（111學年度起適用）,LEVEL 5,官方清單,,,
ceec-108:level-5:persist,persist,pә'sist,v.,"vi. 堅持, 固執, 持續, 堅稱\n[經] 持續",,,CEEC-108,5,,,,大考中心高中英文參考詞彙表（111學年度起適用）,LEVEL 5,官方清單,,,
ceec-108:level-5:personnel,personnel,.pә:sә'nel,n.,"n. 人員, 人事部門, 人事科(處)\n[經] 人事, 全體人員, 職工",,,CEEC-108,5,,,,大考中心高中英文參考詞彙表（111學年度起適用）,LEVEL 5,官方清單,,,
ceec-108:level-5:perspective,perspective,pә'spektiv,adj.|n.,"n. 遠景, 透視感, (觀察問題的)視角, 透視法, 看法, 透檢視\na. 透視的, 透視法的\n[計] 透視",,,CEEC-108,5,,,,大考中心高中英文參考詞彙表（111學年度起適用）,LEVEL 5,官方清單,,,
ceec-108:level-5:pessimism,pessimism,'pesimizm,n.,"n. 悲觀, 悲觀情緒, 悲觀主義\n[醫] 悲觀主義",,,CEEC-108,5,,,,大考中心高中英文參考詞彙表（111學年度起適用）,LEVEL 5,官方清單,,,
ceec-108:level-5:petition,petition,pi'tiʃәn,n.,"n. 請願, 訴狀, 陳情書, 申請, 祈求, 禱文\nv. 正式請求, 懇求, 請願",,,CEEC-108,5,,,,大考中心高中英文參考詞彙表（111學年度起適用）,LEVEL 5,官方清單,,,
ceec-108:level-5:petty,petty,'peti,adj.,"a. 瑣碎的, 小規模的, 小氣的, 委瑣的\n[經] 小額的, 微小的, 小規模的",,,CEEC-108,5,,,,大考中心高中英文參考詞彙表（111學年度起適用）,LEVEL 5,官方清單,,,
ceec-108:level-5:phase,phase,feiz,n.|v.,"n. 時期, 局面, 方面, 位相, 相, 階段\nvt. 使調整相位, 使定相, 使一致, 逐步執行, 實行\n[計] 階段",,,CEEC-108,5,,,,大考中心高中英文參考詞彙表（111學年度起適用）,LEVEL 5,官方清單,,,
ceec-108:level-5:photographic,photographic,.fәutә'græfik,adj.,"a. 照相的, 攝影用的, 詳細記錄的, 逼真的, 酷似的",,,CEEC-108,5,,,,大考中心高中英文參考詞彙表（111學年度起適用）,LEVEL 5,官方清單,,,
ceec-108:level-5:pickup,pickup,'pikʌp,n.,"n. 拾起, 加速, 刺激, 獵物的收集, 好轉, 恢復健康, 搭車者, 興奮劑, 電視攝像\n[電] 拾音器",,,CEEC-108,5,,,,大考中心高中英文參考詞彙表（111學年度起適用）,LEVEL 5,官方清單,,,
ceec-108:level-5:pier,pier,piә,n.,"n. 碼頭, 橋墩, 支框, 防波堤\n[醫] 橋基, 基牙",,,CEEC-108,5,,,,大考中心高中英文參考詞彙表（111學年度起適用）,LEVEL 5,官方清單,,,
ceec-108:level-5:pillar,pillar,'pilә,n.,"n. 柱子, 棟樑, 臺柱, 重要的支持者\n[醫] 柱, 腳",,,CEEC-108,5,,,,大考中心高中英文參考詞彙表（111學年度起適用）,LEVEL 5,官方清單,,,
ceec-108:level-5:pipeline,pipeline,'paiplain,n.,"n. 管道, 傳遞途徑\n[化] 管路; 管線",,,CEEC-108,5,,,,大考中心高中英文參考詞彙表（111學年度起適用）,LEVEL 5,官方清單,,,
ceec-108:level-5:pirate,pirate,'paiәrәt,n.|v.,"n. 海盜, 盜印者, 侵犯專利權者\nvt. 盜印, 掠奪, 翻印\nvi. 做海盜, 從事劫掠",,,CEEC-108,5,,,,大考中心高中英文參考詞彙表（111學年度起適用）,LEVEL 5,官方清單,,,
ceec-108:level-5:pitcher,pitcher,'pitʃә,n.,"n. 有把的大罐, 瓶狀體, 投手, 攤販",,,CEEC-108,5,,,,大考中心高中英文參考詞彙表（111學年度起適用）,LEVEL 5,官方清單,,,
ceec-108:level-5:placement,placement,'pleismәnt,n.,"n. 放置, 佈置, 工作安排, 編班, 定位球\n[計] 放置",,,CEEC-108,5,,,,大考中心高中英文參考詞彙表（111學年度起適用）,LEVEL 5,官方清單,,,
ceec-108:level-5:plea,plea,pli:,n.,"n. 懇求, 辯解, 抗辯, 訴訟, 請願, 託詞\n[法] 抗辯, 申訴案件, 答辯",,,CEEC-108,5,,,,大考中心高中英文參考詞彙表（111學年度起適用）,LEVEL 5,官方清單,,,
ceec-108:level-5:plead,plead,pli:d,v.,"vi. 辯護, 懇求\nvt. 為...辯護, 提出...藉口, 託稱, 懇求",,,CEEC-108,5,,,,大考中心高中英文參考詞彙表（111學年度起適用）,LEVEL 5,官方清單,,,
ceec-108:level-5:pledge,pledge,pledʒ,n.|v.,"n. 諾言, 保證, 誓言, 抵押, 信物, 保人, 祝願\nvt. 許諾, 保證, 使發誓, 抵押, 典當, 舉杯祝...健康",,,CEEC-108,5,,,,大考中心高中英文參考詞彙表（111學年度起適用）,LEVEL 5,官方清單,,,
ceec-108:level-5:plunge,plunge,plʌndʒ,n.|v.,"n. 鑽進, 跳進, 跳水, 跳水池, 猛跌, 落下, 投入, 開始從事, 盲目投資\nvi. 投入, 投身於, 跳進, 陷入, 下降\nvt. 使投入, 使插入, 使陷入, 使遭受",,,CEEC-108,5,,,,大考中心高中英文參考詞彙表（111學年度起適用）,LEVEL 5,官方清單,,,
ceec-108:level-5:plural,plural,'pluәrәl,adj.|n.,"n. 複數\na. 複數的, 兩個以上的",,,CEEC-108,5,,,,大考中心高中英文參考詞彙表（111學年度起適用）,LEVEL 5,官方清單,,,
ceec-108:level-5:poetic,poetic,pәu'etik,adj.,"a. 詩的, 詩意的, 詩人的",,,CEEC-108,5,,,,大考中心高中英文參考詞彙表（111學年度起適用）,LEVEL 5,官方清單,,,
ceec-108:level-5:poke,poke,pәuk,n.|v.,"n. 刺, 戳, 袋子\nvt. 戳, 捅, 撥弄, 刺\nvi. 戳, 刺, 捅, 搜尋, 伸出, 行動散慢\n[計] 存數",,,CEEC-108,5,,,,大考中心高中英文參考詞彙表（111學年度起適用）,LEVEL 5,官方清單,,,
ceec-108:level-5:porch,porch,pɒ:tʃ,n.,"n. 門廊, 走廊",,,CEEC-108,5,,,,大考中心高中英文參考詞彙表（111學年度起適用）,LEVEL 5,官方清單,,,
ceec-108:level-5:portfolio,portfolio,pɒ:t'fәuliәu,n.,"n. 皮包, 公文包, 部長職務, 有價證券財產目錄, 藝術代表作選輯\n[法] 公文包, 資料夾, 閣員職務",,,CEEC-108,5,,,,大考中心高中英文參考詞彙表（111學年度起適用）,LEVEL 5,官方清單,,,
ceec-108:level-5:practitioner,practitioner,præk'tiʃәnә,n.,"n. 從業者, 開業者\n[醫] 行醫者, 醫師",,,CEEC-108,5,,,,大考中心高中英文參考詞彙表（111學年度起適用）,LEVEL 5,官方清單,,,
ceec-108:level-5:precaution,precaution,pri'kɒ:ʃәn,n.,"n. 預防, 留心, 警戒\nvt. 預先警告",,,CEEC-108,5,,,,大考中心高中英文參考詞彙表（111學年度起適用）,LEVEL 5,官方清單,,,
ceec-108:level-5:predator,predator,'predәtә,n.,"n. 食肉動物, 掠奪者\n[醫] 捕食者",,,CEEC-108,5,,,,大考中心高中英文參考詞彙表（111學年度起適用）,LEVEL 5,官方清單,,,
ceec-108:level-5:preference,preference,'prefәrәns,n.,"n. 偏愛, 優先, 喜愛物\n[計] 首選項",,,CEEC-108,5,,,,大考中心高中英文參考詞彙表（111學年度起適用）,LEVEL 5,官方清單,,,
ceec-108:level-5:prejudice,prejudice,'predʒudis,n.|v.,"n. 偏見, 成見, 侵害\nvt. 使存偏見, 使有成見, 侵害",,,CEEC-108,5,,,,大考中心高中英文參考詞彙表（111學年度起適用）,LEVEL 5,官方清單,,,
ceec-108:level-5:preliminary,preliminary,pri'liminәri,adj.|n.,"n. 初步做法, 初步措施, 預試, 預選賽\na. 初步的, 開始的, 預備的",,,CEEC-108,5,,,,大考中心高中英文參考詞彙表（111學年度起適用）,LEVEL 5,官方清單,,,
ceec-108:level-5:premature,premature,.premә'tjuә,adj.,"a. 早產的, 過早的, 不成熟的\nn. 早產兒, 過早發生的事物",,,CEEC-108,5,,,,大考中心高中英文參考詞彙表（111學年度起適用）,LEVEL 5,官方清單,,,
ceec-108:level-5:premier,premier,'pri:mjә,adj.|n.,"n. 總理, 首相\na. 首位的, 最初的",,,CEEC-108,5,,,,大考中心高中英文參考詞彙表（111學年度起適用）,LEVEL 5,官方清單,,,
ceec-108:level-5:premise,premise,'premis,n.,"n. 前提, 房屋連地基, 上述各項\nvt. 預先提出, 引出, 作為...的前提\nvi. 作出前提",,,CEEC-108,5,,,,大考中心高中英文參考詞彙表（111學年度起適用）,LEVEL 5,官方清單,,,
ceec-108:level-5:premium,premium,'pri:miәm,n.,"n. 額外補貼, 獎金, 獎賞, 保險費\n[醫] 保險費",,,CEEC-108,5,,,,大考中心高中英文參考詞彙表（111學年度起適用）,LEVEL 5,官方清單,,,
ceec-108:level-5:prescribe,prescribe,pris'kraib,v.,"v. 規定, 指定, 囑咐, 開處方",,,CEEC-108,5,,,,大考中心高中英文參考詞彙表（111學年度起適用）,LEVEL 5,官方清單,,,
ceec-108:level-5:prescription,prescription,pri'skripʃәn,n.,"n. 處方, 命令, 指定\n[醫] 處方, 藥方",,,CEEC-108,5,,,,大考中心高中英文參考詞彙表（111學年度起適用）,LEVEL 5,官方清單,,,
ceec-108:level-5:presidency,presidency,'prezidәnsi,n.,"n. 總統職權, 總裁職位",,,CEEC-108,5,,,,大考中心高中英文參考詞彙表（111學年度起適用）,LEVEL 5,官方清單,,,
ceec-108:level-5:presidential,presidential,.prezi'denʃәl,adj.,"a. 總統制的, 總統的, 首長的, 統轄的\n[法] 總統的, 議長的, 總經理的",,,CEEC-108,5,,,,大考中心高中英文參考詞彙表（111學年度起適用）,LEVEL 5,官方清單,,,
ceec-108:level-5:presumably,presumably,pri'zu:mәbli,adv.,"adv. 推測上, 大概",,,CEEC-108,5,,,,大考中心高中英文參考詞彙表（111學年度起適用）,LEVEL 5,官方清單,,,
ceec-108:level-5:presume,presume,pri'zu:m,v.,"vt. 假定, 推測, 擅自, 意味著\nvi. 擅自行動, 相信",,,CEEC-108,5,,,,大考中心高中英文參考詞彙表（111學年度起適用）,LEVEL 5,官方清單,,,
ceec-108:level-5:prevail,prevail,pri'veil,v.,"vi. 獲勝, 流行, 盛行\n[醫] 流行, 盛行",,,CEEC-108,5,,,,大考中心高中英文參考詞彙表（111學年度起適用）,LEVEL 5,官方清單,,,
ceec-108:level-5:prey,prey,prei,n.|v.,"n. 被掠食者, 犧牲者\nvi. 捕食",,,CEEC-108,5,,,,大考中心高中英文參考詞彙表（111學年度起適用）,LEVEL 5,官方清單,,,
ceec-108:level-5:prior,prior,'praiә,adj.|adv.|n.,"a. 更重要的, 較早的, 在先的\nn. 小隱修院院長, 大隱修院副院長",,,CEEC-108,5,,,,大考中心高中英文參考詞彙表（111學年度起適用）,LEVEL 5,官方清單,,,
ceec-108:level-5:proclaim,proclaim,prә'kleim,v.,"vt. 宣佈, 公告, 宣言, 表明, 讚揚\n[法] 宣佈, 宣告, 公佈",,,CEEC-108,5,,,,大考中心高中英文參考詞彙表（111學年度起適用）,LEVEL 5,官方清單,,,
ceec-108:level-5:productivity,productivity,.prәudʌk'tiviti,n.,"n. 生產力\n[經] 生產率, 生產能力",,,CEEC-108,5,,,,大考中心高中英文參考詞彙表（111學年度起適用）,LEVEL 5,官方清單,,,
ceec-108:level-5:profile,profile,'prәufail,n.|v.,"n. 側面, 輪廓, 傳略\nvt. 描繪...輪廓, 寫...的傳略\n[計] 提問檔; 剖面圖法; 剖面法",,,CEEC-108,5,,,,大考中心高中英文參考詞彙表（111學年度起適用）,LEVEL 5,官方清單,,,
ceec-108:level-5:profound,profound,prә'faund,adj.,"a. 極深的, 深厚的, 深刻的, 淵博的",,,CEEC-108,5,,,,大考中心高中英文參考詞彙表（111學年度起適用）,LEVEL 5,官方清單,,,
ceec-108:level-5:progressive,progressive,prә'gresiv,adj.|n.,"n. 改革論者, 進步論者\na. 前進的, 累進的, 進步的",,,CEEC-108,5,,,,大考中心高中英文參考詞彙表（111學年度起適用）,LEVEL 5,官方清單,,,
ceec-108:level-5:prohibit,prohibit,prә'hibit,v.,"vt. 禁止, 阻止\n[經] 禁止",,,CEEC-108,5,,,,大考中心高中英文參考詞彙表（111學年度起適用）,LEVEL 5,官方清單,,,
ceec-108:level-5:projection,projection,prә'dʒekʃәn,n.,"n. 發射, 計劃, 突出部分, 設計, 推測\n[計] 投影",,,CEEC-108,5,,,,大考中心高中英文參考詞彙表（111學年度起適用）,LEVEL 5,官方清單,,,
ceec-108:level-5:prolong,prolong,prәu'lɒŋ,v.,"vt. 延長, 拖延, 拖長\n[化] 冷凝管",,,CEEC-108,5,,,,大考中心高中英文參考詞彙表（111學年度起適用）,LEVEL 5,官方清單,,,
ceec-108:level-5:prone,prone,prәun,adj.,"a. 俯伏的, 面向下的, 有...傾向的\n[醫] 旋前的, 伏的, 俯的",,,CEEC-108,5,,,,大考中心高中英文參考詞彙表（111學年度起適用）,LEVEL 5,官方清單,,,
ceec-108:level-5:propaganda,propaganda,.prɒpә'gændә,n.,"n. 宣傳, 宣傳活動\n[醫] 宣傳",,,CEEC-108,5,,,,大考中心高中英文參考詞彙表（111學年度起適用）,LEVEL 5,官方清單,,,
ceec-108:level-5:prophet,prophet,'prɒfit,n.,"n. 預言者, 先知, 提倡者",,,CEEC-108,5,,,,大考中心高中英文參考詞彙表（111學年度起適用）,LEVEL 5,官方清單,,,
ceec-108:level-5:proportion,proportion,prә'pɒ:ʃәn,n.|v.,"n. 比例, 比率, 均衡, 部分, 面積\nvt. 使成比例, 使均衡",,,CEEC-108,5,,,,大考中心高中英文參考詞彙表（111學年度起適用）,LEVEL 5,官方清單,,,
ceec-108:level-5:prosecution,prosecution,.prɒsi'kju:ʃәn,n.,"n. 執行, 經營, 起訴",,,CEEC-108,5,,,,大考中心高中英文參考詞彙表（111學年度起適用）,LEVEL 5,官方清單,,,
ceec-108:level-5:prospect,prospect,'prɒspekt,n.|v.,"n. 景色, 展望\nvt. 勘探, 勘察\nvi. 勘探, 有前途",,,CEEC-108,5,,,,大考中心高中英文參考詞彙表（111學年度起適用）,LEVEL 5,官方清單,,,
ceec-108:level-5:province,province,'prɒvins,n.,"n. 省, 地方, 職權, 領域\n[法] 省, 地方, 領域",,,CEEC-108,5,,,,大考中心高中英文參考詞彙表（111學年度起適用）,LEVEL 5,官方清單,,,
ceec-108:level-5:provision,provision,prә'viʒәn,n.,"n. (政府提供的)錢和裝置, 準備, 供應品, 規定, 條款\nvt. 供給...食物及必需品",,,CEEC-108,5,,,,大考中心高中英文參考詞彙表（111學年度起適用）,LEVEL 5,官方清單,,,
ceec-108:level-5:provoke,provoke,prә'vәuk,v.,"vt. 激怒, 惹起, 誘導\n[法] 刺激, 煽動, 激怒",,,CEEC-108,5,,,,大考中心高中英文參考詞彙表（111學年度起適用）,LEVEL 5,官方清單,,,
ceec-108:level-5:pulse,pulse,pʌls,n.|v.,"n. 脈衝, 脈搏, 情緒, 意向, 拍子, 豆類\nvi. 跳動, 脈跳\nvt. 使跳動, 用脈衝調製\n[計] 脈衝",,,CEEC-108,5,,,,大考中心高中英文參考詞彙表（111學年度起適用）,LEVEL 5,官方清單,,,
ceec-108:level-5:purchase,purchase,'pә:tʃәs,n.|v.,"n. 購買, 購買品, 緊握, 絞轆\nvt. 購買, 贏得, 努力取得, 用滑輪起(錨等)",,,CEEC-108,5,,,,大考中心高中英文參考詞彙表（111學年度起適用）,LEVEL 5,官方清單,,,
ceec-108:level-5:pyramid,pyramid,'pirәmid,n.,"n. 角錐, 金字塔\nv. (使)成金字塔狀, (使)漸增, (使)上漲",,,CEEC-108,5,,,,大考中心高中英文參考詞彙表（111學年度起適用）,LEVEL 5,官方清單,,,
ceec-108:level-5:qualify,qualify,'kwɒlifai,v.,"vi. 取得資格, 有資格\nvt. 使有資格, 使合格, 限定, 限制, 准予",,,CEEC-108,5,,,,大考中心高中英文參考詞彙表（111學年度起適用）,LEVEL 5,官方清單,,,
ceec-108:level-5:quest,quest,kwest,n.,"n. 探索, 尋求, 調查\nv. 尋找, 找, 追尋獵物",,,CEEC-108,5,,,,大考中心高中英文參考詞彙表（111學年度起適用）,LEVEL 5,官方清單,,,
ceec-108:level-5:questionnaire,questionnaire,kwestʃә'nєә,n.,"n. 調查表, 問卷\n[經] 調查表",,,CEEC-108,5,,,,大考中心高中英文參考詞彙表（111學年度起適用）,LEVEL 5,官方清單,,,
ceec-108:level-5:quiver,quiver,'kwivә,n.|v.,"n. 震動, 顫抖, 箭袋\nvi. 顫抖, 振動\nvt. 使顫動\na. 敏捷的",,,CEEC-108,5,,,,大考中心高中英文參考詞彙表（111學年度起適用）,LEVEL 5,官方清單,,,
ceec-108:level-5:quota,quota,'kwәutә,n.,"n. 配額, 限額\n[化] 定額",,,CEEC-108,5,,,,大考中心高中英文參考詞彙表（111學年度起適用）,LEVEL 5,官方清單,,,
ceec-108:level-5:racism,racism,'reisizm,n.,"n. 種族主義, 種族偏見\n[法] 種族主義, 種族歧視, 種族歧視主張",,,CEEC-108,5,,,,大考中心高中英文參考詞彙表（111學年度起適用）,LEVEL 5,官方清單,,,
ceec-108:level-5:rack,rack,ræk,n.|v.,"n. 架, 行李架, 飼草架, 擱物架, 痛苦, 折磨, 齒條, 行雲團\nvt. 把...放在架上, 在架上製作, 折磨, 使痛苦, 壓榨, 榨取, 猛烈撕拉, 拷問\nvi. 變形, 傾斜, (雲)隨風飄, (馬)小步跑\n[計] 機架",,,CEEC-108,5,,,,大考中心高中英文參考詞彙表（111學年度起適用）,LEVEL 5,官方清單,,,
ceec-108:level-5:radiation,radiation,.reidi'eiʃәn,n.,n. 輻射\n[化] 放射,,,CEEC-108,5,,,,大考中心高中英文參考詞彙表（111學年度起適用）,LEVEL 5,官方清單,,,
ceec-108:level-5:radical,radical,'rædikl,adj.|n.,"n. 激進分子, 詞根, 基礎, 根式, 根\na. 激進的, 根本的, 基本的, 根的",,,CEEC-108,5,,,,大考中心高中英文參考詞彙表（111學年度起適用）,LEVEL 5,官方清單,,,
ceec-108:level-5:ragged,ragged,'rægid,adj.,"a. 衣衫襤褸的, 參差不齊的, 不協調的, 粗糙的, 刺耳的",,,CEEC-108,5,,,,大考中心高中英文參考詞彙表（111學年度起適用）,LEVEL 5,官方清單,,,
ceec-108:level-5:raid,raid,reid,n.|v.,"n. 襲擊, 突襲, 搜捕\nv. 奇襲, 搜捕\n[計] 廉價磁碟冗餘陣列",,,CEEC-108,5,,,,大考中心高中英文參考詞彙表（111學年度起適用）,LEVEL 5,官方清單,,,
ceec-108:level-5:rail,rail,reil,n.,"n. 橫杆, 圍欄, 欄杆, 鐵軌, 扶手, 秧雞\nvt. 以橫木圍欄, 給...鋪鐵軌\nvi. 責罵, 抱怨",,,CEEC-108,5,,,,大考中心高中英文參考詞彙表（111學年度起適用）,LEVEL 5,官方清單,,,
ceec-108:level-5:rally,rally,'ræli,n.|v.,"n. 重振旗鼓, 集合, 群眾集會, 跌停回升\nv. 重整旗鼓, 集合, 恢復精神, 團結, 挖苦, 嘲笑",,,CEEC-108,5,,,,大考中心高中英文參考詞彙表（111學年度起適用）,LEVEL 5,官方清單,,,
ceec-108:level-5:ranch,ranch,ræntʃ. rɑ:ntʃ,n.|v.,n. 大牧場\nv. 經營牧場,,,CEEC-108,5,,,,大考中心高中英文參考詞彙表（111學年度起適用）,LEVEL 5,官方清單,,,
ceec-108:level-5:random,random,'rændәm,adj.,"n. 隨意, 隨機\na. 任意的, 隨便的, 胡亂的, 隨機的\nadv. 胡亂地",,,CEEC-108,5,,,,大考中心高中英文參考詞彙表（111學年度起適用）,LEVEL 5,官方清單,,,
ceec-108:level-5:ratio,ratio,'reiʃәu,n.,"n. 比, 比率\n[醫] 比, 比率, 比例",,,CEEC-108,5,,,,大考中心高中英文參考詞彙表（111學年度起適用）,LEVEL 5,官方清單,,,
ceec-108:level-5:rational,rational,'ræʃәnl,adj.,"a. 理性的, 合理的\nn. 有理數",,,CEEC-108,5,,,,大考中心高中英文參考詞彙表（111學年度起適用）,LEVEL 5,官方清單,,,
ceec-108:level-5:rattle,rattle,'rætl,n.|v.,"vt. 使嘎嘎響, 喋喋不休地說\nvi. 格格響, 喋喋不休\nn. 格格聲, 撥浪鼓, 喋喋不休的話",,,CEEC-108,5,,,,大考中心高中英文參考詞彙表（111學年度起適用）,LEVEL 5,官方清單,,,
ceec-108:level-5:realism,realism,'riәlizm,n.,"n. 寫實主義, 現實, 實在論\n[法] 現實主義",,,CEEC-108,5,,,,大考中心高中英文參考詞彙表（111學年度起適用）,LEVEL 5,官方清單,,,
ceec-108:level-5:realm,realm,relm,n.,"n. 王國, 領土, 領域\n[計] 領域",,,CEEC-108,5,,,,大考中心高中英文參考詞彙表（111學年度起適用）,LEVEL 5,官方清單,,,
ceec-108:level-5:rear,rear,riә,adj.|n.,"n. 後面, 背後, 後方\na. 後面的, 背面的, 後方的\nvt. 養育, 培養, 飼養, 舉起, 樹立, 栽種\nvi. 高聳, 暴跳",,,CEEC-108,5,,,,大考中心高中英文參考詞彙表（111學年度起適用）,LEVEL 5,官方清單,,,
ceec-108:level-5:reassure,reassure,.ri:ә'ʃuә,v.,"vt. 使...安心, 向...再保證\n[法] 重新保證, 再保險, 使清除疑慮",,,CEEC-108,5,,,,大考中心高中英文參考詞彙表（111學年度起適用）,LEVEL 5,官方清單,,,
ceec-108:level-5:rebellion,rebellion,ri'beljәn,n.,"n. 謀反, 叛亂, 反抗\n[法] 造反, 反叛, 叛亂",,,CEEC-108,5,,,,大考中心高中英文參考詞彙表（111學年度起適用）,LEVEL 5,官方清單,,,
ceec-108:level-5:recession,recession,ri'seʃәn,n.,"n. 後退, 凹處, 衰退, 歸還\n[醫] 退縮",,,CEEC-108,5,,,,大考中心高中英文參考詞彙表（111學年度起適用）,LEVEL 5,官方清單,,,
ceec-108:level-5:recipient,recipient,ri'sipiәnt,adj.|n.,"a. 領受的, 容易接受的, 感受性強的\nn. 領受者, 容納者, 容器",,,CEEC-108,5,,,,大考中心高中英文參考詞彙表（111學年度起適用）,LEVEL 5,官方清單,,,
ceec-108:level-5:recite,recite,ri'sait,v.,"v. 背誦, 朗讀, 敘述",,,CEEC-108,5,,,,大考中心高中英文參考詞彙表（111學年度起適用）,LEVEL 5,官方清單,,,
ceec-108:level-5:recommend,recommend,.rekә'mend,v.,"vt. 推薦, 介紹, 勸告, 使受歡迎, 託付\n[經] 建議, 推薦",,,CEEC-108,5,,,,大考中心高中英文參考詞彙表（111學年度起適用）,LEVEL 5,官方清單,,,
ceec-108:level-5:recommendation,recommendation,.rekәmen'deiʃәn,n.,"n. 推薦, 介紹, 推薦信, 勸告\n[經] 建議書",,,CEEC-108,5,,,,大考中心高中英文參考詞彙表（111學年度起適用）,LEVEL 5,官方清單,,,
ceec-108:level-5:recruit,recruit,ri'kru:t,n.|v.,"n. 新兵, 新手, 新會員, 補給品\nvt. 恢復, 補充, 充實, 徵募\nvi. 徵募新兵, 復原, 得到補充",,,CEEC-108,5,,,,大考中心高中英文參考詞彙表（111學年度起適用）,LEVEL 5,官方清單,,,
ceec-108:level-5:refuge,refuge,'refju:dʒ,n.,"n. 避難所, 安全地帶, 避難, 庇護\nvi. 躲避\nvt. 給予...庇護",,,CEEC-108,5,,,,大考中心高中英文參考詞彙表（111學年度起適用）,LEVEL 5,官方清單,,,
ceec-108:level-5:regardless,regardless,ri'gɑ:dlis,adj.|adv.,"a. 不管, 不注意, 不顧",,,CEEC-108,5,,,,大考中心高中英文參考詞彙表（111學年度起適用）,LEVEL 5,官方清單,,,
ceec-108:level-5:regime,regime,rei'ʒi:m,n.,"n. 政權, 當權期間, 政體, 社會制度, 體制, 情態\n[醫] 制度, 生活制度",,,CEEC-108,5,,,,大考中心高中英文參考詞彙表（111學年度起適用）,LEVEL 5,官方清單,,,
ceec-108:level-5:rehearsal,rehearsal,ri'hә:sl,n.,"n. 預演, 排演, 練習, 敘述, 複述\n[法] 詳述, 列舉事實, 複述",,,CEEC-108,5,,,,大考中心高中英文參考詞彙表（111學年度起適用）,LEVEL 5,官方清單,,,
ceec-108:level-5:reinforce,reinforce,.ri:in'fɒ:s,v.,"vt. 加強, 增援, 補充\nvi. 求援, 得到增援\nn. 加固材料",,,CEEC-108,5,,,,大考中心高中英文參考詞彙表（111學年度起適用）,LEVEL 5,官方清單,,,
ceec-108:level-5:reminder,reminder,ri'maindә,n.,"n. 提醒的人, 暗示\n[經] 催單",,,CEEC-108,5,,,,大考中心高中英文參考詞彙表（111學年度起適用）,LEVEL 5,官方清單,,,
ceec-108:level-5:removal,removal,ri'mu:vl,n.,"n. 移動, 移居, 遷移, 排除, 切除\n[醫] 切除, 除去",,,CEEC-108,5,,,,大考中心高中英文參考詞彙表（111學年度起適用）,LEVEL 5,官方清單,,,
ceec-108:level-5:render,render,'rendә,v.,"vt. 回報, 給於, 付給, 彙報, 提出, 捨棄, 反映, 表示, 表演, 致使, 執行, 實施\nvi. 給予補償\nn. 交納, 打底",,,CEEC-108,5,,,,大考中心高中英文參考詞彙表（111學年度起適用）,LEVEL 5,官方清單,,,
ceec-108:level-5:rental,rental,'rentl,n.,"n. 租費, 租金收入\na. 租賃的, 收取租金的",,,CEEC-108,5,,,,大考中心高中英文參考詞彙表（111學年度起適用）,LEVEL 5,官方清單,,,
ceec-108:level-5:repay,repay,ri'pei,v.,"v. 償還, 報答, 報復",,,CEEC-108,5,,,,大考中心高中英文參考詞彙表（111學年度起適用）,LEVEL 5,官方清單,,,
ceec-108:level-5:republican,republican,ri'pʌblikәn,adj.|n.,"n. 共和主義者, 共和黨員\na. 共和政體的, 共和國的, 共和主義的",,,CEEC-108,5,,,,大考中心高中英文參考詞彙表（111學年度起適用）,LEVEL 5,官方清單,,,
ceec-108:level-5:resemblance,resemblance,ri'zemblәns,n.,"n. 相似處, 類似, 肖像",,,CEEC-108,5,,,,大考中心高中英文參考詞彙表（111學年度起適用）,LEVEL 5,官方清單,,,
ceec-108:level-5:reservoir,reservoir,'rezәvwɑ:,n.,"n. 貯水池, 貯藏處, 貯備, 水庫\nvt. 儲藏",,,CEEC-108,5,,,,大考中心高中英文參考詞彙表（111學年度起適用）,LEVEL 5,官方清單,,,
ceec-108:level-5:residence,residence,'rezidәns,n.,"n. 住宅, 居留, 駐紮, 居住期間\n[醫] 住房",,,CEEC-108,5,,,,大考中心高中英文參考詞彙表（111學年度起適用）,LEVEL 5,官方清單,,,
ceec-108:level-5:resident,resident,'rezidәnt,adj.|n.,"n. 居民, 常駐程式, 居住者, 留鳥\na. 居留的, 定居的",,,CEEC-108,5,,,,大考中心高中英文參考詞彙表（111學年度起適用）,LEVEL 5,官方清單,,,
ceec-108:level-5:residential,residential,.rezi'denʃәl,adj.,"a. 住宅的, 與居住有關的\n[法] 有關居住的, 房產的:居所的, 適於居住的",,,CEEC-108,5,,,,大考中心高中英文參考詞彙表（111學年度起適用）,LEVEL 5,官方清單,,,
ceec-108:level-5:resort,resort,ri'zɒ:t,n.|v.,"n. 度假勝地, 手段, 憑藉, 常去之地\nvi. 訴諸, 常去",,,CEEC-108,5,,,,大考中心高中英文參考詞彙表（111學年度起適用）,LEVEL 5,官方清單,,,
ceec-108:level-5:respondent,respondent,ri'spɒndәnt,n.,"a. 回答的, 應答的, 反射的\nn. 應答者, 被告",,,CEEC-108,5,,,,大考中心高中英文參考詞彙表（111學年度起適用）,LEVEL 5,官方清單,,,
ceec-108:level-5:resume,resume,ri'zju:m,n.|v.,"vt. 重新開始, 取回, 恢復\nvi. 再開始\nn. 摘要, 個人簡歷\n[計] 繼續執行",,,CEEC-108,5,,,,大考中心高中英文參考詞彙表（111學年度起適用）,LEVEL 5,官方清單,,,
ceec-108:level-5:retail,retail,'ri:teil,adj.|adv.|n.|v.,"n. 零售\na. 零售的\nvt. 零售, 詳述, 傳播\nvi. 零售",,,CEEC-108,5,,,,大考中心高中英文參考詞彙表（111學年度起適用）,LEVEL 5,官方清單,,,
ceec-108:level-5:revenue,revenue,'revinju:,n.,"n. 收入, 歲入, 稅收, 稅務局\n[經] 歲入, 稅收, 稅務局",,,CEEC-108,5,,,,大考中心高中英文參考詞彙表（111學年度起適用）,LEVEL 5,官方清單,,,
ceec-108:level-5:reverse,reverse,ri'vә:s,adj.|n.|v.,"n. 相反, 背面, 倒退, 挫折, 失敗\na. 反面的, 相反的, 反向的, 顛倒的\nvt. 使顛倒, 使逆轉, 使倒退, 使反向\nvi. 倒退, 反向, 倒轉, 反轉\n[計] 反轉",,,CEEC-108,5,,,,大考中心高中英文參考詞彙表（111學年度起適用）,LEVEL 5,官方清單,,,
ceec-108:level-5:rhetoric,rhetoric,'retәrik,n.,"n. 修辭, 修辭學, 雄辯(術)",,,CEEC-108,5,,,,大考中心高中英文參考詞彙表（111學年度起適用）,LEVEL 5,官方清單,,,
ceec-108:level-5:rib,rib,rib,n.|v.,"n. 肋骨, 肋狀物, 笑話\nvt. 裝肋狀物於, 戲弄",,,CEEC-108,5,,,,大考中心高中英文參考詞彙表（111學年度起適用）,LEVEL 5,官方清單,,,
ceec-108:level-5:ridge,ridge,ridʒ,n.|v.,"n. 脊, 山脊, 山脈\n[醫] 嵴, 脊, 稜線",,,CEEC-108,5,,,,大考中心高中英文參考詞彙表（111學年度起適用）,LEVEL 5,官方清單,,,
ceec-108:level-5:ridiculous,ridiculous,ri'dikjulәs,adj.,"a. 荒謬的, 可笑的",,,CEEC-108,5,,,,大考中心高中英文參考詞彙表（111學年度起適用）,LEVEL 5,官方清單,,,
ceec-108:level-5:rifle,rifle,'raifl,n.|v.,"n. 來復槍, 步槍\nvt. 用步槍射擊, 搶奪\nvi. (抱有不良意圖)迅速翻查",,,CEEC-108,5,,,,大考中心高中英文參考詞彙表（111學年度起適用）,LEVEL 5,官方清單,,,
ceec-108:level-5:rigid,rigid,'ridʒid,adj.,"a. 堅硬的, 剛性的, 嚴格的, 精密的, 刻板的",,,CEEC-108,5,,,,大考中心高中英文參考詞彙表（111學年度起適用）,LEVEL 5,官方清單,,,
ceec-108:level-5:rim,rim,rim,n.|v.,"n. 邊, 輪緣, 框\nvt. 鑲邊, 為...裝邊\nvi. 形成邊緣",,,CEEC-108,5,,,,大考中心高中英文參考詞彙表（111學年度起適用）,LEVEL 5,官方清單,,,
ceec-108:level-5:riot,riot,'raiәt,n.|v.,"n. 暴動, 喧鬧, 放縱\nvi. 發動, 暴動, 縱情, 放蕩\nvt. 浪費, 揮霍",,,CEEC-108,5,,,,大考中心高中英文參考詞彙表（111學年度起適用）,LEVEL 5,官方清單,,,
ceec-108:level-5:rip,rip,rip,n.|v.,"n. 裂痕, 破綻, 拉裂, 浪子, 巨浪\nvi. 被拉開, 裂開, 猛衝\nvt. 撕, 扯, 劈",,,CEEC-108,5,,,,大考中心高中英文參考詞彙表（111學年度起適用）,LEVEL 5,官方清單,,,
ceec-108:level-5:risky,risky,'riski,adj.,a. 危險的,,,CEEC-108,5,,,,大考中心高中英文參考詞彙表（111學年度起適用）,LEVEL 5,官方清單,,,
ceec-108:level-5:ritual,ritual,'ritʃuәl,adj.|n.,"n. 儀式, 典禮, 宗教儀式\na. 儀式的, 依儀式進行的",,,CEEC-108,5,,,,大考中心高中英文參考詞彙表（111學年度起適用）,LEVEL 5,官方清單,,,
ceec-108:level-5:rival,rival,'raivl,adj.|n.|v.,"n. 對手, 競爭者\na. 競爭的",,,CEEC-108,5,,,,大考中心高中英文參考詞彙表（111學年度起適用）,LEVEL 5,官方清單,,,
ceec-108:level-5:rod,rod,rɒd,n.,"n. 竿, 笞鞭, 小枝\n[化] 棒",,,CEEC-108,5,,,,大考中心高中英文參考詞彙表（111學年度起適用）,LEVEL 5,官方清單,,,
ceec-108:level-5:sacred,sacred,'seikrid,adj.,"a. 神聖的, 獻給上帝的, 莊嚴的, 祭祀的\n[法] 神聖的, 不可侵犯的",,,CEEC-108,5,,,,大考中心高中英文參考詞彙表（111學年度起適用）,LEVEL 5,官方清單,,,
ceec-108:level-5:saddle,saddle,'sædl,n.|v.,"n. 鞍, 馬鞍, 車座, 鞍狀物\nvt. 裝以馬鞍, 使負擔\nvi. 跨上馬鞍",,,CEEC-108,5,,,,大考中心高中英文參考詞彙表（111學年度起適用）,LEVEL 5,官方清單,,,
ceec-108:level-5:saint,saint,seint,n.|v.,"n. 聖徒, 聖人\na. 神聖的\n[計] 自動積分程式符號",,,CEEC-108,5,,,,大考中心高中英文參考詞彙表（111學年度起適用）,LEVEL 5,官方清單,,,
ceec-108:level-5:salmon,salmon,'sæmәn,adj.|n.,"n. 鮭魚, 大麻哈魚\n[醫] 鮭",,,CEEC-108,5,,,,大考中心高中英文參考詞彙表（111學年度起適用）,LEVEL 5,官方清單,,,
ceec-108:level-5:salon,salon,'sælɔ:ŋ,n.,"n. 大會客室, 大廳, 客廳, 交誼室, 沙龍, 美術展覽館, 畫廊, 美容院, 髮廊",,,CEEC-108,5,,,,大考中心高中英文參考詞彙表（111學年度起適用）,LEVEL 5,官方清單,,,
ceec-108:level-5:sandal,sandal,'sændl,n.,"n. 涼鞋, 拖鞋, 檀香木\nvt. 穿以便鞋",,,CEEC-108,5,,,,大考中心高中英文參考詞彙表（111學年度起適用）,LEVEL 5,官方清單,,,
ceec-108:level-5:scan,scan,skæn,n.|v.,"n. 審視, 瀏覽, 掃描, 細查\nvt. 細看, 瀏覽, 掃描, 詳細調查, 標出格律\nvi. 押韻, 掃描\n[計] 網路軟體目錄, 編碼與分析系統",,,CEEC-108,5,,,,大考中心高中英文參考詞彙表（111學年度起適用）,LEVEL 5,官方清單,,,
ceec-108:level-5:scandal,scandal,'skændәl,n.,"n. 醜聞, 中傷, 恥辱, 反感, 流言蜚語\n[法] 醜事, 醜聞, 幹醜事的人",,,CEEC-108,5,,,,大考中心高中英文參考詞彙表（111學年度起適用）,LEVEL 5,官方清單,,,
ceec-108:level-5:scar,scar,skɑ:,n.|v.,"n. 疤痕, 傷痕, 懸崖\nvi. 結疤, 癒合, 痊癒\nvt. 使有傷痕",,,CEEC-108,5,,,,大考中心高中英文參考詞彙表（111學年度起適用）,LEVEL 5,官方清單,,,
ceec-108:level-5:scenario,scenario,si'nɑ:riәu,n.,"n. 劇本提綱, 情節, 劇本, 方案, 事態\n[計] 方案",,,CEEC-108,5,,,,大考中心高中英文參考詞彙表（111學年度起適用）,LEVEL 5,官方清單,,,
ceec-108:level-5:scent,scent,sent,n.|v.,"n. 氣味, 香味, 香水, 蹤跡, 痕跡, 線索, 嗅覺\nvt. 聞出, 嗅, 發覺, 使充滿氣味\nvi. 嗅獵, 發出氣味",,,CEEC-108,5,,,,大考中心高中英文參考詞彙表（111學年度起適用）,LEVEL 5,官方清單,,,
ceec-108:level-5:scheme,scheme,ski:m,n.|v.,"n. 方案, 計劃, 組合, 系統, 圖解, 詭計, 陰謀\nv. 計劃, 設計, 圖謀, 策劃",,,CEEC-108,5,,,,大考中心高中英文參考詞彙表（111學年度起適用）,LEVEL 5,官方清單,,,
ceec-108:level-5:scope,scope,skәup,n.,"n. 範圍, 機會, 廣度, 眼界, 觀察儀器, 導彈射程\n[計] 作用域",,,CEEC-108,5,,,,大考中心高中英文參考詞彙表（111學年度起適用）,LEVEL 5,官方清單,,,
ceec-108:level-5:scramble,scramble,'skræmbl,n.|v.,"n. 攀緣, 爬行, 搶奪, 混亂, 緊急起飛\nvi. 攀緣, 雜亂蔓延, 爭奪, 拼湊, 匆忙\nvt. 攀登, 擾亂, 使混雜",,,CEEC-108,5,,,,大考中心高中英文參考詞彙表（111學年度起適用）,LEVEL 5,官方清單,,,
ceec-108:level-5:scrap,scrap,skræp,n.|v.,"n. 碎片, 殘餘物, 些微, 片斷, 鐵屑, 吵架\nvt. 扔棄, 敲碎, 拆毀\nvi. 互相毆打\na. 零碎拼湊成的, 廢棄的",,,CEEC-108,5,,,,大考中心高中英文參考詞彙表（111學年度起適用）,LEVEL 5,官方清單,,,
ceec-108:level-5:script,script,skript,n.|v.,"n. 手跡, 手稿, 正本, 手寫體\nvt. 改編為演出本\n[計] 手寫體, 小型程式",,,CEEC-108,5,,,,大考中心高中英文參考詞彙表（111學年度起適用）,LEVEL 5,官方清單,,,
ceec-108:level-5:sector,sector,'sektә,n.,"n. 扇形, 部門, 部分, 函式尺, 象限儀, 段, 區段\nvt. 把...分成扇形\n[計] 扇面; 扇區; 段; 區段",,,CEEC-108,5,,,,大考中心高中英文參考詞彙表（111學年度起適用）,LEVEL 5,官方清單,,,
ceec-108:level-5:segment,segment,'segmәnt,n.|v.,"n. 片段, 部分, 分節, 段\nv. 分割, 分裂\n[計] 段",,,CEEC-108,5,,,,大考中心高中英文參考詞彙表（111學年度起適用）,LEVEL 5,官方清單,,,
ceec-108:level-5:seminar,seminar,'seminɑ:,n.,"n. 研究班, 專題討論會\n[經] 討論會, 專家討論會",,,CEEC-108,5,,,,大考中心高中英文參考詞彙表（111學年度起適用）,LEVEL 5,官方清單,,,
ceec-108:level-5:senator,senator,'senәtә,n.,"n. 參議員, (某些大學的)理事\n[法] 參議員, 上議員",,,CEEC-108,5,,,,大考中心高中英文參考詞彙表（111學年度起適用）,LEVEL 5,官方清單,,,
ceec-108:level-5:sensation,sensation,sen'seiʃәn,n.,"n. 感覺, 轟動\n[醫] 感覺",,,CEEC-108,5,,,,大考中心高中英文參考詞彙表（111學年度起適用）,LEVEL 5,官方清單,,,
ceec-108:level-5:sensitivity,sensitivity,.sensә'tiviti,n.,"n. 敏感, 靈敏度\n[計] 靈敏度",,,CEEC-108,5,,,,大考中心高中英文參考詞彙表（111學年度起適用）,LEVEL 5,官方清單,,,
ceec-108:level-5:sensor,sensor,'sensә,n.,n. 感測器\n[計] 檢測器,,,CEEC-108,5,,,,大考中心高中英文參考詞彙表（111學年度起適用）,LEVEL 5,官方清單,,,
ceec-108:level-5:sentiment,sentiment,'sentimәnt,n.,"n. 感情, 感傷, 情操, 情緒, 感想, 意見\n[醫] 情感, 情操",,,CEEC-108,5,,,,大考中心高中英文參考詞彙表（111學年度起適用）,LEVEL 5,官方清單,,,
ceec-108:level-5:sentimental,sentimental,.senti'mentl,adj.,"a. 感傷的, 感情用事的",,,CEEC-108,5,,,,大考中心高中英文參考詞彙表（111學年度起適用）,LEVEL 5,官方清單,,,
ceec-108:level-5:sequence,sequence,'si:kwәns,n.|v.,"n. 序列, 續發事件, 順序, 連續\nvt. 按順序排好\n[計] 順序",,,CEEC-108,5,,,,大考中心高中英文參考詞彙表（111學年度起適用）,LEVEL 5,官方清單,,,
ceec-108:level-5:series,series,'siәri:z,n.,"n. 串聯, 序列, 連續, 系列, 叢書, 套, 級數, 組\n[計] 系列",,,CEEC-108,5,,,,大考中心高中英文參考詞彙表（111學年度起適用）,LEVEL 5,官方清單,,,
ceec-108:level-5:server,server,'sә:vә,n.,"n. 服伺者, 上菜用具, 發球員\nn. 伺服器\n[計] 伺服器, 伺服器啟動程式, 服務檯程式",,,CEEC-108,5,,,,大考中心高中英文參考詞彙表（111學年度起適用）,LEVEL 5,官方清單,,,
ceec-108:level-5:session,session,'seʃәn,n.,"n. 期間, 開庭期, 會議, 學期\n[計] 會話, 對話, 會晤, 通用任務程式",,,CEEC-108,5,,,,大考中心高中英文參考詞彙表（111學年度起適用）,LEVEL 5,官方清單,,,
ceec-108:level-5:setting,setting,'setiŋ,n.,"n. 環境, 背景, 佈景, 鑲嵌, 調整, 沉落, 一副餐具\n[計] 設定",,,CEEC-108,5,,,,大考中心高中英文參考詞彙表（111學年度起適用）,LEVEL 5,官方清單,,,
ceec-108:level-5:shareholder,shareholder,'ʃєә.hәuldә,n.,"n. 股東\n[法] 股東, 股票持有人",,,CEEC-108,5,,,,大考中心高中英文參考詞彙表（111學年度起適用）,LEVEL 5,官方清單,,,
ceec-108:level-5:shatter,shatter,'ʃætә,v.,"n. 碎片, 粉碎, 落葉, 噴灑\nvt. 打碎, 使散開, 粉碎, 破壞\nvi. 粉碎, 損壞, 脫落",,,CEEC-108,5,,,,大考中心高中英文參考詞彙表（111學年度起適用）,LEVEL 5,官方清單,,,
ceec-108:level-5:shed,shed,ʃed,n.|v.,"n. 車棚, 小屋, 脫落之物, 分水嶺\nvt. 使流出, 放射, 脫落, 散發, 擺脫\nvi. 流出, 散佈, 脫落",,,CEEC-108,5,,,,大考中心高中英文參考詞彙表（111學年度起適用）,LEVEL 5,官方清單,,,
ceec-108:level-5:sheer,sheer,ʃiә,adj.|adv.,"a. 絕對的, 全然的, 純粹的, 透明的, 峻峭的\nvi. 偏轉, 偏航\nvt. 使急轉向, 使偏航\nadv. 完全, 全然, 峻峭\nn. 偏航",,,CEEC-108,5,,,,大考中心高中英文參考詞彙表（111學年度起適用）,LEVEL 5,官方清單,,,
ceec-108:level-5:sheriff,sheriff,'ʃerif,n.,"n. 郡治安官, 縣治安官\n[法] 司法行政官, 郡長, 執行吏",,,CEEC-108,5,,,,大考中心高中英文參考詞彙表（111學年度起適用）,LEVEL 5,官方清單,,,
ceec-108:level-5:shield,shield,'ʃi:ld,n.|v.,"n. 盾, 防衛物, 保護者, 遮蔽\nvt. 保護, 遮蔽, 遮蔽, 庇護, 擋開, 避開\nvi. 起保護作用",,,CEEC-108,5,,,,大考中心高中英文參考詞彙表（111學年度起適用）,LEVEL 5,官方清單,,,
ceec-108:level-5:shiver,shiver,'ʃivә,n.|v.,"vi. 顫抖, 哆嗦, 被打碎\nvt. 使迎風飄動, 粉碎\nn. 戰慄, 碎塊",,,CEEC-108,5,,,,大考中心高中英文參考詞彙表（111學年度起適用）,LEVEL 5,官方清單,,,
ceec-108:level-5:shortage,shortage,'ʃɒ:tidʒ,n.,"n. 不足, 缺乏\n[化] 缺額",,,CEEC-108,5,,,,大考中心高中英文參考詞彙表（111學年度起適用）,LEVEL 5,官方清單,,,
ceec-108:level-5:shove,shove,ʃʌv,n.|v.,"n. 推, 擠\nvt. 推擠, 猛推, 強使\nvi. 推",,,CEEC-108,5,,,,大考中心高中英文參考詞彙表（111學年度起適用）,LEVEL 5,官方清單,,,
ceec-108:level-5:shrug,shrug,ʃrʌg,n.|v.,n. 聳肩\nv. 聳肩,,,CEEC-108,5,,,,大考中心高中英文參考詞彙表（111學年度起適用）,LEVEL 5,官方清單,,,
ceec-108:level-5:shuttle,shuttle,'ʃʌtl,n.|v.,"n. 穿梭, 梭子, 往返移動之物\nv. (使)穿梭移動, 往返運送",,,CEEC-108,5,,,,大考中心高中英文參考詞彙表（111學年度起適用）,LEVEL 5,官方清單,,,
ceec-108:level-5:sibling,sibling,'sibliŋ,n.,"n. 兄弟, 同胞\n[醫] 同胞(兄弟姐妹)",,,CEEC-108,5,,,,大考中心高中英文參考詞彙表（111學年度起適用）,LEVEL 5,官方清單,,,
ceec-108:level-5:siege,siege,si:dʒ,n.,"n. 包圍, 圍攻, 再三的努力\nvt. 包圍, 圍攻",,,CEEC-108,5,,,,大考中心高中英文參考詞彙表（111學年度起適用）,LEVEL 5,官方清單,,,
ceec-108:level-5:skeleton,skeleton,'skelәtn,n.,"n. 骨骼, 骨瘦如柴的人, 梗概, 骨幹, 殘骸\na. 骨骼的, 概略的, 基層的, 骨幹的\n[計] 骨架",,,CEEC-108,5,,,,大考中心高中英文參考詞彙表（111學年度起適用）,LEVEL 5,官方清單,,,
ceec-108:level-5:skull,skull,skʌl,n.,"n. 頭蓋骨, 頭腦, 好學生\n[醫] 頭顱",,,CEEC-108,5,,,,大考中心高中英文參考詞彙表（111學年度起適用）,LEVEL 5,官方清單,,,
ceec-108:level-5:slam,slam,slæm,n.|v.,"n. 砰然聲, 猛然, 猛烈的抨擊\nvt. 猛然關上, 砰地關上, 猛烈抨擊\nvi. 砰地關上, 猛攻",,,CEEC-108,5,,,,大考中心高中英文參考詞彙表（111學年度起適用）,LEVEL 5,官方清單,,,
ceec-108:level-5:slap,slap,slæp,adv.|n.|v.,"n. 摑, 掌擊, 侮辱, 拍擊聲\nv. 拍擊, 懲罰\nadv. 正面地, 直接地, 突然地",,,CEEC-108,5,,,,大考中心高中英文參考詞彙表（111學年度起適用）,LEVEL 5,官方清單,,,
ceec-108:level-5:slavery,slavery,'sleivәri,n.,"n. 奴隸的身分, 奴隸狀態, 奴隸制度\n[法] 奴隸制度, 奴役, 苦役",,,CEEC-108,5,,,,大考中心高中英文參考詞彙表（111學年度起適用）,LEVEL 5,官方清單,,,
ceec-108:level-5:slot,slot,slɒt,n.|v.,"n. 水溝, 細長孔, 硬幣投幣口, 縫, 狹槽, 狹通道, 位置, 一檔(廣播節目等)\nvt. 開槽於, 把...納入機構\n[計] 槽; 儲存槽",,,CEEC-108,5,,,,大考中心高中英文參考詞彙表（111學年度起適用）,LEVEL 5,官方清單,,,
ceec-108:level-5:smash,smash,smæʃ,n.|v.,"n. 打碎, 粉碎, 打碎時嘩啦聲, 猛擊, 扣球, 殺球, 經營失敗, 破產, 硬幣, 假硬幣\na. 非常轟動的, 了不起的\nvt. 打碎, 粉碎, 擊潰, 使破產, 使裂變, 使用假硬幣\nvi. 碎裂, 猛撞, 破產, 扣球, 殺球\nadv. 轟隆一聲, 嘩啦一聲",,,CEEC-108,5,,,,大考中心高中英文參考詞彙表（111學年度起適用）,LEVEL 5,官方清單,,,
ceec-108:level-5:smog,smog,smәug,n.,n. 煙霧\n[化] 煙霧,,,CEEC-108,5,,,,大考中心高中英文參考詞彙表（111學年度起適用）,LEVEL 5,官方清單,,,
ceec-108:level-5:snatch,snatch,snætʃ,n.|v.,"n. 搶奪, 攫取, 片斷\nvt. 奪取, 攫取\nvi. 想搶走, 攫取",,,CEEC-108,5,,,,大考中心高中英文參考詞彙表（111學年度起適用）,LEVEL 5,官方清單,,,
ceec-108:level-5:sneak,sneak,sni:k,n.|v.,"vi. 鬼鬼祟祟做事\nvt. 偷偷地做\nn. 鬼鬼祟祟的人, 偷偷摸摸的行為, 帆布膠底運動鞋\na. 暗中進行的",,,CEEC-108,5,,,,大考中心高中英文參考詞彙表（111學年度起適用）,LEVEL 5,官方清單,,,
ceec-108:level-5:sniff,sniff,snif,n.|v.,"n. 以鼻吸氣, 嗅, 氣息\nvi. 嗅, 蔑視, 嗤之以鼻\nvt. 聞, 用力吸, 發覺",,,CEEC-108,5,,,,大考中心高中英文參考詞彙表（111學年度起適用）,LEVEL 5,官方清單,,,
ceec-108:level-5:soak,soak,sәuk,n.|v.,"n. 浸, 溼透, 大雨\nvt. 使上下溼透, 浸, 吸入, 吸收, 浸洗掉\nvi. 浸泡, 滲透",,,CEEC-108,5,,,,大考中心高中英文參考詞彙表（111學年度起適用）,LEVEL 5,官方清單,,,
ceec-108:level-5:soar,soar,sɒ:,v.,"n. 高揚, 翱翔\nvi. 往上飛舞, 高聳, 翱翔",,,CEEC-108,5,,,,大考中心高中英文參考詞彙表（111學年度起適用）,LEVEL 5,官方清單,,,
ceec-108:level-5:sob,sob,sɒb,n.|v.,"vi. 啜泣, 嗚咽\nvt. 哭訴, 哭得使\nn. 啜泣, 嗚咽",,,CEEC-108,5,,,,大考中心高中英文參考詞彙表（111學年度起適用）,LEVEL 5,官方清單,,,
ceec-108:level-5:sober,sober,'sәubә,adj.|v.,"a. 未醉的, 穩重的, 節制的, 嚴肅的, 不誇大的, 合理的, 樸素的\nvt. 使醒酒, 使嚴肅\nvi. 從醉裡醒來, 變嚴肅",,,CEEC-108,5,,,,大考中心高中英文參考詞彙表（111學年度起適用）,LEVEL 5,官方清單,,,
ceec-108:level-5:soften,soften,'sɒftn,v.,"v. (使)變柔軟, (使)變柔和",,,CEEC-108,5,,,,大考中心高中英文參考詞彙表（111學年度起適用）,LEVEL 5,官方清單,,,
ceec-108:level-5:sole,sole,sәul,adj.|n.|v.,"n. 腳掌, 鞋底, 底部\na. 唯一的, 僅有的, 單獨的, 獨身的\nvt. 上鞋底, 觸底",,,CEEC-108,5,,,,大考中心高中英文參考詞彙表（111學年度起適用）,LEVEL 5,官方清單,,,
ceec-108:level-5:solo,solo,'sәulәu,adj.|adv.|n.,"n. 獨奏, 獨唱, 單獨表演\na. 單獨的, 獨奏的, 獨唱的\nvi. 放單飛",,,CEEC-108,5,,,,大考中心高中英文參考詞彙表（111學年度起適用）,LEVEL 5,官方清單,,,
ceec-108:level-5:sophisticated,sophisticated,sә'fistikeitid,adj.,"a. 複雜的, 久經世故的\n[法] 尖端的, 高階的, 非常有經驗的",,,CEEC-108,5,,,,大考中心高中英文參考詞彙表（111學年度起適用）,LEVEL 5,官方清單,,,
ceec-108:level-5:sophomore,sophomore,'sɒfәmɒ:,n.,"n. (大學)二年級生\na. 二年級學生的, 二年級的",,,CEEC-108,5,,,,大考中心高中英文參考詞彙表（111學年度起適用）,LEVEL 5,官方清單,,,
ceec-108:level-5:souvenir,souvenir,.su:vә'niә,n.,n. 紀念品,,,CEEC-108,5,,,,大考中心高中英文參考詞彙表（111學年度起適用）,LEVEL 5,官方清單,,,
ceec-108:level-5:sovereignty,sovereignty,'sɒvrәnti,n.,"n. 主權, 獨立國\n[法] 主權, 主權國家, 統治權",,,CEEC-108,5,,,,大考中心高中英文參考詞彙表（111學年度起適用）,LEVEL 5,官方清單,,,
ceec-108:level-5:sow,sow,sau. sәu,v.,"n. 母豬, 懶胖女人\nvt. 播種, 散佈, 使密佈\nvi. 播種",,,CEEC-108,5,,,,大考中心高中英文參考詞彙表（111學年度起適用）,LEVEL 5,官方清單,,,
ceec-108:level-5:spacious,spacious,'speiʃәs,adj.,"a. 廣大的, 寬廣的",,,CEEC-108,5,,,,大考中心高中英文參考詞彙表（111學年度起適用）,LEVEL 5,官方清單,,,
ceec-108:level-5:sparkle,sparkle,'spɑ:kl,n.|v.,"n. 閃耀, 火花, 活力, 發泡\nvi. 閃耀, 冒火花\nvt. 使閃耀",,,CEEC-108,5,,,,大考中心高中英文參考詞彙表（111學年度起適用）,LEVEL 5,官方清單,,,
ceec-108:level-5:specialist,specialist,'speiʃәlist,n.,"n. 專門醫師, 專家\na. 專業的, 專家的",,,CEEC-108,5,,,,大考中心高中英文參考詞彙表（111學年度起適用）,LEVEL 5,官方清單,,,
ceec-108:level-5:specialize,specialize,'speʃәlaiz,v.,"vt. 使特殊化, 列舉, 特別指明, 限定...的範圍\nvi. 成為專家, 專攻",,,CEEC-108,5,,,,大考中心高中英文參考詞彙表（111學年度起適用）,LEVEL 5,官方清單,,,
ceec-108:level-5:specialty,specialty,'speʃәlti,n.,"n. 專業, 專長, 特產, 特製品, 特性, 特點\na. 專門的, 獨立的",,,CEEC-108,5,,,,大考中心高中英文參考詞彙表（111學年度起適用）,LEVEL 5,官方清單,,,
ceec-108:level-5:specify,specify,'spesifai,v.,"vt. 詳列, 指定, 說明\n[計] 指定",,,CEEC-108,5,,,,大考中心高中英文參考詞彙表（111學年度起適用）,LEVEL 5,官方清單,,,
ceec-108:level-5:specimen,specimen,'spesimәn,n.,"n. 樣品, 標本, 試料\n[化] 試樣",,,CEEC-108,5,,,,大考中心高中英文參考詞彙表（111學年度起適用）,LEVEL 5,官方清單,,,
ceec-108:level-5:spectacular,spectacular,spek'tækjulә,adj.|n.,"a. 公開展示的, 驚人的, 壯觀的\nn. 奇觀, 驚人之舉, 展覽物",,,CEEC-108,5,,,,大考中心高中英文參考詞彙表（111學年度起適用）,LEVEL 5,官方清單,,,
ceec-108:level-5:spectator,spectator,spek'teitә,n.,"n. 觀眾, 目擊者, 旁觀者",,,CEEC-108,5,,,,大考中心高中英文參考詞彙表（111學年度起適用）,LEVEL 5,官方清單,,,
ceec-108:level-5:spectrum,spectrum,'spektrәm,n.,"n. 光譜, 範圍, 系列\n[化] 光譜",,,CEEC-108,5,,,,大考中心高中英文參考詞彙表（111學年度起適用）,LEVEL 5,官方清單,,,
ceec-108:level-5:speculate,speculate,'spekjuleit,v.,"vi. 深思, 推測, 投機\n[經] 投機",,,CEEC-108,5,,,,大考中心高中英文參考詞彙表（111學年度起適用）,LEVEL 5,官方清單,,,
ceec-108:level-5:sphere,sphere,sfiә,n.,"n. 球, 球面, 球體, 天體, 地球儀, 範圍\nvt. 包圍, 使成球體, 放入球內",,,CEEC-108,5,,,,大考中心高中英文參考詞彙表（111學年度起適用）,LEVEL 5,官方清單,,,
ceec-108:level-5:spicy,spicy,'spaisi,adj.,"a. 香的, 多香料的, 辛辣的, 下流的",,,CEEC-108,5,,,,大考中心高中英文參考詞彙表（111學年度起適用）,LEVEL 5,官方清單,,,
ceec-108:level-5:spine,spine,spain,n.,"n. 背骨, 脊柱, 尖刺\n[醫] 脊柱; 棘, 刺; 馬蹄嵴",,,CEEC-108,5,,,,大考中心高中英文參考詞彙表（111學年度起適用）,LEVEL 5,官方清單,,,
ceec-108:level-5:sponge,sponge,spʌndʒ,n.|v.,"n. 海綿, 海綿狀的東西\nvt. 用海綿擦拭, 吸收掉, 抹掉\nvi. 採集海綿, 海綿般吸收",,,CEEC-108,5,,,,大考中心高中英文參考詞彙表（111學年度起適用）,LEVEL 5,官方清單,,,
ceec-108:level-5:sponsor,sponsor,'spɒnsә,n.|v.,"n. 保證人, 贊助者, 發起者, 倡議者, 教父\nvt. 發起, 贊助, 倡議",,,CEEC-108,5,,,,大考中心高中英文參考詞彙表（111學年度起適用）,LEVEL 5,官方清單,,,
ceec-108:level-5:sponsorship,sponsorship,'spɔnsәʃip,n.,"n. 發起, 倡議, 主辦, 保證人的地位, 教父的地位, 教母的地位",,,CEEC-108,5,,,,大考中心高中英文參考詞彙表（111學年度起適用）,LEVEL 5,官方清單,,,
ceec-108:level-5:spouse,spouse,spauz,n.,n. 配偶,,,CEEC-108,5,,,,大考中心高中英文參考詞彙表（111學年度起適用）,LEVEL 5,官方清單,,,
ceec-108:level-5:squad,squad,skwɒd,n.,"n. 班, 小隊, 小集團\nvt. 編成班",,,CEEC-108,5,,,,大考中心高中英文參考詞彙表（111學年度起適用）,LEVEL 5,官方清單,,,
ceec-108:level-5:squash,squash,skwɒʃ,n.|v.,"n. 擠壓, 壓碎的東西, 南瓜屬植物, 擁擠的人群\nvt. 壓扁, 鎮壓, 壓制\nvi. 被壓扁, 發濺潑聲, 擠入",,,CEEC-108,5,,,,大考中心高中英文參考詞彙表（111學年度起適用）,LEVEL 5,官方清單,,,
ceec-108:level-5:squat,squat,skwɒt,adj.|n.|v.,"n. 蹲, 窩\na. 蹲著的, 矮胖的\nvi. 蹲下, 蹲坐, 蹲伏\nvt. 使蹲下, 擅自佔有",,,CEEC-108,5,,,,大考中心高中英文參考詞彙表（111學年度起適用）,LEVEL 5,官方清單,,,
ceec-108:level-5:stability,stability,stә'biliti,n.,"n. 安定, 穩定性, 堅實, 鞏固\n[化] 穩定性",,,CEEC-108,5,,,,大考中心高中英文參考詞彙表（111學年度起適用）,LEVEL 5,官方清單,,,
ceec-108:level-5:stack,stack,stæk,n.|v.,"n. 堆疊, 堆, 大量, 書庫, 槍架, 煙囪, 堆積, 存貯棧\nvt. 堆積, 堆滿, 暗中對...做手腳\nvi. 堆起\n[計] 堆積, 堆疊",,,CEEC-108,5,,,,大考中心高中英文參考詞彙表（111學年度起適用）,LEVEL 5,官方清單,,,
ceec-108:level-5:stain,stain,stein,n.|v.,"n. 汙染, 汙點, 著色劑\nvt. 沾染, 染汙, 著色\nvi. 變髒",,,CEEC-108,5,,,,大考中心高中英文參考詞彙表（111學年度起適用）,LEVEL 5,官方清單,,,
ceec-108:level-5:stake,stake,steik,n.|v.,"n. 樁, 炮烙刑, 木柱, 賭注, 獎金\nvt. 打樁, 用樁撐, 下賭注, 資助\nvi. 打賭",,,CEEC-108,5,,,,大考中心高中英文參考詞彙表（111學年度起適用）,LEVEL 5,官方清單,,,
ceec-108:level-5:stall,stall,stɒ:l,n.|v.,"n. 廄, 停車處, 牧師職位, 貨攤, 託辭, 拖延\nvt. 關入廄, 停頓, 推託, 支吾, 使陷於泥中\nvi. 被關在廄內, 陷於泥中, 停止, 支吾",,,CEEC-108,5,,,,大考中心高中英文參考詞彙表（111學年度起適用）,LEVEL 5,官方清單,,,
ceec-108:level-5:stance,stance,stæns,n.,"n. 準備擊球姿勢, 站立的姿勢, 位置, 姿態\n[經] 地位, 形勢",,,CEEC-108,5,,,,大考中心高中英文參考詞彙表（111學年度起適用）,LEVEL 5,官方清單,,,
ceec-108:level-5:startle,startle,'stɑ:tl,v.,"n. 驚愕, 驚恐\nvt. 吃驚, 使驚愕\nvi. 驚起",,,CEEC-108,5,,,,大考中心高中英文參考詞彙表（111學年度起適用）,LEVEL 5,官方清單,,,
ceec-108:level-5:statistical,statistical,stә'tistikl,adj.,"a. 統計的, 統計上的, 統計學的\n[經] 統計的, 統計學的",,,CEEC-108,5,,,,大考中心高中英文參考詞彙表（111學年度起適用）,LEVEL 5,官方清單,,,
ceec-108:level-5:steer,steer,stiә,n.|v.,"vt. 引導, 駕駛, 航行, 控制\nvi. 駕駛, 掌舵, 行駛\nn. 駕駛指示, 勸告",,,CEEC-108,5,,,,大考中心高中英文參考詞彙表（111學年度起適用）,LEVEL 5,官方清單,,,
ceec-108:level-5:stereotype,stereotype,'stiәriәtaip,n.|v.,"n. 鉛版, 陳規, 老套\nvt. 使用鉛版, 把...印製成盲文, 套用老套, 使一成不變",,,CEEC-108,5,,,,大考中心高中英文參考詞彙表（111學年度起適用）,LEVEL 5,官方清單,,,
ceec-108:level-5:stew,stew,stju:,n.|v.,"n. 燉, 煩惱, 熱浴, 妓院, 魚塘\nvi. 燉, 燜, 憂慮\nvt. 燉, 燜, 使焦慮",,,CEEC-108,5,,,,大考中心高中英文參考詞彙表（111學年度起適用）,LEVEL 5,官方清單,,,
ceec-108:level-5:stimulate,stimulate,'stimjuleit,v.,"vt. 刺激, 激勵, 鼓舞\nvi. 起刺激作用",,,CEEC-108,5,,,,大考中心高中英文參考詞彙表（111學年度起適用）,LEVEL 5,官方清單,,,
ceec-108:level-5:stimulus,stimulus,'stimjulәs,n.,"n. 刺激, 激勵, 刺激品\n[醫] 刺激特, 刺激",,,CEEC-108,5,,,,大考中心高中英文參考詞彙表（111學年度起適用）,LEVEL 5,官方清單,,,
ceec-108:level-5:stink,stink,stiŋk,n.|v.,"n. 臭味, 臭氣\nvi. 發臭味, 名聲臭\nvt. 用臭味趕",,,CEEC-108,5,,,,大考中心高中英文參考詞彙表（111學年度起適用）,LEVEL 5,官方清單,,,
ceec-108:level-5:stock,stock,stɒk,n.,"n. 樹幹, 祖先, 血統, 原料, 備料, 庫存, 牲畜, 股票, 股份, 保留劇目\na. 存貨的, 常備的, 平凡的, 普通的, 股票的, 保留劇目的, 繁殖用的\nvt. 裝把手於, 進貨, 備有, 放牧\nvi. 出新芽, 備貨, 囤積",,,CEEC-108,5,,,,大考中心高中英文參考詞彙表（111學年度起適用）,LEVEL 5,官方清單,,,
ceec-108:level-5:storage,storage,'stɒ:ridʒ,n.,"n. 儲存器, 儲藏, 保管, 庫存, 倉庫\n[計] 存放處; 儲存",,,CEEC-108,5,,,,大考中心高中英文參考詞彙表（111學年度起適用）,LEVEL 5,官方清單,,,
ceec-108:level-5:straighten,straighten,'streitn,v.,"vt. 弄直, 整頓, 清理, 使改正\nvi. 直起來, 改正, 好轉",,,CEEC-108,5,,,,大考中心高中英文參考詞彙表（111學年度起適用）,LEVEL 5,官方清單,,,
ceec-108:level-5:straightforward,straightforward,streit'fɒ:wәd,adj.,"a. 筆直的, 率直的, 明確的, 簡單的, 直接的",,,CEEC-108,5,,,,大考中心高中英文參考詞彙表（111學年度起適用）,LEVEL 5,官方清單,,,
ceec-108:level-5:strain,strain,strein,n.|v.,"n. 緊張, 拉緊, 張力, 過勞, 扭傷, 血緣, 種, 族, 氣質, 曲調, 旋律, 口吻\nvt. 使勞累, 拉緊, 過分使用, 扭傷, 濫用, 曲解, 濾\nvi. 盡力, 努力, 緊拉, 彎曲, 被濾出",,,CEEC-108,5,,,,大考中心高中英文參考詞彙表（111學年度起適用）,LEVEL 5,官方清單,,,
ceec-108:level-5:strand,strand,strænd,n.|v.,"n. (繩索的)股, 繩, 串, 海濱, 河岸\nvi. 擱淺\nvt. 使擱淺, 使落後, 使陷於困境, 弄斷, 搓",,,CEEC-108,5,,,,大考中心高中英文參考詞彙表（111學年度起適用）,LEVEL 5,官方清單,,,
ceec-108:level-5:strap,strap,stræp,n.|v.,"n. 帶, 皮帶\nvt. (用皮帶)捆紮",,,CEEC-108,5,,,,大考中心高中英文參考詞彙表（111學年度起適用）,LEVEL 5,官方清單,,,
ceec-108:level-5:strategic,strategic,strә'ti:dʒik,adj.,"a. 戰略的, 戰略上的\n[經] 戰略的",,,CEEC-108,5,,,,大考中心高中英文參考詞彙表（111學年度起適用）,LEVEL 5,官方清單,,,
ceec-108:level-5:striking,striking,'straikiŋ,adj.,"a. 醒目的, 驚人的, 打擊的, 罷工的\n[法] 罷工的, 罷市的, 罷課的",,,CEEC-108,5,,,,大考中心高中英文參考詞彙表（111學年度起適用）,LEVEL 5,官方清單,,,
ceec-108:level-5:structural,structural,'strʌktʃәrәl,adj.,"a. 結構的, 建築的\n[醫] 結構的",,,CEEC-108,5,,,,大考中心高中英文參考詞彙表（111學年度起適用）,LEVEL 5,官方清單,,,
ceec-108:level-5:stumble,stumble,'stʌmbl,n.|v.,"n. 絆倒, 蹣跚而行, 失足\nvt. 使絆倒, 使困惑\nvi. 絆倒, 失足, 失策, 犯錯, 蹣跚, 躊躇",,,CEEC-108,5,,,,大考中心高中英文參考詞彙表（111學年度起適用）,LEVEL 5,官方清單,,,
ceec-108:level-5:sturdy,sturdy,'stә:di,adj.,"a. 強健的, 健全的\n[醫] 羊暈倒病, 羊蹣跚病",,,CEEC-108,5,,,,大考中心高中英文參考詞彙表（111學年度起適用）,LEVEL 5,官方清單,,,
ceec-108:level-5:submit,submit,sәb'mit,v.,"vt. 使服從, 使受到, 委託, 提交, 認為\nvi. 屈服, 服從",,,CEEC-108,5,,,,大考中心高中英文參考詞彙表（111學年度起適用）,LEVEL 5,官方清單,,,
ceec-108:level-5:subsequent,subsequent,'sʌbsikwәnt,adj.,"a. 後來的, 接下去的\n[經] 後來的",,,CEEC-108,5,,,,大考中心高中英文參考詞彙表（111學年度起適用）,LEVEL 5,官方清單,,,
ceec-108:level-5:subsidy,subsidy,'sʌbsidi,n.,"n. 補助金, 津貼\n[經] 補助金, 津貼, 補貼",,,CEEC-108,5,,,,大考中心高中英文參考詞彙表（111學年度起適用）,LEVEL 5,官方清單,,,
ceec-108:level-5:substantial,substantial,sәb'stænʃәl,adj.,"n. 重要材料(或事物), 有實際價值的東西\na. 實質上的, 物質的, 有內容的, 結實的",,,CEEC-108,5,,,,大考中心高中英文參考詞彙表（111學年度起適用）,LEVEL 5,官方清單,,,
ceec-108:level-5:substitute,substitute,'sʌbstitju:t,n.|v.,"n. 代理, 代理人, 代用品, 代替者, 代替物\nvt. 代替\nvi. 替代, 取代, 代用\na. 代替的, 代用的, 代用品的\n[計] 置換; 替代",,,CEEC-108,5,,,,大考中心高中英文參考詞彙表（111學年度起適用）,LEVEL 5,官方清單,,,
ceec-108:level-5:subtle,subtle,'sʌtl,adj.,"a. 敏銳的, 精細的, 狡猾的, 稀薄的, 靈巧的, 微妙的\n[醫] 銳敏的; 精細的",,,CEEC-108,5,,,,大考中心高中英文參考詞彙表（111學年度起適用）,LEVEL 5,官方清單,,,
ceec-108:level-5:suburban,suburban,sә'bә:bәn,adj.,"a. 郊外的, 郊區的, (貶)偏狹的, 土氣的, 見識不廣的\nn. 郊區居民",,,CEEC-108,5,,,,大考中心高中英文參考詞彙表（111學年度起適用）,LEVEL 5,官方清單,,,
ceec-108:level-5:successor,successor,sәk'sesә,n.,"n. 繼承者, 接任者\n[計] 後繼",,,CEEC-108,5,,,,大考中心高中英文參考詞彙表（111學年度起適用）,LEVEL 5,官方清單,,,
ceec-108:level-5:suite,suite,swi:t,n.,"n. 隨員, 套房, (一)組, (一)套, 組曲, 繼之而來的事\n[電] 程式組",,,CEEC-108,5,,,,大考中心高中英文參考詞彙表（111學年度起適用）,LEVEL 5,官方清單,,,
ceec-108:level-5:superb,superb,sju'pә:b,adj.,"a. 極度的, 華麗的, 極好的",,,CEEC-108,5,,,,大考中心高中英文參考詞彙表（111學年度起適用）,LEVEL 5,官方清單,,,
ceec-108:level-5:superstition,superstition,.sju:pә'stiʃәn,n.,n. 迷信\n[法] 迷信,,,CEEC-108,5,,,,大考中心高中英文參考詞彙表（111學年度起適用）,LEVEL 5,官方清單,,,
ceec-108:level-5:supervise,supervise,'sju:pәvaiz,v.,"v. 監督, 管理, 指導",,,CEEC-108,5,,,,大考中心高中英文參考詞彙表（111學年度起適用）,LEVEL 5,官方清單,,,
ceec-108:level-5:supervision,supervision,.sju:pә'viʒәn,n.,"n. 監督, 管理\n[經] 監督, 管理",,,CEEC-108,5,,,,大考中心高中英文參考詞彙表（111學年度起適用）,LEVEL 5,官方清單,,,
ceec-108:level-5:supervisor,supervisor,.sju:pә'vaizә,n.,"n. 管理者, 監督者, 指導者, 視導員\n[計] 管理程式",,,CEEC-108,5,,,,大考中心高中英文參考詞彙表（111學年度起適用）,LEVEL 5,官方清單,,,
ceec-108:level-5:supposedly,supposedly,sә'pәuzidli,adv.,"adv. 想象上, 看上去像, 被認為是, 恐怕, 按照推測",,,CEEC-108,5,,,,大考中心高中英文參考詞彙表（111學年度起適用）,LEVEL 5,官方清單,,,
ceec-108:level-5:supreme,supreme,sju'pri:m,adj.,"n. 至高, 霸權\na. 至高的, 終極的, 極端的, 最大的",,,CEEC-108,5,,,,大考中心高中英文參考詞彙表（111學年度起適用）,LEVEL 5,官方清單,,,
ceec-108:level-5:surplus,surplus,'sә:plәs,adj.|n.,"n. 剩餘, 過剩, 盈餘\na. 過剩的, 剩餘的",,,CEEC-108,5,,,,大考中心高中英文參考詞彙表（111學年度起適用）,LEVEL 5,官方清單,,,
ceec-108:level-5:surveillance,surveillance,sә:'veilәns,n.,"n. 監視, 監督\n[電] 偵測",,,CEEC-108,5,,,,大考中心高中英文參考詞彙表（111學年度起適用）,LEVEL 5,官方清單,,,
ceec-108:level-5:suspend,suspend,sә'spend,v.,"vt. 懸, 吊, 使懸浮, 暫停, 中止, 推遲\nvi. 暫停, 中止, 懸浮, 停止償付債務\n[計] 暫停",,,CEEC-108,5,,,,大考中心高中英文參考詞彙表（111學年度起適用）,LEVEL 5,官方清單,,,
ceec-108:level-5:sustain,sustain,sә'stein,v.,"vt. 承受, 支援, 供養, 繼續, 忍受, 蒙受, 證實, 准許\n[電] 持續",,,CEEC-108,5,,,,大考中心高中英文參考詞彙表（111學年度起適用）,LEVEL 5,官方清單,,,
ceec-108:level-5:sustainable,sustainable,sә'steinәbl,adj.,"a. 足可支撐的, 養得起的, 可以忍受的",,,CEEC-108,5,,,,大考中心高中英文參考詞彙表（111學年度起適用）,LEVEL 5,官方清單,,,
ceec-108:level-5:swap,swap,swɒp,n.|v.,"n. 以貨易貨\nv. 交換, 替換, 交易\n[計] 交換",,,CEEC-108,5,,,,大考中心高中英文參考詞彙表（111學年度起適用）,LEVEL 5,官方清單,,,
ceec-108:level-5:symbolic,symbolic,sim'bɒlik,adj.,"a. 象徵的, 符號的\n[電] 符號化",,,CEEC-108,5,,,,大考中心高中英文參考詞彙表（111學年度起適用）,LEVEL 5,官方清單,,,
ceec-108:level-5:symptom,symptom,'simptәm,n.,"n. 症狀, 徵候, 徵兆\n[醫] 症狀",,,CEEC-108,5,,,,大考中心高中英文參考詞彙表（111學年度起適用）,LEVEL 5,官方清單,,,
ceec-108:level-5:syndrome,syndrome,'sindrәum,n.,"n. 併發症狀, 綜合徵, 同時存在的事物\n[計] 校驗子; 併發位",,,CEEC-108,5,,,,大考中心高中英文參考詞彙表（111學年度起適用）,LEVEL 5,官方清單,,,
ceec-108:level-5:tackle,tackle,'tækl,v.,"n. 工具, 復滑車, 滑車, 裝備, 扭倒\nvt. 固定, 處理, 抓住\nvi. 扭倒",,,CEEC-108,5,,,,大考中心高中英文參考詞彙表（111學年度起適用）,LEVEL 5,官方清單,,,
ceec-108:level-5:tactic,tactic,'tæktik,n.,"n. 一項戰術, 一條策略\na. 戰術的, 順序的, 排列的",,,CEEC-108,5,,,,大考中心高中英文參考詞彙表（111學年度起適用）,LEVEL 5,官方清單,,,
ceec-108:level-5:tangle,tangle,'tæŋgl,n.|v.,"n. 纏結, 糾結的一團, 困惑, 糾紛, 混亂\nvt. 使纏結, 纏住\nvi. 纏結, 亂作一團",,,CEEC-108,5,,,,大考中心高中英文參考詞彙表（111學年度起適用）,LEVEL 5,官方清單,,,
ceec-108:level-5:tempt,tempt,tempt,v.,"vt. 誘惑, 引誘, 引起...的興趣, 吸引, 冒...風險",,,CEEC-108,5,,,,大考中心高中英文參考詞彙表（111學年度起適用）,LEVEL 5,官方清單,,,
ceec-108:level-5:temptation,temptation,temp'teiʃәn,n.,"n. 誘惑, 誘惑物\n[法] 誘惑, 誘惑物",,,CEEC-108,5,,,,大考中心高中英文參考詞彙表（111學年度起適用）,LEVEL 5,官方清單,,,
ceec-108:level-5:terminal,terminal,'tә:minәl,adj.|n.,"n. 終端機, 終點, 末端, 極限, 終點站\na. 終點的, 定期的, 致死的, 結尾的, 末端的, 晚期的\n[計] 終端; 終端裝置",,,CEEC-108,5,,,,大考中心高中英文參考詞彙表（111學年度起適用）,LEVEL 5,官方清單,,,
ceec-108:level-5:terrify,terrify,'terifai,v.,"vt. 使恐懼, 恐嚇",,,CEEC-108,5,,,,大考中心高中英文參考詞彙表（111學年度起適用）,LEVEL 5,官方清單,,,
ceec-108:level-5:testify,testify,'testifai,v.,"v. 證明, 作證, 宣告, 表明",,,CEEC-108,5,,,,大考中心高中英文參考詞彙表（111學年度起適用）,LEVEL 5,官方清單,,,
ceec-108:level-5:texture,texture,'tekstʃә,n.|v.,"n. (織物的)密度, (材料等的)結構, 紋理\n[化] 紋理",,,CEEC-108,5,,,,大考中心高中英文參考詞彙表（111學年度起適用）,LEVEL 5,官方清單,,,
ceec-108:level-5:theft,theft,θeft,n.,"n. 盜竊, 失竊, 盜竊罪, 贓物\n[法] 盜竊行為, 偷竊, 失竊",,,CEEC-108,5,,,,大考中心高中英文參考詞彙表（111學年度起適用）,LEVEL 5,官方清單,,,
ceec-108:level-5:theology,theology,θi'ɒlәdʒi,n.,n. 神學,,,CEEC-108,5,,,,大考中心高中英文參考詞彙表（111學年度起適用）,LEVEL 5,官方清單,,,
ceec-108:level-5:theoretical,theoretical,θiә'retikәl,adj.,"a. 理論的, 理論上的, 假設的, 推理的\n[計] 理論的",,,CEEC-108,5,,,,大考中心高中英文參考詞彙表（111學年度起適用）,LEVEL 5,官方清單,,,
ceec-108:level-5:therapist,therapist,'θerәpist,n.,n. 治療學家\n[醫] 治療學家,,,CEEC-108,5,,,,大考中心高中英文參考詞彙表（111學年度起適用）,LEVEL 5,官方清單,,,
ceec-108:level-5:therapy,therapy,'θerәpi,n.,"n. 治療\n[醫] 療法, 治療",,,CEEC-108,5,,,,大考中心高中英文參考詞彙表（111學年度起適用）,LEVEL 5,官方清單,,,
ceec-108:level-5:thereby,thereby,'ðєәbai,adv.,adv. 因此,,,CEEC-108,5,,,,大考中心高中英文參考詞彙表（111學年度起適用）,LEVEL 5,官方清單,,,
ceec-108:level-5:thesis,thesis,'θi:sis,n.,"n. 論題, 論文",,,CEEC-108,5,,,,大考中心高中英文參考詞彙表（111學年度起適用）,LEVEL 5,官方清單,,,
ceec-108:level-5:thigh,thigh,θai,n.,"n. 大腿, 股\n[醫] 股, 大腿",,,CEEC-108,5,,,,大考中心高中英文參考詞彙表（111學年度起適用）,LEVEL 5,官方清單,,,
ceec-108:level-5:threshold,threshold,'θreʃәuld,n.,"n. 門檻, 入口, 開端, 閾\n[計] 閾; 閾值",,,CEEC-108,5,,,,大考中心高中英文參考詞彙表（111學年度起適用）,LEVEL 5,官方清單,,,
ceec-108:level-5:thrill,thrill,θril,n.|v.,"n. 震顫, 激動, 刺激性, 一陣激動\nvi. 震顫, 顫抖, 激動\nvt. 使激動, 使顫動",,,CEEC-108,5,,,,大考中心高中英文參考詞彙表（111學年度起適用）,LEVEL 5,官方清單,,,
ceec-108:level-5:thriller,thriller,'θrilә,n.,"n. 使人激動的東西, 使人毛骨悚然的東西, 使人毛骨悚然的小說",,,CEEC-108,5,,,,大考中心高中英文參考詞彙表（111學年度起適用）,LEVEL 5,官方清單,,,
ceec-108:level-5:thrive,thrive,θraiv,v.,"vi. 繁榮, 興旺, 茁壯成長\n[經] 興旺, 繁榮, 旺盛",,,CEEC-108,5,,,,大考中心高中英文參考詞彙表（111學年度起適用）,LEVEL 5,官方清單,,,
ceec-108:level-5:throne,throne,'θrәun,n.,"n. 王座, 君主",,,CEEC-108,5,,,,大考中心高中英文參考詞彙表（111學年度起適用）,LEVEL 5,官方清單,,,
ceec-108:level-5:thrust,thrust,θrʌst,n.|v.,"n. 插, 戳, 刺, 猛推, 口頭攻擊, 推力\nvt. 插入, 猛推, 刺, 戳, 強加, 延伸\nvi. 插, 刺, 戳, 延伸, (用力)推",,,CEEC-108,5,,,,大考中心高中英文參考詞彙表（111學年度起適用）,LEVEL 5,官方清單,,,
ceec-108:level-5:tick,tick,tik,n.|v.,"n. 滴答聲, 一瞬間, 壁蝨, 褥套, 信用, 賒欠\nvi. 滴答響, 活動\nvt. 滴答地記錄, 標記號於",,,CEEC-108,5,,,,大考中心高中英文參考詞彙表（111學年度起適用）,LEVEL 5,官方清單,,,
ceec-108:level-5:tile,tile,tail,n.|v.,"n. 磚瓦, 瓷磚, 瓦片\nvt. 鋪以瓦, 鋪以瓷磚\n[計] 平鋪",,,CEEC-108,5,,,,大考中心高中英文參考詞彙表（111學年度起適用）,LEVEL 5,官方清單,,,
ceec-108:level-5:tin,tin,tin,n.|v.,"n. 錫, 馬口鐵, 罐頭\nvt. 在...鍍錫於\na. 錫制的\n[計] tin閱讀程式",,,CEEC-108,5,,,,大考中心高中英文參考詞彙表（111學年度起適用）,LEVEL 5,官方清單,,,
ceec-108:level-5:toll,toll,tәul,n.|v.,"n. 通行費, 代價, 鐘聲\nvt. 徵收, 敲鐘, 鳴鐘, 勾引, 引誘\nvi. 徵稅, 鳴鐘",,,CEEC-108,5,,,,大考中心高中英文參考詞彙表（111學年度起適用）,LEVEL 5,官方清單,,,
ceec-108:level-5:torch,torch,tɒ:tʃ,n.|v.,"n. 火把, 啟發之物\n[化] 火炬",,,CEEC-108,5,,,,大考中心高中英文參考詞彙表（111學年度起適用）,LEVEL 5,官方清單,,,
ceec-108:level-5:torment,torment,'tɒ:ment,n.|v.,"n. 使人痛苦的東西, 折磨者, 苦痛\nvt. 使苦惱, 糾纏, 歪曲, 拷問",,,CEEC-108,5,,,,大考中心高中英文參考詞彙表（111學年度起適用）,LEVEL 5,官方清單,,,
ceec-108:level-5:tournament,tournament,'tә:nәmәnt,n.,"n. 比賽, 競賽, 錦標賽, 聯賽",,,CEEC-108,5,,,,大考中心高中英文參考詞彙表（111學年度起適用）,LEVEL 5,官方清單,,,
ceec-108:level-5:toxic,toxic,'tɒksik,adj.,"a. 有毒的, 中毒的\n[醫] 中毒的, 毒物的",,,CEEC-108,5,,,,大考中心高中英文參考詞彙表（111學年度起適用）,LEVEL 5,官方清單,,,
ceec-108:level-5:trait,trait,treit,n.,"n. 特徵, 特性, 一筆, 少許",,,CEEC-108,5,,,,大考中心高中英文參考詞彙表（111學年度起適用）,LEVEL 5,官方清單,,,
ceec-108:level-5:traitor,traitor,'treitә,n.,"n. 叛逆者, 叛國者\n[法] 叛徒, 叛逆, 背信者",,,CEEC-108,5,,,,大考中心高中英文參考詞彙表（111學年度起適用）,LEVEL 5,官方清單,,,
ceec-108:level-5:transaction,transaction,træn'sækʃәn,n.,"n. 交易, 辦理, 學報, 和解協議\n[計] 事務處理",,,CEEC-108,5,,,,大考中心高中英文參考詞彙表（111學年度起適用）,LEVEL 5,官方清單,,,
ceec-108:level-5:transformation,transformation,.trænsfә'meiʃәn,n.,"n. 變形, 變質, 變化, 改革, 變換\n[化] 轉化; 變換",,,CEEC-108,5,,,,大考中心高中英文參考詞彙表（111學年度起適用）,LEVEL 5,官方清單,,,
ceec-108:level-5:transit,transit,'trænsit,n.|v.,"n. 經過, 通行, 運輸, 運輸線, 轉變\nvt. 運送, 使透過, 經過\nvi. 透過",,,CEEC-108,5,,,,大考中心高中英文參考詞彙表（111學年度起適用）,LEVEL 5,官方清單,,,
ceec-108:level-5:transition,transition,træn'ziʃәn,n.,"n. 轉變, 轉換, 變遷, 過渡時期, 臨時轉調\n[化] 躍遷",,,CEEC-108,5,,,,大考中心高中英文參考詞彙表（111學年度起適用）,LEVEL 5,官方清單,,,
ceec-108:level-5:transmission,transmission,træns'miʃәn,n.,"n. 傳輸, 傳送, 變速器\n[計] 傳輸",,,CEEC-108,5,,,,大考中心高中英文參考詞彙表（111學年度起適用）,LEVEL 5,官方清單,,,
ceec-108:level-5:transparent,transparent,træns'pærәnt,adj.,"a. 透明的, 顯然的, 清晰的\n[計] 透明",,,CEEC-108,5,,,,大考中心高中英文參考詞彙表（111學年度起適用）,LEVEL 5,官方清單,,,
ceec-108:level-5:trauma,trauma,'trɒ:mә,n.,"n. 外傷, 損傷\n[醫] 創傷, 外傷",,,CEEC-108,5,,,,大考中心高中英文參考詞彙表（111學年度起適用）,LEVEL 5,官方清單,,,
ceec-108:level-5:treaty,treaty,'tri:ti,n.,"n. 條約, 談判\n[經] 協議, 協定, 協商",,,CEEC-108,5,,,,大考中心高中英文參考詞彙表（111學年度起適用）,LEVEL 5,官方清單,,,
ceec-108:level-5:tribute,tribute,'tribju:t,n.,"n. 貢物, 禮物, 頌辭",,,CEEC-108,5,,,,大考中心高中英文參考詞彙表（111學年度起適用）,LEVEL 5,官方清單,,,
ceec-108:level-5:trigger,trigger,'trigә,n.|v.,"n. 觸發器, 扳機\nvt. 觸發, 發射, 引起\nvi. 鬆開扳柄\n[計] 切換開關",,,CEEC-108,5,,,,大考中心高中英文參考詞彙表（111學年度起適用）,LEVEL 5,官方清單,,,
ceec-108:level-5:trim,trim,trim,adj.|n.|v.,"n. 整齊, 情形, 修剪\na. 整齊的\nvt. 使整齊, 整理, 修剪\nvi. 調整, 見風使舵\n[計] 庫存管理檢查規則程式",,,CEEC-108,5,,,,大考中心高中英文參考詞彙表（111學年度起適用）,LEVEL 5,官方清單,,,
ceec-108:level-5:triple,triple,'tripl,adj.|n.|v.,"n. 三倍數, 三個一組\na. 三倍的\nvt. 使增至三倍\nvi. 增至三倍",,,CEEC-108,5,,,,大考中心高中英文參考詞彙表（111學年度起適用）,LEVEL 5,官方清單,,,
ceec-108:level-5:trivial,trivial,'tiviәl,adj.,"a. 瑣碎的, 不重要的, 輕微的, 平常的",,,CEEC-108,5,,,,大考中心高中英文參考詞彙表（111學年度起適用）,LEVEL 5,官方清單,,,
ceec-108:level-5:trophy,trophy,'trәufi,n.,"n. 戰利品, 獎品\nvt. 用戰利品裝飾",,,CEEC-108,5,,,,大考中心高中英文參考詞彙表（111學年度起適用）,LEVEL 5,官方清單,,,
ceec-108:level-5:tuition,tuition,tju:'iʃәn,n.,"n. 學費, 講授",,,CEEC-108,5,,,,大考中心高中英文參考詞彙表（111學年度起適用）,LEVEL 5,官方清單,,,
ceec-108:level-5:tumor,tumor,'tju:mә,n.,"n. 腫大, 腫塊, 瘤, 贅生物, 腫瘤\n[醫] 瘤; 腫脹, 腫塊",,,CEEC-108,5,,,,大考中心高中英文參考詞彙表（111學年度起適用）,LEVEL 5,官方清單,,,
ceec-108:level-5:tuna,tuna,'tju:nә,n.,"n. 金槍魚, 金槍魚肉",,,CEEC-108,5,,,,大考中心高中英文參考詞彙表（111學年度起適用）,LEVEL 5,官方清單,,,
ceec-108:level-5:ultimate,ultimate,'ʌltimit,adj.|n.,"n. 終極, 根本, 頂點, 基本原則\na. 終極的, 根本的, 極限的, 最遠的, 最後的, 最大的",,,CEEC-108,5,,,,大考中心高中英文參考詞彙表（111學年度起適用）,LEVEL 5,官方清單,,,
ceec-108:level-5:uncover,uncover,.ʌn'kʌvә,v.,"vt. 揭露, 揭開, 暴露, 脫帽致敬\nvi. 脫帽致敬, 揭去蓋子",,,CEEC-108,5,,,,大考中心高中英文參考詞彙表（111學年度起適用）,LEVEL 5,官方清單,,,
ceec-108:level-5:undergo,undergo,.ʌndә'gәu,v.,"vt. 遭受, 經歷, 忍受\n[法] 經受, 經歷, 忍受",,,CEEC-108,5,,,,大考中心高中英文參考詞彙表（111學年度起適用）,LEVEL 5,官方清單,,,
ceec-108:level-5:undergraduate,undergraduate,.ʌndә'grædjuit,n.,"n. 大學本科生, 大學肄業生\na. 大學生的",,,CEEC-108,5,,,,大考中心高中英文參考詞彙表（111學年度起適用）,LEVEL 5,官方清單,,,
ceec-108:level-5:underline,underline,'ʌndәlain,n.|v.,"vt. 在...下面劃線, 作...的襯裡, 強調\nn. 下劃線, 圖下說明文字\n[計] 加下劃線; 下劃線",,,CEEC-108,5,,,,大考中心高中英文參考詞彙表（111學年度起適用）,LEVEL 5,官方清單,,,
ceec-108:level-5:undermine,undermine,.ʌndә'main,v.,"vt. 在...下面挖, 漸漸破壞, 暗地裡破壞\n[法] 暗中破壞, 以陰謀中傷傷害",,,CEEC-108,5,,,,大考中心高中英文參考詞彙表（111學年度起適用）,LEVEL 5,官方清單,,,
ceec-108:level-5:undertake,undertake,.ʌndә'teik,v.,"vt. 試圖, 從事, 保證, 承擔, 同意, 接受\n[化] 承包; 承擔",,,CEEC-108,5,,,,大考中心高中英文參考詞彙表（111學年度起適用）,LEVEL 5,官方清單,,,
ceec-108:level-5:undo,undo,.ʌn'du:,v.,"vt. 解開, 取消, 破壞, 毀滅, 擾亂\nvi. 鬆開\n[計] 撤消",,,CEEC-108,5,,,,大考中心高中英文參考詞彙表（111學年度起適用）,LEVEL 5,官方清單,,,
ceec-108:level-5:undoubtedly,undoubtedly,ʌn'dajtidli,adv.,"adv. 無疑, 必定, 確實地",,,CEEC-108,5,,,,大考中心高中英文參考詞彙表（111學年度起適用）,LEVEL 5,官方清單,,,
ceec-108:level-5:unemployment,unemployment,.ʌnim'plɒimәnt,n.,"n. 失業, 失業人數\n[經] 失業",,,CEEC-108,5,,,,大考中心高中英文參考詞彙表（111學年度起適用）,LEVEL 5,官方清單,,,
ceec-108:level-5:unfold,unfold,.ʌn'fәuld,v.,"vt. 展開, 開啟, 披露, 開展, 挑明\nvi. 伸展, 開花, 呈現",,,CEEC-108,5,,,,大考中心高中英文參考詞彙表（111學年度起適用）,LEVEL 5,官方清單,,,
ceec-108:level-5:unlock,unlock,.ʌn'lɒk,v.,"vt. 開...的鎖, 開啟, 表露, 放出\nvi. 被開啟, 揭開, 解放\n[計] 解出鎖定",,,CEEC-108,5,,,,大考中心高中英文參考詞彙表（111學年度起適用）,LEVEL 5,官方清單,,,
ceec-108:level-5:unprecedented,unprecedented,.ʌn'presidentid,adj.,"a. 空前的\n[經] 空前的, 無前例的",,,CEEC-108,5,,,,大考中心高中英文參考詞彙表（111學年度起適用）,LEVEL 5,官方清單,,,
ceec-108:level-5:update,update,ʌp'deit,n.|v.,"vt. 更新, 使現代化\nn. 更新\n[計] 更新",,,CEEC-108,5,,,,大考中心高中英文參考詞彙表（111學年度起適用）,LEVEL 5,官方清單,,,
ceec-108:level-5:upgrade,upgrade,'ʌpgreid,n.|v.,"n. 上坡, 升級, 上升\nadv. 往上\nvt. 使升級, 提升, 改良品種\nvi. 升級\n[計] 升級",,,CEEC-108,5,,,,大考中心高中英文參考詞彙表（111學年度起適用）,LEVEL 5,官方清單,,,
ceec-108:level-5:utility,utility,ju:'tiliti,n.,"n. 功用, 有用之物, 實用, 公用事業, 實用程式\na. 實用的, 有多種用途的\n[計] 實用程式, 工具",,,CEEC-108,5,,,,大考中心高中英文參考詞彙表（111學年度起適用）,LEVEL 5,官方清單,,,
ceec-108:level-5:utilize,utilize,'ju:tilaiz,v.,vt. 利用,,,CEEC-108,5,,,,大考中心高中英文參考詞彙表（111學年度起適用）,LEVEL 5,官方清單,,,
ceec-108:level-5:vacuum,vacuum,''vækjuәm,n.|v.,"n. 真空, 空間, 真空吸塵器\na. 真空的, 產生真空的, 利用真空的\nvt. 用吸塵器打掃",,,CEEC-108,5,,,,大考中心高中英文參考詞彙表（111學年度起適用）,LEVEL 5,官方清單,,,
ceec-108:level-5:vague,vague,veig,adj.,"a. 含糊的, 不清楚的, 茫然的",,,CEEC-108,5,,,,大考中心高中英文參考詞彙表（111學年度起適用）,LEVEL 5,官方清單,,,
ceec-108:level-5:valid,valid,'vælid,adj.,"a. 有確實根據的, 有法律效力的, 正當的, 正確的\n[經] 有效的",,,CEEC-108,5,,,,大考中心高中英文參考詞彙表（111學年度起適用）,LEVEL 5,官方清單,,,
ceec-108:level-5:variable,variable,'vєәriәbl,adj.|n.,"n. 易變的事物, 變數, 可變物, 變數\na. 可變的, 不定的, 易變的, 變數的\n[計] 變數",,,CEEC-108,5,,,,大考中心高中英文參考詞彙表（111學年度起適用）,LEVEL 5,官方清單,,,
ceec-108:level-5:variation,variation,.vєәri'eiʃәn,n.,"n. 變更, 變化, 變種, 變奏\n[醫] 變異, 變易; 變度",,,CEEC-108,5,,,,大考中心高中英文參考詞彙表（111學年度起適用）,LEVEL 5,官方清單,,,
ceec-108:level-5:vein,vein,vein,n.,"n. 血管, 靜脈, 紋理, 氣質, 情緒\nvt. 使有脈絡, 像脈絡般分佈於",,,CEEC-108,5,,,,大考中心高中英文參考詞彙表（111學年度起適用）,LEVEL 5,官方清單,,,
ceec-108:level-5:vendor,vendor,'vendә,n.,"n. 小販, 賣主, 自動售貨機\n[計] 計算機銷售商",,,CEEC-108,5,,,,大考中心高中英文參考詞彙表（111學年度起適用）,LEVEL 5,官方清單,,,
ceec-108:level-5:venture,venture,'ventʃә,n.|v.,"n. 冒險, 風險\nvt. 敢於, 冒...的危險\nvi. 冒險",,,CEEC-108,5,,,,大考中心高中英文參考詞彙表（111學年度起適用）,LEVEL 5,官方清單,,,
ceec-108:level-5:venue,venue,'venju:,n.,"n. 犯罪地點, 審判地, 發生地點",,,CEEC-108,5,,,,大考中心高中英文參考詞彙表（111學年度起適用）,LEVEL 5,官方清單,,,
ceec-108:level-5:verbal,verbal,'vә:bl,adj.|n.,"a. 用言辭的, 言語的, 口頭的, 逐字的, 動詞的\n[醫] 言語的, 口述的",,,CEEC-108,5,,,,大考中心高中英文參考詞彙表（111學年度起適用）,LEVEL 5,官方清單,,,
ceec-108:level-5:verdict,verdict,'vә:dikt,n.,"n. 裁決, 判決, 判斷性意見, 定論, 結論\n[法] 定論, 判斷, 意見",,,CEEC-108,5,,,,大考中心高中英文參考詞彙表（111學年度起適用）,LEVEL 5,官方清單,,,
ceec-108:level-5:version,version,'vә:ʒәn,n.,"n. 一種描述, 版本, 譯文\n[計] 版本",,,CEEC-108,5,,,,大考中心高中英文參考詞彙表（111學年度起適用）,LEVEL 5,官方清單,,,
ceec-108:level-5:versus,versus,'vә:sәs,prep.,"prep. 對...\n[法] 訴, 對, 相形",,,CEEC-108,5,,,,大考中心高中英文參考詞彙表（111學年度起適用）,LEVEL 5,官方清單,,,
ceec-108:level-5:vertical,vertical,'vә:tikl,adj.|n.,"a. 垂直的, 直立的\n[醫] 垂直的, 頂的, 頭頂的",,,CEEC-108,5,,,,大考中心高中英文參考詞彙表（111學年度起適用）,LEVEL 5,官方清單,,,
ceec-108:level-5:veteran,veteran,'vetәrәn,n.,"n. 老手, 退伍軍人, 老兵, 老樹\na. 老兵的, 老練的, 經驗豐富的",,,CEEC-108,5,,,,大考中心高中英文參考詞彙表（111學年度起適用）,LEVEL 5,官方清單,,,
ceec-108:level-5:via,via,vaiә,prep.,"prep. 經由, 經過, 透過\n[醫] 病毒滅活劑",,,CEEC-108,5,,,,大考中心高中英文參考詞彙表（111學年度起適用）,LEVEL 5,官方清單,,,
ceec-108:level-5:viable,viable,'vaiәbl,adj.,"a. 能養活的, 能生長發育的\n[醫] 有活力的, 有生機的",,,CEEC-108,5,,,,大考中心高中英文參考詞彙表（111學年度起適用）,LEVEL 5,官方清單,,,
ceec-108:level-5:vicious,vicious,'viʃәs,adj.,"a. 邪惡的, 墮落的, 品性不端的, 惡毒的, 惡性的, 有錯誤的\n[醫] 缺點的, 惡的",,,CEEC-108,5,,,,大考中心高中英文參考詞彙表（111學年度起適用）,LEVEL 5,官方清單,,,
ceec-108:level-5:viewer,viewer,'vju:ә,n.,"n. 觀察者, 看電視者, 視察員, 觀察器\n[化] 指示器",,,CEEC-108,5,,,,大考中心高中英文參考詞彙表（111學年度起適用）,LEVEL 5,官方清單,,,
ceec-108:level-5:viewpoint,viewpoint,'vju:pɒint,n.,n. 觀點,,,CEEC-108,5,,,,大考中心高中英文參考詞彙表（111學年度起適用）,LEVEL 5,官方清單,,,
ceec-108:level-5:vinegar,vinegar,'vinigә,n.,"n. 醋, 尖酸刻薄\nvt. 加醋於",,,CEEC-108,5,,,,大考中心高中英文參考詞彙表（111學年度起適用）,LEVEL 5,官方清單,,,
ceec-108:level-5:virtual,virtual,'vә:tʃuәl,adj.,"a. 實際上起作用的, 虛的, 實質的, 有效的, 事實上生效的\n[計] 虛擬",,,CEEC-108,5,,,,大考中心高中英文參考詞彙表（111學年度起適用）,LEVEL 5,官方清單,,,
ceec-108:level-5:visa,visa,'vi:zә,n.,n. 簽證\nvt. 簽發,,,CEEC-108,5,,,,大考中心高中英文參考詞彙表（111學年度起適用）,LEVEL 5,官方清單,,,
ceec-108:level-5:vocal,vocal,'vәukl,adj.|n.,"a. 嗓音的, 聲音的, 有聲的, 歌唱的\nn. 母音, 聲樂作品",,,CEEC-108,5,,,,大考中心高中英文參考詞彙表（111學年度起適用）,LEVEL 5,官方清單,,,
ceec-108:level-5:volcano,volcano,vɒl'keinәu,n.,n. 火山,,,CEEC-108,5,,,,大考中心高中英文參考詞彙表（111學年度起適用）,LEVEL 5,官方清單,,,
ceec-108:level-5:vomit,vomit,'vɒmit,n.|v.,"vt. 吐出, 嘔吐\nvi. 嘔吐\nn. 嘔吐, 嘔吐物, 催吐劑",,,CEEC-108,5,,,,大考中心高中英文參考詞彙表（111學年度起適用）,LEVEL 5,官方清單,,,
ceec-108:level-5:voucher,voucher,'vautʃә,n.,"n. 證人, 保證人, 證明者, 憑證, 憑單\nvt. 證實...的可靠性",,,CEEC-108,5,,,,大考中心高中英文參考詞彙表（111學年度起適用）,LEVEL 5,官方清單,,,
ceec-108:level-5:vow,vow,vau,n.|v.,"n. 誓約, 誓言, 許願\nvi. 起誓, 發誓, 鄭重宣言\nvt. 立誓, 起誓要, 鄭重地宣佈",,,CEEC-108,5,,,,大考中心高中英文參考詞彙表（111學年度起適用）,LEVEL 5,官方清單,,,
ceec-108:level-5:vulnerable,vulnerable,'vʌlnәrәbl,adj.,"a. 易受傷害的, 有弱點的, 易受影響的, 脆弱的, 成局的\n[醫] 易損的",,,CEEC-108,5,,,,大考中心高中英文參考詞彙表（111學年度起適用）,LEVEL 5,官方清單,,,
ceec-108:level-5:warehouse,warehouse,'wєәhaus,n.|v.,"n. 倉庫, 貨棧, 大商店\nvt. 儲入倉庫",,,CEEC-108,5,,,,大考中心高中英文參考詞彙表（111學年度起適用）,LEVEL 5,官方清單,,,
ceec-108:level-5:warrior,warrior,'wɒ:riә,n.,"n. 戰士, 勇士, 武士, 鼓吹戰爭的人, 戰鬥, 尚武",,,CEEC-108,5,,,,大考中心高中英文參考詞彙表（111學年度起適用）,LEVEL 5,官方清單,,,
ceec-108:level-5:wary,wary,'wєәri,adj.,"a. 謹慎的, 小心的, 機警的, 周到的, 唯恐的",,,CEEC-108,5,,,,大考中心高中英文參考詞彙表（111學年度起適用）,LEVEL 5,官方清單,,,
ceec-108:level-5:weird,weird,wiәd,adj.,"a. 怪異的, 超自然的, 不可思議的\nn. 命運, 預言, 符咒",,,CEEC-108,5,,,,大考中心高中英文參考詞彙表（111學年度起適用）,LEVEL 5,官方清單,,,
ceec-108:level-5:whatsoever,whatsoever,.hwɒtsәu'evә,adj.|pron.,pron. 無論什麼,,,CEEC-108,5,,,,大考中心高中英文參考詞彙表（111學年度起適用）,LEVEL 5,官方清單,,,
ceec-108:level-5:wheelchair,wheelchair,'hwi:l.tʃєә,n.,n. 輪椅,,,CEEC-108,5,,,,大考中心高中英文參考詞彙表（111學年度起適用）,LEVEL 5,官方清單,,,
ceec-108:level-5:whereabouts,whereabouts,'hwєәrә.bauts,adv.|n.,"n. 下落, 所在之處\nadv. 在何處",,,CEEC-108,5,,,,大考中心高中英文參考詞彙表（111學年度起適用）,LEVEL 5,官方清單,,,
ceec-108:level-5:whereas,whereas,hwєәr'æz,conj.,"conj. 然而, 鑑於\n[法] 考慮到, 鑑於, 就...而論",,,CEEC-108,5,,,,大考中心高中英文參考詞彙表（111學年度起適用）,LEVEL 5,官方清單,,,
ceec-108:level-5:whine,whine,hwain,n.|v.,"n. 哀叫聲, 嘎嘎聲, 哀鳴\nvi. 哭訴, 嘎嘎響, 發嗚嗚聲\nvt. 哀訴",,,CEEC-108,5,,,,大考中心高中英文參考詞彙表（111學年度起適用）,LEVEL 5,官方清單,,,
ceec-108:level-5:widespread,widespread,'waidspred,adj.,"a. 充分伸展的, 廣佈的, 普及的, 流傳廣的",,,CEEC-108,5,,,,大考中心高中英文參考詞彙表（111學年度起適用）,LEVEL 5,官方清單,,,
ceec-108:level-5:wig,wig,wig,n.,"n. 假髮, 斥責\nvt. 給...戴假髮, 激怒, 使發狂\nvi. 激動, 發狂",,,CEEC-108,5,,,,大考中心高中英文參考詞彙表（111學年度起適用）,LEVEL 5,官方清單,,,
ceec-108:level-5:wilderness,wilderness,'wildәnis,n.,"n. 荒野, 荒地, 大量",,,CEEC-108,5,,,,大考中心高中英文參考詞彙表（111學年度起適用）,LEVEL 5,官方清單,,,
ceec-108:level-5:wildlife,wildlife,'waildlaif,n.,n. 野生動植物,,,CEEC-108,5,,,,大考中心高中英文參考詞彙表（111學年度起適用）,LEVEL 5,官方清單,,,
ceec-108:level-5:windshield,windshield,'windʃi:ld,n.,n. 擋風玻璃\n[電] 風遮蔽,,,CEEC-108,5,,,,大考中心高中英文參考詞彙表（111學年度起適用）,LEVEL 5,官方清單,,,
ceec-108:level-5:wither,wither,'wiðә,v.,"vt. 使凋謝, 使消亡, 使畏縮\nvi. 枯萎, 衰退",,,CEEC-108,5,,,,大考中心高中英文參考詞彙表（111學年度起適用）,LEVEL 5,官方清單,,,
ceec-108:level-5:witty,witty,'witi,adj.,"a. 富於機智的, 詼諧的",,,CEEC-108,5,,,,大考中心高中英文參考詞彙表（111學年度起適用）,LEVEL 5,官方清單,,,
ceec-108:level-5:workshop,workshop,'wә:kʃɒp,n.,"n. 工場, 車間, 研討會\n[計] 討論會; 專題研究組",,,CEEC-108,5,,,,大考中心高中英文參考詞彙表（111學年度起適用）,LEVEL 5,官方清單,,,
ceec-108:level-5:worship,worship,'wә:ʃip,n.|v.,"n. 崇拜, 禮拜, 尊敬\nvi. 參加禮拜\nvt. 崇拜, 尊敬",,,CEEC-108,5,,,,大考中心高中英文參考詞彙表（111學年度起適用）,LEVEL 5,官方清單,,,
ceec-108:level-5:worthwhile,worthwhile,'wә:θ'hwail,adj.,"a. 值得花時間的, 值得做的, 有真實價值的",,,CEEC-108,5,,,,大考中心高中英文參考詞彙表（111學年度起適用）,LEVEL 5,官方清單,,,
ceec-108:level-5:worthy,worthy,'wә:ði,adj.,"n. 傑出人物\na. 有價值的, 可敬的, 值得的",,,CEEC-108,5,,,,大考中心高中英文參考詞彙表（111學年度起適用）,LEVEL 5,官方清單,,,
ceec-108:level-5:yacht,yacht,jɒt,n.|v.,"n. 快艇, 遊艇\nvi. 駕遊艇, 乘遊艇",,,CEEC-108,5,,,,大考中心高中英文參考詞彙表（111學年度起適用）,LEVEL 5,官方清單,,,
ceec-108:level-5:yield,yield,ji:ld,n.|v.,"n. 生產量, 投資收益\nvt. 出產, 給予, 讓出, 放棄, 使屈服\nvi. 出產, 屈服, 投降, 倒塌",,,CEEC-108,5,,,,大考中心高中英文參考詞彙表（111學年度起適用）,LEVEL 5,官方清單,,,
ceec-108:level-6:abbreviate,abbreviate,ә'bri:vieit,v.,"vt. 縮寫, 使...簡略, 縮短\nvi. 使用縮寫詞",,,CEEC-108,6,,,,大考中心高中英文參考詞彙表（111學年度起適用）,LEVEL 6,官方清單,,,
ceec-108:level-6:abide,abide,ә'baid,v.,"vi. 停留, 遵守, 居留, 繼續下去\nvt. 忍受, 經受, 屈從於",,,CEEC-108,6,,,,大考中心高中英文參考詞彙表（111學年度起適用）,LEVEL 6,官方清單,,,
ceec-108:level-6:aboriginal,aboriginal,.æbә'ridʒәnәl,adj.|n.,"a. 原始的, 土著的\nn. 土著居民, 土生生物",,,CEEC-108,6,,,,大考中心高中英文參考詞彙表（111學年度起適用）,LEVEL 6,官方清單,,,
ceec-108:level-6:abound,abound,ә'baund,v.,"vi. 大量存在, 富於, 充滿",,,CEEC-108,6,,,,大考中心高中英文參考詞彙表（111學年度起適用）,LEVEL 6,官方清單,,,
ceec-108:level-6:abstraction,abstraction,æb'strækʃәn,n.,"n. 抽象化, 心不在焉, 空想, 提煉, 抽象派作品\n[化] 提取; 抽取; 奪取; 奪取反應; 除去",,,CEEC-108,6,,,,大考中心高中英文參考詞彙表（111學年度起適用）,LEVEL 6,官方清單,,,
ceec-108:level-6:abundance,abundance,ә'bʌndәns,n.,"n. 豐富, 充足, 大量\n[經] 豐富, 充裕",,,CEEC-108,6,,,,大考中心高中英文參考詞彙表（111學年度起適用）,LEVEL 6,官方清單,,,
ceec-108:level-6:academy,academy,ә'kædәmi,n.,"n. 學院, 院校, 學會",,,CEEC-108,6,,,,大考中心高中英文參考詞彙表（111學年度起適用）,LEVEL 6,官方清單,,,
ceec-108:level-6:accessory,accessory,әk'sesәri,adj.|n.,"n. 附件, 零件, 附加物, 從犯, 同謀\na. 附屬的, 補充的, 同謀的, 幫兇的, 非主要的, 副的\n[計] 附件",,,CEEC-108,6,,,,大考中心高中英文參考詞彙表（111學年度起適用）,LEVEL 6,官方清單,,,
ceec-108:level-6:acclaim,acclaim,ә'kleim,n.|v.,"n. 喝彩, 歡呼, 贊同\nv. 歡呼, 喝彩, 稱讚",,,CEEC-108,6,,,,大考中心高中英文參考詞彙表（111學年度起適用）,LEVEL 6,官方清單,,,
ceec-108:level-6:accordance,accordance,ә'kɒ:dәns,n.,"n. 一致, 和諧",,,CEEC-108,6,,,,大考中心高中英文參考詞彙表（111學年度起適用）,LEVEL 6,官方清單,,,
ceec-108:level-6:accordingly,accordingly,ә'kɒ:diŋli,adv.,"adv. 相應地, 因此, 於是",,,CEEC-108,6,,,,大考中心高中英文參考詞彙表（111學年度起適用）,LEVEL 6,官方清單,,,
ceec-108:level-6:accountable,accountable,ә'kauntәbl,adj.,"a. 負有責任的, 可說明的, 可解釋的\n[經] 負有責任的",,,CEEC-108,6,,,,大考中心高中英文參考詞彙表（111學年度起適用）,LEVEL 6,官方清單,,,
ceec-108:level-6:accumulate,accumulate,ә'kju:mjuleit,v.,"v. 積聚, 堆積",,,CEEC-108,6,,,,大考中心高中英文參考詞彙表（111學年度起適用）,LEVEL 6,官方清單,,,
ceec-108:level-6:accumulation,accumulation,ә.kju:mju'leiʃәn,n.,"n. 積聚, 累積, 積聚物\n[醫] 蓄積, 累積",,,CEEC-108,6,,,,大考中心高中英文參考詞彙表（111學年度起適用）,LEVEL 6,官方清單,,,
ceec-108:level-6:accusation,accusation,ækju:'zeiʃәn,n.,"n. 控告, 指控, 指責\n[法] 控告, 起訴, 告發",,,CEEC-108,6,,,,大考中心高中英文參考詞彙表（111學年度起適用）,LEVEL 6,官方清單,,,
ceec-108:level-6:accustom,accustom,ә'kʌstәm,v.,vt. 使習慣於,,,CEEC-108,6,,,,大考中心高中英文參考詞彙表（111學年度起適用）,LEVEL 6,官方清單,,,
ceec-108:level-6:acne,acne,'ækni,n.,"n. 痤瘡, 粉刺\n[醫] 痤瘡, 粉刺",,,CEEC-108,6,,,,大考中心高中英文參考詞彙表（111學年度起適用）,LEVEL 6,官方清單,,,
ceec-108:level-6:acre,acre,'eikә,n.,n. 英畝,,,CEEC-108,6,,,,大考中心高中英文參考詞彙表（111學年度起適用）,LEVEL 6,官方清單,,,
ceec-108:level-6:adaptation,adaptation,.ædæp'teiʃәn,n.,"n. 適應, 改編, 改編本\n[醫] 適應[作用]",,,CEEC-108,6,,,,大考中心高中英文參考詞彙表（111學年度起適用）,LEVEL 6,官方清單,,,
ceec-108:level-6:addiction,addiction,ә'dikʃәn,n.,"n. 入迷, 癮\n[醫] 癮, 癖嗜",,,CEEC-108,6,,,,大考中心高中英文參考詞彙表（111學年度起適用）,LEVEL 6,官方清單,,,
ceec-108:level-6:administer,administer,әd'ministә,v.,"vt. 管理, 料理, 執行\nvi. 執行遺產管理人的職責, 給予幫助",,,CEEC-108,6,,,,大考中心高中英文參考詞彙表（111學年度起適用）,LEVEL 6,官方清單,,,
ceec-108:level-6:administrate,administrate,әd'ministreit,v.,"vt. 管理, 支配",,,CEEC-108,6,,,,大考中心高中英文參考詞彙表（111學年度起適用）,LEVEL 6,官方清單,,,
ceec-108:level-6:admiral,admiral,'ædmәrәl,n.,"n. 艦隊司令, 海軍上將, 旗艦",,,CEEC-108,6,,,,大考中心高中英文參考詞彙表（111學年度起適用）,LEVEL 6,官方清單,,,
ceec-108:level-6:adolescence,adolescence,.ædәu'lesәns,n.,"n. 青春期\n[醫] 青年期, 青春期",,,CEEC-108,6,,,,大考中心高中英文參考詞彙表（111學年度起適用）,LEVEL 6,官方清單,,,
ceec-108:level-6:advisory,advisory,әd'vaizәri,adj.,"a. 顧問的, 諮詢的, 勸告的\n[法] 勸告的, 忠告的, 諮詢的",,,CEEC-108,6,,,,大考中心高中英文參考詞彙表（111學年度起適用）,LEVEL 6,官方清單,,,
ceec-108:level-6:aesthetic,aesthetic,i:s'θetik,adj.,"a. 美學的, 審美的, 有美感的",,,CEEC-108,6,,,,大考中心高中英文參考詞彙表（111學年度起適用）,LEVEL 6,官方清單,,,
ceec-108:level-6:affectionate,affectionate,ә'fekʃәnәt,adj.,"a. 深情的, 充滿情愛的",,,CEEC-108,6,,,,大考中心高中英文參考詞彙表（111學年度起適用）,LEVEL 6,官方清單,,,
ceec-108:level-6:affiliate,affiliate,ә'filieit,n.,"vt. 使緊密聯絡, 使附屬, 接納, 收養\nvi. 發生聯絡, 參加",,,CEEC-108,6,,,,大考中心高中英文參考詞彙表（111學年度起適用）,LEVEL 6,官方清單,,,
ceec-108:level-6:affirm,affirm,ә'fә:m,v.,"v. 斷言, 確認",,,CEEC-108,6,,,,大考中心高中英文參考詞彙表（111學年度起適用）,LEVEL 6,官方清單,,,
ceec-108:level-6:airtight,airtight,'єәtait,adj.,"a. 氣密的, 不透氣的, 無懈可擊的\n[機] 氣密, 不透氣",,,CEEC-108,6,,,,大考中心高中英文參考詞彙表（111學年度起適用）,LEVEL 6,官方清單,,,
ceec-108:level-6:airway,airway,'єәwei,n.,"n. 空中航線, 風道\n[醫] 導氣管",,,CEEC-108,6,,,,大考中心高中英文參考詞彙表（111學年度起適用）,LEVEL 6,官方清單,,,
ceec-108:level-6:algebra,algebra,'ældʒibrә,n.,n. 代數學,,,CEEC-108,6,,,,大考中心高中英文參考詞彙表（111學年度起適用）,LEVEL 6,官方清單,,,
ceec-108:level-6:alienate,alienate,'eiljәneit,v.,"vt. 使疏遠, 離間, 轉讓\n[法] 轉讓, 讓與, 疏遠",,,CEEC-108,6,,,,大考中心高中英文參考詞彙表（111學年度起適用）,LEVEL 6,官方清單,,,
ceec-108:level-6:align,align,ә'lain,v.,"vi. 排列, 排成一行, 結盟\nvt. 使結盟, 使成一行, 校正",,,CEEC-108,6,,,,大考中心高中英文參考詞彙表（111學年度起適用）,LEVEL 6,官方清單,,,
ceec-108:level-6:allege,allege,ә'ledʒ,v.,"vt. 宣稱, 主張, 提出, 斷言\n[法] 斷言, 指稱, 指證",,,CEEC-108,6,,,,大考中心高中英文參考詞彙表（111學年度起適用）,LEVEL 6,官方清單,,,
ceec-108:level-6:alligator,alligator,'æligeitә,n.,n. 短吻鱷\n[機] 兩棲裝甲車,,,CEEC-108,6,,,,大考中心高中英文參考詞彙表（111學年度起適用）,LEVEL 6,官方清單,,,
ceec-108:level-6:altitude,altitude,'æltitju:d,n.,"n. 高度, 海拔, 高處\n[電] 高度",,,CEEC-108,6,,,,大考中心高中英文參考詞彙表（111學年度起適用）,LEVEL 6,官方清單,,,
ceec-108:level-6:aluminum,aluminum,ә'lu:minәm,n.,n. 鋁\n[化] 鋁Al,,,CEEC-108,6,,,,大考中心高中英文參考詞彙表（111學年度起適用）,LEVEL 6,官方清單,,,
ceec-108:level-6:ambiguity,ambiguity,.æmbi'gju:iti,n.,"n. 不明確, 含糊\n[計] 二義性; 多義性",,,CEEC-108,6,,,,大考中心高中英文參考詞彙表（111學年度起適用）,LEVEL 6,官方清單,,,
ceec-108:level-6:amid,amid,ә'mid,prep.,"prep. 在其間, 在其中\n[經] 在...中",,,CEEC-108,6,,,,大考中心高中英文參考詞彙表（111學年度起適用）,LEVEL 6,官方清單,,,
ceec-108:level-6:amidst,amidst,ә'midst,prep.,prep. 在...當中,,,CEEC-108,6,,,,大考中心高中英文參考詞彙表（111學年度起適用）,LEVEL 6,官方清單,,,
ceec-108:level-6:amplify,amplify,'æmplifai,v.,"vt. 增強, 放大, 擴大, 詳述\nvi. 引伸",,,CEEC-108,6,,,,大考中心高中英文參考詞彙表（111學年度起適用）,LEVEL 6,官方清單,,,
ceec-108:level-6:analogy,analogy,ә'nælәdʒi,n.,"n. 相似, 類似\n[計] 模擬",,,CEEC-108,6,,,,大考中心高中英文參考詞彙表（111學年度起適用）,LEVEL 6,官方清單,,,
ceec-108:level-6:analytical,analytical,.ænә'litikl,adj.,"a. 分析的, 善於分析的, 解析的\n[機] 分析的",,,CEEC-108,6,,,,大考中心高中英文參考詞彙表（111學年度起適用）,LEVEL 6,官方清單,,,
ceec-108:level-6:anchor,anchor,'æŋkә,n.|v.,"n. 錨\nvt. 拋錨停泊, 使固定\n[計] 錨",,,CEEC-108,6,,,,大考中心高中英文參考詞彙表（111學年度起適用）,LEVEL 6,官方清單,,,
ceec-108:level-6:animate,animate,'ænimeit,adj.|v.,"vt. 使有生氣, 賦予生命\na. 有生命的, 有生氣的",,,CEEC-108,6,,,,大考中心高中英文參考詞彙表（111學年度起適用）,LEVEL 6,官方清單,,,
ceec-108:level-6:annoyance,annoyance,ә'nɒiәns,n.,"n. 煩惱, 打擾, 可厭之事\n[法] 使人煩惱的事物, 麻煩事, 討厭物",,,CEEC-108,6,,,,大考中心高中英文參考詞彙表（111學年度起適用）,LEVEL 6,官方清單,,,
ceec-108:level-6:anthem,anthem,'ænθәm,n.,"n. 聖歌, 讚美詩",,,CEEC-108,6,,,,大考中心高中英文參考詞彙表（111學年度起適用）,LEVEL 6,官方清單,,,
ceec-108:level-6:antibiotic,antibiotic,.æntibai'ɒtik,adj.|n.,n. 抗生素\na. 抗生的,,,CEEC-108,6,,,,大考中心高中英文參考詞彙表（111學年度起適用）,LEVEL 6,官方清單,,,
ceec-108:level-6:anticipation,anticipation,æn.tisi'peiʃәn,n.,"n. 預期, 預料\n[醫] 提前出現(如遺傳病)",,,CEEC-108,6,,,,大考中心高中英文參考詞彙表（111學年度起適用）,LEVEL 6,官方清單,,,
ceec-108:level-6:antonym,antonym,'æntәunim,n.,n. 反義詞,,,CEEC-108,6,,,,大考中心高中英文參考詞彙表（111學年度起適用）,LEVEL 6,官方清單,,,
ceec-108:level-6:applaud,applaud,ә'plɒ:d,v.,"v. 拍手喝彩, 稱讚, 贊同",,,CEEC-108,6,,,,大考中心高中英文參考詞彙表（111學年度起適用）,LEVEL 6,官方清單,,,
ceec-108:level-6:applicable,applicable,'æplikәbl,adj.,"a. 合適的, 可應用的\n[法] 適用的, 適應的",,,CEEC-108,6,,,,大考中心高中英文參考詞彙表（111學年度起適用）,LEVEL 6,官方清單,,,
ceec-108:level-6:apprentice,apprentice,ә'prentis,n.,"n. 學徒, 生手\nvt. 使做學徒",,,CEEC-108,6,,,,大考中心高中英文參考詞彙表（111學年度起適用）,LEVEL 6,官方清單,,,
ceec-108:level-6:approximate,approximate,ә'prɒksimәt,adj.|v.,"a. 大約的, 接近的, 近似的\nvt. 接近, 使接近, 粗略估計\nvi. 接近於",,,CEEC-108,6,,,,大考中心高中英文參考詞彙表（111學年度起適用）,LEVEL 6,官方清單,,,
ceec-108:level-6:archaeology,archaeology,.ɑ:ki'ɒlәdʒi,n.,n. 考古學,,,CEEC-108,6,,,,大考中心高中英文參考詞彙表（111學年度起適用）,LEVEL 6,官方清單,,,
ceec-108:level-6:archive,archive,'ɑ:kaiv,n.,"vt. 把...存檔\nn. 檔案館, 檔案檔案\n[計] 擋案庫, 存檔",,,CEEC-108,6,,,,大考中心高中英文參考詞彙表（111學年度起適用）,LEVEL 6,官方清單,,,
ceec-108:level-6:arithmetic,arithmetic,ә'riθmәtik,adj.|n.,"n. 算術, 算術知識\n[機] 算術; 算術的",,,CEEC-108,6,,,,大考中心高中英文參考詞彙表（111學年度起適用）,LEVEL 6,官方清單,,,
ceec-108:level-6:ascend,ascend,ә'send,v.,"vi. 上升, 追溯, 登高\nvt. 攀登",,,CEEC-108,6,,,,大考中心高中英文參考詞彙表（111學年度起適用）,LEVEL 6,官方清單,,,
ceec-108:level-6:aspire,aspire,ә'spaiә,v.,"vi. 渴望, 立志於",,,CEEC-108,6,,,,大考中心高中英文參考詞彙表（111學年度起適用）,LEVEL 6,官方清單,,,
ceec-108:level-6:assassinate,assassinate,ә'sæsineit,v.,"vt. 暗殺, 行刺\n[法] 暗殺, 行刺, 中傷",,,CEEC-108,6,,,,大考中心高中英文參考詞彙表（111學年度起適用）,LEVEL 6,官方清單,,,
ceec-108:level-6:asthma,asthma,'æsmә,n.,n. 哮喘\n[醫] 氣喘,,,CEEC-108,6,,,,大考中心高中英文參考詞彙表（111學年度起適用）,LEVEL 6,官方清單,,,
ceec-108:level-6:astray,astray,ә'strei,adj.|adv.,"adv. 迷途地, 入歧途地\n[法] 誤入歧途地, 離開正道地",,,CEEC-108,6,,,,大考中心高中英文參考詞彙表（111學年度起適用）,LEVEL 6,官方清單,,,
ceec-108:level-6:astronaut,astronaut,'æstrәnɒ:t,n.,"n. 太空旅行者, 宇航員\n[法] 美國太空人",,,CEEC-108,6,,,,大考中心高中英文參考詞彙表（111學年度起適用）,LEVEL 6,官方清單,,,
ceec-108:level-6:astronomer,astronomer,ә'strɒnәmә,n.,n. 天文學家,,,CEEC-108,6,,,,大考中心高中英文參考詞彙表（111學年度起適用）,LEVEL 6,官方清單,,,
ceec-108:level-6:astronomy,astronomy,ә'strɒnәmi,n.,n. 天文學,,,CEEC-108,6,,,,大考中心高中英文參考詞彙表（111學年度起適用）,LEVEL 6,官方清單,,,
ceec-108:level-6:attain,attain,ә'tein,v.,"vt. 達到, 獲得\nvi. 達到",,,CEEC-108,6,,,,大考中心高中英文參考詞彙表（111學年度起適用）,LEVEL 6,官方清單,,,
ceec-108:level-6:attainment,attainment,ә'teinmәnt,n.,n. 達到,,,CEEC-108,6,,,,大考中心高中英文參考詞彙表（111學年度起適用）,LEVEL 6,官方清單,,,
ceec-108:level-6:attendant,attendant,ә'tendәnt,n.,"n. 隨從, 侍者, 出席者\na. 侍候的, 伴隨的, 出席的, 在場的",,,CEEC-108,6,,,,大考中心高中英文參考詞彙表（111學年度起適用）,LEVEL 6,官方清單,,,
ceec-108:level-6:audit,audit,'ɒ:dit,n.,"n. 審計, 查帳\nvt. 查(帳), 旁聽\nvi. 查賬\n[計] 查帳; 審查; 檢查",,,CEEC-108,6,,,,大考中心高中英文參考詞彙表（111學年度起適用）,LEVEL 6,官方清單,,,
ceec-108:level-6:auditorium,auditorium,.ɒ:di'tɒ:riәm,n.,"n. 聽眾席, 禮堂\n[醫] 大講堂, 大會堂",,,CEEC-108,6,,,,大考中心高中英文參考詞彙表（111學年度起適用）,LEVEL 6,官方清單,,,
ceec-108:level-6:avert,avert,ә'vә:t,v.,"vt. 轉開, 避免, 防止",,,CEEC-108,6,,,,大考中心高中英文參考詞彙表（111學年度起適用）,LEVEL 6,官方清單,,,
ceec-108:level-6:aviation,aviation,.eivi'eiʃәn,n.,"n. 航空, 航空學, 飛行術\n[法] 航空, 飛行, 飛行術",,,CEEC-108,6,,,,大考中心高中英文參考詞彙表（111學年度起適用）,LEVEL 6,官方清單,,,
ceec-108:level-6:awesome,awesome,'ɒ:sәm,adj.,"a. 引起敬畏的, 可怕的",,,CEEC-108,6,,,,大考中心高中英文參考詞彙表（111學年度起適用）,LEVEL 6,官方清單,,,
ceec-108:level-6:awhile,awhile,ә'hwail,adv.,"adv. 片刻, 一會兒",,,CEEC-108,6,,,,大考中心高中英文參考詞彙表（111學年度起適用）,LEVEL 6,官方清單,,,
ceec-108:level-6:bachelor,bachelor,'bætʃәlә,n.,"n. 單身漢, 學士\n[法] 學士, 單身漢",,,CEEC-108,6,,,,大考中心高中英文參考詞彙表（111學年度起適用）,LEVEL 6,官方清單,,,
ceec-108:level-6:backbone,backbone,'bækbәun,n.,"n. 脊椎, 志氣, 骨幹, 支柱\n[計] 主幹網, 主幹網點",,,CEEC-108,6,,,,大考中心高中英文參考詞彙表（111學年度起適用）,LEVEL 6,官方清單,,,
ceec-108:level-6:badge,badge,bædʒ,n.,"n. 徽章, 標記\n[計] 標記",,,CEEC-108,6,,,,大考中心高中英文參考詞彙表（111學年度起適用）,LEVEL 6,官方清單,,,
ceec-108:level-6:banquet,banquet,'bæŋkwit,n.|v.,n. 宴會,,,CEEC-108,6,,,,大考中心高中英文參考詞彙表（111學年度起適用）,LEVEL 6,官方清單,,,
ceec-108:level-6:barbarian,barbarian,bɑ:'bєәriәn,adj.|n.,n. 野蠻人\na. 野蠻的,,,CEEC-108,6,,,,大考中心高中英文參考詞彙表（111學年度起適用）,LEVEL 6,官方清單,,,
ceec-108:level-6:bass,bass,bæs,adj.|n.,"n. 低沉的聲音, 男低音, 椴樹\na. 低音的",,,CEEC-108,6,,,,大考中心高中英文參考詞彙表（111學年度起適用）,LEVEL 6,官方清單,,,
ceec-108:level-6:batter,batter,'bætә,n.|v.,v. 連續猛打（尤其指婦女），猛擊\nn. 麵糊（食物），擊球員，打擊手,,,CEEC-108,6,,,,大考中心高中英文參考詞彙表（111學年度起適用）,LEVEL 6,官方清單,,,
ceec-108:level-6:beautify,beautify,'bju:tifai,v.,"vt. 美化, 變美, 修飾",,,CEEC-108,6,,,,大考中心高中英文參考詞彙表（111學年度起適用）,LEVEL 6,官方清單,,,
ceec-108:level-6:beep,beep,bi:p,n.|v.,"n. 短而尖的聲音, 嘟\nv. 嘟嘟響",,,CEEC-108,6,,,,大考中心高中英文參考詞彙表（111學年度起適用）,LEVEL 6,官方清單,,,
ceec-108:level-6:beforehand,beforehand,bi'fɒ:hænd,adv.,adv. 預先,,,CEEC-108,6,,,,大考中心高中英文參考詞彙表（111學年度起適用）,LEVEL 6,官方清單,,,
ceec-108:level-6:beverage,beverage,'bevәridʒ,n.,n. 飲料\n[化] 飲料(如牛奶、茶、咖啡、啤酒等),,,CEEC-108,6,,,,大考中心高中英文參考詞彙表（111學年度起適用）,LEVEL 6,官方清單,,,
ceec-108:level-6:bilateral,bilateral,bai'lætәrәl,adj.,"a. 有兩邊的, 雙邊的, 雙方的\n[醫] 兩側的",,,CEEC-108,6,,,,大考中心高中英文參考詞彙表（111學年度起適用）,LEVEL 6,官方清單,,,
ceec-108:level-6:blaze,blaze,bleiz,n.|v.,"n. 火焰, 烈火, 光輝\nvi. 燃燒, 發光\nvt. 使燃燒, 宣佈, 在樹皮上刻痕",,,CEEC-108,6,,,,大考中心高中英文參考詞彙表（111學年度起適用）,LEVEL 6,官方清單,,,
ceec-108:level-6:bleach,bleach,bli:tʃ,n.|v.,"vt. 漂白\nvi. 變白\nn. 漂白, 漂白劑",,,CEEC-108,6,,,,大考中心高中英文參考詞彙表（111學年度起適用）,LEVEL 6,官方清單,,,
ceec-108:level-6:blond,blond,blɒnd,adj.|n.,a. 金髮的\nn. 白膚碧眼金髮的人,,,CEEC-108,6,,,,大考中心高中英文參考詞彙表（111學年度起適用）,LEVEL 6,官方清單,,,
ceec-108:level-6:blonde,blonde,blɔnd,adj.|n.,"a. (頭髮)亞麻色的, 淡色的, 白膚金髮碧眼的, 白裡透紅的, 白皙的, 淡黃色的\nn. 膚色白皙的金髮女人",,,CEEC-108,6,,,,大考中心高中英文參考詞彙表（111學年度起適用）,LEVEL 6,官方清單,,,
ceec-108:level-6:blot,blot,blɒt,n.|v.,"n. 汙點, 墨水漬\nvt. 亂塗, 使模糊, 吸乾\nvi. 弄上墨漬, 吸墨水",,,CEEC-108,6,,,,大考中心高中英文參考詞彙表（111學年度起適用）,LEVEL 6,官方清單,,,
ceec-108:level-6:blunt,blunt,blʌnt,adj.|v.,"a. 鈍的, 坦率的, 麻痺的",,,CEEC-108,6,,,,大考中心高中英文參考詞彙表（111學年度起適用）,LEVEL 6,官方清單,,,
ceec-108:level-6:bodily,bodily,'bɒdili,adj.|adv.,a. 身體的\nadv. 親自,,,CEEC-108,6,,,,大考中心高中英文參考詞彙表（111學年度起適用）,LEVEL 6,官方清單,,,
ceec-108:level-6:booklet,booklet,'buklit,n.,n. 小冊子,,,CEEC-108,6,,,,大考中心高中英文參考詞彙表（111學年度起適用）,LEVEL 6,官方清單,,,
ceec-108:level-6:bosom,bosom,'buzәm,n.,"n. 胸部, 胸, 胸懷, 內部, 中間\nvt. 懷抱",,,CEEC-108,6,,,,大考中心高中英文參考詞彙表（111學年度起適用）,LEVEL 6,官方清單,,,
ceec-108:level-6:boulevard,boulevard,'bu:lәvɑ:d,n.,n. 林蔭大道,,,CEEC-108,6,,,,大考中心高中英文參考詞彙表（111學年度起適用）,LEVEL 6,官方清單,,,
ceec-108:level-6:boxing,boxing,'bɒksiŋ,n.,n. 拳擊\n[醫] 圍模(牙科),,,CEEC-108,6,,,,大考中心高中英文參考詞彙表（111學年度起適用）,LEVEL 6,官方清單,,,
ceec-108:level-6:boycott,boycott,'bɒikɒt,n.|v.,n. 聯合抵制\nvt. 聯合抵制,,,CEEC-108,6,,,,大考中心高中英文參考詞彙表（111學年度起適用）,LEVEL 6,官方清單,,,
ceec-108:level-6:bra,bra,brɑ:,n.,n. 奶罩\n[化] 左矢; 刁,,,CEEC-108,6,,,,大考中心高中英文參考詞彙表（111學年度起適用）,LEVEL 6,官方清單,,,
ceec-108:level-6:brace,brace,breis,n.|v.,"n. 支柱, 曲柄, 支撐, 一對\nvt. 緊縛, 支撐, 激勵\nvi. 打起精神\n[計] 花括號",,,CEEC-108,6,,,,大考中心高中英文參考詞彙表（111學年度起適用）,LEVEL 6,官方清單,,,
ceec-108:level-6:brassiere,brassiere,'bræsiә,n.,n. 奶罩,,,CEEC-108,6,,,,大考中心高中英文參考詞彙表（111學年度起適用）,LEVEL 6,官方清單,,,
ceec-108:level-6:breadth,breadth,bredθ,n.,"n. 寬度\n[法] 違背, 違犯, 未遵守",,,CEEC-108,6,,,,大考中心高中英文參考詞彙表（111學年度起適用）,LEVEL 6,官方清單,,,
ceec-108:level-6:breakdown,breakdown,'breikdaun,n.,"n. 崩潰, 故障\n[化] 事故; 擊穿",,,CEEC-108,6,,,,大考中心高中英文參考詞彙表（111學年度起適用）,LEVEL 6,官方清單,,,
ceec-108:level-6:breakup,breakup,'breikʌp,n.,"n. 分裂, 崩潰, 解散, 解體\n[電] 停止",,,CEEC-108,6,,,,大考中心高中英文參考詞彙表（111學年度起適用）,LEVEL 6,官方清單,,,
ceec-108:level-6:bribe,bribe,braib,n.|v.,"n. 賄賂\nvt. 賄賂, 收買\nvi. 行賄",,,CEEC-108,6,,,,大考中心高中英文參考詞彙表（111學年度起適用）,LEVEL 6,官方清單,,,
ceec-108:level-6:brink,brink,briŋk,n.,"n. 邊緣, 陡岸",,,CEEC-108,6,,,,大考中心高中英文參考詞彙表（111學年度起適用）,LEVEL 6,官方清單,,,
ceec-108:level-6:broaden,broaden,'brɒ:dn,v.,"vi. 變寬, 擴大\nvt. 放寬, 使擴大",,,CEEC-108,6,,,,大考中心高中英文參考詞彙表（111學年度起適用）,LEVEL 6,官方清單,,,
ceec-108:level-6:brochure,brochure,'brәuʃә,n.,"n. 小冊子, 小冊",,,CEEC-108,6,,,,大考中心高中英文參考詞彙表（111學年度起適用）,LEVEL 6,官方清單,,,
ceec-108:level-6:broil,broil,brɒil,v.,"vi. 烤, 爭吵, 激動\nvt. 烤\nn. 烤, 灼熱, 爭吵",,,CEEC-108,6,,,,大考中心高中英文參考詞彙表（111學年度起適用）,LEVEL 6,官方清單,,,
ceec-108:level-6:brook,brook,bruk,n.,n. 小溪\nvt. 容忍,,,CEEC-108,6,,,,大考中心高中英文參考詞彙表（111學年度起適用）,LEVEL 6,官方清單,,,
ceec-108:level-6:broth,broth,brɒθ,n.,"n. 原汁清湯, 肉湯\n[醫] 肉湯(培養基)",,,CEEC-108,6,,,,大考中心高中英文參考詞彙表（111學年度起適用）,LEVEL 6,官方清單,,,
ceec-108:level-6:brotherhood,brotherhood,'brʌðәhud,n.,"n. 手足情誼, 兄弟關係",,,CEEC-108,6,,,,大考中心高中英文參考詞彙表（111學年度起適用）,LEVEL 6,官方清單,,,
ceec-108:level-6:bulky,bulky,'bʌlki,adj.,"a. 龐大的\n[機] 龐大, 笨重",,,CEEC-108,6,,,,大考中心高中英文參考詞彙表（111學年度起適用）,LEVEL 6,官方清單,,,
ceec-108:level-6:bureaucrat,bureaucrat,'bjuәrәukræt,n.,"n. 官僚作風的人, 官僚, 官僚主義者\n[法] 官僚, 官僚作風的人",,,CEEC-108,6,,,,大考中心高中英文參考詞彙表（111學年度起適用）,LEVEL 6,官方清單,,,
ceec-108:level-6:bypass,bypass,'baipɑ:s,n.|v.,"n. 旁路\nvt. 省略, 繞過, 忽視, 迴避",,,CEEC-108,6,,,,大考中心高中英文參考詞彙表（111學年度起適用）,LEVEL 6,官方清單,,,
ceec-108:level-6:caffeine,caffeine,'kæfi:n,n.,"n. 咖啡因, 咖啡鹼\n[化] 咖啡因; 咖啡鹼",,,CEEC-108,6,,,,大考中心高中英文參考詞彙表（111學年度起適用）,LEVEL 6,官方清單,,,
ceec-108:level-6:calculator,calculator,'kælkjuleitә,n.,"n. 計算者, 計算器\n[計] 計算器",,,CEEC-108,6,,,,大考中心高中英文參考詞彙表（111學年度起適用）,LEVEL 6,官方清單,,,
ceec-108:level-6:calligraphy,calligraphy,kә'ligrәfi,n.,"n. 筆跡, 書法",,,CEEC-108,6,,,,大考中心高中英文參考詞彙表（111學年度起適用）,LEVEL 6,官方清單,,,
ceec-108:level-6:cape,cape,keip,n.,"n. 岬, 海角, 披肩, 鬥蓬",,,CEEC-108,6,,,,大考中心高中英文參考詞彙表（111學年度起適用）,LEVEL 6,官方清單,,,
ceec-108:level-6:capsule,capsule,'kæpsju:l,n.,"n. 膠囊, 蒴果, 瓶帽, 航天艙\n[化] 膠囊劑",,,CEEC-108,6,,,,大考中心高中英文參考詞彙表（111學年度起適用）,LEVEL 6,官方清單,,,
ceec-108:level-6:caption,caption,'kæpʃәn,n.|v.,"n. 說明, 字幕, 標題\nvt. 加上標題, 加上說明\n[計] 標題",,,CEEC-108,6,,,,大考中心高中英文參考詞彙表（111學年度起適用）,LEVEL 6,官方清單,,,
ceec-108:level-6:captive,captive,'kæptiv,adj.|n.,"n. 俘虜, 迷戀者\na. 被俘的, 被迷住的",,,CEEC-108,6,,,,大考中心高中英文參考詞彙表（111學年度起適用）,LEVEL 6,官方清單,,,
ceec-108:level-6:captivity,captivity,kæp'tiviti,n.,"n. 囚禁, 被關\n[法] 囚禁, 被俘, 俘虜",,,CEEC-108,6,,,,大考中心高中英文參考詞彙表（111學年度起適用）,LEVEL 6,官方清單,,,
ceec-108:level-6:cardboard,cardboard,'kɑ:dbɒ:d,n.,n. 薄紙板\n[化] 咭紙; 特等紙板; 卡紙板; 卡片紙板,,,CEEC-108,6,,,,大考中心高中英文參考詞彙表（111學年度起適用）,LEVEL 6,官方清單,,,
ceec-108:level-6:cardinal,cardinal,'kɑ:dinәl,adj.|n.,"n. 紅衣主教, 鮮紅色\na. 主要的, 深紅色的",,,CEEC-108,6,,,,大考中心高中英文參考詞彙表（111學年度起適用）,LEVEL 6,官方清單,,,
ceec-108:level-6:carefree,carefree,'kєәfri:,adj.,"a. 無憂無慮的, 不負責的",,,CEEC-108,6,,,,大考中心高中英文參考詞彙表（111學年度起適用）,LEVEL 6,官方清單,,,
ceec-108:level-6:caretaker,caretaker,'kєәteikә,n.,"n. 照顧者, 看管者, 看守人\n[法] 看守員, 管理員, 看管人",,,CEEC-108,6,,,,大考中心高中英文參考詞彙表（111學年度起適用）,LEVEL 6,官方清單,,,
ceec-108:level-6:carton,carton,'kɑ:tn,n.,"n. 硬紙盒, 紙板箱\n[化] 卡紙",,,CEEC-108,6,,,,大考中心高中英文參考詞彙表（111學年度起適用）,LEVEL 6,官方清單,,,
ceec-108:level-6:cashier,cashier,kæ'ʃiә,n.,"n. 出納員\n[經] 司庫, 出納員, 收支員",,,CEEC-108,6,,,,大考中心高中英文參考詞彙表（111學年度起適用）,LEVEL 6,官方清單,,,
ceec-108:level-6:casualty,casualty,'kæʒjuәlti,n.,"n. 意外事故, 傷亡, 受害者\n[化] 事故",,,CEEC-108,6,,,,大考中心高中英文參考詞彙表（111學年度起適用）,LEVEL 6,官方清單,,,
ceec-108:level-6:catastrophe,catastrophe,kә'tæstrәfi,n.,"n. 大災難, 大禍\n[化] 突變",,,CEEC-108,6,,,,大考中心高中英文參考詞彙表（111學年度起適用）,LEVEL 6,官方清單,,,
ceec-108:level-6:cater,cater,'keitә,v.,"v. 提供飲食及服務, 投合, 迎合",,,CEEC-108,6,,,,大考中心高中英文參考詞彙表（111學年度起適用）,LEVEL 6,官方清單,,,
ceec-108:level-6:caterpillar,caterpillar,'kætәpilә,n.,n. 毛蟲\n[機] 履帶車,,,CEEC-108,6,,,,大考中心高中英文參考詞彙表（111學年度起適用）,LEVEL 6,官方清單,,,
ceec-108:level-6:cavity,cavity,'kæviti,n.,"n. 洞, 空穴, 腔\n[化] 空穴",,,CEEC-108,6,,,,大考中心高中英文參考詞彙表（111學年度起適用）,LEVEL 6,官方清單,,,
ceec-108:level-6:celery,celery,'selәri,n.,"n. 芹菜\n[醫] 芹菜, 糖蒿",,,CEEC-108,6,,,,大考中心高中英文參考詞彙表（111學年度起適用）,LEVEL 6,官方清單,,,
ceec-108:level-6:cellular,cellular,'seljulә,adj.,a. 細胞的\n[醫] 細胞的,,,CEEC-108,6,,,,大考中心高中英文參考詞彙表（111學年度起適用）,LEVEL 6,官方清單,,,
ceec-108:level-6:celsius,Celsius,'selsiәs,n.,a. 攝氏的,,,CEEC-108,6,,,,大考中心高中英文參考詞彙表（111學年度起適用）,LEVEL 6,官方清單,,,
ceec-108:level-6:cement,cement,si'ment,n.|v.,"n. 水泥, 膠結劑\nvt. 膠合, 用水泥塗\nvi. 黏牢",,,CEEC-108,6,,,,大考中心高中英文參考詞彙表（111學年度起適用）,LEVEL 6,官方清單,,,
ceec-108:level-6:census,census,'sensәs,n.,n. 戶口普查\nvt. 實施統計調查,,,CEEC-108,6,,,,大考中心高中英文參考詞彙表（111學年度起適用）,LEVEL 6,官方清單,,,
ceec-108:level-6:ceramic,ceramic,si'ræmik,adj.|n.,a. 陶瓷的\nn. 陶瓷製品,,,CEEC-108,6,,,,大考中心高中英文參考詞彙表（111學年度起適用）,LEVEL 6,官方清單,,,
ceec-108:level-6:certify,certify,'sә:tifai,v.,"v. 證明, 保證",,,CEEC-108,6,,,,大考中心高中英文參考詞彙表（111學年度起適用）,LEVEL 6,官方清單,,,
ceec-108:level-6:chairman,chairman,'tʃєәmәn,n.,"n. 主席, 會長\n[經] 主席",,,CEEC-108,6,,,,大考中心高中英文參考詞彙表（111學年度起適用）,LEVEL 6,官方清單,,,
ceec-108:level-6:chairperson,chairperson,'tʃeәp\\\\:s(e)n,n.,n. 主席,,,CEEC-108,6,,,,大考中心高中英文參考詞彙表（111學年度起適用）,LEVEL 6,官方清單,,,
ceec-108:level-6:chairwoman,chairwoman,'tʃєәwumәn,n.,"n. 女主席, 女議長",,,CEEC-108,6,,,,大考中心高中英文參考詞彙表（111學年度起適用）,LEVEL 6,官方清單,,,
ceec-108:level-6:champagne,champagne,ʃæm'pein,n.,"n. 香檳酒, 香檳酒色\n[化] 香檳酒",,,CEEC-108,6,,,,大考中心高中英文參考詞彙表（111學年度起適用）,LEVEL 6,官方清單,,,
ceec-108:level-6:chant,chant,tʃænt. tʃɑ:nt,n.|v.,"n. 聖歌, 讚美詩\nv. 吟唱, 誦揚",,,CEEC-108,6,,,,大考中心高中英文參考詞彙表（111學年度起適用）,LEVEL 6,官方清單,,,
ceec-108:level-6:charitable,charitable,'tʃæritәbl,adj.,"a. 大慈大悲的, 寬厚的, 慈善的\n[法] 慈善的, 慷慨的, 寬恕的",,,CEEC-108,6,,,,大考中心高中英文參考詞彙表（111學年度起適用）,LEVEL 6,官方清單,,,
ceec-108:level-6:checkup,checkup,'tʃekʌp,n.,"n. 審查, 鑑定, 健康檢查",,,CEEC-108,6,,,,大考中心高中英文參考詞彙表（111學年度起適用）,LEVEL 6,官方清單,,,
ceec-108:level-6:chemist,chemist,'kemist,n.,"n. 化學家, 藥劑師\n[化] 化學家; 化學師; 化學工作者; 藥劑師; 藥房",,,CEEC-108,6,,,,大考中心高中英文參考詞彙表（111學年度起適用）,LEVEL 6,官方清單,,,
ceec-108:level-6:chestnut,chestnut,'tʃesnʌt,adj.|n.,"n. 栗子, 慄樹, 栗色\na. 栗色的",,,CEEC-108,6,,,,大考中心高中英文參考詞彙表（111學年度起適用）,LEVEL 6,官方清單,,,
ceec-108:level-6:chili,chili,'tʃili,n.,"n. 幹辣椒, 辣椒粉",,,CEEC-108,6,,,,大考中心高中英文參考詞彙表（111學年度起適用）,LEVEL 6,官方清單,,,
ceec-108:level-6:chimpanzee,chimpanzee,.tʃimpәn'zi:,n.,n. 黑猩猩\n[醫] 黑猩猩,,,CEEC-108,6,,,,大考中心高中英文參考詞彙表（111學年度起適用）,LEVEL 6,官方清單,,,
ceec-108:level-6:chirp,chirp,tʃә:p,n.|v.,"n. 喳喳聲, 唧唧聲\nv. 吱喳而鳴",,,CEEC-108,6,,,,大考中心高中英文參考詞彙表（111學年度起適用）,LEVEL 6,官方清單,,,
ceec-108:level-6:cholesterol,cholesterol,kә'lestәrɒl,n.,n. 膽固醇\n[化] 膽固醇; 膽固醇,,,CEEC-108,6,,,,大考中心高中英文參考詞彙表（111學年度起適用）,LEVEL 6,官方清單,,,
ceec-108:level-6:cigar,cigar,si'gɑ:,n.,n. 雪茄,,,CEEC-108,6,,,,大考中心高中英文參考詞彙表（111學年度起適用）,LEVEL 6,官方清單,,,
ceec-108:level-6:civilize,civilize,'sivilaiz,v.,"vt. 使開化, 使文明\nvi. 變文明",,,CEEC-108,6,,,,大考中心高中英文參考詞彙表（111學年度起適用）,LEVEL 6,官方清單,,,
ceec-108:level-6:clam,clam,klæm,n.,"n. 蛤, 沉默寡言的人\nvi. 撈蛤",,,CEEC-108,6,,,,大考中心高中英文參考詞彙表（111學年度起適用）,LEVEL 6,官方清單,,,
ceec-108:level-6:clasp,clasp,klɑ:sp,n.|v.,"n. 釦子, 鉤, 緊握\nv. 扣緊, 緊握",,,CEEC-108,6,,,,大考中心高中英文參考詞彙表（111學年度起適用）,LEVEL 6,官方清單,,,
ceec-108:level-6:clearance,clearance,'kliәrәns,n.,"n. 清除, 間隙\n[化] 間隙; 空隙",,,CEEC-108,6,,,,大考中心高中英文參考詞彙表（111學年度起適用）,LEVEL 6,官方清單,,,
ceec-108:level-6:climax,climax,'klaimæks,n.|v.,"n. 高潮, 極點, 層進法\nv. (使)達到頂點, (使)達到高潮",,,CEEC-108,6,,,,大考中心高中英文參考詞彙表（111學年度起適用）,LEVEL 6,官方清單,,,
ceec-108:level-6:clockwise,clockwise,'klɒkwaiz,adj.|adv.,a. 順時針方向的\nadv. 順時針方向地,,,CEEC-108,6,,,,大考中心高中英文參考詞彙表（111學年度起適用）,LEVEL 6,官方清單,,,
ceec-108:level-6:clone,clone,klәun,n.|v.,n. 無性系\n[計] 代用件,,,CEEC-108,6,,,,大考中心高中英文參考詞彙表（111學年度起適用）,LEVEL 6,官方清單,,,
ceec-108:level-6:closure,closure,'klәuʒә,n.,n. 關閉\nvt. 使終止,,,CEEC-108,6,,,,大考中心高中英文參考詞彙表（111學年度起適用）,LEVEL 6,官方清單,,,
ceec-108:level-6:coalition,coalition,.kәuә'liʃәn,n.,"n. 結合體, 結合, 聯合\n[經] 聯合, 聯盟",,,CEEC-108,6,,,,大考中心高中英文參考詞彙表（111學年度起適用）,LEVEL 6,官方清單,,,
ceec-108:level-6:coastline,coastline,'kәustlain,n.,n. 海岸線,,,CEEC-108,6,,,,大考中心高中英文參考詞彙表（111學年度起適用）,LEVEL 6,官方清單,,,
ceec-108:level-6:collision,collision,kә'liʒәn,n.,"n. 碰撞, 衝突, 牴觸\n[計] 衝突",,,CEEC-108,6,,,,大考中心高中英文參考詞彙表（111學年度起適用）,LEVEL 6,官方清單,,,
ceec-108:level-6:colloquial,colloquial,kә'lәukwiәl,adj.,"a. 會話的, 口語的, 口語體的",,,CEEC-108,6,,,,大考中心高中英文參考詞彙表（111學年度起適用）,LEVEL 6,官方清單,,,
ceec-108:level-6:comet,comet,'kɒmit,n.,n. 彗星,,,CEEC-108,6,,,,大考中心高中英文參考詞彙表（111學年度起適用）,LEVEL 6,官方清單,,,
ceec-108:level-6:commonplace,commonplace,'kɒmәnpleis,adj.|n.,"n. 尋常事, 老生常談, 普通的東西\na. 平凡的, 普通的",,,CEEC-108,6,,,,大考中心高中英文參考詞彙表（111學年度起適用）,LEVEL 6,官方清單,,,
ceec-108:level-6:commonwealth,commonwealth,'kɔmәnwelθ,n.,n. 共和國；聯邦；國民整體,,,CEEC-108,6,,,,大考中心高中英文參考詞彙表（111學年度起適用）,LEVEL 6,官方清單,,,
ceec-108:level-6:communicative,communicative,kә'mju:nikeitiv,adj.,"a. 健談的, 愛說話的, 交際的",,,CEEC-108,6,,,,大考中心高中英文參考詞彙表（111學年度起適用）,LEVEL 6,官方清單,,,
ceec-108:level-6:comparative,comparative,kәm'pærәtiv,adj.,"a. 比較的, 相對的\nn. 對手",,,CEEC-108,6,,,,大考中心高中英文參考詞彙表（111學年度起適用）,LEVEL 6,官方清單,,,
ceec-108:level-6:compass,compass,'kʌmpәs,n.|v.,"n. 指南針, 範圍, 音域\nvt. 包圍, 達到, 圖謀, 理解",,,CEEC-108,6,,,,大考中心高中英文參考詞彙表（111學年度起適用）,LEVEL 6,官方清單,,,
ceec-108:level-6:compile,compile,kәm'pail,v.,"vt. 編譯, 編輯, 編纂, 收集\n[計] 編譯",,,CEEC-108,6,,,,大考中心高中英文參考詞彙表（111學年度起適用）,LEVEL 6,官方清單,,,
ceec-108:level-6:complement,complement,'kɒmplimәnt,n.|v.,"n. 補足物, 補語, 補數\nvt. 補充, 補足\n[計] 補碼; 反相器; 補數",,,CEEC-108,6,,,,大考中心高中英文參考詞彙表（111學年度起適用）,LEVEL 6,官方清單,,,
ceec-108:level-6:complexion,complexion,kәm'plekʃn,n.,"n. 膚色, 情況, 局面\n[醫] 體質; 面色, 面容",,,CEEC-108,6,,,,大考中心高中英文參考詞彙表（111學年度起適用）,LEVEL 6,官方清單,,,
ceec-108:level-6:comprehensive,comprehensive,.kɒmpri'hensiv,adj.,"a. 廣泛的, 有理解力的, 綜合的\n[經] 廣泛的, 綜合的, 全面的",,,CEEC-108,6,,,,大考中心高中英文參考詞彙表（111學年度起適用）,LEVEL 6,官方清單,,,
ceec-108:level-6:compute,compute,kәm'pju:t,v.,"v. 計算, 估算\nn. 計算, 估算",,,CEEC-108,6,,,,大考中心高中英文參考詞彙表（111學年度起適用）,LEVEL 6,官方清單,,,
ceec-108:level-6:computerize,computerize,kәm'pju:tәraiz,v.,"vt. 用電腦處理, 使電腦化\n[經] 給...裝備電腦, 用電腦計算",,,CEEC-108,6,,,,大考中心高中英文參考詞彙表（111學年度起適用）,LEVEL 6,官方清單,,,
ceec-108:level-6:comrade,comrade,'kɒmreid,n.,"n. 同志, 夥伴",,,CEEC-108,6,,,,大考中心高中英文參考詞彙表（111學年度起適用）,LEVEL 6,官方清單,,,
ceec-108:level-6:concession,concession,kәn'seʃәn,n.,"n. 特許, 讓步, 認可\n[經] 核准, 許可, 特殊(權)",,,CEEC-108,6,,,,大考中心高中英文參考詞彙表（111學年度起適用）,LEVEL 6,官方清單,,,
ceec-108:level-6:concise,concise,kәn'sais,adj.,"a. 簡潔的, 簡明的",,,CEEC-108,6,,,,大考中心高中英文參考詞彙表（111學年度起適用）,LEVEL 6,官方清單,,,
ceec-108:level-6:condense,condense,kәn'dens,v.,"vt. 使濃縮, 使壓縮, 縮短\nvi. 濃縮, 凝結",,,CEEC-108,6,,,,大考中心高中英文參考詞彙表（111學年度起適用）,LEVEL 6,官方清單,,,
ceec-108:level-6:confederation,confederation,kәn.fedә'reiʃәn,n.,"n. 同盟, 聯盟, 組織聯盟",,,CEEC-108,6,,,,大考中心高中英文參考詞彙表（111學年度起適用）,LEVEL 6,官方清單,,,
ceec-108:level-6:congressman,congressman,'kɒŋgresmәn,n.,"n. 國會議員, 眾議院議員\n[法] 國會議會",,,CEEC-108,6,,,,大考中心高中英文參考詞彙表（111學年度起適用）,LEVEL 6,官方清單,,,
ceec-108:level-6:congresswoman,congresswoman,'kɒŋgreswumәn,n.,"n. 國會女議員, 眾議院女議員",,,CEEC-108,6,,,,大考中心高中英文參考詞彙表（111學年度起適用）,LEVEL 6,官方清單,,,
ceec-108:level-6:conquest,conquest,'kɒŋkwest,n.,"n. 戰勝, 征服, 戰利品\n[法] 征服, 贏得, 獲得",,,CEEC-108,6,,,,大考中心高中英文參考詞彙表（111學年度起適用）,LEVEL 6,官方清單,,,
ceec-108:level-6:conscientious,conscientious,.kɒnʃi'enʃәs,adj.,"a. 有責任心的, 負責的, 本著良心的\n[法] 憑良心做的, 有道德感的",,,CEEC-108,6,,,,大考中心高中英文參考詞彙表（111學年度起適用）,LEVEL 6,官方清單,,,
ceec-108:level-6:conserve,conserve,kәn'sә:v,n.|v.,"n. 蜜餞, 果醬\nvt. 儲存, 使(能量等)守恆",,,CEEC-108,6,,,,大考中心高中英文參考詞彙表（111學年度起適用）,LEVEL 6,官方清單,,,
ceec-108:level-6:consolation,consolation,.kɒnsә'leiʃәn,n.,"n. 安慰, 令人安慰的事物\n[法] 安慰, 慰問",,,CEEC-108,6,,,,大考中心高中英文參考詞彙表（111學年度起適用）,LEVEL 6,官方清單,,,
ceec-108:level-6:console,console,kәn'sәul,n.|v.,"vt. 安慰, 藉慰\nn. 控制檯\n[計] 控制檯",,,CEEC-108,6,,,,大考中心高中英文參考詞彙表（111學年度起適用）,LEVEL 6,官方清單,,,
ceec-108:level-6:consonant,consonant,'kɒnsәnәnt,n.,"n. 子音\na. 一致的, 調和的",,,CEEC-108,6,,,,大考中心高中英文參考詞彙表（111學年度起適用）,LEVEL 6,官方清單,,,
ceec-108:level-6:conspiracy,conspiracy,kәn'spirәsi,n.,"n. 同謀, 陰謀, 陰謀集團\n[法] 陰謀, 通謀, 共謀",,,CEEC-108,6,,,,大考中心高中英文參考詞彙表（111學年度起適用）,LEVEL 6,官方清單,,,
ceec-108:level-6:contention,contention,kәn'teinʃәn,n.,"n. 爭論, 爭辯, 所持的論點\n[計] 爭用",,,CEEC-108,6,,,,大考中心高中英文參考詞彙表（111學年度起適用）,LEVEL 6,官方清單,,,
ceec-108:level-6:contestant,contestant,kәn'testәnt,n.,"n. 競爭者\n[法] 爭辯者, 競爭者",,,CEEC-108,6,,,,大考中心高中英文參考詞彙表（111學年度起適用）,LEVEL 6,官方清單,,,
ceec-108:level-6:continuity,continuity,.kɒnti'nju:iti,n.,n. 連續性\n[化] 連續性,,,CEEC-108,6,,,,大考中心高中英文參考詞彙表（111學年度起適用）,LEVEL 6,官方清單,,,
ceec-108:level-6:contradict,contradict,.kɒntrә'dikt,v.,"vt. 反駁, 與...牴觸, 與...矛盾\nvi. 反駁",,,CEEC-108,6,,,,大考中心高中英文參考詞彙表（111學年度起適用）,LEVEL 6,官方清單,,,
ceec-108:level-6:convene,convene,kәn'vi:n,v.,"vt. 集合, 召集, 召喚\nvi. 聚集, 集合",,,CEEC-108,6,,,,大考中心高中英文參考詞彙表（111學年度起適用）,LEVEL 6,官方清單,,,
ceec-108:level-6:coral,coral,'kɒrәl,adj.|n.,"n. 珊瑚, 珊瑚色\n[化] 珊瑚",,,CEEC-108,6,,,,大考中心高中英文參考詞彙表（111學年度起適用）,LEVEL 6,官方清單,,,
ceec-108:level-6:corpse,corpse,kɒ:ps,n.,n. 屍體\n[醫] 屍體,,,CEEC-108,6,,,,大考中心高中英文參考詞彙表（111學年度起適用）,LEVEL 6,官方清單,,,
ceec-108:level-6:correspondence,correspondence,.kɒri'spɒndәns,n.,"n. 相符, 通訊, 信件\n[醫] 對應, 相對",,,CEEC-108,6,,,,大考中心高中英文參考詞彙表（111學年度起適用）,LEVEL 6,官方清單,,,
ceec-108:level-6:cosmetic,cosmetic,kɒz'metik,adj.,n. 化妝品\na. 化妝用的,,,CEEC-108,6,,,,大考中心高中英文參考詞彙表（111學年度起適用）,LEVEL 6,官方清單,,,
ceec-108:level-6:cosmetics,cosmetics,,n.,n. 裝飾品；化妝品（cosmetic的複數）,,,CEEC-108,6,,,,大考中心高中英文參考詞彙表（111學年度起適用）,LEVEL 6,官方清單,,,
ceec-108:level-6:counterpart,counterpart,'kauntәpɑ:t,n.,"n. 副本, 複本, 配對物, 相應物\n[經] 副本, 正副二份中之一",,,CEEC-108,6,,,,大考中心高中英文參考詞彙表（111學年度起適用）,LEVEL 6,官方清單,,,
ceec-108:level-6:coupon,coupon,'ku:pɒn,n.,"n. 息票, 贈券\n[經] 息票, 利息單, 聯票",,,CEEC-108,6,,,,大考中心高中英文參考詞彙表（111學年度起適用）,LEVEL 6,官方清單,,,
ceec-108:level-6:courtyard,courtyard,'kɒ:tjɑ:d,n.,"n. 庭院, 天井",,,CEEC-108,6,,,,大考中心高中英文參考詞彙表（111學年度起適用）,LEVEL 6,官方清單,,,
ceec-108:level-6:cowardly,cowardly,'kauәdli,adj.,"a. 怯懦的, 懦弱的；膽小的",,,CEEC-108,6,,,,大考中心高中英文參考詞彙表（111學年度起適用）,LEVEL 6,官方清單,,,
ceec-108:level-6:cozy,cozy,'kәuzi,adj.,"a. 舒適的, 安逸的, 愜意的\nn. (茶壺等的)保暖罩, 舒適的座位\nvt. 以假話使安心",,,CEEC-108,6,,,,大考中心高中英文參考詞彙表（111學年度起適用）,LEVEL 6,官方清單,,,
ceec-108:level-6:crackdown,crackdown,'krækdaun,n.,"n. 制裁, 鎮壓, 痛擊",,,CEEC-108,6,,,,大考中心高中英文參考詞彙表（111學年度起適用）,LEVEL 6,官方清單,,,
ceec-108:level-6:cracker,cracker,'krækә,n.,"n. 餅乾, 爆竹\n[計] 破襲者",,,CEEC-108,6,,,,大考中心高中英文參考詞彙表（111學年度起適用）,LEVEL 6,官方清單,,,
ceec-108:level-6:cram,cram,kræm,v.,"vt. 塞滿, 填滿, 猛吃\nvi. 貪吃\nn. 極度擁擠, 死記硬背",,,CEEC-108,6,,,,大考中心高中英文參考詞彙表（111學年度起適用）,LEVEL 6,官方清單,,,
ceec-108:level-6:cramp,cramp,kræmp,n.|v.,"n. 痙攣, 腹部絞痛, 鐵夾鉗\na. 狹窄的, 難認的\nvt. 使抽筋, 以鐵箍扣緊, 束縛",,,CEEC-108,6,,,,大考中心高中英文參考詞彙表（111學年度起適用）,LEVEL 6,官方清單,,,
ceec-108:level-6:crater,crater,'kreitә,n.|v.,"n. 火山口, 環行山, 彈坑\n[化] 焊口; 火山石; 弧坑; 焰口",,,CEEC-108,6,,,,大考中心高中英文參考詞彙表（111學年度起適用）,LEVEL 6,官方清單,,,
ceec-108:level-6:credible,credible,'kredәbl,adj.,"a. 可信的, 可靠的\n[法] 可信的, 可靠的",,,CEEC-108,6,,,,大考中心高中英文參考詞彙表（111學年度起適用）,LEVEL 6,官方清單,,,
ceec-108:level-6:crocodile,crocodile,'krɒkәdail,n.,n. 鱷魚,,,CEEC-108,6,,,,大考中心高中英文參考詞彙表（111學年度起適用）,LEVEL 6,官方清單,,,
ceec-108:level-6:crossing,crossing,'krɒsiŋ,n.,"n. 橫越, 橫渡, 交叉點, 渡口\n[經] 劃線",,,CEEC-108,6,,,,大考中心高中英文參考詞彙表（111學年度起適用）,LEVEL 6,官方清單,,,
ceec-108:level-6:crutch,crutch,krʌtʃ,n.,"n. 柺杖, 支撐, 依靠\nvt. 支撐",,,CEEC-108,6,,,,大考中心高中英文參考詞彙表（111學年度起適用）,LEVEL 6,官方清單,,,
ceec-108:level-6:cub,cub,kʌb,n.,"n. 幼獸, 年輕人",,,CEEC-108,6,,,,大考中心高中英文參考詞彙表（111學年度起適用）,LEVEL 6,官方清單,,,
ceec-108:level-6:cucumber,cucumber,'kju:kәmbә,n.,"n. 黃瓜\n[醫] 黃瓜, 胡瓜",,,CEEC-108,6,,,,大考中心高中英文參考詞彙表（111學年度起適用）,LEVEL 6,官方清單,,,
ceec-108:level-6:cultivate,cultivate,'kʌltiveit,v.,"vt. 培養, 耕作",,,CEEC-108,6,,,,大考中心高中英文參考詞彙表（111學年度起適用）,LEVEL 6,官方清單,,,
ceec-108:level-6:cumulative,cumulative,'kju:mjulәtiv,adj.,"a. 累積的\n[醫] 蓄積的, 累積的",,,CEEC-108,6,,,,大考中心高中英文參考詞彙表（111學年度起適用）,LEVEL 6,官方清單,,,
ceec-108:level-6:curb,curb,kә:b,n.|v.,"n. 抑制, 勒馬繩, 邊石\nvt. 抑制, 束縛, 勒住",,,CEEC-108,6,,,,大考中心高中英文參考詞彙表（111學年度起適用）,LEVEL 6,官方清單,,,
ceec-108:level-6:curfew,curfew,'kә:fju:,n.,"n. 晚鐘, 打晚鐘時刻, 宵禁\n[法] 宵禁, 宵禁令",,,CEEC-108,6,,,,大考中心高中英文參考詞彙表（111學年度起適用）,LEVEL 6,官方清單,,,
ceec-108:level-6:curry,curry,'kʌri. 'kә:ri,n.,"n. 咖哩粉, 咖哩飯菜\nvt. 用咖哩粉調味, 用馬梳梳, 製革",,,CEEC-108,6,,,,大考中心高中英文參考詞彙表（111學年度起適用）,LEVEL 6,官方清單,,,
ceec-108:level-6:customary,customary,'kʌstәmәri,adj.,"a. 習慣的, 慣常的\n[經] 通常的, 習慣的",,,CEEC-108,6,,,,大考中心高中英文參考詞彙表（111學年度起適用）,LEVEL 6,官方清單,,,
ceec-108:level-6:cynical,cynical,'sinikәl,adj.,"a. 憤世嫉俗的, 諷刺的, 冷嘲的",,,CEEC-108,6,,,,大考中心高中英文參考詞彙表（111學年度起適用）,LEVEL 6,官方清單,,,
ceec-108:level-6:dazzle,dazzle,'dæzl,n.|v.,"v. (使)眼花, 炫耀\nn. 耀眼",,,CEEC-108,6,,,,大考中心高中英文參考詞彙表（111學年度起適用）,LEVEL 6,官方清單,,,
ceec-108:level-6:deafen,deafen,'defәn,v.,vt. 使聾\nvi. 變聾,,,CEEC-108,6,,,,大考中心高中英文參考詞彙表（111學年度起適用）,LEVEL 6,官方清單,,,
ceec-108:level-6:decisive,decisive,di'saisiv,adj.,"a. 決定性的, 堅定的, 果斷的",,,CEEC-108,6,,,,大考中心高中英文參考詞彙表（111學年度起適用）,LEVEL 6,官方清單,,,
ceec-108:level-6:dedication,dedication,.dedi'keiʃәn,n.,"n. 奉獻, 獻身, 獻辭\n[計] 專用",,,CEEC-108,6,,,,大考中心高中英文參考詞彙表（111學年度起適用）,LEVEL 6,官方清單,,,
ceec-108:level-6:deduct,deduct,di'dʌkt,v.,"vt. 扣除, 減去\n[經] 扣除, 減去, 折扣",,,CEEC-108,6,,,,大考中心高中英文參考詞彙表（111學年度起適用）,LEVEL 6,官方清單,,,
ceec-108:level-6:deem,deem,di:m,v.,"v. 認為, 相信",,,CEEC-108,6,,,,大考中心高中英文參考詞彙表（111學年度起適用）,LEVEL 6,官方清單,,,
ceec-108:level-6:default,default,di'fɒ:lt,n.|v.,"n. 違約, 不履行責任, 缺席, 預設值\nv. 疏怠職責, 缺席, 拖欠, 預設\n[計] 預設; 預設值; 預設值",,,CEEC-108,6,,,,大考中心高中英文參考詞彙表（111學年度起適用）,LEVEL 6,官方清單,,,
ceec-108:level-6:defect,defect,di'fekt,n.|v.,"n. 缺點\n[醫] 缺損, 缺陷",,,CEEC-108,6,,,,大考中心高中英文參考詞彙表（111學年度起適用）,LEVEL 6,官方清單,,,
ceec-108:level-6:defiance,defiance,di'faiәns,n.,"n. 蔑視, 挑戰\n[法] 挑戰, 藐視, 違抗",,,CEEC-108,6,,,,大考中心高中英文參考詞彙表（111學年度起適用）,LEVEL 6,官方清單,,,
ceec-108:level-6:definitive,definitive,di'finitiv,adj.,"n. 限定詞\na. 限定的, 決定性的",,,CEEC-108,6,,,,大考中心高中英文參考詞彙表（111學年度起適用）,LEVEL 6,官方清單,,,
ceec-108:level-6:dental,dental,'dentl,adj.,"a. 牙齒的\n[醫] 牙的, 齒的, 齒音, 齒音字母",,,CEEC-108,6,,,,大考中心高中英文參考詞彙表（111學年度起適用）,LEVEL 6,官方清單,,,
ceec-108:level-6:deplete,deplete,di'pli:t,v.,"vt. 耗盡, 使衰竭\n[醫] 排除, 減少",,,CEEC-108,6,,,,大考中心高中英文參考詞彙表（111學年度起適用）,LEVEL 6,官方清單,,,
ceec-108:level-6:deprive,deprive,di'praiv,v.,"vt. 剝奪, 使喪失\n[法] 剝奪, 剝奪, 奪去",,,CEEC-108,6,,,,大考中心高中英文參考詞彙表（111學年度起適用）,LEVEL 6,官方清單,,,
ceec-108:level-6:descent,descent,di'sent,n.,"n. 降落, 家系, 侵襲, 血統\n[醫] 下降, 世代, 血統",,,CEEC-108,6,,,,大考中心高中英文參考詞彙表（111學年度起適用）,LEVEL 6,官方清單,,,
ceec-108:level-6:despise,despise,di'spaiz,v.,vt. 輕視,,,CEEC-108,6,,,,大考中心高中英文參考詞彙表（111學年度起適用）,LEVEL 6,官方清單,,,
ceec-108:level-6:destined,destined,,adj.,"a. 預定的, 註定的, 命定的",,,CEEC-108,6,,,,大考中心高中英文參考詞彙表（111學年度起適用）,LEVEL 6,官方清單,,,
ceec-108:level-6:detach,detach,di'tætʃ,v.,"vt. 使分離, 分遣\n[機] 摘下, 分離, 卸下",,,CEEC-108,6,,,,大考中心高中英文參考詞彙表（111學年度起適用）,LEVEL 6,官方清單,,,
ceec-108:level-6:detain,detain,di'tein,v.,"vt. 扣留, 扣押, 耽擱\n[法] 拘留, 扣押, 留住",,,CEEC-108,6,,,,大考中心高中英文參考詞彙表（111學年度起適用）,LEVEL 6,官方清單,,,
ceec-108:level-6:detention,detention,di'tenʃәn,n.,"n. 阻止, 監禁, 拘留\n[醫] 隔離, 拘留, 滯留, 停滯",,,CEEC-108,6,,,,大考中心高中英文參考詞彙表（111學年度起適用）,LEVEL 6,官方清單,,,
ceec-108:level-6:deter,deter,di'tә:,v.,"vt. 制止, 嚇住, 威懾",,,CEEC-108,6,,,,大考中心高中英文參考詞彙表（111學年度起適用）,LEVEL 6,官方清單,,,
ceec-108:level-6:detergent,detergent,di'tә:dʒәnt,n.,n. 清潔劑\n[化] 洗滌劑,,,CEEC-108,6,,,,大考中心高中英文參考詞彙表（111學年度起適用）,LEVEL 6,官方清單,,,
ceec-108:level-6:devour,devour,di'vauә,v.,"vt. 吞食, 揮霍, 吞沒",,,CEEC-108,6,,,,大考中心高中英文參考詞彙表（111學年度起適用）,LEVEL 6,官方清單,,,
ceec-108:level-6:diabetes,diabetes,daiә'bi:ti:z,n.,"n. 糖尿病, 多尿症\n[醫] 糖尿病; 多尿症",,,CEEC-108,6,,,,大考中心高中英文參考詞彙表（111學年度起適用）,LEVEL 6,官方清單,,,
ceec-108:level-6:dictate,dictate,'dikteit,v.,"vi. 聽寫, 口述, 口授\nvt. 口述, 使聽寫, 命令\nn. 命令, 指揮, 指令",,,CEEC-108,6,,,,大考中心高中英文參考詞彙表（111學年度起適用）,LEVEL 6,官方清單,,,
ceec-108:level-6:dictation,dictation,dik'teiʃәn,n.,"n. 聽寫, 口述, 命令",,,CEEC-108,6,,,,大考中心高中英文參考詞彙表（111學年度起適用）,LEVEL 6,官方清單,,,
ceec-108:level-6:dictator,dictator,'dikteitә,n.,"n. 命令者, 獨裁者",,,CEEC-108,6,,,,大考中心高中英文參考詞彙表（111學年度起適用）,LEVEL 6,官方清單,,,
ceec-108:level-6:dictatorship,dictatorship,dik'teitәʃip,n.,"n. 獨裁者之職位, 獨裁, 獨裁政權\n[法] 專攻, 獨裁權",,,CEEC-108,6,,,,大考中心高中英文參考詞彙表（111學年度起適用）,LEVEL 6,官方清單,,,
ceec-108:level-6:diesel,diesel,'di:zәl,n.,"n. 內燃機, 柴油機, 柴油",,,CEEC-108,6,,,,大考中心高中英文參考詞彙表（111學年度起適用）,LEVEL 6,官方清單,,,
ceec-108:level-6:differentiate,differentiate,.difә'renʃieit,v.,"v. 區別, 區分",,,CEEC-108,6,,,,大考中心高中英文參考詞彙表（111學年度起適用）,LEVEL 6,官方清單,,,
ceec-108:level-6:diplomacy,diplomacy,di'plәumәsi,n.,"n. 外交, 外交手腕, 交際手段\n[法] 外交, 外交手腕, 權謀",,,CEEC-108,6,,,,大考中心高中英文參考詞彙表（111學年度起適用）,LEVEL 6,官方清單,,,
ceec-108:level-6:directive,directive,di'rektiv,n.,"a. 指導的, 指揮的, 方向的\nn. 指令\n[計] 指令; 命令",,,CEEC-108,6,,,,大考中心高中英文參考詞彙表（111學年度起適用）,LEVEL 6,官方清單,,,
ceec-108:level-6:disable,disable,dis'eibl,v.,"vt. 使失去能力, 使殘廢, (律)使無資格\n[計] 使無效, 禁止, 關閉",,,CEEC-108,6,,,,大考中心高中英文參考詞彙表（111學年度起適用）,LEVEL 6,官方清單,,,
ceec-108:level-6:disastrous,disastrous,di'zɑ:strәs,adj.,"a. 損失慘重的, 悲傷的",,,CEEC-108,6,,,,大考中心高中英文參考詞彙表（111學年度起適用）,LEVEL 6,官方清單,,,
ceec-108:level-6:disbelief,disbelief,.disbi'li:f,n.,"n. 不信, 懷疑",,,CEEC-108,6,,,,大考中心高中英文參考詞彙表（111學年度起適用）,LEVEL 6,官方清單,,,
ceec-108:level-6:discard,discard,dis'kɑ:d,n.|v.,"vt. 丟棄, 拋棄\nvi. 墊牌\nn. 墊牌, 拋棄",,,CEEC-108,6,,,,大考中心高中英文參考詞彙表（111學年度起適用）,LEVEL 6,官方清單,,,
ceec-108:level-6:discharge,discharge,dis'tʃɑ:dʒ,n.|v.,"vt. 卸下, 放出, 解僱, 拔染, 履行, 放電\nvi. 卸貨, 流出\nn. 卸貨, 流出, 放電",,,CEEC-108,6,,,,大考中心高中英文參考詞彙表（111學年度起適用）,LEVEL 6,官方清單,,,
ceec-108:level-6:disciple,disciple,di'saipl,n.,"n. 弟子, 門徒",,,CEEC-108,6,,,,大考中心高中英文參考詞彙表（111學年度起適用）,LEVEL 6,官方清單,,,
ceec-108:level-6:disciplinary,disciplinary,'disiplinәri,adj.,"a. 訓練的, 紀律的, 訓誡的\n[法] 紀律的, 懲戒性的",,,CEEC-108,6,,,,大考中心高中英文參考詞彙表（111學年度起適用）,LEVEL 6,官方清單,,,
ceec-108:level-6:disclosure,disclosure,dis'klәuʒә,n.,"n. 揭發, 洩露, 揭發(或暴露)的事實\n[經] 揭示, 披露",,,CEEC-108,6,,,,大考中心高中英文參考詞彙表（111學年度起適用）,LEVEL 6,官方清單,,,
ceec-108:level-6:discomfort,discomfort,dis'kʌmfәt,n.|v.,"n. 困苦, 不適\n[醫] 不舒適, 不舒, 煩悶, 不快活",,,CEEC-108,6,,,,大考中心高中英文參考詞彙表（111學年度起適用）,LEVEL 6,官方清單,,,
ceec-108:level-6:discreet,discreet,dis'kri:t,adj.,"a. 小心的, 慎重的",,,CEEC-108,6,,,,大考中心高中英文參考詞彙表（111學年度起適用）,LEVEL 6,官方清單,,,
ceec-108:level-6:disgrace,disgrace,dis'greis,n.|v.,"n. 恥辱, 不名譽\nvt. 使受恥辱, 使失體面",,,CEEC-108,6,,,,大考中心高中英文參考詞彙表（111學年度起適用）,LEVEL 6,官方清單,,,
ceec-108:level-6:dismay,dismay,dis'mei,n.|v.,"n. 沮喪\nvt. 使驚愕, 使氣餒",,,CEEC-108,6,,,,大考中心高中英文參考詞彙表（111學年度起適用）,LEVEL 6,官方清單,,,
ceec-108:level-6:dispensable,dispensable,dis'pensәbl,adj.,"a. 不是必要的, 可有可無的",,,CEEC-108,6,,,,大考中心高中英文參考詞彙表（111學年度起適用）,LEVEL 6,官方清單,,,
ceec-108:level-6:dispense,dispense,dis'pens,v.,"vt. 分發, 分配\nvi. 特許, 豁免",,,CEEC-108,6,,,,大考中心高中英文參考詞彙表（111學年度起適用）,LEVEL 6,官方清單,,,
ceec-108:level-6:disposable,disposable,dis'pәuzәbl,adj.|n.,"a. 可任意處理的\n[法] 可任意處理或處置的, 可自由使用的",,,CEEC-108,6,,,,大考中心高中英文參考詞彙表（111學年度起適用）,LEVEL 6,官方清單,,,
ceec-108:level-6:disposal,disposal,dis'pәuzәl,n.,"n. 丟掉, 處理, 排列, 銷燬, 佈置\n[醫] 處理, 處置",,,CEEC-108,6,,,,大考中心高中英文參考詞彙表（111學年度起適用）,LEVEL 6,官方清單,,,
ceec-108:level-6:dispose,dispose,dis'pәuz,v.,"vt. 處理, 排列, 佈置\nvi. 處置",,,CEEC-108,6,,,,大考中心高中英文參考詞彙表（111學年度起適用）,LEVEL 6,官方清單,,,
ceec-108:level-6:dissent,dissent,di'sent,n.,"n. 異議\nvi. 持異議, 不同意",,,CEEC-108,6,,,,大考中心高中英文參考詞彙表（111學年度起適用）,LEVEL 6,官方清單,,,
ceec-108:level-6:distraction,distraction,dis'trækʃәn,n.,"n. 娛樂, 分心的事物, 分心\n[醫] 注意力分散, 內脫位, 牙弓過寬",,,CEEC-108,6,,,,大考中心高中英文參考詞彙表（111學年度起適用）,LEVEL 6,官方清單,,,
ceec-108:level-6:distress,distress,di'stres,n.|v.,"n. 苦惱, 貧困, 痛苦\nvt. 使苦惱\na. 虧本出售的",,,CEEC-108,6,,,,大考中心高中英文參考詞彙表（111學年度起適用）,LEVEL 6,官方清單,,,
ceec-108:level-6:disturbance,disturbance,dis'tә:bәns,n.,"n. 擾亂, 不安, 憂慮\n[化] 擾動; 干擾; 失調",,,CEEC-108,6,,,,大考中心高中英文參考詞彙表（111學年度起適用）,LEVEL 6,官方清單,,,
ceec-108:level-6:diversify,diversify,dai'vә:sifai,v.,"vt. 使多樣化, 使變化",,,CEEC-108,6,,,,大考中心高中英文參考詞彙表（111學年度起適用）,LEVEL 6,官方清單,,,
ceec-108:level-6:diversion,diversion,dai'vә:ʒәn,n.,n. 轉移\n[醫] 轉向,,,CEEC-108,6,,,,大考中心高中英文參考詞彙表（111學年度起適用）,LEVEL 6,官方清單,,,
ceec-108:level-6:divert,divert,dai'vә:t,v.,"vt. 轉移, 使歡娛\nvi. 轉移",,,CEEC-108,6,,,,大考中心高中英文參考詞彙表（111學年度起適用）,LEVEL 6,官方清單,,,
ceec-108:level-6:dividend,dividend,'dividend,n.,"n. 被除數, 股利\n[計] 被除數",,,CEEC-108,6,,,,大考中心高中英文參考詞彙表（111學年度起適用）,LEVEL 6,官方清單,,,
ceec-108:level-6:doom,doom,du:m,n.|v.,"n. 厄運, 不幸, 法律, 宣告, 判決, 死亡\nvt. 命中註定, 判決",,,CEEC-108,6,,,,大考中心高中英文參考詞彙表（111學年度起適用）,LEVEL 6,官方清單,,,
ceec-108:level-6:dorm,dorm,dɒ:m,n.,n. 宿舍,,,CEEC-108,6,,,,大考中心高中英文參考詞彙表（111學年度起適用）,LEVEL 6,官方清單,,,
ceec-108:level-6:dormitory,dormitory,'dɒ:mitәri,n.,n. 宿舍,,,CEEC-108,6,,,,大考中心高中英文參考詞彙表（111學年度起適用）,LEVEL 6,官方清單,,,
ceec-108:level-6:downward,downward,'daunwәd,adj.|adv.,a. 向下的,,,CEEC-108,6,,,,大考中心高中英文參考詞彙表（111學年度起適用）,LEVEL 6,官方清單,,,
ceec-108:level-6:downwards,downwards,'daunwәdz,adv.,adv. 向下,,,CEEC-108,6,,,,大考中心高中英文參考詞彙表（111學年度起適用）,LEVEL 6,官方清單,,,
ceec-108:level-6:doze,doze,dәuz,n.|v.,"vi. 打瞌睡, 假寐\nvt. 打瞌睡度過\nn. 瞌睡",,,CEEC-108,6,,,,大考中心高中英文參考詞彙表（111學年度起適用）,LEVEL 6,官方清單,,,
ceec-108:level-6:drastic,drastic,'dræstik,adj.,"a. 激烈的\n[醫] 峻瀉藥, 劇烈的",,,CEEC-108,6,,,,大考中心高中英文參考詞彙表（111學年度起適用）,LEVEL 6,官方清單,,,
ceec-108:level-6:draught,draught,drɑ:ft. dræft,n.,"n. 氣流, 草稿, 匯票, 通風, 拉, 牽引\nvt. 起草, 徵兵, 選派",,,CEEC-108,6,,,,大考中心高中英文參考詞彙表（111學年度起適用）,LEVEL 6,官方清單,,,
ceec-108:level-6:dresser,dresser,'dresә,n.,"n. 化妝臺, (劇團)服裝師, 碗櫃\n[醫] 敷裹員",,,CEEC-108,6,,,,大考中心高中英文參考詞彙表（111學年度起適用）,LEVEL 6,官方清單,,,
ceec-108:level-6:dressing,dressing,'dresiŋ,n.,"n. 調味品, 穿衣, 化妝\n[化] 追肥",,,CEEC-108,6,,,,大考中心高中英文參考詞彙表（111學年度起適用）,LEVEL 6,官方清單,,,
ceec-108:level-6:dual,dual,'dju:әl,adj.,"a. 雙重的, 雙的\nn. 雙數",,,CEEC-108,6,,,,大考中心高中英文參考詞彙表（111學年度起適用）,LEVEL 6,官方清單,,,
ceec-108:level-6:dubious,dubious,'dju:biәs,adj.,"a. 可疑的, 不確定的",,,CEEC-108,6,,,,大考中心高中英文參考詞彙表（111學年度起適用）,LEVEL 6,官方清單,,,
ceec-108:level-6:duration,duration,dju'reiʃәn,n.,"n. 持續時間, 持續\n[計] 持續時間",,,CEEC-108,6,,,,大考中心高中英文參考詞彙表（111學年度起適用）,LEVEL 6,官方清單,,,
ceec-108:level-6:dusk,dusk,dʌsk,n.,"n. 薄暮, 傍晚, 黃昏\na. 微暗的\nv. (使)微暗",,,CEEC-108,6,,,,大考中心高中英文參考詞彙表（111學年度起適用）,LEVEL 6,官方清單,,,
ceec-108:level-6:dwarf,dwarf,dwɒ:f,n.|v.,"n. 矮子, 侏儒\nv. (使)變矮小",,,CEEC-108,6,,,,大考中心高中英文參考詞彙表（111學年度起適用）,LEVEL 6,官方清單,,,
ceec-108:level-6:dwell,dwell,dwel,v.,"vi. 居住, 居住(於), 存在(於)",,,CEEC-108,6,,,,大考中心高中英文參考詞彙表（111學年度起適用）,LEVEL 6,官方清單,,,
ceec-108:level-6:dwelling,dwelling,'dweliŋ,n.,n. 住處\n[醫] 住房,,,CEEC-108,6,,,,大考中心高中英文參考詞彙表（111學年度起適用）,LEVEL 6,官方清單,,,
ceec-108:level-6:eccentric,eccentric,ik'sentrik,adj.|n.,"n. 怪人, 偏心圓\na. 古怪的, 反常的, 不同圓心的",,,CEEC-108,6,,,,大考中心高中英文參考詞彙表（111學年度起適用）,LEVEL 6,官方清單,,,
ceec-108:level-6:eclipse,eclipse,i'klips,n.|v.,"n. 日食, 月食, (地位名譽等的)消失\nvt. 引起日食, 引起月食, 使黯然失色",,,CEEC-108,6,,,,大考中心高中英文參考詞彙表（111學年度起適用）,LEVEL 6,官方清單,,,
ceec-108:level-6:edible,edible,'edibl,adj.,"n. 食品, 食物\na. 可食用的",,,CEEC-108,6,,,,大考中心高中英文參考詞彙表（111學年度起適用）,LEVEL 6,官方清單,,,
ceec-108:level-6:editorial,editorial,.edi'tɒ:riәl,adj.|n.,"n. 社論, 評論\na. 編輯的, 主筆的, 社論的",,,CEEC-108,6,,,,大考中心高中英文參考詞彙表（111學年度起適用）,LEVEL 6,官方清單,,,
ceec-108:level-6:electrician,electrician,.ilek'triʃәn,n.,"n. 電學家, 電氣技師, 電工\n[化] 電工; 電氣工人",,,CEEC-108,6,,,,大考中心高中英文參考詞彙表（111學年度起適用）,LEVEL 6,官方清單,,,
ceec-108:level-6:elevate,elevate,'eliveit,v.,"vt. 舉起, 提拔, 鼓舞",,,CEEC-108,6,,,,大考中心高中英文參考詞彙表（111學年度起適用）,LEVEL 6,官方清單,,,
ceec-108:level-6:emigrant,emigrant,'emigrәnt,n.,"n. 移民, 僑民\na. 移民的, 移居的",,,CEEC-108,6,,,,大考中心高中英文參考詞彙表（111學年度起適用）,LEVEL 6,官方清單,,,
ceec-108:level-6:emigrate,emigrate,'emigreit,v.,"v. (使)移居, (使)移民",,,CEEC-108,6,,,,大考中心高中英文參考詞彙表（111學年度起適用）,LEVEL 6,官方清單,,,
ceec-108:level-6:emigration,emigration,.emi'greiʃәn,n.,"n. 移民, 移居外國(或外地)\n[醫] 血細胞滲出",,,CEEC-108,6,,,,大考中心高中英文參考詞彙表（111學年度起適用）,LEVEL 6,官方清單,,,
ceec-108:level-6:encyclopedia,encyclopedia,in.saiklәu'pi:diә,n.,n. 百科全書,,,CEEC-108,6,,,,大考中心高中英文參考詞彙表（111學年度起適用）,LEVEL 6,官方清單,,,
ceec-108:level-6:endeavor,endeavor,in'devә,n.|v.,"n. 努力, 盡力\nvi. 努力, 盡力",,,CEEC-108,6,,,,大考中心高中英文參考詞彙表（111學年度起適用）,LEVEL 6,官方清單,,,
ceec-108:level-6:endowment,endowment,in'daumәnt,n.,"n. 捐助, 天賦, 才能\n[經] 捐贈, 捐款, 養老金",,,CEEC-108,6,,,,大考中心高中英文參考詞彙表（111學年度起適用）,LEVEL 6,官方清單,,,
ceec-108:level-6:endurance,endurance,in'djuәrәns,n.,"n. 忍耐, 忍耐力, 耐性\n[機] 持九性",,,CEEC-108,6,,,,大考中心高中英文參考詞彙表（111學年度起適用）,LEVEL 6,官方清單,,,
ceec-108:level-6:enhance,enhance,in'hæns,v.,"vt. 提高, 加強, 增加",,,CEEC-108,6,,,,大考中心高中英文參考詞彙表（111學年度起適用）,LEVEL 6,官方清單,,,
ceec-108:level-6:enhancement,enhancement,in'hɑ:nsmәnt,n.,"n. 提高, 美化, 增進, 增強, 增加\n[計] 增強, 加強, 提高, 充實",,,CEEC-108,6,,,,大考中心高中英文參考詞彙表（111學年度起適用）,LEVEL 6,官方清單,,,
ceec-108:level-6:enlighten,enlighten,in'laitn,v.,"vt. 教育, 啟發, 啟蒙, 開導, 教導",,,CEEC-108,6,,,,大考中心高中英文參考詞彙表（111學年度起適用）,LEVEL 6,官方清單,,,
ceec-108:level-6:enlightenment,enlightenment,in'laitmәnt,n.,"n. 啟迪, 教化",,,CEEC-108,6,,,,大考中心高中英文參考詞彙表（111學年度起適用）,LEVEL 6,官方清單,,,
ceec-108:level-6:enrich,enrich,in'ritʃ,v.,"vt. 使富足, 使肥沃",,,CEEC-108,6,,,,大考中心高中英文參考詞彙表（111學年度起適用）,LEVEL 6,官方清單,,,
ceec-108:level-6:enrichment,enrichment,in'ritʃmәnt,n.,"n. 豐富, 肥沃\n[化] 富集",,,CEEC-108,6,,,,大考中心高中英文參考詞彙表（111學年度起適用）,LEVEL 6,官方清單,,,
ceec-108:level-6:enroll,enroll,in'rәul,v.,"vt. 登記, 使加入\nvi. 參軍, 註冊",,,CEEC-108,6,,,,大考中心高中英文參考詞彙表（111學年度起適用）,LEVEL 6,官方清單,,,
ceec-108:level-6:enrollment,enrollment,in'rәulmәnt,n.,"n. 登記, 註冊, 入伍\n[經] 登記, 註冊",,,CEEC-108,6,,,,大考中心高中英文參考詞彙表（111學年度起適用）,LEVEL 6,官方清單,,,
ceec-108:level-6:equalize,equalize,'i:kwәlaiz,v.,"vt. 使相等, 補償\nvi. 相等",,,CEEC-108,6,,,,大考中心高中英文參考詞彙表（111學年度起適用）,LEVEL 6,官方清單,,,
ceec-108:level-6:equate,equate,i'kweit,v.,"vt. 使相等, 視為平等\nvi. 等同",,,CEEC-108,6,,,,大考中心高中英文參考詞彙表（111學年度起適用）,LEVEL 6,官方清單,,,
ceec-108:level-6:escort,escort,'eskɒ:t,n.|v.,"n. 護送者, 護衛者, 護航艦\nvt. 護衛, 護送",,,CEEC-108,6,,,,大考中心高中英文參考詞彙表（111學年度起適用）,LEVEL 6,官方清單,,,
ceec-108:level-6:esteem,esteem,i'sti:m,n.|v.,"n. 尊敬, 尊重\nvt. 尊敬, 尊重, 認為",,,CEEC-108,6,,,,大考中心高中英文參考詞彙表（111學年度起適用）,LEVEL 6,官方清單,,,
ceec-108:level-6:eternity,eternity,i'tә:niti,n.,"n. 永遠, 來世, 不朽",,,CEEC-108,6,,,,大考中心高中英文參考詞彙表（111學年度起適用）,LEVEL 6,官方清單,,,
ceec-108:level-6:evacuate,evacuate,i'vækjueit,v.,"v. 疏散, 撤出, 排洩",,,CEEC-108,6,,,,大考中心高中英文參考詞彙表（111學年度起適用）,LEVEL 6,官方清單,,,
ceec-108:level-6:evergreen,evergreen,'evәgri:n,adj.|n.,"n. 常綠樹, 常綠植物\na. 常綠的",,,CEEC-108,6,,,,大考中心高中英文參考詞彙表（111學年度起適用）,LEVEL 6,官方清單,,,
ceec-108:level-6:evoke,evoke,i'vәuk,v.,"vt. 喚起, 引起, 召(魂)\n[法] 提審, 移送",,,CEEC-108,6,,,,大考中心高中英文參考詞彙表（111學年度起適用）,LEVEL 6,官方清單,,,
ceec-108:level-6:examinee,examinee,ig.zæmi'ni:,n.,"n. 受試人, 應試者\n[法] 受審人, 接受訊問者, 接受考試者",,,CEEC-108,6,,,,大考中心高中英文參考詞彙表（111學年度起適用）,LEVEL 6,官方清單,,,
ceec-108:level-6:examiner,examiner,ig'zæminә,n.,"n. 檢查人, 審查人, 主考者\n[化] 檢驗人; 驗收員",,,CEEC-108,6,,,,大考中心高中英文參考詞彙表（111學年度起適用）,LEVEL 6,官方清單,,,
ceec-108:level-6:excel,excel,ik'sel,v.,"vt. 勝過, 優於, 擅長\nvi. 勝過其他",,,CEEC-108,6,,,,大考中心高中英文參考詞彙表（111學年度起適用）,LEVEL 6,官方清單,,,
ceec-108:level-6:excerpt,excerpt,'eksә:pt,n.|v.,"n. 摘錄\nv. 引用, 摘錄",,,CEEC-108,6,,,,大考中心高中英文參考詞彙表（111學年度起適用）,LEVEL 6,官方清單,,,
ceec-108:level-6:excess,excess,ik'ses,adj.|n.,"n. 過度, 剩於, 超過, 超額\na. 過量的, 額外的",,,CEEC-108,6,,,,大考中心高中英文參考詞彙表（111學年度起適用）,LEVEL 6,官方清單,,,
ceec-108:level-6:exclusion,exclusion,ik'sklu:ʒәn,n.,"n. 排除, 除外, 逐出\n[醫] 排除, 除外, 分離術",,,CEEC-108,6,,,,大考中心高中英文參考詞彙表（111學年度起適用）,LEVEL 6,官方清單,,,
ceec-108:level-6:exempt,exempt,ig'zempt,adj.,"n. 免稅者, 被免除義務者\na. 免除的\nvt. 使免除, 豁免",,,CEEC-108,6,,,,大考中心高中英文參考詞彙表（111學年度起適用）,LEVEL 6,官方清單,,,
ceec-108:level-6:exert,exert,ig'zә:t,v.,"vt. 發揮, 運用, 施以影響\n[法] 施加, 產生, 行使",,,CEEC-108,6,,,,大考中心高中英文參考詞彙表（111學年度起適用）,LEVEL 6,官方清單,,,
ceec-108:level-6:expenditure,expenditure,ik'spenditʃә,n.,"n. 開支, 費用, 用光, 消費額\n[經] 支出, 費用, 消費",,,CEEC-108,6,,,,大考中心高中英文參考詞彙表（111學年度起適用）,LEVEL 6,官方清單,,,
ceec-108:level-6:expiration,expiration,.ekspi'reiʃәn,n.,"n. 終止, 滿期, 撥出, 呼氣\n[醫] 呼[氣], 斷氣, 死亡",,,CEEC-108,6,,,,大考中心高中英文參考詞彙表（111學年度起適用）,LEVEL 6,官方清單,,,
ceec-108:level-6:expire,expire,ik'spaiә,v.,"vi. 期滿, 呼氣, 斷氣\nvt. 撥出",,,CEEC-108,6,,,,大考中心高中英文參考詞彙表（111學年度起適用）,LEVEL 6,官方清單,,,
ceec-108:level-6:extract,extract,ik'strækt,n.|v.,"n. 榨出物, 精汁, 摘錄, 選段\nvt. (費力地)取出, 採掘, 榨取, 摘錄, 吸取\n[計] 提取",,,CEEC-108,6,,,,大考中心高中英文參考詞彙表（111學年度起適用）,LEVEL 6,官方清單,,,
ceec-108:level-6:extracurricular,extracurricular,.ekstrәkә'rikjulә,adj.,"a. 課外的, 業餘的",,,CEEC-108,6,,,,大考中心高中英文參考詞彙表（111學年度起適用）,LEVEL 6,官方清單,,,
ceec-108:level-6:eyelash,eyelash,'ailæʃ,n.,n. 睫毛\n[醫] 睫[毛],,,CEEC-108,6,,,,大考中心高中英文參考詞彙表（111學年度起適用）,LEVEL 6,官方清單,,,
ceec-108:level-6:eyelid,eyelid,'ailid,n.,"n. 眼皮, 眼瞼\n[醫] 瞼",,,CEEC-108,6,,,,大考中心高中英文參考詞彙表（111學年度起適用）,LEVEL 6,官方清單,,,
ceec-108:level-6:eyesight,eyesight,'aisait,n.,"n. 視力, 目力",,,CEEC-108,6,,,,大考中心高中英文參考詞彙表（111學年度起適用）,LEVEL 6,官方清單,,,
ceec-108:level-6:fable,fable,'feibl,n.,"n. 寓言, 神話, 謊言\nvi. 虛構, 作寓言",,,CEEC-108,6,,,,大考中心高中英文參考詞彙表（111學年度起適用）,LEVEL 6,官方清單,,,
ceec-108:level-6:faction,faction,'fækʃәn,n.,"n. 小派系, 內訌\n[法] 宗派, 派別, 小集團",,,CEEC-108,6,,,,大考中心高中英文參考詞彙表（111學年度起適用）,LEVEL 6,官方清單,,,
ceec-108:level-6:fahrenheit,Fahrenheit,'færәnhait,n.,a. 華氏溫度計的\nn. 華氏溫度計,,,CEEC-108,6,,,,大考中心高中英文參考詞彙表（111學年度起適用）,LEVEL 6,官方清單,,,
ceec-108:level-6:falter,falter,'fɒ:ltә,v.,"vt. 支吾地說\nvi. 支吾, 蹣跚地走\nn. 顫抖, 支吾, 躊躇",,,CEEC-108,6,,,,大考中心高中英文參考詞彙表（111學年度起適用）,LEVEL 6,官方清單,,,
ceec-108:level-6:familiarity,familiarity,fә.mili'æriti,n.,"n. 熟悉, 精通, 親密",,,CEEC-108,6,,,,大考中心高中英文參考詞彙表（111學年度起適用）,LEVEL 6,官方清單,,,
ceec-108:level-6:fascination,fascination,.fæsi'neiʃәn,n.,"n. 令人著迷的事物, 入迷, 魅力",,,CEEC-108,6,,,,大考中心高中英文參考詞彙表（111學年度起適用）,LEVEL 6,官方清單,,,
ceec-108:level-6:feasible,feasible,'fi:zәbl,adj.,"a. 能實行的, 可行的, 適宜的\n[法] 可行的, 可執行的, 可完成的",,,CEEC-108,6,,,,大考中心高中英文參考詞彙表（111學年度起適用）,LEVEL 6,官方清單,,,
ceec-108:level-6:feeble,feeble,fi:bl,adj.,"a. 微弱的, 衰弱的, 無效的\n[醫] 無力的, 衰弱的",,,CEEC-108,6,,,,大考中心高中英文參考詞彙表（111學年度起適用）,LEVEL 6,官方清單,,,
ceec-108:level-6:feminine,feminine,'feminin,adj.|n.,"a. 女性的, 陰性的, 柔弱的\n[醫] 女性的, 雌性的",,,CEEC-108,6,,,,大考中心高中英文參考詞彙表（111學年度起適用）,LEVEL 6,官方清單,,,
ceec-108:level-6:fertility,fertility,fә'tiliti,n.,"n. 肥沃, 豐饒, 生產力\n[醫] 生育力",,,CEEC-108,6,,,,大考中心高中英文參考詞彙表（111學年度起適用）,LEVEL 6,官方清單,,,
ceec-108:level-6:fertilizer,fertilizer,'fә:tilaizә,n.,"n. 肥料, 促進發展者, 受精媒介物\n[化] 肥料",,,CEEC-108,6,,,,大考中心高中英文參考詞彙表（111學年度起適用）,LEVEL 6,官方清單,,,
ceec-108:level-6:fiance,fiance,fi'ɒnsei,n.,n. 未婚夫,,,CEEC-108,6,,,,大考中心高中英文參考詞彙表（111學年度起適用）,LEVEL 6,官方清單,,,
ceec-108:level-6:fiancé,fiancé,,n.,待補中文釋義,,,CEEC-108,6,,,,大考中心高中英文參考詞彙表（111學年度起適用）,LEVEL 6,官方清單,,,
ceec-108:level-6:fin,fin,fin,n.,"n. 鰭, 魚翅, 鰭狀物, 五元紙幣\nvi. 猛揮鰭\nvt. 裝上翅, 切除鰭",,,CEEC-108,6,,,,大考中心高中英文參考詞彙表（111學年度起適用）,LEVEL 6,官方清單,,,
ceec-108:level-6:finite,finite,'fainait,adj.,"a. 有限的, 有窮的, 限定的\nn. 有限物",,,CEEC-108,6,,,,大考中心高中英文參考詞彙表（111學年度起適用）,LEVEL 6,官方清單,,,
ceec-108:level-6:firecracker,firecracker,'faiәkrækә,n.,"n. 爆竹, 鞭炮\n[化] 爆竹; 鞭炮",,,CEEC-108,6,,,,大考中心高中英文參考詞彙表（111學年度起適用）,LEVEL 6,官方清單,,,
ceec-108:level-6:fireproof,fireproof,'faiәpru:f,adj.,"a. 耐火的, 防火的\nvi. 變成有耐火性",,,CEEC-108,6,,,,大考中心高中英文參考詞彙表（111學年度起適用）,LEVEL 6,官方清單,,,
ceec-108:level-6:fishery,fishery,'fiʃәri,n.,"n. 漁業\n[法] 捕魚, 捕魚權",,,CEEC-108,6,,,,大考中心高中英文參考詞彙表（111學年度起適用）,LEVEL 6,官方清單,,,
ceec-108:level-6:flake,flake,fleik,n.|v.,"n. 小薄片, 扁薄的一層, 火星, 曬魚架子\nvt. 使成薄片\nvi. 剝落",,,CEEC-108,6,,,,大考中心高中英文參考詞彙表（111學年度起適用）,LEVEL 6,官方清單,,,
ceec-108:level-6:flaw,flaw,flɒ:,n.|v.,"n. 缺點, 裂紋, 瑕疵, 一陣狂風\n[化] 劃痕; 裂縫; 裂紋",,,CEEC-108,6,,,,大考中心高中英文參考詞彙表（111學年度起適用）,LEVEL 6,官方清單,,,
ceec-108:level-6:flourish,flourish,'flʌriʃ,n.|v.,"vi. 繁榮, 茂盛, 活躍, 手舞足蹈\nvt. 揮舞, 誇耀\nn. 揮舞, 炫耀, 茂盛, 興旺, 華麗詞藻",,,CEEC-108,6,,,,大考中心高中英文參考詞彙表（111學年度起適用）,LEVEL 6,官方清單,,,
ceec-108:level-6:flunk,flunk,flʌŋk,n.|v.,"n. 失敗, 不及格\nvi. 失敗, 考試不及格, 放棄\nvt. 使不及格",,,CEEC-108,6,,,,大考中心高中英文參考詞彙表（111學年度起適用）,LEVEL 6,官方清單,,,
ceec-108:level-6:foe,foe,fou,n.,"n. 仇敵, 反對者, 敵人, 對手",,,CEEC-108,6,,,,大考中心高中英文參考詞彙表（111學年度起適用）,LEVEL 6,官方清單,,,
ceec-108:level-6:folklore,folklore,'fәuklɒ:,n.,"n. 民俗學, 民間風俗, 民間傳說",,,CEEC-108,6,,,,大考中心高中英文參考詞彙表（111學年度起適用）,LEVEL 6,官方清單,,,
ceec-108:level-6:formidable,formidable,'fɒ:midәbl,adj.,"a. 巨大的, 優秀的, 可怕的, 艱難的",,,CEEC-108,6,,,,大考中心高中英文參考詞彙表（111學年度起適用）,LEVEL 6,官方清單,,,
ceec-108:level-6:formulate,formulate,'fɒ:mjuleit,v.,"vt. 用公式表示, 明確敘述, 制訂\n[機] 公式化, 公式表示",,,CEEC-108,6,,,,大考中心高中英文參考詞彙表（111學年度起適用）,LEVEL 6,官方清單,,,
ceec-108:level-6:forsake,forsake,fә'seik,v.,"vt. 放棄, 斷念, 拋棄\n[法] 遺棄, 拋棄, 摒絕",,,CEEC-108,6,,,,大考中心高中英文參考詞彙表（111學年度起適用）,LEVEL 6,官方清單,,,
ceec-108:level-6:forthcoming,forthcoming,'fɒ:θ'kʌmɑŋ,adj.,a. 即將來臨的\nn. 來臨,,,CEEC-108,6,,,,大考中心高中英文參考詞彙表（111學年度起適用）,LEVEL 6,官方清單,,,
ceec-108:level-6:fortify,fortify,'fɒ:tifai,v.,"vt. 設要塞於, 加強, 使堅強, 增加\nvi. 築防禦工事",,,CEEC-108,6,,,,大考中心高中英文參考詞彙表（111學年度起適用）,LEVEL 6,官方清單,,,
ceec-108:level-6:fowl,fowl,faul,n.,"n. 鳥, 飛禽, 家禽\nvi. 打鳥",,,CEEC-108,6,,,,大考中心高中英文參考詞彙表（111學年度起適用）,LEVEL 6,官方清單,,,
ceec-108:level-6:fracture,fracture,'fræktʃә,n.|v.,"n. 破碎, 骨折\nv. (使)破碎, (使)破裂",,,CEEC-108,6,,,,大考中心高中英文參考詞彙表（111學年度起適用）,LEVEL 6,官方清單,,,
ceec-108:level-6:fragrance,fragrance,'freigrәns,n.,"n. 芬芳, 香味",,,CEEC-108,6,,,,大考中心高中英文參考詞彙表（111學年度起適用）,LEVEL 6,官方清單,,,
ceec-108:level-6:fragrant,fragrant,'freigrәnt,adj.,"a. 芬香的, 馥郁的, 愉快的",,,CEEC-108,6,,,,大考中心高中英文參考詞彙表（111學年度起適用）,LEVEL 6,官方清單,,,
ceec-108:level-6:frantic,frantic,'fræntik,adj.,"a. 狂亂的, 瘋狂的",,,CEEC-108,6,,,,大考中心高中英文參考詞彙表（111學年度起適用）,LEVEL 6,官方清單,,,
ceec-108:level-6:freak,freak,fri:k,n.|v.,"n. 畸形人, 畸形物, 不正常的事物, 反覆無常\na. 奇異的, 反常的",,,CEEC-108,6,,,,大考中心高中英文參考詞彙表（111學年度起適用）,LEVEL 6,官方清單,,,
ceec-108:level-6:freeway,freeway,'fri:wei,n.,n. 高速公路,,,CEEC-108,6,,,,大考中心高中英文參考詞彙表（111學年度起適用）,LEVEL 6,官方清單,,,
ceec-108:level-6:friction,friction,'frikʃәn,n.,"n. 摩擦, 摩擦治療, 不和\n[醫] 摩擦",,,CEEC-108,6,,,,大考中心高中英文參考詞彙表（111學年度起適用）,LEVEL 6,官方清單,,,
ceec-108:level-6:fume,fume,fju:m,n.|v.,"n. 臭氣, 煙, 激怒\nvt. 燻\nvi. 冒煙",,,CEEC-108,6,,,,大考中心高中英文參考詞彙表（111學年度起適用）,LEVEL 6,官方清單,,,
ceec-108:level-6:fury,fury,'fjuri,n.,"n. 憤怒, 狂暴, 狂怒的人\n[醫] 狂亂, 狂暴, 狂怒",,,CEEC-108,6,,,,大考中心高中英文參考詞彙表（111學年度起適用）,LEVEL 6,官方清單,,,
ceec-108:level-6:fuse,fuse,fju:z,n.|v.,"n. 保險絲, 導火線\nv. 熔化, 融合",,,CEEC-108,6,,,,大考中心高中英文參考詞彙表（111學年度起適用）,LEVEL 6,官方清單,,,
ceec-108:level-6:fuss,fuss,fʌs,n.|v.,"n. 大驚小怪, 小題大作, 忙亂\nvi. 無事自擾, 焦急, 焦燥, 忙亂\nvt. 使激動, 使煩燥",,,CEEC-108,6,,,,大考中心高中英文參考詞彙表（111學年度起適用）,LEVEL 6,官方清單,,,
ceec-108:level-6:gallop,gallop,'gælәp,n.|v.,"n. 疾馳, 飛奔\nvi. 飛馳, 急速進行, 急急忙忙地說\nvt. 使飛跑, 迅速運輸",,,CEEC-108,6,,,,大考中心高中英文參考詞彙表（111學年度起適用）,LEVEL 6,官方清單,,,
ceec-108:level-6:gangster,gangster,'gæŋstә,n.,"n. 流氓, 歹徒\n[法] 暴徒, 惡棍, 打手",,,CEEC-108,6,,,,大考中心高中英文參考詞彙表（111學年度起適用）,LEVEL 6,官方清單,,,
ceec-108:level-6:garment,garment,'gɑ:mәnt,n.,"n. 衣服, 衣裝, 外表",,,CEEC-108,6,,,,大考中心高中英文參考詞彙表（111學年度起適用）,LEVEL 6,官方清單,,,
ceec-108:level-6:gauge,gauge,geidʒ,n.|v.,"n. 標準度量, 計量器\nvt. 精確計量, 估計\n[計] 線規",,,CEEC-108,6,,,,大考中心高中英文參考詞彙表（111學年度起適用）,LEVEL 6,官方清單,,,
ceec-108:level-6:gay,gay,gei,adj.|n.,"a. 歡快的, 豔麗的, 快樂的, 放蕩的",,,CEEC-108,6,,,,大考中心高中英文參考詞彙表（111學年度起適用）,LEVEL 6,官方清單,,,
ceec-108:level-6:geographical,geographical,dʒiә'græfikl,adj.,"a. 地理學的, 地理的",,,CEEC-108,6,,,,大考中心高中英文參考詞彙表（111學年度起適用）,LEVEL 6,官方清單,,,
ceec-108:level-6:geometry,geometry,dʒi'ɒmәtri,n.,n. 幾何學\n[機] 幾何學,,,CEEC-108,6,,,,大考中心高中英文參考詞彙表（111學年度起適用）,LEVEL 6,官方清單,,,
ceec-108:level-6:glacier,glacier,'gleiʃә,n.,n. 冰川,,,CEEC-108,6,,,,大考中心高中英文參考詞彙表（111學年度起適用）,LEVEL 6,官方清單,,,
ceec-108:level-6:glamorous,glamorous,'glæmәrәs,adj.,"a. 富有魅力的, 迷人的",,,CEEC-108,6,,,,大考中心高中英文參考詞彙表（111學年度起適用）,LEVEL 6,官方清單,,,
ceec-108:level-6:glamour,glamour,'glæmә,n.,"n. 魅力, 迷人的美, 魔法\nvt. 迷惑",,,CEEC-108,6,,,,大考中心高中英文參考詞彙表（111學年度起適用）,LEVEL 6,官方清單,,,
ceec-108:level-6:gleam,gleam,gli:m,n.|v.,"n. 光束, 微光, 反光\nvi. 閃爍, 隱約地閃現\nvt. 使發微光, 使閃爍",,,CEEC-108,6,,,,大考中心高中英文參考詞彙表（111學年度起適用）,LEVEL 6,官方清單,,,
ceec-108:level-6:glide,glide,glaid,n.|v.,"n. 滑動, 滑過, 流水\nvi. 滑動, 滑翔, 溜走, 流逝\nvt. 使滑動",,,CEEC-108,6,,,,大考中心高中英文參考詞彙表（111學年度起適用）,LEVEL 6,官方清單,,,
ceec-108:level-6:glitter,glitter,'glitә,n.|v.,"n. 燦爛, 閃爍, 輝耀\nvi. 燦爛, 閃爍, 輝耀",,,CEEC-108,6,,,,大考中心高中英文參考詞彙表（111學年度起適用）,LEVEL 6,官方清單,,,
ceec-108:level-6:gloom,gloom,glu:m,n.|v.,"n. 憂鬱, 暗處, 幽暗\nvi. 變憂沉, 變黑暗\nvt. 使憂鬱, 使黑暗",,,CEEC-108,6,,,,大考中心高中英文參考詞彙表（111學年度起適用）,LEVEL 6,官方清單,,,
ceec-108:level-6:goalkeeper,goalkeeper,'gәulki:pә,n.,n. 守門員,,,CEEC-108,6,,,,大考中心高中英文參考詞彙表（111學年度起適用）,LEVEL 6,官方清單,,,
ceec-108:level-6:goodwill,goodwill,^jd'wil,n.,"n. 友好, 好意, 善意, 親善, (企業享有的)信譽, 聲譽\n[經] (企業的)商譽, 信譽",,,CEEC-108,6,,,,大考中心高中英文參考詞彙表（111學年度起適用）,LEVEL 6,官方清單,,,
ceec-108:level-6:gorilla,gorilla,gә'rilә,n.,"n. 大猩猩, 殘暴的男人, 歹徒",,,CEEC-108,6,,,,大考中心高中英文參考詞彙表（111學年度起適用）,LEVEL 6,官方清單,,,
ceec-108:level-6:gospel,gospel,'gɒspәl,n.,"n. 福音, 信仰, 真理",,,CEEC-108,6,,,,大考中心高中英文參考詞彙表（111學年度起適用）,LEVEL 6,官方清單,,,
ceec-108:level-6:grapefruit,grapefruit,'greipfru:t,n.,n. 葡萄軸,,,CEEC-108,6,,,,大考中心高中英文參考詞彙表（111學年度起適用）,LEVEL 6,官方清單,,,
ceec-108:level-6:graze,graze,greiz,v.,"n. 吃草, 放牧, 擦傷, 輕擦\nv. (使)吃草, 放牧, 輕擦, 擦傷",,,CEEC-108,6,,,,大考中心高中英文參考詞彙表（111學年度起適用）,LEVEL 6,官方清單,,,
ceec-108:level-6:grease,grease,gri:s,n.|v.,"n. 脂肪, 獸脂, 油脂, 賄賂\nvt. 塗脂於, 賄賂",,,CEEC-108,6,,,,大考中心高中英文參考詞彙表（111學年度起適用）,LEVEL 6,官方清單,,,
ceec-108:level-6:groan,groan,grәun,n.|v.,"n. 呻吟, 嘆息\nvi. 呻吟, 抱怨, 受壓迫\nvt. 呻吟地說",,,CEEC-108,6,,,,大考中心高中英文參考詞彙表（111學年度起適用）,LEVEL 6,官方清單,,,
ceec-108:level-6:growl,growl,graul,n.|v.,"n. 吠聲, 咆哮聲\nv. 怒吠, 咆哮, 吼",,,CEEC-108,6,,,,大考中心高中英文參考詞彙表（111學年度起適用）,LEVEL 6,官方清單,,,
ceec-108:level-6:grumble,grumble,'grʌmbl,n.|v.,"n. 怨言, 滿腹牢騷\nvi. 抱怨, 發牢騷, 發隆隆聲\nvt. 抱怨",,,CEEC-108,6,,,,大考中心高中英文參考詞彙表（111學年度起適用）,LEVEL 6,官方清單,,,
ceec-108:level-6:gull,gull,gʌl,n.,"n. 鷗, 易受騙之人, 呆子\nvt. 欺詐, 騙",,,CEEC-108,6,,,,大考中心高中英文參考詞彙表（111學年度起適用）,LEVEL 6,官方清單,,,
ceec-108:level-6:hacker,hacker,'hækә,n.,"[計] 計算機竊賊, 計算機新技術挑戰者, 駭客",,,CEEC-108,6,,,,大考中心高中英文參考詞彙表（111學年度起適用）,LEVEL 6,官方清單,,,
ceec-108:level-6:hail,hail,heil,n.|v.,"n. 冰雹, 致敬, 歡呼, 招呼\nvt. 向...歡呼, 致敬, 招呼, 使象下雹樣落下\nvi. 招呼, 下雹\ninterj. 萬歲, 歡迎",,,CEEC-108,6,,,,大考中心高中英文參考詞彙表（111學年度起適用）,LEVEL 6,官方清單,,,
ceec-108:level-6:hamper,hamper,'hæpә,v.,"n. 食籃, 阻礙物, 食盒\nvt. 阻礙, 使困累, 妨礙, 牽制",,,CEEC-108,6,,,,大考中心高中英文參考詞彙表（111學年度起適用）,LEVEL 6,官方清單,,,
ceec-108:level-6:handicap,handicap,'hændikæp,n.|v.,"n. 障礙, 困難, 不利條件\nvt. 加障礙於, 妨礙",,,CEEC-108,6,,,,大考中心高中英文參考詞彙表（111學年度起適用）,LEVEL 6,官方清單,,,
ceec-108:level-6:handicraft,handicraft,'hændikræft,n.,"n. 手工藝, 手藝\n[經] 手工業, 手工",,,CEEC-108,6,,,,大考中心高中英文參考詞彙表（111學年度起適用）,LEVEL 6,官方清單,,,
ceec-108:level-6:harass,harass,'hærәs,v.,"vt. 使困擾, 使煩惱, 折磨",,,CEEC-108,6,,,,大考中心高中英文參考詞彙表（111學年度起適用）,LEVEL 6,官方清單,,,
ceec-108:level-6:harassment,harassment,'hærәsmәnt,n.,"n. 困擾, 煩擾, 煩惱\n[法] 折磨, 騷擾, 侵擾",,,CEEC-108,6,,,,大考中心高中英文參考詞彙表（111學年度起適用）,LEVEL 6,官方清單,,,
ceec-108:level-6:harden,harden,hɑ:dn,v.,"vt. 使變硬, 使堅強, 使冷酷\nvi. 變硬, 變冷酷",,,CEEC-108,6,,,,大考中心高中英文參考詞彙表（111學年度起適用）,LEVEL 6,官方清單,,,
ceec-108:level-6:harmonica,harmonica,hɑ:'mɒnikә,n.,"n. 口琴, 玻璃鐘琴\n[醫] 氫氣發音管",,,CEEC-108,6,,,,大考中心高中英文參考詞彙表（111學年度起適用）,LEVEL 6,官方清單,,,
ceec-108:level-6:harness,harness,'hɑ:nis,n.|v.,"n. 馬具, 挽具狀帶子, 甲冑\nvt. 給...上挽具, 駕馭, 披上甲冑, 利用...以產生動力",,,CEEC-108,6,,,,大考中心高中英文參考詞彙表（111學年度起適用）,LEVEL 6,官方清單,,,
ceec-108:level-6:haunt,haunt,hɒ:nt,n.|v.,"n. 常到的地方, 生息地\nvt. 常到, 出沒於, 縈繞於\nvi. 出沒, 作祟",,,CEEC-108,6,,,,大考中心高中英文參考詞彙表（111學年度起適用）,LEVEL 6,官方清單,,,
ceec-108:level-6:headphone,headphone,'hedfәun,n.,"n. 戴在頭上的收話器, 耳機\n[電] 頭載數話器",,,CEEC-108,6,,,,大考中心高中英文參考詞彙表（111學年度起適用）,LEVEL 6,官方清單,,,
ceec-108:level-6:healthful,healthful,'helθful,adj.,"a. 有益健康的, 使人健康的, 衛生的\n[法] 有益健康的, 健康的, 衛生的",,,CEEC-108,6,,,,大考中心高中英文參考詞彙表（111學年度起適用）,LEVEL 6,官方清單,,,
ceec-108:level-6:hearty,hearty,'hɑ:ti,adj.,"a. 誠懇的, 健壯的, 熱烈的, 豐盛的",,,CEEC-108,6,,,,大考中心高中英文參考詞彙表（111學年度起適用）,LEVEL 6,官方清單,,,
ceec-108:level-6:hedge,hedge,hedʒ,n.|v.,"n. 樹籬, 障礙, 套頭交易\nvt. 用樹籬圍, 套期保值, 妨礙, 兩面下注以防...的損失\nvi. 築樹籬, 躲閃, 兩面下注以防損失\na. 樹籬的, 偷偷摸摸的",,,CEEC-108,6,,,,大考中心高中英文參考詞彙表（111學年度起適用）,LEVEL 6,官方清單,,,
ceec-108:level-6:heighten,heighten,'haitn,v.,"vt. 增高, 提高, 加強\nvi. 升高, 變大",,,CEEC-108,6,,,,大考中心高中英文參考詞彙表（111學年度起適用）,LEVEL 6,官方清單,,,
ceec-108:level-6:hemisphere,hemisphere,'hemisfiә,n.,"n. 半球, 地球的半面, 大腦半球\n[醫] 半球",,,CEEC-108,6,,,,大考中心高中英文參考詞彙表（111學年度起適用）,LEVEL 6,官方清單,,,
ceec-108:level-6:heroic,heroic,hi'rәuik,adj.|n.,"a. 英勇的, 英雄式的, 壯麗雄偉的\nn. 英雄詩, 史詩, 英勇行為",,,CEEC-108,6,,,,大考中心高中英文參考詞彙表（111學年度起適用）,LEVEL 6,官方清單,,,
ceec-108:level-6:heroin,heroin,'herәuin,n.,"n. 海洛因, 嗎啡\n[化] 海洛因; 二醋嗎啡; 二乙醯嗎啡",,,CEEC-108,6,,,,大考中心高中英文參考詞彙表（111學年度起適用）,LEVEL 6,官方清單,,,
ceec-108:level-6:heterosexual,heterosexual,.hetәrә'sekʃuәl,adj.|n.,"a. 異性的, 異性愛的\nn. 異性戀的人",,,CEEC-108,6,,,,大考中心高中英文參考詞彙表（111學年度起適用）,LEVEL 6,官方清單,,,
ceec-108:level-6:hierarchy,hierarchy,'haiәrɑ:ki,n.,"n. 等級制度, 僧侶統治, 等級體系\n[計] 分級結構; 分層結構; 新聞組, 新聞組分層",,,CEEC-108,6,,,,大考中心高中英文參考詞彙表（111學年度起適用）,LEVEL 6,官方清單,,,
ceec-108:level-6:hijack,hijack,'haidʒæk,n.|v.,"vt. 搶劫, 劫持, 敲詐\n[法] 擋路搶劫, 搶劫, 綁架",,,CEEC-108,6,,,,大考中心高中英文參考詞彙表（111學年度起適用）,LEVEL 6,官方清單,,,
ceec-108:level-6:hoarse,hoarse,hɒ:s,adj.,"a. 沙啞的, 嘶啞的\n[醫] 聲嘶的",,,CEEC-108,6,,,,大考中心高中英文參考詞彙表（111學年度起適用）,LEVEL 6,官方清單,,,
ceec-108:level-6:homosexual,homosexual,.hɒmәu'sekjuәl,adj.|n.,a. 同性戀的\nn. 同性戀者,,,CEEC-108,6,,,,大考中心高中英文參考詞彙表（111學年度起適用）,LEVEL 6,官方清單,,,
ceec-108:level-6:honorary,honorary,'ɒnәrәri,adj.,"a. 榮譽的, 無報酬的, 道義上的\n[法] 名譽的, 榮譽的",,,CEEC-108,6,,,,大考中心高中英文參考詞彙表（111學年度起適用）,LEVEL 6,官方清單,,,
ceec-108:level-6:hospitable,hospitable,'hɒspitәbl,adj.,"a. 好客的, 招待周到的",,,CEEC-108,6,,,,大考中心高中英文參考詞彙表（111學年度起適用）,LEVEL 6,官方清單,,,
ceec-108:level-6:hospitality,hospitality,.hɒspi'tæliti,n.,"n. 款待, 親切, 殷勤",,,CEEC-108,6,,,,大考中心高中英文參考詞彙表（111學年度起適用）,LEVEL 6,官方清單,,,
ceec-108:level-6:hospitalize,hospitalize,'hɒspitәlaiz,v.,vt. 送...進醫院治療\n[醫] 入院,,,CEEC-108,6,,,,大考中心高中英文參考詞彙表（111學年度起適用）,LEVEL 6,官方清單,,,
ceec-108:level-6:hostel,hostel,'hɒstәl,n.,"n. 青年招待所, 宿舍, 旅店",,,CEEC-108,6,,,,大考中心高中英文參考詞彙表（111學年度起適用）,LEVEL 6,官方清單,,,
ceec-108:level-6:hover,hover,'hʌvә,n.|v.,"vi. 盤旋, 翱翔, 徘徊\nvt. 孵\nn. 翱翔",,,CEEC-108,6,,,,大考中心高中英文參考詞彙表（111學年度起適用）,LEVEL 6,官方清單,,,
ceec-108:level-6:humiliate,humiliate,hju:'milieit,v.,"vt. 使丟臉, 使蒙羞, 屈辱",,,CEEC-108,6,,,,大考中心高中英文參考詞彙表（111學年度起適用）,LEVEL 6,官方清單,,,
ceec-108:level-6:hunch,hunch,hʌntʃ,n.|v.,"n. 肉峰, 預感, 大塊\nvt. 彎腰駝背, 預感到, 聳肩\nvi. 向前移動, 隆起",,,CEEC-108,6,,,,大考中心高中英文參考詞彙表（111學年度起適用）,LEVEL 6,官方清單,,,
ceec-108:level-6:hurdle,hurdle,'hә:dl,n.|v.,"n. 障礙, 跳欄, 臨時活動籬笆\nvt. 用籬笆圍, 越過, 克服",,,CEEC-108,6,,,,大考中心高中英文參考詞彙表（111學年度起適用）,LEVEL 6,官方清單,,,
ceec-108:level-6:hybrid,hybrid,'haibrid,adj.|n.,"n. 混血兒, 雜種, 混合物\na. 混合的, 雜種的, 混合語的\n[計] NetWare的主機實用程式, 雙重使用者建立程式",,,CEEC-108,6,,,,大考中心高中英文參考詞彙表（111學年度起適用）,LEVEL 6,官方清單,,,
ceec-108:level-6:hygiene,hygiene,'haidʒi:n,n.,"n. 衛生保健, 衛生學, 保健法\n[醫] 衛生, 衛生學",,,CEEC-108,6,,,,大考中心高中英文參考詞彙表（111學年度起適用）,LEVEL 6,官方清單,,,
ceec-108:level-6:hypocrite,hypocrite,'hipәkrit,n.,"n. 偽君子, 偽善者",,,CEEC-108,6,,,,大考中心高中英文參考詞彙表（111學年度起適用）,LEVEL 6,官方清單,,,
ceec-108:level-6:iceberg,iceberg,'aisbә:g,n.,"n. 冰山, 冷冰冰的人",,,CEEC-108,6,,,,大考中心高中英文參考詞彙表（111學年度起適用）,LEVEL 6,官方清單,,,
ceec-108:level-6:illuminate,illuminate,i'lju:mineit,v.,"vt. 照明, 用燈裝飾, 闡明, 說明, 使燦爛\nvi. 照亮, 用燈裝飾",,,CEEC-108,6,,,,大考中心高中英文參考詞彙表（111學年度起適用）,LEVEL 6,官方清單,,,
ceec-108:level-6:imminent,imminent,'iminәnt,adj.,"a. 即將來臨的, 逼近的",,,CEEC-108,6,,,,大考中心高中英文參考詞彙表（111學年度起適用）,LEVEL 6,官方清單,,,
ceec-108:level-6:imperative,imperative,im'perәtiv,adj.|n.,"n. 命令, 必要的事, 規則, 祈使語氣\na. 命令式的, 急需的, 勢在必行的, 強制的",,,CEEC-108,6,,,,大考中心高中英文參考詞彙表（111學年度起適用）,LEVEL 6,官方清單,,,
ceec-108:level-6:imperial,imperial,im'piәriәl,adj.,"a. 帝王的, 宗主國的, 至尊的, 壯麗的\nn. 特等品",,,CEEC-108,6,,,,大考中心高中英文參考詞彙表（111學年度起適用）,LEVEL 6,官方清單,,,
ceec-108:level-6:implicit,implicit,im'plisit,adj.,"a. 暗示的, 含蓄的, 固有的, 絕對的\n[經] 不講明的, 含蓄的",,,CEEC-108,6,,,,大考中心高中英文參考詞彙表（111學年度起適用）,LEVEL 6,官方清單,,,
ceec-108:level-6:imposing,imposing,im'pәuziŋ,adj.,"a. 令人難忘的, 壯麗的, 威風的",,,CEEC-108,6,,,,大考中心高中英文參考詞彙表（111學年度起適用）,LEVEL 6,官方清單,,,
ceec-108:level-6:imprison,imprison,im'prizn,v.,"vt. 使下獄, 關閉, 拘禁, 限制\n[法] 關押, 監禁, 限制",,,CEEC-108,6,,,,大考中心高中英文參考詞彙表（111學年度起適用）,LEVEL 6,官方清單,,,
ceec-108:level-6:imprisonment,imprisonment,im'priznmәnt,n.,"n. 監禁, 下獄, 坐牢\n[法] 監禁, 徒刑, 拘禁",,,CEEC-108,6,,,,大考中心高中英文參考詞彙表（111學年度起適用）,LEVEL 6,官方清單,,,
ceec-108:level-6:incline,incline,in'klain,n.|v.,"n. 傾斜, 斜坡, 斜面\nvt. 使傾向於, 使傾斜\nvi. 傾向, 傾斜, 愛好, 易於",,,CEEC-108,6,,,,大考中心高中英文參考詞彙表（111學年度起適用）,LEVEL 6,官方清單,,,
ceec-108:level-6:inclusive,inclusive,in'klu:siv,adj.,"a. 包含的, 包括的",,,CEEC-108,6,,,,大考中心高中英文參考詞彙表（111學年度起適用）,LEVEL 6,官方清單,,,
ceec-108:level-6:incur,incur,in'kә:,v.,"vt. 招致, 蒙受, 遭遇\n[經] 招致, 蒙受, 擔負",,,CEEC-108,6,,,,大考中心高中英文參考詞彙表（111學年度起適用）,LEVEL 6,官方清單,,,
ceec-108:level-6:indifference,indifference,in'difәrәns,n.,"n. 不重視, 無興趣, 漠不關心\n[法] 中立, 不偏袒, 不重視",,,CEEC-108,6,,,,大考中心高中英文參考詞彙表（111學年度起適用）,LEVEL 6,官方清單,,,
ceec-108:level-6:indignant,indignant,in'dignәnt,adj.,"a. 憤怒的, 憤慨的",,,CEEC-108,6,,,,大考中心高中英文參考詞彙表（111學年度起適用）,LEVEL 6,官方清單,,,
ceec-108:level-6:induce,induce,in'dju:s,v.,"vt. 引誘, 招致, 歸納出, 感應\n[醫] 誘導, 感應",,,CEEC-108,6,,,,大考中心高中英文參考詞彙表（111學年度起適用）,LEVEL 6,官方清單,,,
ceec-108:level-6:industrialize,industrialize,in'dʌstriәlaiz,v.,vt. 使工業化\nvi. 實現工業化,,,CEEC-108,6,,,,大考中心高中英文參考詞彙表（111學年度起適用）,LEVEL 6,官方清單,,,
ceec-108:level-6:infectious,infectious,in'fekʃәs,adj.,"a. 有傳染性的, 易傳染的\n[醫] 傳染性的",,,CEEC-108,6,,,,大考中心高中英文參考詞彙表（111學年度起適用）,LEVEL 6,官方清單,,,
ceec-108:level-6:infer,infer,in'fә:,v.,"vt. 推論出, 推斷\nvi. 作推論",,,CEEC-108,6,,,,大考中心高中英文參考詞彙表（111學年度起適用）,LEVEL 6,官方清單,,,
ceec-108:level-6:inflict,inflict,in'flikt,v.,"vt. 施以, 加害, 使承受\n[法] 處, 加, 予以",,,CEEC-108,6,,,,大考中心高中英文參考詞彙表（111學年度起適用）,LEVEL 6,官方清單,,,
ceec-108:level-6:inhabit,inhabit,in'hæbit,v.,"vt. 居住於, 佔據, 棲息",,,CEEC-108,6,,,,大考中心高中英文參考詞彙表（111學年度起適用）,LEVEL 6,官方清單,,,
ceec-108:level-6:inhabitant,inhabitant,in'hæbitәnt,n.,"n. 居民, 居住者\n[醫] 居民",,,CEEC-108,6,,,,大考中心高中英文參考詞彙表（111學年度起適用）,LEVEL 6,官方清單,,,
ceec-108:level-6:injustice,injustice,in'dʒʌstis,n.,"n. 不公平, 非正義的行為\n[法] 不公正, 不公平, 權利侵害",,,CEEC-108,6,,,,大考中心高中英文參考詞彙表（111學年度起適用）,LEVEL 6,官方清單,,,
ceec-108:level-6:inland,inland,'inlәnd,adj.|adv.|n.,"a. 內陸的, 國內的\nn. 內地",,,CEEC-108,6,,,,大考中心高中英文參考詞彙表（111學年度起適用）,LEVEL 6,官方清單,,,
ceec-108:level-6:innumerable,innumerable,i'nju:mәrәbl,adj.,"a. 無數的, 數不清的",,,CEEC-108,6,,,,大考中心高中英文參考詞彙表（111學年度起適用）,LEVEL 6,官方清單,,,
ceec-108:level-6:inquire,inquire,in'kwaiә,v.,"v. 詢問, 問明, 查究",,,CEEC-108,6,,,,大考中心高中英文參考詞彙表（111學年度起適用）,LEVEL 6,官方清單,,,
ceec-108:level-6:insistence,insistence,in'sistәns,n.,"n. 堅持, 堅決主張",,,CEEC-108,6,,,,大考中心高中英文參考詞彙表（111學年度起適用）,LEVEL 6,官方清單,,,
ceec-108:level-6:instinctive,instinctive,in'stiŋktiv,adj.,"a. 本能的, 天生的, 直覺的\n[醫] 本能的",,,CEEC-108,6,,,,大考中心高中英文參考詞彙表（111學年度起適用）,LEVEL 6,官方清單,,,
ceec-108:level-6:intake,intake,'inteik,n.,"n. 入口, 吸入, 吸入量\n[醫] 攝取量",,,CEEC-108,6,,,,大考中心高中英文參考詞彙表（111學年度起適用）,LEVEL 6,官方清單,,,
ceec-108:level-6:intellect,intellect,'intәlekt,n.,"n. 智力, 出眾的才華, 知識分子\n[醫] 智力, 才智",,,CEEC-108,6,,,,大考中心高中英文參考詞彙表（111學年度起適用）,LEVEL 6,官方清單,,,
ceec-108:level-6:interpreter,interpreter,in'tә:pritә,n.,"n. 直譯程式, 解釋者, 口譯者, 註釋器\n[計] 註釋器",,,CEEC-108,6,,,,大考中心高中英文參考詞彙表（111學年度起適用）,LEVEL 6,官方清單,,,
ceec-108:level-6:intersection,intersection,.intә'sekʃәn,n.,"n. 交集, 十字路口, 交叉點\n[計] 邏輯乘; 與",,,CEEC-108,6,,,,大考中心高中英文參考詞彙表（111學年度起適用）,LEVEL 6,官方清單,,,
ceec-108:level-6:intervene,intervene,.intә'vi:n,v.,"vi. 插入, 調停, 干涉\n[經] 進場干預",,,CEEC-108,6,,,,大考中心高中英文參考詞彙表（111學年度起適用）,LEVEL 6,官方清單,,,
ceec-108:level-6:intimacy,intimacy,'intimәsi,n.,"n. 親密, 熟悉, 親暱行為(言語)\n[法] 親近的行為, 親密, 隱私",,,CEEC-108,6,,,,大考中心高中英文參考詞彙表（111學年度起適用）,LEVEL 6,官方清單,,,
ceec-108:level-6:intimidate,intimidate,in'timideit,v.,"vt. 威脅, 恐嚇\n[法] 恐嚇, 威脅, 使恐懼",,,CEEC-108,6,,,,大考中心高中英文參考詞彙表（111學年度起適用）,LEVEL 6,官方清單,,,
ceec-108:level-6:intonation,intonation,.intәu'neiʃәn,n.,"n. 朗誦, 語調, 唱\n[化] 聲調",,,CEEC-108,6,,,,大考中心高中英文參考詞彙表（111學年度起適用）,LEVEL 6,官方清單,,,
ceec-108:level-6:intrigue,intrigue,in'tri:g,n.|v.,"n. 陰謀, 複雜的事\nvi. 密謀, 私通\nvt. 激起...的興趣, 用詭計取得",,,CEEC-108,6,,,,大考中心高中英文參考詞彙表（111學年度起適用）,LEVEL 6,官方清單,,,
ceec-108:level-6:intrude,intrude,in'tru:d,v.,"vi. 闖入, 侵入\nvt. 強加於",,,CEEC-108,6,,,,大考中心高中英文參考詞彙表（111學年度起適用）,LEVEL 6,官方清單,,,
ceec-108:level-6:intruder,intruder,in'tru:dә,n.,"n. 侵入者, 干擾者, 妨礙者\n[計] 入侵者",,,CEEC-108,6,,,,大考中心高中英文參考詞彙表（111學年度起適用）,LEVEL 6,官方清單,,,
ceec-108:level-6:invaluable,invaluable,in'væljuәbl,adj.,"a. 無價的, 價值無法衡量的",,,CEEC-108,6,,,,大考中心高中英文參考詞彙表（111學年度起適用）,LEVEL 6,官方清單,,,
ceec-108:level-6:invariably,invariably,in'vєәriәbli,adv.,"adv. 不變化地, 恆定地, 始終如一地",,,CEEC-108,6,,,,大考中心高中英文參考詞彙表（111學年度起適用）,LEVEL 6,官方清單,,,
ceec-108:level-6:inventory,inventory,'invәntәri,n.|v.,"n. 詳細目錄, 存貨清單\nvt. 列入詳細目錄, 清點存貨\n[計] 存貨清單",,,CEEC-108,6,,,,大考中心高中英文參考詞彙表（111學年度起適用）,LEVEL 6,官方清單,,,
ceec-108:level-6:ironic,ironic,aiә'rɔnik,adj.,"a. 冷嘲的, 挖苦的, 反話的, 諷刺的, 令人啼笑皆非的, 出乎意料的",,,CEEC-108,6,,,,大考中心高中英文參考詞彙表（111學年度起適用）,LEVEL 6,官方清單,,,
ceec-108:level-6:irritable,irritable,'iritәbl,adj.,"a. 易怒的, 急躁的\n[醫] 應激性的, 過敏的",,,CEEC-108,6,,,,大考中心高中英文參考詞彙表（111學年度起適用）,LEVEL 6,官方清單,,,
ceec-108:level-6:irritate,irritate,'iriteit,v.,"vt. 激怒, 使發怒, 使興奮, 使發炎\nvi. 引起不快",,,CEEC-108,6,,,,大考中心高中英文參考詞彙表（111學年度起適用）,LEVEL 6,官方清單,,,
ceec-108:level-6:isle,isle,ail,n.,"n. 小島, 群島\nvt. 使成為島狀\nvi. 住在島嶼上",,,CEEC-108,6,,,,大考中心高中英文參考詞彙表（111學年度起適用）,LEVEL 6,官方清單,,,
ceec-108:level-6:itch,itch,itʃ,n.|v.,"n. 癢, 渴望, 疥瘡\nvi. 發癢, 渴望",,,CEEC-108,6,,,,大考中心高中英文參考詞彙表（111學年度起適用）,LEVEL 6,官方清單,,,
ceec-108:level-6:ivy,ivy,'aivi,n.,"n. 常春藤\na. 學院的, 抽象的",,,CEEC-108,6,,,,大考中心高中英文參考詞彙表（111學年度起適用）,LEVEL 6,官方清單,,,
ceec-108:level-6:jade,jade,dʒeid,n.,"n. 玉, 翡翠, 老馬\na. 綠色的, 玉製的\nv. (使)疲倦",,,CEEC-108,6,,,,大考中心高中英文參考詞彙表（111學年度起適用）,LEVEL 6,官方清單,,,
ceec-108:level-6:janitor,janitor,'dʒænitә,n.,"n. 守衛, 門警, 管理人\n[醫] 幽門",,,CEEC-108,6,,,,大考中心高中英文參考詞彙表（111學年度起適用）,LEVEL 6,官方清單,,,
ceec-108:level-6:jasmine,jasmine,'dʒæsmin,n.,"n. 茉莉, 淡黃色\n[醫] 素馨屬植物, 鉤吻根",,,CEEC-108,6,,,,大考中心高中英文參考詞彙表（111學年度起適用）,LEVEL 6,官方清單,,,
ceec-108:level-6:jingle,jingle,'dʒiŋgl,n.|v.,"n. 叮噹聲\nv. (使)作叮噹聲, (使)押韻",,,CEEC-108,6,,,,大考中心高中英文參考詞彙表（111學年度起適用）,LEVEL 6,官方清單,,,
ceec-108:level-6:jockey,jockey,'dʒɒki,n.|v.,"n. 賽馬騎師, 駕駛員, 操作工\nvt. 騙, 瞞, 駕駛, 移動\nvi. 當賽馬的騎師",,,CEEC-108,6,,,,大考中心高中英文參考詞彙表（111學年度起適用）,LEVEL 6,官方清單,,,
ceec-108:level-6:jolly,jolly,'dʒɒli,adj.|adv.|n.|v.,"a. 愉快的, 高興的, 宜人的\nvt. 恭維, 使高興, 取笑\nvi. 開玩笑\nadv. 非常, 極為",,,CEEC-108,6,,,,大考中心高中英文參考詞彙表（111學年度起適用）,LEVEL 6,官方清單,,,
ceec-108:level-6:joyous,joyous,'dʒɒiәs,adj.,"a. 快樂的, 高興的",,,CEEC-108,6,,,,大考中心高中英文參考詞彙表（111學年度起適用）,LEVEL 6,官方清單,,,
ceec-108:level-6:junction,junction,'dʒʌŋkʃәn,n.,"n. 連線, 會合處, 交叉點\n[醫] 接[合]處, 接點.[接]界",,,CEEC-108,6,,,,大考中心高中英文參考詞彙表（111學年度起適用）,LEVEL 6,官方清單,,,
ceec-108:level-6:kin,kin,kin,adj.|n.,"n. 親戚, 同族, 血緣關係, 家族\na. 有親屬關係的, 性質類似的, 同類的",,,CEEC-108,6,,,,大考中心高中英文參考詞彙表（111學年度起適用）,LEVEL 6,官方清單,,,
ceec-108:level-6:kindle,kindle,'kindl,v.,"vt. 點燃, 使著火, 引起, 照亮\nvi. 著火, 激動, 發亮",,,CEEC-108,6,,,,大考中心高中英文參考詞彙表（111學年度起適用）,LEVEL 6,官方清單,,,
ceec-108:level-6:knowledgeable,knowledgeable,'nɒlidʒәbl,adj.,"a. 聰明的, 有知識的",,,CEEC-108,6,,,,大考中心高中英文參考詞彙表（111學年度起適用）,LEVEL 6,官方清單,,,
ceec-108:level-6:lad,lad,læd,n.,"n. 青年, 傢伙, 少年, 情人",,,CEEC-108,6,,,,大考中心高中英文參考詞彙表（111學年度起適用）,LEVEL 6,官方清單,,,
ceec-108:level-6:landlady,landlady,'lændleidi,n.,"n. 女房東, 女地主",,,CEEC-108,6,,,,大考中心高中英文參考詞彙表（111學年度起適用）,LEVEL 6,官方清單,,,
ceec-108:level-6:landslide,landslide,'lændslaid,n.,n. 山崩\n[化] 滑坡,,,CEEC-108,6,,,,大考中心高中英文參考詞彙表（111學年度起適用）,LEVEL 6,官方清單,,,
ceec-108:level-6:lash,lash,læʃ,n.,"n. 鞭子, 鞭打, 睫毛, 責罵, 諷刺\nvt. 鞭打, 擺動, 扎捆, 衝擊, 諷刺, 煽動\nvi. 沖洗, 鞭打, 責罵",,,CEEC-108,6,,,,大考中心高中英文參考詞彙表（111學年度起適用）,LEVEL 6,官方清單,,,
ceec-108:level-6:latitude,latitude,'lætitju:d,n.,"n. 緯度, 範圍\n[化] 寬容度; 偉度",,,CEEC-108,6,,,,大考中心高中英文參考詞彙表（111學年度起適用）,LEVEL 6,官方清單,,,
ceec-108:level-6:lavish,lavish,'læviʃ,adj.,"a. 大方的, 豐富的, 浪費的\nvt. 浪費, 濫用, 慷慨給予",,,CEEC-108,6,,,,大考中心高中英文參考詞彙表（111學年度起適用）,LEVEL 6,官方清單,,,
ceec-108:level-6:layman,layman,'leimәn,n.,"n. 俗人, 門外漢, 凡人\n[醫] 外行, 業外人",,,CEEC-108,6,,,,大考中心高中英文參考詞彙表（111學年度起適用）,LEVEL 6,官方清單,,,
ceec-108:level-6:layout,layout,'leiaut,n.,"n. 佈局, 陳列, 規劃圖, 頁面佈局, 版面編排\n[計] 頁面佈局, 版面",,,CEEC-108,6,,,,大考中心高中英文參考詞彙表（111學年度起適用）,LEVEL 6,官方清單,,,
ceec-108:level-6:lease,lease,li:s,n.,"n. 租約, 租期, 租\nvt. 出租, 租出, 租得",,,CEEC-108,6,,,,大考中心高中英文參考詞彙表（111學年度起適用）,LEVEL 6,官方清單,,,
ceec-108:level-6:legislator,legislator,'ledʒisleitә,n.,"n. 立法者, 立法官, 立法委員\n[法] 立法者, 立法機關成員, 立法委員",,,CEEC-108,6,,,,大考中心高中英文參考詞彙表（111學年度起適用）,LEVEL 6,官方清單,,,
ceec-108:level-6:lengthy,lengthy,'leŋθi,adj.,"a. 冗長的, 漫長的",,,CEEC-108,6,,,,大考中心高中英文參考詞彙表（111學年度起適用）,LEVEL 6,官方清單,,,
ceec-108:level-6:lesbian,lesbian,'lezbiәn,adj.,a. 女同性戀的\nn. 女同性戀者,,,CEEC-108,6,,,,大考中心高中英文參考詞彙表（111學年度起適用）,LEVEL 6,官方清單,,,
ceec-108:level-6:lessen,lessen,'lesn,v.,"vt. 減少, 縮小, 減輕\nvi. 變小",,,CEEC-108,6,,,,大考中心高中英文參考詞彙表（111學年度起適用）,LEVEL 6,官方清單,,,
ceec-108:level-6:lethal,lethal,'li:θәl,adj.,a. 致命的\nn. 致死因子,,,CEEC-108,6,,,,大考中心高中英文參考詞彙表（111學年度起適用）,LEVEL 6,官方清單,,,
ceec-108:level-6:liable,liable,'laiәbl,adj.,"a. 有義務的, 應負責的, 有...傾向的\n[法] 有責任的, 可受處理的, 應受罰的",,,CEEC-108,6,,,,大考中心高中英文參考詞彙表（111學年度起適用）,LEVEL 6,官方清單,,,
ceec-108:level-6:liberate,liberate,'libәreit,v.,"vt. 解放, 釋放, 使自由\n[機] 釋出, 放出",,,CEEC-108,6,,,,大考中心高中英文參考詞彙表（111學年度起適用）,LEVEL 6,官方清單,,,
ceec-108:level-6:liberation,liberation,.libә'reiʃәn,n.,"n. 釋放, 解放\n[化] 發出; 釋放; 放出",,,CEEC-108,6,,,,大考中心高中英文參考詞彙表（111學年度起適用）,LEVEL 6,官方清單,,,
ceec-108:level-6:lieutenant,lieutenant,lef'tenәnt,n.,"n. 中尉, 助理人員, 副官",,,CEEC-108,6,,,,大考中心高中英文參考詞彙表（111學年度起適用）,LEVEL 6,官方清單,,,
ceec-108:level-6:lifelong,lifelong,'laiflɒŋ,adj.,"a. 終身的, 畢生的",,,CEEC-108,6,,,,大考中心高中英文參考詞彙表（111學年度起適用）,LEVEL 6,官方清單,,,
ceec-108:level-6:lighten,lighten,'laitn,v.,"vt. 照亮, 點亮, 減輕, 使輕鬆, 閃出\nvi. 發亮, 打閃, 變輕",,,CEEC-108,6,,,,大考中心高中英文參考詞彙表（111學年度起適用）,LEVEL 6,官方清單,,,
ceec-108:level-6:limp,limp,limp,n.|v.,"n. 跛行\na. 柔軟的, 無力的, 軟弱的\nvi. 跛行",,,CEEC-108,6,,,,大考中心高中英文參考詞彙表（111學年度起適用）,LEVEL 6,官方清單,,,
ceec-108:level-6:liner,liner,'lainә,n.,"n. 班機, 劃線者, 定期船, 襯裡\n[化] 襯墊; 墊帶; 套管",,,CEEC-108,6,,,,大考中心高中英文參考詞彙表（111學年度起適用）,LEVEL 6,官方清單,,,
ceec-108:level-6:linger,linger,'liŋgә,v.,"vi. 逗留, 消磨, 徘徊\nvt. 消磨",,,CEEC-108,6,,,,大考中心高中英文參考詞彙表（111學年度起適用）,LEVEL 6,官方清單,,,
ceec-108:level-6:lining,lining,'lainiŋ,n.,"n. 襯裡, 內層, 襯墊\n[化] 襯裡; 襯墊; 襯套; 襯層",,,CEEC-108,6,,,,大考中心高中英文參考詞彙表（111學年度起適用）,LEVEL 6,官方清單,,,
ceec-108:level-6:liter,liter,'li:tә,n.,n. 公升\n[化] 升,,,CEEC-108,6,,,,大考中心高中英文參考詞彙表（111學年度起適用）,LEVEL 6,官方清單,,,
ceec-108:level-6:literacy,literacy,'litәrәsi,n.,"n. 讀寫能力, 識字, 精通文學",,,CEEC-108,6,,,,大考中心高中英文參考詞彙表（111學年度起適用）,LEVEL 6,官方清單,,,
ceec-108:level-6:literal,literal,'litәrәl,adj.,"a. 逐字的, 字面上的, 文字的, 字母的\nn. 印刷錯誤\n[計] 文字; 直接量; 字面量; 句節",,,CEEC-108,6,,,,大考中心高中英文參考詞彙表（111學年度起適用）,LEVEL 6,官方清單,,,
ceec-108:level-6:literate,literate,'litәrit,adj.|n.,"n. 學者\na. 有讀寫能力的, 精通文學的, 受過教育的",,,CEEC-108,6,,,,大考中心高中英文參考詞彙表（111學年度起適用）,LEVEL 6,官方清單,,,
ceec-108:level-6:livestock,livestock,'laivstɒk,n.,"n. 家畜\n[經] 牲畜, 家畜",,,CEEC-108,6,,,,大考中心高中英文參考詞彙表（111學年度起適用）,LEVEL 6,官方清單,,,
ceec-108:level-6:lizard,lizard,'lizәd,n.,n. 蜥蜴\n[醫] 蜥蜴,,,CEEC-108,6,,,,大考中心高中英文參考詞彙表（111學年度起適用）,LEVEL 6,官方清單,,,
ceec-108:level-6:locker,locker,'lɒkә,n.,"n. 抽屜, 小櫃, 上鎖人\n[機] 鎖櫃",,,CEEC-108,6,,,,大考中心高中英文參考詞彙表（111學年度起適用）,LEVEL 6,官方清單,,,
ceec-108:level-6:lodge,lodge,lɒdʒ,n.|v.,"n. 小屋, 門房, 支部, 旅舍, 分會\nvi. 臨時住宿, 倒伏, 寄宿, 投宿\nvt. 安頓, 容納, 提出, 把...射入, 存放",,,CEEC-108,6,,,,大考中心高中英文參考詞彙表（111學年度起適用）,LEVEL 6,官方清單,,,
ceec-108:level-6:lofty,lofty,'lɒfti,adj.,"a. 高的, 傲慢的, 崇高的, 高階的, 玄虛的",,,CEEC-108,6,,,,大考中心高中英文參考詞彙表（111學年度起適用）,LEVEL 6,官方清單,,,
ceec-108:level-6:logo,logo,'lәugәu,n.,"n. 連合活字, 商標, 徽標\n[計] 徽標",,,CEEC-108,6,,,,大考中心高中英文參考詞彙表（111學年度起適用）,LEVEL 6,官方清單,,,
ceec-108:level-6:lonesome,lonesome,'lәunsәm,adj.,a. 寂寞的,,,CEEC-108,6,,,,大考中心高中英文參考詞彙表（111學年度起適用）,LEVEL 6,官方清單,,,
ceec-108:level-6:longevity,longevity,lɒn'dʒeviti,n.,"n. 長命, 長壽, 壽命\n[醫] 長壽",,,CEEC-108,6,,,,大考中心高中英文參考詞彙表（111學年度起適用）,LEVEL 6,官方清單,,,
ceec-108:level-6:longitude,longitude,'lɒndʒitju:d,n.,"n. 經度, 經線\n[電] 經度",,,CEEC-108,6,,,,大考中心高中英文參考詞彙表（111學年度起適用）,LEVEL 6,官方清單,,,
ceec-108:level-6:lotion,lotion,'lәuʃәn,n.,n. 洗液\n[化] 洗劑,,,CEEC-108,6,,,,大考中心高中英文參考詞彙表（111學年度起適用）,LEVEL 6,官方清單,,,
ceec-108:level-6:lottery,lottery,'lɒtәri,n.,"n. 獎券, 彩票, 運氣\n[經] 抽彩給獎法",,,CEEC-108,6,,,,大考中心高中英文參考詞彙表（111學年度起適用）,LEVEL 6,官方清單,,,
ceec-108:level-6:lotus,lotus,'lәjtәs,n.,"n. 蓮, 蓮花, 荷花, 荷\n[電] LOTUS, 蓮花公司",,,CEEC-108,6,,,,大考中心高中英文參考詞彙表（111學年度起適用）,LEVEL 6,官方清單,,,
ceec-108:level-6:loudspeaker,loudspeaker,'laud'spi:kә,n.,"n. 擴音器, 喇叭\n[電] 揚聲器",,,CEEC-108,6,,,,大考中心高中英文參考詞彙表（111學年度起適用）,LEVEL 6,官方清單,,,
ceec-108:level-6:lucrative,lucrative,'lu:krәtiv,adj.,"a. 有利益的, 獲利的, 合算的",,,CEEC-108,6,,,,大考中心高中英文參考詞彙表（111學年度起適用）,LEVEL 6,官方清單,,,
ceec-108:level-6:lullaby,lullaby,'lʌlәbai,n.,"n. 搖籃曲, 催眠曲, 輕柔的音樂",,,CEEC-108,6,,,,大考中心高中英文參考詞彙表（111學年度起適用）,LEVEL 6,官方清單,,,
ceec-108:level-6:lunar,lunar,'lu:nә,adj.,"a. 陰曆的, 月的, 微亮的(指光)\n[醫] 月的, 銀的",,,CEEC-108,6,,,,大考中心高中英文參考詞彙表（111學年度起適用）,LEVEL 6,官方清單,,,
ceec-108:level-6:lure,lure,luә,n.|v.,"n. 餌, 誘惑\nvt. 引誘, 誘惑",,,CEEC-108,6,,,,大考中心高中英文參考詞彙表（111學年度起適用）,LEVEL 6,官方清單,,,
ceec-108:level-6:lush,lush,lʌʃ,adj.,"a. 蒼翠繁茂的, 多青草的, 豐富的\nn. 酒, 酒鬼\nv. 飲",,,CEEC-108,6,,,,大考中心高中英文參考詞彙表（111學年度起適用）,LEVEL 6,官方清單,,,
ceec-108:level-6:madam,madam,'mædәm,n.,"n. 女士, 夫人",,,CEEC-108,6,,,,大考中心高中英文參考詞彙表（111學年度起適用）,LEVEL 6,官方清單,,,
ceec-108:level-6:magnify,magnify,'mægnifai,v.,"vt. 放大, 擴大, 讚美, 誇大\nvi. 有放大能力",,,CEEC-108,6,,,,大考中心高中英文參考詞彙表（111學年度起適用）,LEVEL 6,官方清單,,,
ceec-108:level-6:maiden,maiden,'meidn,adj.|n.,"n. 年輕未婚女子, 少女, 處女\na. 未婚的, 處女的, 初次的, 無經驗的",,,CEEC-108,6,,,,大考中心高中英文參考詞彙表（111學年度起適用）,LEVEL 6,官方清單,,,
ceec-108:level-6:mainland,mainland,'meinlәnd,n.,"n. 大陸, 本土\n[法] 大陸",,,CEEC-108,6,,,,大考中心高中英文參考詞彙表（111學年度起適用）,LEVEL 6,官方清單,,,
ceec-108:level-6:majestic,majestic,mә'dʒestik,adj.,"a. 宏偉的, 莊嚴的",,,CEEC-108,6,,,,大考中心高中英文參考詞彙表（111學年度起適用）,LEVEL 6,官方清單,,,
ceec-108:level-6:majesty,majesty,'mædʒәsti,n.,"n. 最高權威, 威嚴, 王權, 雄偉, 莊嚴",,,CEEC-108,6,,,,大考中心高中英文參考詞彙表（111學年度起適用）,LEVEL 6,官方清單,,,
ceec-108:level-6:manuscript,manuscript,'mænjuskript,n.,"n. 手稿, 原稿, 底稿\na. 手寫的",,,CEEC-108,6,,,,大考中心高中英文參考詞彙表（111學年度起適用）,LEVEL 6,官方清單,,,
ceec-108:level-6:maple,maple,'meipl,n.,"n. 楓, 楓木, 淡棕色\n[機] 楓木",,,CEEC-108,6,,,,大考中心高中英文參考詞彙表（111學年度起適用）,LEVEL 6,官方清單,,,
ceec-108:level-6:mar,mar,mɑ:,v.,"vt. 損毀, 損傷, 糟蹋\nn. 三月",,,CEEC-108,6,,,,大考中心高中英文參考詞彙表（111學年度起適用）,LEVEL 6,官方清單,,,
ceec-108:level-6:marginal,marginal,'mɑ:dʒinәl,adj.,"a. 邊緣的, 最低限度的, 有旁註的\n[醫] 緣的",,,CEEC-108,6,,,,大考中心高中英文參考詞彙表（111學年度起適用）,LEVEL 6,官方清單,,,
ceec-108:level-6:martial,martial,'mɑ:ʃәl,adj.,"a. 戰爭的, 軍事的, 尚武的, 威武的\n[醫] 含鐵的",,,CEEC-108,6,,,,大考中心高中英文參考詞彙表（111學年度起適用）,LEVEL 6,官方清單,,,
ceec-108:level-6:marvel,marvel,'mɑ:vl,n.|v.,"n. 奇異事物, 罕見例子\nvt. 驚異於\nvi. 驚異",,,CEEC-108,6,,,,大考中心高中英文參考詞彙表（111學年度起適用）,LEVEL 6,官方清單,,,
ceec-108:level-6:mastery,mastery,'mɑ:stәri,n.,"n. 征服, 統治權, 優勢, 精通, 掌握\n[法] 統治權, 控制權, 征服",,,CEEC-108,6,,,,大考中心高中英文參考詞彙表（111學年度起適用）,LEVEL 6,官方清單,,,
ceec-108:level-6:ma’am,ma’am,,n.,待補中文釋義,,,CEEC-108,6,,,,大考中心高中英文參考詞彙表（111學年度起適用）,LEVEL 6,官方清單,,,
ceec-108:level-6:mediate,mediate,'mi:dieit,v.,"a. 居間的, 間接的\nvt. 斡旋, 調停\nvi. 處於中間, 調解",,,CEEC-108,6,,,,大考中心高中英文參考詞彙表（111學年度起適用）,LEVEL 6,官方清單,,,
ceec-108:level-6:medieval,medieval,.medi'i:vl,adj.,"a. 中古的, 中世紀的",,,CEEC-108,6,,,,大考中心高中英文參考詞彙表（111學年度起適用）,LEVEL 6,官方清單,,,
ceec-108:level-6:meditate,meditate,'mediteit,v.,"vt. 想, 考慮, 計劃\nvi. 沉思, 反省",,,CEEC-108,6,,,,大考中心高中英文參考詞彙表（111學年度起適用）,LEVEL 6,官方清單,,,
ceec-108:level-6:meditation,meditation,.medi'teiʃәn,n.,"n. 沉思, 冥想",,,CEEC-108,6,,,,大考中心高中英文參考詞彙表（111學年度起適用）,LEVEL 6,官方清單,,,
ceec-108:level-6:melancholy,melancholy,'melәnkɒli,adj.|n.,"n. 憂鬱, 悲哀, 愁思\na. 憂鬱的, 使人悲傷的, 愁思的",,,CEEC-108,6,,,,大考中心高中英文參考詞彙表（111學年度起適用）,LEVEL 6,官方清單,,,
ceec-108:level-6:mentality,mentality,men'tæliti,n.,"n. 精神力, 智力, 頭腦作用, 心態\n[醫] 智力",,,CEEC-108,6,,,,大考中心高中英文參考詞彙表（111學年度起適用）,LEVEL 6,官方清單,,,
ceec-108:level-6:merchandise,merchandise,'mә:tʃәndaiz,n.|v.,"n. 商品, 貨物\nv. 交易, 買賣",,,CEEC-108,6,,,,大考中心高中英文參考詞彙表（111學年度起適用）,LEVEL 6,官方清單,,,
ceec-108:level-6:mermaid,mermaid,'mә:meid,n.,"n. 美人魚, 善泳的女子",,,CEEC-108,6,,,,大考中心高中英文參考詞彙表（111學年度起適用）,LEVEL 6,官方清單,,,
ceec-108:level-6:migrant,migrant,'maigrәnt,adj.|n.,"n. 候鳥, 移居者\n[法] 移居者",,,CEEC-108,6,,,,大考中心高中英文參考詞彙表（111學年度起適用）,LEVEL 6,官方清單,,,
ceec-108:level-6:mimic,mimic,'mimik,n.|v.,"a. 模仿的, 摹擬的\nn. 效顰者, 模仿者, 小丑, 仿製品\nvt. 模仿, 摹擬",,,CEEC-108,6,,,,大考中心高中英文參考詞彙表（111學年度起適用）,LEVEL 6,官方清單,,,
ceec-108:level-6:mingle,mingle,'miŋgl,v.,v. (使)混合,,,CEEC-108,6,,,,大考中心高中英文參考詞彙表（111學年度起適用）,LEVEL 6,官方清單,,,
ceec-108:level-6:miraculous,miraculous,mi'rækjulәs,adj.,"a. 奇蹟的, 不可思議的",,,CEEC-108,6,,,,大考中心高中英文參考詞彙表（111學年度起適用）,LEVEL 6,官方清單,,,
ceec-108:level-6:miscellaneous,miscellaneous,.misә'leinjәs,adj.,"a. 各種的, 多方面的\n[法] 各種的, 不同性質的",,,CEEC-108,6,,,,大考中心高中英文參考詞彙表（111學年度起適用）,LEVEL 6,官方清單,,,
ceec-108:level-6:mischievous,mischievous,'mistʃivәs,adj.,"a. 淘氣的, 有害的, 惡作劇的, 胡攪的",,,CEEC-108,6,,,,大考中心高中英文參考詞彙表（111學年度起適用）,LEVEL 6,官方清單,,,
ceec-108:level-6:mistress,mistress,'mistris,n.,"n. 主婦, 女主人, 情婦",,,CEEC-108,6,,,,大考中心高中英文參考詞彙表（111學年度起適用）,LEVEL 6,官方清單,,,
ceec-108:level-6:mobilize,mobilize,'mәubilaiz,v.,"vt. 動員, 調動, 使流通\nvi. 動員",,,CEEC-108,6,,,,大考中心高中英文參考詞彙表（111學年度起適用）,LEVEL 6,官方清單,,,
ceec-108:level-6:modernization,modernization,.mɒdәnai'zeiʃәn,n.,n. 現代化,,,CEEC-108,6,,,,大考中心高中英文參考詞彙表（111學年度起適用）,LEVEL 6,官方清單,,,
ceec-108:level-6:modernize,modernize,'mɒdәnaiz,v.,vi. 現代化\nvt. 使現代化,,,CEEC-108,6,,,,大考中心高中英文參考詞彙表（111學年度起適用）,LEVEL 6,官方清單,,,
ceec-108:level-6:momentum,momentum,mәu'mentәm,n.,"n. 動力, 動量\n[化] 動量",,,CEEC-108,6,,,,大考中心高中英文參考詞彙表（111學年度起適用）,LEVEL 6,官方清單,,,
ceec-108:level-6:monarch,monarch,'mɒnәk,n.,"n. 帝王, 統治者, 元首\n[醫] 單原型(植)",,,CEEC-108,6,,,,大考中心高中英文參考詞彙表（111學年度起適用）,LEVEL 6,官方清單,,,
ceec-108:level-6:monetary,monetary,'mʌnitәri,adj.,"a. 貨幣的, 金錢的\n[經] 貨幣的, 金融的",,,CEEC-108,6,,,,大考中心高中英文參考詞彙表（111學年度起適用）,LEVEL 6,官方清單,,,
ceec-108:level-6:monotony,monotony,mә'nɒtәni,n.,"n. 單調, 缺乏變化",,,CEEC-108,6,,,,大考中心高中英文參考詞彙表（111學年度起適用）,LEVEL 6,官方清單,,,
ceec-108:level-6:monstrous,monstrous,'mɒnstrәs,adj.,"a. 巨大的, 畸形的, 怪異的\n[法] 巨大的, 異形的, 畸形的:荒誕的",,,CEEC-108,6,,,,大考中心高中英文參考詞彙表（111學年度起適用）,LEVEL 6,官方清單,,,
ceec-108:level-6:moody,moody,'mu:di,adj.,"a. 心情不穩的, 鬱鬱寡歡的, 喜怒無常的",,,CEEC-108,6,,,,大考中心高中英文參考詞彙表（111學年度起適用）,LEVEL 6,官方清單,,,
ceec-108:level-6:morale,morale,mɒ'rɑ:l,n.,"n. 士氣, 道德",,,CEEC-108,6,,,,大考中心高中英文參考詞彙表（111學年度起適用）,LEVEL 6,官方清單,,,
ceec-108:level-6:mortal,mortal,'mɒ:tәl,adj.|n.,"n. 生物, 人類\na. 不免一死的, 人類的, 臨終的",,,CEEC-108,6,,,,大考中心高中英文參考詞彙表（111學年度起適用）,LEVEL 6,官方清單,,,
ceec-108:level-6:motherhood,motherhood,'mʌðәhud,n.,"n. 母道, 母性, 母親們",,,CEEC-108,6,,,,大考中心高中英文參考詞彙表（111學年度起適用）,LEVEL 6,官方清單,,,
ceec-108:level-6:motto,motto,'mɒtәu,n.,"n. 箴言, 座右銘, 警句",,,CEEC-108,6,,,,大考中心高中英文參考詞彙表（111學年度起適用）,LEVEL 6,官方清單,,,
ceec-108:level-6:mound,mound,maund,n.|v.,"n. 土墩, 堤, 小山\nvt. 築堤, 用土堆防衛\nvi. 積成堆",,,CEEC-108,6,,,,大考中心高中英文參考詞彙表（111學年度起適用）,LEVEL 6,官方清單,,,
ceec-108:level-6:mourn,mourn,mɒ:n,v.,"v. 哀悼, 憂傷, 服喪",,,CEEC-108,6,,,,大考中心高中英文參考詞彙表（111學年度起適用）,LEVEL 6,官方清單,,,
ceec-108:level-6:mournful,mournful,'mɒ:nful,adj.,"a. 悲慟的, 悲哀的, 令人惋惜的",,,CEEC-108,6,,,,大考中心高中英文參考詞彙表（111學年度起適用）,LEVEL 6,官方清單,,,
ceec-108:level-6:mow,mow,mau. mәu,v.,"n. 草堆, 皺眉, 怪臉\nvt. 割草\nvi. 割草, 做怪臉",,,CEEC-108,6,,,,大考中心高中英文參考詞彙表（111學年度起適用）,LEVEL 6,官方清單,,,
ceec-108:level-6:muse,muse,mju:z,n.,"n. 沉思, 冥想\nv. 沉思, 冥想, 若有所思地凝望或說",,,CEEC-108,6,,,,大考中心高中英文參考詞彙表（111學年度起適用）,LEVEL 6,官方清單,,,
ceec-108:level-6:mustache,mustache,'mʌstæʃ,n.,"n. 髭, 鬍子",,,CEEC-108,6,,,,大考中心高中英文參考詞彙表（111學年度起適用）,LEVEL 6,官方清單,,,
ceec-108:level-6:mute,mute,mju:t,adj.|n.|v.,"n. 啞子, 啞音字母, 弱音器\na. 啞的, 無聲的, 沉默的\nvt. 減弱...的聲音\nvi. 排洩",,,CEEC-108,6,,,,大考中心高中英文參考詞彙表（111學年度起適用）,LEVEL 6,官方清單,,,
ceec-108:level-6:nag,nag,næg,n.|v.,"n. 老馬, 駑馬, 劣等競賽馬, 嘮叨\nv. 不斷地嘮叨, 惱人",,,CEEC-108,6,,,,大考中心高中英文參考詞彙表（111學年度起適用）,LEVEL 6,官方清單,,,
ceec-108:level-6:narrate,narrate,nә'reit,v.,"v. 說故事, 說明, 敘述",,,CEEC-108,6,,,,大考中心高中英文參考詞彙表（111學年度起適用）,LEVEL 6,官方清單,,,
ceec-108:level-6:narrator,narrator,,n.,"n. 講述者, 敘述者\n[法] 陳述者, 敘述者",,,CEEC-108,6,,,,大考中心高中英文參考詞彙表（111學年度起適用）,LEVEL 6,官方清單,,,
ceec-108:level-6:nationalism,nationalism,'næʃәnәlizm,n.,"n. 民族主義, 民族特性",,,CEEC-108,6,,,,大考中心高中英文參考詞彙表（111學年度起適用）,LEVEL 6,官方清單,,,
ceec-108:level-6:navigate,navigate,'nævigeit,v.,"vi. 航行\nvt. 航行於, 駕駛, 操縱, 使透過",,,CEEC-108,6,,,,大考中心高中英文參考詞彙表（111學年度起適用）,LEVEL 6,官方清單,,,
ceec-108:level-6:navigation,navigation,.nævi'geiʃәn,n.,"n. 航行, 航海, 導航\n[經] 航空, 航海, 航船",,,CEEC-108,6,,,,大考中心高中英文參考詞彙表（111學年度起適用）,LEVEL 6,官方清單,,,
ceec-108:level-6:nearsighted,nearsighted,niә'saitid,adj.,"a. 近視的, 淺見的\n[醫] 近視的",,,CEEC-108,6,,,,大考中心高中英文參考詞彙表（111學年度起適用）,LEVEL 6,官方清單,,,
ceec-108:level-6:nickel,nickel,'nikl,n.|v.,"n. 鎳, 鎳幣, 五分鎳幣\nvt. 鍍鎳於",,,CEEC-108,6,,,,大考中心高中英文參考詞彙表（111學年度起適用）,LEVEL 6,官方清單,,,
ceec-108:level-6:nostril,nostril,'nɒstril,n.,n. 鼻孔\n[醫] 鼻孔,,,CEEC-108,6,,,,大考中心高中英文參考詞彙表（111學年度起適用）,LEVEL 6,官方清單,,,
ceec-108:level-6:notable,notable,'nәutәbl,adj.|n.,"n. 著名人士, 值得注意之事物\na. 值得注意的, 顯著的",,,CEEC-108,6,,,,大考中心高中英文參考詞彙表（111學年度起適用）,LEVEL 6,官方清單,,,
ceec-108:level-6:notorious,notorious,nәu'tɒ:riәs,adj.,"a. 聲名狼藉的, 臭名昭著的, 眾人皆知的",,,CEEC-108,6,,,,大考中心高中英文參考詞彙表（111學年度起適用）,LEVEL 6,官方清單,,,
ceec-108:level-6:nourish,nourish,'nә:riʃ,v.,"vt. 滋養, 使健壯, 懷有",,,CEEC-108,6,,,,大考中心高中英文參考詞彙表（111學年度起適用）,LEVEL 6,官方清單,,,
ceec-108:level-6:nourishment,nourishment,'nә:riʃmәnt,n.,"n. 滋養品, 養料, 營養\n[醫] 營養, 營養品",,,CEEC-108,6,,,,大考中心高中英文參考詞彙表（111學年度起適用）,LEVEL 6,官方清單,,,
ceec-108:level-6:novice,novice,'nɒvis,n.,"n. 新手, 初學者",,,CEEC-108,6,,,,大考中心高中英文參考詞彙表（111學年度起適用）,LEVEL 6,官方清單,,,
ceec-108:level-6:nucleus,nucleus,'nju:kliәs,n.,"n. 核心, 核子, 原子核, 起點\n[計] 核心程式",,,CEEC-108,6,,,,大考中心高中英文參考詞彙表（111學年度起適用）,LEVEL 6,官方清單,,,
ceec-108:level-6:nude,nude,nju:d,adj.|n.,"a. 裸的, 肉色的, 無裝飾的\nn. 裸體畫, 裸體",,,CEEC-108,6,,,,大考中心高中英文參考詞彙表（111學年度起適用）,LEVEL 6,官方清單,,,
ceec-108:level-6:nurture,nurture,'nә:tʃә,n.|v.,"n. 養育, 營養物, 培育\nvt. 養育, 供給營養物, 教養",,,CEEC-108,6,,,,大考中心高中英文參考詞彙表（111學年度起適用）,LEVEL 6,官方清單,,,
ceec-108:level-6:oasis,oasis,әu'eisis,n.,"n. 綠洲, 舒適的地方\n[醫] 綠洲(沙漠中), 健島(病變區中的健康組織)",,,CEEC-108,6,,,,大考中心高中英文參考詞彙表（111學年度起適用）,LEVEL 6,官方清單,,,
ceec-108:level-6:oath,oath,әuθ,n.,"n. 誓約, 誓言, 咒罵\n[法] 誓言, 誓約, 宣誓",,,CEEC-108,6,,,,大考中心高中英文參考詞彙表（111學年度起適用）,LEVEL 6,官方清單,,,
ceec-108:level-6:oatmeal,oatmeal,'әutmi:l,n.,"n. 燕麥片, 燕麥粥\n[醫] 燕麥片",,,CEEC-108,6,,,,大考中心高中英文參考詞彙表（111學年度起適用）,LEVEL 6,官方清單,,,
ceec-108:level-6:oblige,oblige,ә'blaidʒ,v.,"vt. 強制, 施恩惠於, 使感激\nvi. 施恩惠, 幫忙",,,CEEC-108,6,,,,大考中心高中英文參考詞彙表（111學年度起適用）,LEVEL 6,官方清單,,,
ceec-108:level-6:obsess,obsess,әb'ses,v.,"vt. 迷住, 使困擾",,,CEEC-108,6,,,,大考中心高中英文參考詞彙表（111學年度起適用）,LEVEL 6,官方清單,,,
ceec-108:level-6:obstinate,obstinate,'ɒbstinit,adj.,"a. 倔強的, 頑固的, 不讓步的",,,CEEC-108,6,,,,大考中心高中英文參考詞彙表（111學年度起適用）,LEVEL 6,官方清單,,,
ceec-108:level-6:occurrence,occurrence,ә'kʌrәns,n.,"n. 發生, 事件, 出現\n[醫] 發生",,,CEEC-108,6,,,,大考中心高中英文參考詞彙表（111學年度起適用）,LEVEL 6,官方清單,,,
ceec-108:level-6:octopus,octopus,'ɒktәpәs,n.,n. 章魚,,,CEEC-108,6,,,,大考中心高中英文參考詞彙表（111學年度起適用）,LEVEL 6,官方清單,,,
ceec-108:level-6:odor,odor,'әudә,n.,"n. 氣味, 香味, 名聲, 意味\n[醫] 氣味",,,CEEC-108,6,,,,大考中心高中英文參考詞彙表（111學年度起適用）,LEVEL 6,官方清單,,,
ceec-108:level-6:offshore,offshore,ɒ:f'ʃɒ:,adj.,"a. 海面的, 吹向海面的, 近海的\nadv. 向海面",,,CEEC-108,6,,,,大考中心高中英文參考詞彙表（111學年度起適用）,LEVEL 6,官方清單,,,
ceec-108:level-6:offspring,offspring,'ɒ:fspriŋ,n.,"n. 子孫, 後代, 產物\n[法] 後輩, 子孫, 後裔",,,CEEC-108,6,,,,大考中心高中英文參考詞彙表（111學年度起適用）,LEVEL 6,官方清單,,,
ceec-108:level-6:operative,operative,'ɒpәrәtiv,adj.,"a. 動作的, 運轉的, 有效的, 關鍵的, 手術的\nn. 技工, 偵探",,,CEEC-108,6,,,,大考中心高中英文參考詞彙表（111學年度起適用）,LEVEL 6,官方清單,,,
ceec-108:level-6:oppress,oppress,ә'pres,v.,"vt. 壓迫, 壓抑, 使煩惱",,,CEEC-108,6,,,,大考中心高中英文參考詞彙表（111學年度起適用）,LEVEL 6,官方清單,,,
ceec-108:level-6:oppression,oppression,ә'preʃәn,n.,"n. 壓抑, 沉悶, 壓迫手段\n[醫] 壓迫, 壓抑",,,CEEC-108,6,,,,大考中心高中英文參考詞彙表（111學年度起適用）,LEVEL 6,官方清單,,,
ceec-108:level-6:ordeal,ordeal,ɒ:'di:l,n.,"n. 嚴酷考驗, 痛苦經歷, 煎熬\n[法] 神裁判法, 嚴酷的考驗, 痛苦的經驗",,,CEEC-108,6,,,,大考中心高中英文參考詞彙表（111學年度起適用）,LEVEL 6,官方清單,,,
ceec-108:level-6:orderly,orderly,'ɒ:dәli,adj.|n.,"a. 有秩序的, 整齊的, 值班的\nn. 護理員, 清道夫, 傳令兵, 勤務兵\nadv. 依次地, 順序地",,,CEEC-108,6,,,,大考中心高中英文參考詞彙表（111學年度起適用）,LEVEL 6,官方清單,,,
ceec-108:level-6:organizer,organizer,'ɒ:gәnaizә,n.,"n. 組織者, 編制者, 創立者, 組織導體\n[醫] 組織導體, 機化中心(胚)",,,CEEC-108,6,,,,大考中心高中英文參考詞彙表（111學年度起適用）,LEVEL 6,官方清單,,,
ceec-108:level-6:orient,orient,'ɒ:riәnt,n.|v.,"n. 東方, 東方諸國\na. 東方的\nvi. 向東\nvt. 使朝東, 使適應, 確定方向",,,CEEC-108,6,,,,大考中心高中英文參考詞彙表（111學年度起適用）,LEVEL 6,官方清單,,,
ceec-108:level-6:oriental,oriental,.ɒ:ri'entl,adj.|n.,"n. 東方人, 亞洲人\na. 東方諸國的, 亞洲的, 東方的",,,CEEC-108,6,,,,大考中心高中英文參考詞彙表（111學年度起適用）,LEVEL 6,官方清單,,,
ceec-108:level-6:originate,originate,ә'ridʒineit,v.,"vt. 創始, 發明, 發起\nvi. 發源, 發生, 起航\n[計] 發自",,,CEEC-108,6,,,,大考中心高中英文參考詞彙表（111學年度起適用）,LEVEL 6,官方清單,,,
ceec-108:level-6:ornament,ornament,'ɒ:nәmәnt,n.|v.,"n. 裝飾, 點綴品, 教堂用品\nvt. 裝飾, 修飾",,,CEEC-108,6,,,,大考中心高中英文參考詞彙表（111學年度起適用）,LEVEL 6,官方清單,,,
ceec-108:level-6:orphanage,orphanage,'ɒ:fәnidʒ,n.,"n. 孤兒院, 孤兒身份\n[法] 孤兒身份, 孤兒, 孤兒院",,,CEEC-108,6,,,,大考中心高中英文參考詞彙表（111學年度起適用）,LEVEL 6,官方清單,,,
ceec-108:level-6:orthodox,orthodox,'ɒ:θәdɒks,adj.,"a. 正統的, 傳統的, 慣常的",,,CEEC-108,6,,,,大考中心高中英文參考詞彙表（111學年度起適用）,LEVEL 6,官方清單,,,
ceec-108:level-6:ounce,ounce,auns,n.,"n. 盎司, 少量, 雪豹\n[醫] 英兩, Г",,,CEEC-108,6,,,,大考中心高中英文參考詞彙表（111學年度起適用）,LEVEL 6,官方清單,,,
ceec-108:level-6:outbreak,outbreak,'autbreik,n.,"n. 爆發, 暴動\n[醫] 暴發",,,CEEC-108,6,,,,大考中心高中英文參考詞彙表（111學年度起適用）,LEVEL 6,官方清單,,,
ceec-108:level-6:outgoing,outgoing,'autgәuiŋ,adj.,"n. 外出, 開支, 流出\na. 喜歡外出的, 即將離職的, 樂於助人的",,,CEEC-108,6,,,,大考中心高中英文參考詞彙表（111學年度起適用）,LEVEL 6,官方清單,,,
ceec-108:level-6:outing,outing,'autiŋ,n.,"n. 郊遊, 遠足\na. 遠足適用的",,,CEEC-108,6,,,,大考中心高中英文參考詞彙表（111學年度起適用）,LEVEL 6,官方清單,,,
ceec-108:level-6:outlaw,outlaw,'autlɒ:,n.|v.,"n. 被剝奪法律保護的人, 罪犯\nvt. 使...失去法律保護, 將...逐出社會, 宣告非法, 取締",,,CEEC-108,6,,,,大考中心高中英文參考詞彙表（111學年度起適用）,LEVEL 6,官方清單,,,
ceec-108:level-6:outlook,outlook,'autluk,n.,"n. 觀點, 景色, 前途, 瞭望\n[經] 展望",,,CEEC-108,6,,,,大考中心高中英文參考詞彙表（111學年度起適用）,LEVEL 6,官方清單,,,
ceec-108:level-6:outnumber,outnumber,.aut'nʌmbә,v.,"vt. 數目超過, 比...多",,,CEEC-108,6,,,,大考中心高中英文參考詞彙表（111學年度起適用）,LEVEL 6,官方清單,,,
ceec-108:level-6:outrage,outrage,'autreidʒ,n.|v.,"n. 暴行, 侮辱, 憤怒\nvt. 凌辱, 虐待, 觸犯",,,CEEC-108,6,,,,大考中心高中英文參考詞彙表（111學年度起適用）,LEVEL 6,官方清單,,,
ceec-108:level-6:outrageous,outrageous,aut'reidʒәs,adj.,"a. 暴虐的, 極無禮的, 可惡的",,,CEEC-108,6,,,,大考中心高中英文參考詞彙表（111學年度起適用）,LEVEL 6,官方清單,,,
ceec-108:level-6:outright,outright,'autrait,adj.|adv.,"a. 率直的, 完全的, 總共的, 直率的\nadv. 完全地, 率直地, 立刻地, 一直向前",,,CEEC-108,6,,,,大考中心高中英文參考詞彙表（111學年度起適用）,LEVEL 6,官方清單,,,
ceec-108:level-6:outset,outset,'autset,n.,"n. 著手, 開頭, 最初",,,CEEC-108,6,,,,大考中心高中英文參考詞彙表（111學年度起適用）,LEVEL 6,官方清單,,,
ceec-108:level-6:outskirts,outskirts,'autskә:ts,n.,"n. 近郊, 市郊",,,CEEC-108,6,,,,大考中心高中英文參考詞彙表（111學年度起適用）,LEVEL 6,官方清單,,,
ceec-108:level-6:outward,outward,'autwәd,adj.|adv.,"a. 向外的, 表面的, 外服的\nadv. 向外, 在外, 表面",,,CEEC-108,6,,,,大考中心高中英文參考詞彙表（111學年度起適用）,LEVEL 6,官方清單,,,
ceec-108:level-6:outwards,outwards,'autwәdz,adv.,adv. 向外地,,,CEEC-108,6,,,,大考中心高中英文參考詞彙表（111學年度起適用）,LEVEL 6,官方清單,,,
ceec-108:level-6:overdo,overdo,.әuvә'du:,v.,"vt. 做得過分, 過度, 誇張, 使過分勞累\nvi. 過火",,,CEEC-108,6,,,,大考中心高中英文參考詞彙表（111學年度起適用）,LEVEL 6,官方清單,,,
ceec-108:level-6:overflow,overflow,.әuvә'flәu,n.|v.,"n. 溢值, 超值, 氾濫\nv. (使)氾濫, (使)溢位, (使)充溢\n[計] 上溢; 溢位",,,CEEC-108,6,,,,大考中心高中英文參考詞彙表（111學年度起適用）,LEVEL 6,官方清單,,,
ceec-108:level-6:overhear,overhear,.әuvә'hiә,v.,"vt. 無意中聽到, 偷聽",,,CEEC-108,6,,,,大考中心高中英文參考詞彙表（111學年度起適用）,LEVEL 6,官方清單,,,
ceec-108:level-6:overlap,overlap,.әuvә'læp,n.|v.,"n. 重疊, 重複, 部分的同時發生\nvt. 重疊, 重複, 與...同時發生\nvi. 迭蓋, 部分的同時發生\n[計] 重疊",,,CEEC-108,6,,,,大考中心高中英文參考詞彙表（111學年度起適用）,LEVEL 6,官方清單,,,
ceec-108:level-6:overwork,overwork,.әuvә'wә:k,n.|v.,"n. 過度操勞的工作, 額外工作\nv. (使)工作過度, 使過分勞累",,,CEEC-108,6,,,,大考中心高中英文參考詞彙表（111學年度起適用）,LEVEL 6,官方清單,,,
ceec-108:level-6:oyster,oyster,'ɒistә,n.,"n. 牡蠣, 蠔, 沉默者",,,CEEC-108,6,,,,大考中心高中英文參考詞彙表（111學年度起適用）,LEVEL 6,官方清單,,,
ceec-108:level-6:ozone,ozone,'әuzәun,n.,"n. 新鮮的空氣, 臭氧, 使人愉快的影響\n[化] 臭氧",,,CEEC-108,6,,,,大考中心高中英文參考詞彙表（111學年度起適用）,LEVEL 6,官方清單,,,
ceec-108:level-6:packet,packet,'pækit,n.,"n. 小包, 一批信件, 大量, 資訊包\nvt. 打包, 裝進小包\n[計] 分組, 分組報文, 資料分組",,,CEEC-108,6,,,,大考中心高中英文參考詞彙表（111學年度起適用）,LEVEL 6,官方清單,,,
ceec-108:level-6:paddle,paddle,'pædl,n.|v.,"n. 槳, 划槳, 明輪翼\nvi. 划槳, 戲水, 涉水\nvt. 用槳劃, 划船運送, 攪, 拌",,,CEEC-108,6,,,,大考中心高中英文參考詞彙表（111學年度起適用）,LEVEL 6,官方清單,,,
ceec-108:level-6:paperback,paperback,'peipәbæk,n.,"n. 平裝本, 紙面本",,,CEEC-108,6,,,,大考中心高中英文參考詞彙表（111學年度起適用）,LEVEL 6,官方清單,,,
ceec-108:level-6:paradox,paradox,'pærәdɒks,n.,"n. 似非而是的論點, 自相矛盾的話, 悖論, 怪人怪事\n[化] 佯謬",,,CEEC-108,6,,,,大考中心高中英文參考詞彙表（111學年度起適用）,LEVEL 6,官方清單,,,
ceec-108:level-6:paralyze,paralyze,'pærәlaiz,v.,"vt. 使癱瘓, 使麻痺\n[醫] 使麻痺, 使癱瘓",,,CEEC-108,6,,,,大考中心高中英文參考詞彙表（111學年度起適用）,LEVEL 6,官方清單,,,
ceec-108:level-6:parliament,parliament,'pɑ:lәmәnt,n.,"n. 國會, 議會\n[法] 會議, 國會, 議院",,,CEEC-108,6,,,,大考中心高中英文參考詞彙表（111學年度起適用）,LEVEL 6,官方清單,,,
ceec-108:level-6:pastime,pastime,'pæstaim,n.,"n. 消遣, 娛樂, 遊戲",,,CEEC-108,6,,,,大考中心高中英文參考詞彙表（111學年度起適用）,LEVEL 6,官方清單,,,
ceec-108:level-6:patriot,patriot,'peitriәt,n.,"n. 愛國者, 愛國主義者",,,CEEC-108,6,,,,大考中心高中英文參考詞彙表（111學年度起適用）,LEVEL 6,官方清單,,,
ceec-108:level-6:patriotic,patriotic,.peitri'ɒtik,adj.,"a. 愛國的, 有愛國心的\n[法] 愛國的, 有愛國心的",,,CEEC-108,6,,,,大考中心高中英文參考詞彙表（111學年度起適用）,LEVEL 6,官方清單,,,
ceec-108:level-6:peacock,peacock,'pi:kɒk,n.,"n. 孔雀, 好炫耀的人\nvi. 炫耀, 神氣活現地行走",,,CEEC-108,6,,,,大考中心高中英文參考詞彙表（111學年度起適用）,LEVEL 6,官方清單,,,
ceec-108:level-6:pebble,pebble,'pebl,n.,"n. 小圓石, 小鵝卵石, 水晶透鏡, 碎石花紋\n[醫] 小石",,,CEEC-108,6,,,,大考中心高中英文參考詞彙表（111學年度起適用）,LEVEL 6,官方清單,,,
ceec-108:level-6:peek,peek,pi:k,n.|v.,"vi. 偷看, 窺視\nn. 偷看, 看一眼",,,CEEC-108,6,,,,大考中心高中英文參考詞彙表（111學年度起適用）,LEVEL 6,官方清單,,,
ceec-108:level-6:pending,pending,'pendiŋ,adj.,"a. 未決定的, 待決的, 行將發生的, 向外伸出的\nprep. 在等待...之際, 直到...時為止, 在...期間, 在...過程中",,,CEEC-108,6,,,,大考中心高中英文參考詞彙表（111學年度起適用）,LEVEL 6,官方清單,,,
ceec-108:level-6:peninsula,peninsula,pi'ninsjulә,n.,"n. 半島, 突出的地方, 伊比利亞半島",,,CEEC-108,6,,,,大考中心高中英文參考詞彙表（111學年度起適用）,LEVEL 6,官方清單,,,
ceec-108:level-6:perch,perch,pә:tʃ,n.|v.,"n. 棲木, 高位, 杆, 河鱸\nv. (使)棲息, 就位, 位於, (使)暫歇",,,CEEC-108,6,,,,大考中心高中英文參考詞彙表（111學年度起適用）,LEVEL 6,官方清單,,,
ceec-108:level-6:peril,peril,'peril,n.|v.,"n. 危險, 冒...之險, 險境, 險因\nvt. 置...於險境, 冒險, 危及",,,CEEC-108,6,,,,大考中心高中英文參考詞彙表（111學年度起適用）,LEVEL 6,官方清單,,,
ceec-108:level-6:perish,perish,'periʃ,v.,"vi. 毀滅, 喪生, 凋謝, 頹喪, 死亡, 腐爛\nvt. 毀壞, 使麻木, 使喪生, 耗盡",,,CEEC-108,6,,,,大考中心高中英文參考詞彙表（111學年度起適用）,LEVEL 6,官方清單,,,
ceec-108:level-6:permissible,permissible,pә'misәbl,adj.,"a. 可允許的, 可容許程度的\n[機] 容許, 允許",,,CEEC-108,6,,,,大考中心高中英文參考詞彙表（111學年度起適用）,LEVEL 6,官方清單,,,
ceec-108:level-6:persevere,persevere,.pә:si'viә,v.,"vi. 堅持, 孜孜不倦, 不屈不撓, (辯論中)固執己見",,,CEEC-108,6,,,,大考中心高中英文參考詞彙表（111學年度起適用）,LEVEL 6,官方清單,,,
ceec-108:level-6:persistence,persistence,pә'sistәns,n.,"n. 固執, 堅持不懈, 持續(性), 存留(狀態)\n[電] 持久",,,CEEC-108,6,,,,大考中心高中英文參考詞彙表（111學年度起適用）,LEVEL 6,官方清單,,,
ceec-108:level-6:persistent,persistent,pә'sistәnt,adj.,"a. 固執的, 堅持的, 持續的, 作用持久的\n[法] 堅持的, 固執的, 持續的",,,CEEC-108,6,,,,大考中心高中英文參考詞彙表（111學年度起適用）,LEVEL 6,官方清單,,,
ceec-108:level-6:petrol,petrol,'petrәl,n.,"n. 汽油\n[經] 汽油, 揮發油, 石油",,,CEEC-108,6,,,,大考中心高中英文參考詞彙表（111學年度起適用）,LEVEL 6,官方清單,,,
ceec-108:level-6:petroleum,petroleum,pә'trәuliәm,n.,n. 石油\n[化] 石油,,,CEEC-108,6,,,,大考中心高中英文參考詞彙表（111學年度起適用）,LEVEL 6,官方清單,,,
ceec-108:level-6:pharmacist,pharmacist,'fɑ:mәsist,n.,"n. 藥師, 藥品商, 藥商, 藥劑師\n[醫] 藥師, 調劑員, 藥商",,,CEEC-108,6,,,,大考中心高中英文參考詞彙表（111學年度起適用）,LEVEL 6,官方清單,,,
ceec-108:level-6:pharmacy,pharmacy,'fɑ:mәsi,n.,"n. 藥房, 配藥學, 製藥業\n[醫] 藥學, 藥劑學, 調劑學, 藥房",,,CEEC-108,6,,,,大考中心高中英文參考詞彙表（111學年度起適用）,LEVEL 6,官方清單,,,
ceec-108:level-6:pianist,pianist,'piәnist,n.,"n. 鋼琴家, 鋼琴演奏者",,,CEEC-108,6,,,,大考中心高中英文參考詞彙表（111學年度起適用）,LEVEL 6,官方清單,,,
ceec-108:level-6:pickpocket,pickpocket,'pikpɒkit,n.,n. 扒手\n[法] 扒手,,,CEEC-108,6,,,,大考中心高中英文參考詞彙表（111學年度起適用）,LEVEL 6,官方清單,,,
ceec-108:level-6:pilgrim,pilgrim,'pilgrim,n.,"n. 旅行者, 朝聖者, 香客\nvi. 朝聖",,,CEEC-108,6,,,,大考中心高中英文參考詞彙表（111學年度起適用）,LEVEL 6,官方清單,,,
ceec-108:level-6:pimple,pimple,'pimpl,n.,"n. 丘疹, 小膿皰\n[醫] 丘疹, 小膿皰",,,CEEC-108,6,,,,大考中心高中英文參考詞彙表（111學年度起適用）,LEVEL 6,官方清單,,,
ceec-108:level-6:pinch,pinch,pintʃ,n.|v.,"n. 捏, 擰, 撮, 少量, 收縮, 擠壓, 夾痛, 苦惱, 逮捕, 指控, 匱乏, 緊急關頭\nvt. 捏, 擰, 掐, 擠壓, 修剪, 使困苦, 使萎縮, 節制, 少量加入, 逮捕, 勒索\nvi. 收縮, 節省, 擠壓, 引起苦惱",,,CEEC-108,6,,,,大考中心高中英文參考詞彙表（111學年度起適用）,LEVEL 6,官方清單,,,
ceec-108:level-6:plague,plague,pleig,n.,"n. 瘟疫, 天罰, 麻煩, 災禍\nvt. 折磨, 使苦惱, 使得災禍",,,CEEC-108,6,,,,大考中心高中英文參考詞彙表（111學年度起適用）,LEVEL 6,官方清單,,,
ceec-108:level-6:plantation,plantation,plæn'teiʃәn,n.,"n. 種植園, 大農場, 植樹造林, 新開墾地\n[醫] 栽植(如牙或其他組織的植入、再植和移植)",,,CEEC-108,6,,,,大考中心高中英文參考詞彙表（111學年度起適用）,LEVEL 6,官方清單,,,
ceec-108:level-6:playwright,playwright,'pleirait,n.,n. 劇作家,,,CEEC-108,6,,,,大考中心高中英文參考詞彙表（111學年度起適用）,LEVEL 6,官方清單,,,
ceec-108:level-6:plow,plow,plau,n.|v.,"n. 犁\nv. 犁, 耕",,,CEEC-108,6,,,,大考中心高中英文參考詞彙表（111學年度起適用）,LEVEL 6,官方清單,,,
ceec-108:level-6:pneumonia,pneumonia,nju:'mәunjә,n.,n. 肺炎\n[醫] 肺炎,,,CEEC-108,6,,,,大考中心高中英文參考詞彙表（111學年度起適用）,LEVEL 6,官方清單,,,
ceec-108:level-6:polar,polar,'pәulә,adj.,"a. 兩極的, 極地的, 正好相反的, 極性的\nn. 極線, 極面",,,CEEC-108,6,,,,大考中心高中英文參考詞彙表（111學年度起適用）,LEVEL 6,官方清單,,,
ceec-108:level-6:ponder,ponder,'pɒndә,v.,"v. 沉思, 考慮",,,CEEC-108,6,,,,大考中心高中英文參考詞彙表（111學年度起適用）,LEVEL 6,官方清單,,,
ceec-108:level-6:pony,pony,'pәuni,n.,"n. 矮種馬\nv. 藉助逐字直譯文翻譯\na. 小型的, 每日摘要的",,,CEEC-108,6,,,,大考中心高中英文參考詞彙表（111學年度起適用）,LEVEL 6,官方清單,,,
ceec-108:level-6:populate,populate,'pɔpjuleit,v.,"vt. 使人口聚居在...中, 殖民於, 移民於, 居住於, 定居於",,,CEEC-108,6,,,,大考中心高中英文參考詞彙表（111學年度起適用）,LEVEL 6,官方清單,,,
ceec-108:level-6:porter,porter,'pɒ:tә,n.,"n. 大樓管理員, 門房, 搬運工人, 侍者, 服務員\n[化] 搬運車; 搬運工人",,,CEEC-108,6,,,,大考中心高中英文參考詞彙表（111學年度起適用）,LEVEL 6,官方清單,,,
ceec-108:level-6:posture,posture,'pɒstʃә,n.|v.,"n. 姿勢, 態度, 情形, 形勢\nvt. 作...的姿勢\nvi. 作姿勢",,,CEEC-108,6,,,,大考中心高中英文參考詞彙表（111學年度起適用）,LEVEL 6,官方清單,,,
ceec-108:level-6:potent,potent,'pәutnt,adj.,"a. 有力的, 有說服力的, 有效的\n[醫] 有力的, 有性交能力的",,,CEEC-108,6,,,,大考中心高中英文參考詞彙表（111學年度起適用）,LEVEL 6,官方清單,,,
ceec-108:level-6:poultry,poultry,'pәultri,n.,n. 家禽,,,CEEC-108,6,,,,大考中心高中英文參考詞彙表（111學年度起適用）,LEVEL 6,官方清單,,,
ceec-108:level-6:preach,preach,pri:tʃ,v.,"v. 傳道, 講道, 說教, 宣講, 鼓吹\nn. 說教, 佈道",,,CEEC-108,6,,,,大考中心高中英文參考詞彙表（111學年度起適用）,LEVEL 6,官方清單,,,
ceec-108:level-6:precede,precede,.pri:'si:d,v.,"vt. 在...之前, 優於, 較...優先\nvi. 在前面",,,CEEC-108,6,,,,大考中心高中英文參考詞彙表（111學年度起適用）,LEVEL 6,官方清單,,,
ceec-108:level-6:precedent,precedent,'presidәnt,n.,"n. 先例, 前例\na. 在先的, 在前的",,,CEEC-108,6,,,,大考中心高中英文參考詞彙表（111學年度起適用）,LEVEL 6,官方清單,,,
ceec-108:level-6:precision,precision,pri'siʒәn,n.,"n. 精密, 精確, 精確度, 精度\na. 精密的, 精確的\n[計] 精度",,,CEEC-108,6,,,,大考中心高中英文參考詞彙表（111學年度起適用）,LEVEL 6,官方清單,,,
ceec-108:level-6:predecessor,predecessor,.predi'sesә,n.,"n. 前任, 先輩, 前身\n[醫] 初牙, 前輩, 祖先",,,CEEC-108,6,,,,大考中心高中英文參考詞彙表（111學年度起適用）,LEVEL 6,官方清單,,,
ceec-108:level-6:prehistoric,prehistoric,'pri:his'tɔrik,adj.,"a. 歷史以前的, 史前的",,,CEEC-108,6,,,,大考中心高中英文參考詞彙表（111學年度起適用）,LEVEL 6,官方清單,,,
ceec-108:level-6:premiere,premiere,pri'miә,n.,"v. 初次公演, 首次露面\nn. 初次的演出\na. 首次的, 首位的",,,CEEC-108,6,,,,大考中心高中英文參考詞彙表（111學年度起適用）,LEVEL 6,官方清單,,,
ceec-108:level-6:preside,preside,pri'zaid,v.,"vi. 統轄, 當主人, 主持\n[法] 主持, 負責, 指揮",,,CEEC-108,6,,,,大考中心高中英文參考詞彙表（111學年度起適用）,LEVEL 6,官方清單,,,
ceec-108:level-6:prestige,prestige,pre'sti:ʒ,n.,"n. 聲望, 威望, 威信\n[經] 商譽, 聲譽",,,CEEC-108,6,,,,大考中心高中英文參考詞彙表（111學年度起適用）,LEVEL 6,官方清單,,,
ceec-108:level-6:preventive,preventive,pri'ventiv,adj.|n.,"a. 預防的, 防止的\nn. 防止物, 預防方法, 預防藥",,,CEEC-108,6,,,,大考中心高中英文參考詞彙表（111學年度起適用）,LEVEL 6,官方清單,,,
ceec-108:level-6:preview,preview,'pri:vju:,n.|v.,"n. 事先檢視, 預覽\nvt. 事先檢視, 預演\n[計] 預覽",,,CEEC-108,6,,,,大考中心高中英文參考詞彙表（111學年度起適用）,LEVEL 6,官方清單,,,
ceec-108:level-6:priceless,priceless,'praislis,adj.,"a. 無價的, 極貴重的",,,CEEC-108,6,,,,大考中心高中英文參考詞彙表（111學年度起適用）,LEVEL 6,官方清單,,,
ceec-108:level-6:privatize,privatize,,v.,vt.vi. 私有化,,,CEEC-108,6,,,,大考中心高中英文參考詞彙表（111學年度起適用）,LEVEL 6,官方清單,,,
ceec-108:level-6:probe,probe,prәub,n.,"n. 探索, 調查, 探針, 探測器\nv. 用探針探測, 調查, 探索",,,CEEC-108,6,,,,大考中心高中英文參考詞彙表（111學年度起適用）,LEVEL 6,官方清單,,,
ceec-108:level-6:procession,procession,prә'seʃәn,n.,"n. 隊伍, 連續, 列隊行進, 湧出",,,CEEC-108,6,,,,大考中心高中英文參考詞彙表（111學年度起適用）,LEVEL 6,官方清單,,,
ceec-108:level-6:proficiency,proficiency,prә'fiʃәns,n.,"n. 精通, 熟練, 精練",,,CEEC-108,6,,,,大考中心高中英文參考詞彙表（111學年度起適用）,LEVEL 6,官方清單,,,
ceec-108:level-6:prohibition,prohibition,.prәuhi'biʃәn,n.,"n. 禁令, 禁止",,,CEEC-108,6,,,,大考中心高中英文參考詞彙表（111學年度起適用）,LEVEL 6,官方清單,,,
ceec-108:level-6:propel,propel,prәu'pel,v.,"vt. 推進, 驅使\n[機] 推進",,,CEEC-108,6,,,,大考中心高中英文參考詞彙表（111學年度起適用）,LEVEL 6,官方清單,,,
ceec-108:level-6:prose,prose,prәuz,n.,"n. 散文\nv. 寫散文\na. 散文的, 平凡的",,,CEEC-108,6,,,,大考中心高中英文參考詞彙表（111學年度起適用）,LEVEL 6,官方清單,,,
ceec-108:level-6:prosecute,prosecute,'prɒsikju:t,v.,"vt. 告發, 起訴, 徹底進行, 執行, 從事\nvi. 告發, 起訴, 作檢察官",,,CEEC-108,6,,,,大考中心高中英文參考詞彙表（111學年度起適用）,LEVEL 6,官方清單,,,
ceec-108:level-6:prospective,prospective,prәs'pektiv,adj.,"a. 預期的, 將來的\n[經] 預期的, 未來的",,,CEEC-108,6,,,,大考中心高中英文參考詞彙表（111學年度起適用）,LEVEL 6,官方清單,,,
ceec-108:level-6:prototype,prototype,'prәutәtaip,n.,n. 原型\n[計] 樣機; 原型,,,CEEC-108,6,,,,大考中心高中英文參考詞彙表（111學年度起適用）,LEVEL 6,官方清單,,,
ceec-108:level-6:proverb,proverb,'prɒvә:b,n.,"n. 諺語, 格言, 箴言\nvt. 使眾所周知, 用諺語表達",,,CEEC-108,6,,,,大考中心高中英文參考詞彙表（111學年度起適用）,LEVEL 6,官方清單,,,
ceec-108:level-6:provincial,provincial,prә'vinʃәl,adj.|n.,"n. 外地人, 粗野的人\na. 省的, 外地的, 偏狹的",,,CEEC-108,6,,,,大考中心高中英文參考詞彙表（111學年度起適用）,LEVEL 6,官方清單,,,
ceec-108:level-6:provisional,provisional,prә'viʒәnl,adj.,"a. 暫時的, 暫定的, 臨時的\n[醫] 臨時的",,,CEEC-108,6,,,,大考中心高中英文參考詞彙表（111學年度起適用）,LEVEL 6,官方清單,,,
ceec-108:level-6:psychiatry,psychiatry,sai'kaiәtri,n.,"n. 精神病學, 精神病治療\n[醫] 精神病學",,,CEEC-108,6,,,,大考中心高中英文參考詞彙表（111學年度起適用）,LEVEL 6,官方清單,,,
ceec-108:level-6:psychic,psychic,'saikik,adj.,"a. 靈魂的, 精神的, 心靈的\nn. 巫師, 靈物, 心靈現象",,,CEEC-108,6,,,,大考中心高中英文參考詞彙表（111學年度起適用）,LEVEL 6,官方清單,,,
ceec-108:level-6:psychotherapy,psychotherapy,.saikәu'θerәpi,n.,"n. 精神療法, 心理療法\n[醫] 精神療法, 心理療法",,,CEEC-108,6,,,,大考中心高中英文參考詞彙表（111學年度起適用）,LEVEL 6,官方清單,,,
ceec-108:level-6:publicize,publicize,'pʌblisaiz,v.,vt. 宣傳,,,CEEC-108,6,,,,大考中心高中英文參考詞彙表（111學年度起適用）,LEVEL 6,官方清單,,,
ceec-108:level-6:puff,puff,pʌf,n.|v.,"n. 一陣噴煙, 腫塊, 喘息\nv. 噴出, 張開, 吹捧, (使)充氣, 喘氣, (使)驕傲, (使)膨脹",,,CEEC-108,6,,,,大考中心高中英文參考詞彙表（111學年度起適用）,LEVEL 6,官方清單,,,
ceec-108:level-6:punctual,punctual,'pәŋktʃuәl,adj.,"a. 準時的, 守時的, 點狀的, 中肯的\n[經] 準時的, 不誤期的, 準時",,,CEEC-108,6,,,,大考中心高中英文參考詞彙表（111學年度起適用）,LEVEL 6,官方清單,,,
ceec-108:level-6:purify,purify,'pjuәrifai,v.,"vi. 變純淨\nvt. 使純淨, 淨化, 提純, 精煉",,,CEEC-108,6,,,,大考中心高中英文參考詞彙表（111學年度起適用）,LEVEL 6,官方清單,,,
ceec-108:level-6:purity,purity,'pjuәrәti,n.,"n. 純淨, 純正, 純粹\n[化] 純度",,,CEEC-108,6,,,,大考中心高中英文參考詞彙表（111學年度起適用）,LEVEL 6,官方清單,,,
ceec-108:level-6:quake,quake,kweik,n.|v.,"vi. 顫抖, 地震\nn. 顫抖, 地震",,,CEEC-108,6,,,,大考中心高中英文參考詞彙表（111學年度起適用）,LEVEL 6,官方清單,,,
ceec-108:level-6:qualification,qualification,.kwɒlifi'keiʃәn,n.,"n. 資格, 條件, 限制\n[計] 限定",,,CEEC-108,6,,,,大考中心高中英文參考詞彙表（111學年度起適用）,LEVEL 6,官方清單,,,
ceec-108:level-6:radiant,radiant,'reidiәnt,adj.|n.,"a. 發光的, 明亮的, 輻射的, 容光煥發的\n[醫] 放射的, 輻射的, 輻射物[質]",,,CEEC-108,6,,,,大考中心高中英文參考詞彙表（111學年度起適用）,LEVEL 6,官方清單,,,
ceec-108:level-6:radiate,radiate,'reidieit,adj.|v.,"vt. 放射, 散發, 輻射, 傳播, 廣播\nvi. 發光, 輻射, 流露\na. 有射線的, 輻射狀的",,,CEEC-108,6,,,,大考中心高中英文參考詞彙表（111學年度起適用）,LEVEL 6,官方清單,,,
ceec-108:level-6:radioactive,radioactive,.reidiәu'æktiv,adj.,"a. 放射性的, 有放射能的\n[醫] 放射性的, 放射的",,,CEEC-108,6,,,,大考中心高中英文參考詞彙表（111學年度起適用）,LEVEL 6,官方清單,,,
ceec-108:level-6:radish,radish,'rædiʃ,n.,n. 小蘿蔔,,,CEEC-108,6,,,,大考中心高中英文參考詞彙表（111學年度起適用）,LEVEL 6,官方清單,,,
ceec-108:level-6:radius,radius,'reidiәs,n.,"n. 半徑, 範圍, 輻射光線\n[電] 半徑",,,CEEC-108,6,,,,大考中心高中英文參考詞彙表（111學年度起適用）,LEVEL 6,官方清單,,,
ceec-108:level-6:rap,rap,ræp,n.,"n. 輕敲, 拍擊, 責罵, 無價值的東西\nvt. 輕敲, 厲聲說出, 叱責, 搶走, 使著迷\nvi. 敲擊, 發敲擊聲, 交談, 同情\n[計] 隨機存取程式, 資源分配處理器, 常駐彙編程式",,,CEEC-108,6,,,,大考中心高中英文參考詞彙表（111學年度起適用）,LEVEL 6,官方清單,,,
ceec-108:level-6:rash,rash,ræʃ,adj.|n.,"a. 輕率的, 匆忙的, 魯莽的\nn. 皮疹",,,CEEC-108,6,,,,大考中心高中英文參考詞彙表（111學年度起適用）,LEVEL 6,官方清單,,,
ceec-108:level-6:ratify,ratify,'rætifai,v.,"vt. 批准, 認可\n[經] 證實, 肯定, 確認",,,CEEC-108,6,,,,大考中心高中英文參考詞彙表（111學年度起適用）,LEVEL 6,官方清單,,,
ceec-108:level-6:realization,realization,.riәlai'zeiʃәn,n.,"n. 實現, 領悟, 實得\n[醫] 現實化, 實現",,,CEEC-108,6,,,,大考中心高中英文參考詞彙表（111學年度起適用）,LEVEL 6,官方清單,,,
ceec-108:level-6:reap,reap,ri:p,v.,"vt. 收割, 收穫, 獲得\nvi. 收割, 得到報應",,,CEEC-108,6,,,,大考中心高中英文參考詞彙表（111學年度起適用）,LEVEL 6,官方清單,,,
ceec-108:level-6:reckless,reckless,'reklis,adj.,"a. 不介意的, 大意的, 魯莽的, 不顧後果的\n[法] 不注意的, 粗心大意的, 魯莽的",,,CEEC-108,6,,,,大考中心高中英文參考詞彙表（111學年度起適用）,LEVEL 6,官方清單,,,
ceec-108:level-6:reckon,reckon,'rekәn,v.,"vt. 計算, 總計, 估計, 認為, 猜想\nvi. 數, 計算, 估計, 依賴, 料想",,,CEEC-108,6,,,,大考中心高中英文參考詞彙表（111學年度起適用）,LEVEL 6,官方清單,,,
ceec-108:level-6:reconcile,reconcile,'rekәnsail,v.,"vt. 使和解, 調停, 使和諧, 使一致, 使聽從\n[經] 對帳, 使一致",,,CEEC-108,6,,,,大考中心高中英文參考詞彙表（111學年度起適用）,LEVEL 6,官方清單,,,
ceec-108:level-6:recreational,recreational,.rekri'eiʃәnәl,adj.,"a. 消遣的, 娛樂的",,,CEEC-108,6,,,,大考中心高中英文參考詞彙表（111學年度起適用）,LEVEL 6,官方清單,,,
ceec-108:level-6:redundancy,redundancy,ri'dʌndәnsi,n.,"n. 過多, 冗長, 累贅, 多餘, 冗餘位, 冗餘度, 冗餘碼, 多餘資訊\n[計] 冗餘",,,CEEC-108,6,,,,大考中心高中英文參考詞彙表（111學年度起適用）,LEVEL 6,官方清單,,,
ceec-108:level-6:reef,reef,ri:f,n.,"n. 暗礁, 礁, 縮帆\nv. 縮(帆)",,,CEEC-108,6,,,,大考中心高中英文參考詞彙表（111學年度起適用）,LEVEL 6,官方清單,,,
ceec-108:level-6:referee,referee,.refә'ri:,n.|v.,"n. 仲裁人, 調解人, 裁判員\nv. 仲裁, 裁判",,,CEEC-108,6,,,,大考中心高中英文參考詞彙表（111學年度起適用）,LEVEL 6,官方清單,,,
ceec-108:level-6:referendum,referendum,.refә'rendәm,n.,n. （就重大政治或社會問題進行的）全民公決，全民投票,,,CEEC-108,6,,,,大考中心高中英文參考詞彙表（111學年度起適用）,LEVEL 6,官方清單,,,
ceec-108:level-6:refine,refine,ri'fain,v.,"vt. 精煉, 淨化, 使優雅, 使精煉\nvi. 被精煉, 被淨化",,,CEEC-108,6,,,,大考中心高中英文參考詞彙表（111學年度起適用）,LEVEL 6,官方清單,,,
ceec-108:level-6:refinement,refinement,ri'fainmәnt,n.,"n. 精緻, 高尚, 精巧\n[醫] 精製, 精練",,,CEEC-108,6,,,,大考中心高中英文參考詞彙表（111學年度起適用）,LEVEL 6,官方清單,,,
ceec-108:level-6:reflective,reflective,ri'flektiv,adj.,"a. 反射的, 反映的, 沉思的",,,CEEC-108,6,,,,大考中心高中英文參考詞彙表（111學年度起適用）,LEVEL 6,官方清單,,,
ceec-108:level-6:refresh,refresh,ri'freʃ,v.,"vt. 使清新, 使恢復, 使生氣蓬勃\nvi. 提起精神, 恢復精神, 吃點心, 喝飲料\nvt. 重新整理, 重新整理\nvi. 重新整理, 重新整理\n[計] 重新整理, 重新整理",,,CEEC-108,6,,,,大考中心高中英文參考詞彙表（111學年度起適用）,LEVEL 6,官方清單,,,
ceec-108:level-6:refreshment,refreshment,ri'freʃmәnt,n.,"n. 點心, 起提神作用的事物, 精神爽快",,,CEEC-108,6,,,,大考中心高中英文參考詞彙表（111學年度起適用）,LEVEL 6,官方清單,,,
ceec-108:level-6:refute,refute,ri'fju:t. ri:-,v.,"vt. 反駁, 駁斥；駁倒",,,CEEC-108,6,,,,大考中心高中英文參考詞彙表（111學年度起適用）,LEVEL 6,官方清單,,,
ceec-108:level-6:rehabilitate,rehabilitate,.ri:hә'biliteit,v.,"vt. 恢復原狀, 修復, 使康復\n[法] 恢復, 使恢復心理健康, 修復",,,CEEC-108,6,,,,大考中心高中英文參考詞彙表（111學年度起適用）,LEVEL 6,官方清單,,,
ceec-108:level-6:rehearse,rehearse,ri'hә:s,v.,"vt. 預演, 排演, 使熟練掌握, 練習, 複述\nvi. 排練, 練習, 演習",,,CEEC-108,6,,,,大考中心高中英文參考詞彙表（111學年度起適用）,LEVEL 6,官方清單,,,
ceec-108:level-6:reign,reign,rein,n.|v.,v. 為王，為君；當政；統治\nn. 為王，為君；當政；統治,,,CEEC-108,6,,,,大考中心高中英文參考詞彙表（111學年度起適用）,LEVEL 6,官方清單,,,
ceec-108:level-6:rejoice,rejoice,ri'dʒɒis,v.,"vt. 使歡喜\nvi. 欣喜, 高興, 慶祝",,,CEEC-108,6,,,,大考中心高中英文參考詞彙表（111學年度起適用）,LEVEL 6,官方清單,,,
ceec-108:level-6:relay,relay,'ri:lei,n.|v.,"n. 驛馬, 替班, 中繼, 接力\nvt. 分程傳遞, 轉播, 使接替\nvi. 接力傳送, 轉播",,,CEEC-108,6,,,,大考中心高中英文參考詞彙表（111學年度起適用）,LEVEL 6,官方清單,,,
ceec-108:level-6:relentless,relentless,ri'lentlis,adj.,"a. 無情的, 冷酷的, 殘酷的",,,CEEC-108,6,,,,大考中心高中英文參考詞彙表（111學年度起適用）,LEVEL 6,官方清單,,,
ceec-108:level-6:reliance,reliance,ri'laiәns,n.,"n. 信任, 信賴, 受信賴的人(或事)\n[法] 信任, 信賴, 信心",,,CEEC-108,6,,,,大考中心高中英文參考詞彙表（111學年度起適用）,LEVEL 6,官方清單,,,
ceec-108:level-6:reliant,reliant,ri'laiәnt,adj.,"a. 依賴的, 信賴的",,,CEEC-108,6,,,,大考中心高中英文參考詞彙表（111學年度起適用）,LEVEL 6,官方清單,,,
ceec-108:level-6:relic,relic,'relik,n.,"n. 遺物, 遺蹟, 紀念物, 遺風, 殘留物",,,CEEC-108,6,,,,大考中心高中英文參考詞彙表（111學年度起適用）,LEVEL 6,官方清單,,,
ceec-108:level-6:remainder,remainder,ri'meindә,n.,"n. 剩餘物, 其他人, 殘餘, 餘數\nv. 削價出售(圖書)\na. 剩餘的, 出售削價剩書的\n[計] 餘數",,,CEEC-108,6,,,,大考中心高中英文參考詞彙表（111學年度起適用）,LEVEL 6,官方清單,,,
ceec-108:level-6:reminiscent,reminiscent,.remi'nisnt,adj.,"a. 回憶的, 懷舊的\nn. 往事敘述者, 回憶錄作者",,,CEEC-108,6,,,,大考中心高中英文參考詞彙表（111學年度起適用）,LEVEL 6,官方清單,,,
ceec-108:level-6:renowned,renowned,ri'naund,adj.,"a. 有名的, 有聲譽的",,,CEEC-108,6,,,,大考中心高中英文參考詞彙表（111學年度起適用）,LEVEL 6,官方清單,,,
ceec-108:level-6:reproduce,reproduce,.ri:prә'dju:s,v.,"v. 繁殖, 再生, 複製, 生殖\n[計] 複製",,,CEEC-108,6,,,,大考中心高中英文參考詞彙表（111學年度起適用）,LEVEL 6,官方清單,,,
ceec-108:level-6:reptile,reptile,'reptail,adj.|n.,"n. 爬行動物, 爬蟲, 卑鄙的人\na. 爬行的, 爬蟲類的, 卑鄙的",,,CEEC-108,6,,,,大考中心高中英文參考詞彙表（111學年度起適用）,LEVEL 6,官方清單,,,
ceec-108:level-6:resent,resent,ri'zent,v.,"vt. 憤恨, 憎惡, 怨恨",,,CEEC-108,6,,,,大考中心高中英文參考詞彙表（111學年度起適用）,LEVEL 6,官方清單,,,
ceec-108:level-6:resentment,resentment,ri'zentmәnt,n.,"n. 怨恨, 憤恨",,,CEEC-108,6,,,,大考中心高中英文參考詞彙表（111學年度起適用）,LEVEL 6,官方清單,,,
ceec-108:level-6:reside,reside,ri'zaid,v.,"vi. 住, 居留, 屬於\n[法] 居住",,,CEEC-108,6,,,,大考中心高中英文參考詞彙表（111學年度起適用）,LEVEL 6,官方清單,,,
ceec-108:level-6:resistant,resistant,ri'zistәnt,adj.,"n. 抵抗者, 反抗者\na. 抵抗的, 反抗的, 耐...的",,,CEEC-108,6,,,,大考中心高中英文參考詞彙表（111學年度起適用）,LEVEL 6,官方清單,,,
ceec-108:level-6:respective,respective,ri'spektiv,adj.,"a. 分別的, 各自的",,,CEEC-108,6,,,,大考中心高中英文參考詞彙表（111學年度起適用）,LEVEL 6,官方清單,,,
ceec-108:level-6:restoration,restoration,.restә'reiʃәn,n.,"n. 恢復, 歸還, 復位\n[醫] 恢復, 康復, 復位, 回覆, 修復",,,CEEC-108,6,,,,大考中心高中英文參考詞彙表（111學年度起適用）,LEVEL 6,官方清單,,,
ceec-108:level-6:restrain,restrain,ri'strein,v.,"vt. 抑制, 阻止, 束縛\n[法] 抑制, 遏制, 制止",,,CEEC-108,6,,,,大考中心高中英文參考詞彙表（111學年度起適用）,LEVEL 6,官方清單,,,
ceec-108:level-6:restraint,restraint,ri'streint,n.,"n. 抑制, 剋制, 束縛\n[醫] 約束, 拘束",,,CEEC-108,6,,,,大考中心高中英文參考詞彙表（111學年度起適用）,LEVEL 6,官方清單,,,
ceec-108:level-6:retort,retort,ri'tɒ:t,n.|v.,"n. 反駁, 頂嘴, 蒸餾器, 曲頸甑\nvi. 反駁, 回嘴, 反擊\nvt. 反擊, 反駁, 蒸餾",,,CEEC-108,6,,,,大考中心高中英文參考詞彙表（111學年度起適用）,LEVEL 6,官方清單,,,
ceec-108:level-6:retrieve,retrieve,ri'tri:v,v.,"vt. 取回, 挽回, 彌補, 恢復, 補償, 回憶, 檢索\nvi. 找回獵物\nn. 取回, 恢復, 救險球\n[計] 檢索",,,CEEC-108,6,,,,大考中心高中英文參考詞彙表（111學年度起適用）,LEVEL 6,官方清單,,,
ceec-108:level-6:revelation,revelation,.revi'leiʃәn,n.,"n. 揭露, 洩露, 發覺, 默示, 啟示",,,CEEC-108,6,,,,大考中心高中英文參考詞彙表（111學年度起適用）,LEVEL 6,官方清單,,,
ceec-108:level-6:revival,revival,ri'vaivl,n.,"n. 復興, 復活, 恢復精神, 甦醒\n[醫] 復甦, 回生, 精神重振",,,CEEC-108,6,,,,大考中心高中英文參考詞彙表（111學年度起適用）,LEVEL 6,官方清單,,,
ceec-108:level-6:revive,revive,ri'vaiv,v.,"vt. 使甦醒, 使復興, 使振奮, 回想起, 重播\nvi. 甦醒, 復活, 復興, 恢復精神",,,CEEC-108,6,,,,大考中心高中英文參考詞彙表（111學年度起適用）,LEVEL 6,官方清單,,,
ceec-108:level-6:revolt,revolt,ri'vәult,n.|v.,"n. 叛亂, 反抗, 反感\nvi. 叛亂, 反抗, 起義, 厭惡, 反感\nvt. 使反感, 使噁心",,,CEEC-108,6,,,,大考中心高中英文參考詞彙表（111學年度起適用）,LEVEL 6,官方清單,,,
ceec-108:level-6:revolve,revolve,ri'vɒlv,v.,"v. (使)旋轉, 反覆考慮, 迴圈出現",,,CEEC-108,6,,,,大考中心高中英文參考詞彙表（111學年度起適用）,LEVEL 6,官方清單,,,
ceec-108:level-6:rigorous,rigorous,'rigәrәs,adj.,"a. 嚴厲的, 嚴酷的, 嚴格的, 苛刻的, 嚴密的, 精確的",,,CEEC-108,6,,,,大考中心高中英文參考詞彙表（111學年度起適用）,LEVEL 6,官方清單,,,
ceec-108:level-6:ripple,ripple,'ripl,n.|v.,"n. 漣波, 漣漪, 波紋, 粗鋼梳\nvt. 使起漣漪\nvi. 起微波, 起潺潺聲",,,CEEC-108,6,,,,大考中心高中英文參考詞彙表（111學年度起適用）,LEVEL 6,官方清單,,,
ceec-108:level-6:rivalry,rivalry,'raivlri,n.,"n. 競爭, 對抗\n[醫] 拮抗",,,CEEC-108,6,,,,大考中心高中英文參考詞彙表（111學年度起適用）,LEVEL 6,官方清單,,,
ceec-108:level-6:roam,roam,rәum,n.|v.,"v. 漫遊, 閒逛, 徜徉\nn. 漫步, 漫遊",,,CEEC-108,6,,,,大考中心高中英文參考詞彙表（111學年度起適用）,LEVEL 6,官方清單,,,
ceec-108:level-6:robust,robust,rәu'bʌst,adj.,"a. 健康的, 強健的, 要用力氣的, 堅定的, 粗野的\n[計] 健壯性",,,CEEC-108,6,,,,大考中心高中英文參考詞彙表（111學年度起適用）,LEVEL 6,官方清單,,,
ceec-108:level-6:rotate,rotate,'rәuteit,v.,"a. 輻狀的\nvt. 使旋轉, 使轉動, 使輪流\nvi. 旋轉, 迴圈\n[計] 旋轉",,,CEEC-108,6,,,,大考中心高中英文參考詞彙表（111學年度起適用）,LEVEL 6,官方清單,,,
ceec-108:level-6:rotation,rotation,rәu'teiʃәn,n.,"n. 旋轉, 迴圈, 輪流\n[計] 旋轉",,,CEEC-108,6,,,,大考中心高中英文參考詞彙表（111學年度起適用）,LEVEL 6,官方清單,,,
ceec-108:level-6:royalty,royalty,'rɒiәlti,n.,"n. 皇室, 王族成員, 王權, 特權階層, 莊嚴\n[經] 特許權, 使用費, 使用稅",,,CEEC-108,6,,,,大考中心高中英文參考詞彙表（111學年度起適用）,LEVEL 6,官方清單,,,
ceec-108:level-6:rubbish,rubbish,'rʌbiʃ,n.,"n. 廢物, 垃圾, 胡說",,,CEEC-108,6,,,,大考中心高中英文參考詞彙表（111學年度起適用）,LEVEL 6,官方清單,,,
ceec-108:level-6:rugged,rugged,'rʌgid,adj.,"a. 高低不平的, 崎嶇的, 粗糙的",,,CEEC-108,6,,,,大考中心高中英文參考詞彙表（111學年度起適用）,LEVEL 6,官方清單,,,
ceec-108:level-6:ruthless,ruthless,'ru:θlis,adj.,"a. 無情的, 殘忍的, 毫不留情的, 徹底的\n[法] 無情的, 殘忍的",,,CEEC-108,6,,,,大考中心高中英文參考詞彙表（111學年度起適用）,LEVEL 6,官方清單,,,
ceec-108:level-6:salute,salute,sә'lu:t,n.|v.,"vi. 行禮, 致意, 問候, 放禮炮\nvt. 向...致意, 迎接, 讚揚\nn. 招呼, 敬禮, 禮炮",,,CEEC-108,6,,,,大考中心高中英文參考詞彙表（111學年度起適用）,LEVEL 6,官方清單,,,
ceec-108:level-6:salvage,salvage,'sælvidʒ,v.,"n. 海上救助, 搶救, 打撈, 搶救出來的財物\nvt. 海上救助, 搶救, 打撈, 營救\n[計] 檔案恢復程式",,,CEEC-108,6,,,,大考中心高中英文參考詞彙表（111學年度起適用）,LEVEL 6,官方清單,,,
ceec-108:level-6:sanitation,sanitation,sæni'teiʃәn,n.,"n. (環境)衛生, 環境衛生的提倡/維持, 衛生裝置, 下水道設施, 衛生設施\n[醫] 環境衛生",,,CEEC-108,6,,,,大考中心高中英文參考詞彙表（111學年度起適用）,LEVEL 6,官方清單,,,
ceec-108:level-6:savage,savage,'sævidʒ,adj.|n.|v.,"a. 未開化的, 野蠻的, 無禮的, 殘酷的, 原始的, 粗魯的, 未開發的\nvt. 用暴力對付, 兇猛攻擊\nn. 原始人, 粗魯人",,,CEEC-108,6,,,,大考中心高中英文參考詞彙表（111學年度起適用）,LEVEL 6,官方清單,,,
ceec-108:level-6:scenic,scenic,'si:nik,adj.,"a. 風景好的, 戲劇性的, 舞臺的, 佈景的\nn. 風光影片, 風景照片",,,CEEC-108,6,,,,大考中心高中英文參考詞彙表（111學年度起適用）,LEVEL 6,官方清單,,,
ceec-108:level-6:scorn,scorn,skɒ:n,n.|v.,"n. 輕蔑, 藐視, 嘲笑, 被嘲弄的人\nvt. 輕蔑, 不屑做",,,CEEC-108,6,,,,大考中心高中英文參考詞彙表（111學年度起適用）,LEVEL 6,官方清單,,,
ceec-108:level-6:scrape,scrape,skreip,n.|v.,"n. 刮, 擦, 挖, 擦痕, 刮擦聲, 困境\nvi. 刮掉, 擦掉, 刮出刺耳聲\nvt. 刮, 擦, 擦傷, 挖成, 積蓄",,,CEEC-108,6,,,,大考中心高中英文參考詞彙表（111學年度起適用）,LEVEL 6,官方清單,,,
ceec-108:level-6:screwdriver,screwdriver,'skru:draivә,n.,n. 螺絲起子\n[機] 活動扳手,,,CEEC-108,6,,,,大考中心高中英文參考詞彙表（111學年度起適用）,LEVEL 6,官方清單,,,
ceec-108:level-6:scroll,scroll,skrәul,n.|v.,"n. 卷軸, 畫卷, 名冊, 條幅, 滾動\nv. (使)成卷形\n[計] 滾動",,,CEEC-108,6,,,,大考中心高中英文參考詞彙表（111學年度起適用）,LEVEL 6,官方清單,,,
ceec-108:level-6:scrutiny,scrutiny,'skru:tini,n.,"n. 細看, 仔細檢查, 監視, 選票檢查\n[經] 複查, 評核, 仔細檢查",,,CEEC-108,6,,,,大考中心高中英文參考詞彙表（111學年度起適用）,LEVEL 6,官方清單,,,
ceec-108:level-6:sculptor,sculptor,'skʌlptә,n.,n. 雕刻家,,,CEEC-108,6,,,,大考中心高中英文參考詞彙表（111學年度起適用）,LEVEL 6,官方清單,,,
ceec-108:level-6:seagull,seagull,'si:^ʌl,n.,n. 鷗,,,CEEC-108,6,,,,大考中心高中英文參考詞彙表（111學年度起適用）,LEVEL 6,官方清單,,,
ceec-108:level-6:seduce,seduce,si'dju:s,v.,"vt. 唆使, 慫恿, 引誘, 誘姦\n[法] 勾引, 誘惑, 誘姦",,,CEEC-108,6,,,,大考中心高中英文參考詞彙表（111學年度起適用）,LEVEL 6,官方清單,,,
ceec-108:level-6:selective,selective,si'lektiv,adj.,"a. 選擇的, 選擇性的\n[經] 選擇的, 選擇性的",,,CEEC-108,6,,,,大考中心高中英文參考詞彙表（111學年度起適用）,LEVEL 6,官方清單,,,
ceec-108:level-6:serene,serene,si'ri:n,adj.,"a. 寧靜的, 沉著的, 安詳的, 晴朗的\nn. 晴朗, 平靜",,,CEEC-108,6,,,,大考中心高中英文參考詞彙表（111學年度起適用）,LEVEL 6,官方清單,,,
ceec-108:level-6:sergeant,sergeant,'sɑ:dʒәnt,n.,"n. 警察小隊長, 軍士",,,CEEC-108,6,,,,大考中心高中英文參考詞彙表（111學年度起適用）,LEVEL 6,官方清單,,,
ceec-108:level-6:serial,serial,'siәriәl,adj.,"n. 分期連載作品, 連載小說\na. 連續的, 一連串的, 連載的, 分期償還的\n[計] 連續的; 序列的",,,CEEC-108,6,,,,大考中心高中英文參考詞彙表（111學年度起適用）,LEVEL 6,官方清單,,,
ceec-108:level-6:sermon,sermon,'sә:mәn,n.,"n. 說教, 啟示, 佈道",,,CEEC-108,6,,,,大考中心高中英文參考詞彙表（111學年度起適用）,LEVEL 6,官方清單,,,
ceec-108:level-6:serving,serving,'sә:viŋ,n.,"n. 服務, 招待, 上菜, 一份食物",,,CEEC-108,6,,,,大考中心高中英文參考詞彙表（111學年度起適用）,LEVEL 6,官方清單,,,
ceec-108:level-6:setback,setback,'setbæk,n.,"n. 挫折, 退步, 逆流",,,CEEC-108,6,,,,大考中心高中英文參考詞彙表（111學年度起適用）,LEVEL 6,官方清單,,,
ceec-108:level-6:shabby,shabby,'ʃæbi,adj.,"a. 衣衫襤褸的, 低劣的, 破舊的, 吝嗇的, 卑鄙的",,,CEEC-108,6,,,,大考中心高中英文參考詞彙表（111學年度起適用）,LEVEL 6,官方清單,,,
ceec-108:level-6:sharpen,sharpen,'ʃɑ:pn,v.,"vt. 使尖銳, 使敏捷, 加重, 削尖\nvi. 尖銳化, 變鋒利",,,CEEC-108,6,,,,大考中心高中英文參考詞彙表（111學年度起適用）,LEVEL 6,官方清單,,,
ceec-108:level-6:shaver,shaver,'ʃeivә,n.,"n. 修面的人, 電動剃刀, 刨刀, 殺價買進期票的人, 善於討價還價的人",,,CEEC-108,6,,,,大考中心高中英文參考詞彙表（111學年度起適用）,LEVEL 6,官方清單,,,
ceec-108:level-6:shortcoming,shortcoming,'ʃɒ:t'kʌmiŋ,n.,"n. 缺點, 短處",,,CEEC-108,6,,,,大考中心高中英文參考詞彙表（111學年度起適用）,LEVEL 6,官方清單,,,
ceec-108:level-6:shortsighted,shortsighted,'ʃɒ:t'saitid,adj.,"a. 近視的, 目光短淺的, 缺乏想像力的",,,CEEC-108,6,,,,大考中心高中英文參考詞彙表（111學年度起適用）,LEVEL 6,官方清單,,,
ceec-108:level-6:shred,shred,ʃred,n.|v.,"n. 碎布條, 細片, 少量\nv. 撕碎",,,CEEC-108,6,,,,大考中心高中英文參考詞彙表（111學年度起適用）,LEVEL 6,官方清單,,,
ceec-108:level-6:shriek,shriek,ʃri:k,n.|v.,"n. 尖銳的響聲\nvi. 尖叫, 發尖聲\nvt. 尖聲發出",,,CEEC-108,6,,,,大考中心高中英文參考詞彙表（111學年度起適用）,LEVEL 6,官方清單,,,
ceec-108:level-6:shrub,shrub,ʃrʌb,n.,"n. 矮樹, 灌木, 果汁甜酒",,,CEEC-108,6,,,,大考中心高中英文參考詞彙表（111學年度起適用）,LEVEL 6,官方清單,,,
ceec-108:level-6:shuffle,shuffle,'ʃʌfl,v.,"n. 拖著腳走, 曳步, 混亂, 矇混, 洗紙牌\nv. 拖曳, 馬虎地做, 笨手笨腳地穿(脫)衣, 推諉, 洗牌\n[計] 混洗",,,CEEC-108,6,,,,大考中心高中英文參考詞彙表（111學年度起適用）,LEVEL 6,官方清單,,,
ceec-108:level-6:shutter,shutter,'ʃʌtә,n.|v.,"n. 百葉窗, 關閉物, 照相機快門, 關閉者\nvt. 為...裝百葉窗, 以百葉窗遮閉",,,CEEC-108,6,,,,大考中心高中英文參考詞彙表（111學年度起適用）,LEVEL 6,官方清單,,,
ceec-108:level-6:simplicity,simplicity,sim'plisiti,n.,"n. 單純, 簡樸, 樸素, 坦率, 天真\n[計] 簡明性",,,CEEC-108,6,,,,大考中心高中英文參考詞彙表（111學年度起適用）,LEVEL 6,官方清單,,,
ceec-108:level-6:simplify,simplify,'simplifai,v.,"vt. 單一化, 簡單化",,,CEEC-108,6,,,,大考中心高中英文參考詞彙表（111學年度起適用）,LEVEL 6,官方清單,,,
ceec-108:level-6:simultaneous,simultaneous,.simәl'teinjәs,adj.,"a. 同時的, 同時發生的\n[計] 同時的",,,CEEC-108,6,,,,大考中心高中英文參考詞彙表（111學年度起適用）,LEVEL 6,官方清單,,,
ceec-108:level-6:skeptical,skeptical,'skeptikәl,adj.,"a. 懷疑論的, 懷疑的, 不可知論的\n[法] 懷疑的, 不信的, 懷疑論者的",,,CEEC-108,6,,,,大考中心高中英文參考詞彙表（111學年度起適用）,LEVEL 6,官方清單,,,
ceec-108:level-6:skim,skim,skim,n.|v.,"vt. 撇取浮沫, 略讀, 掠過\nvi. 擦過, 瀏覽\nn. 脫脂乳, 擦過, 表層物\na. 撇去浮沫的",,,CEEC-108,6,,,,大考中心高中英文參考詞彙表（111學年度起適用）,LEVEL 6,官方清單,,,
ceec-108:level-6:slang,slang,slæŋ,n.|v.,"n. 俚語\nv. 辱罵, 用俚語說",,,CEEC-108,6,,,,大考中心高中英文參考詞彙表（111學年度起適用）,LEVEL 6,官方清單,,,
ceec-108:level-6:slash,slash,slæʃ,n.|v.,"v. 猛砍, 亂砍\nn. 猛砍, 亂砍, 刪減\n[計] 斜線",,,CEEC-108,6,,,,大考中心高中英文參考詞彙表（111學年度起適用）,LEVEL 6,官方清單,,,
ceec-108:level-6:slaughter,slaughter,'slɒ:tә,n.|v.,"n. 殘殺, 屠殺, 殺戮\nvt. 殘殺, 屠殺, 虧本出售",,,CEEC-108,6,,,,大考中心高中英文參考詞彙表（111學年度起適用）,LEVEL 6,官方清單,,,
ceec-108:level-6:slay,slay,slei,v.,"v. 殺害, 殘殺",,,CEEC-108,6,,,,大考中心高中英文參考詞彙表（111學年度起適用）,LEVEL 6,官方清單,,,
ceec-108:level-6:sloppy,sloppy,'slɒpi,adj.,"a. 泥濘的, 潮溼的, 粗心的",,,CEEC-108,6,,,,大考中心高中英文參考詞彙表（111學年度起適用）,LEVEL 6,官方清單,,,
ceec-108:level-6:slum,slum,slʌm,n.|v.,n. 貧民窟\nvi. 訪問貧民區,,,CEEC-108,6,,,,大考中心高中英文參考詞彙表（111學年度起適用）,LEVEL 6,官方清單,,,
ceec-108:level-6:slump,slump,slʌmp,n.|v.,"n. 暴跌, 垂頭彎腰的姿態\nvi. 猛然掉落, 陷入, 衰落(經濟等)",,,CEEC-108,6,,,,大考中心高中英文參考詞彙表（111學年度起適用）,LEVEL 6,官方清單,,,
ceec-108:level-6:sly,sly,slai,adj.,"a. 狡猾的, 詭密的, 俏皮的, 偷偷摸摸的",,,CEEC-108,6,,,,大考中心高中英文參考詞彙表（111學年度起適用）,LEVEL 6,官方清單,,,
ceec-108:level-6:smuggle,smuggle,'smʌgl,v.,"vt. 偷運, 走私, 私運\nvi. 走私",,,CEEC-108,6,,,,大考中心高中英文參考詞彙表（111學年度起適用）,LEVEL 6,官方清單,,,
ceec-108:level-6:sneaker,sneaker,'sni:kә,n.,"n. 鬼鬼祟祟做事的人, 卑鄙者, 帆布膠底運動鞋",,,CEEC-108,6,,,,大考中心高中英文參考詞彙表（111學年度起適用）,LEVEL 6,官方清單,,,
ceec-108:level-6:sneaky,sneaky,'sni:ki,adj.,"a. 鬼祟的, 卑微的",,,CEEC-108,6,,,,大考中心高中英文參考詞彙表（111學年度起適用）,LEVEL 6,官方清單,,,
ceec-108:level-6:sneeze,sneeze,sni:z,n.|v.,n. 噴嚏\nvi. 打噴嚏,,,CEEC-108,6,,,,大考中心高中英文參考詞彙表（111學年度起適用）,LEVEL 6,官方清單,,,
ceec-108:level-6:snore,snore,snɒ:,n.|v.,"n. 鼾聲, 打鼾\nvi. 打鼾\nvt. 打鼾度過",,,CEEC-108,6,,,,大考中心高中英文參考詞彙表（111學年度起適用）,LEVEL 6,官方清單,,,
ceec-108:level-6:sociable,sociable,'sәuʃәbl,adj.,"a. 好交際的, 社交的, 過社會生活的\nn. 聯誼會",,,CEEC-108,6,,,,大考中心高中英文參考詞彙表（111學年度起適用）,LEVEL 6,官方清單,,,
ceec-108:level-6:socialism,socialism,'sәuʃәlizm,n.,"n. 社會主義, 社會主義運動",,,CEEC-108,6,,,,大考中心高中英文參考詞彙表（111學年度起適用）,LEVEL 6,官方清單,,,
ceec-108:level-6:socialist,socialist,'sәuʃәlist,n.,"n. 社會主義者, 社會黨黨員\n[法] 社會主義的",,,CEEC-108,6,,,,大考中心高中英文參考詞彙表（111學年度起適用）,LEVEL 6,官方清單,,,
ceec-108:level-6:socialize,socialize,'sәuʃәlaiz,v.,"vt. 使社會化, 使社會主義化, 使適合社會需要\nvi. (美)(非正式)參加社交活動, 發生社交往來",,,CEEC-108,6,,,,大考中心高中英文參考詞彙表（111學年度起適用）,LEVEL 6,官方清單,,,
ceec-108:level-6:sociology,sociology,.sәusi'ɒlәdʒi,n.,n. 社會學\n[醫] 社會學,,,CEEC-108,6,,,,大考中心高中英文參考詞彙表（111學年度起適用）,LEVEL 6,官方清單,,,
ceec-108:level-6:solemn,solemn,'sɒlәm,adj.,"a. 嚴肅的, 鄭重的, 莊嚴的",,,CEEC-108,6,,,,大考中心高中英文參考詞彙表（111學年度起適用）,LEVEL 6,官方清單,,,
ceec-108:level-6:solidarity,solidarity,.sɒli'dæriti,n.,"n. 團結, 團結一致, 共同一致\n[法] 團結, 共同責任",,,CEEC-108,6,,,,大考中心高中英文參考詞彙表（111學年度起適用）,LEVEL 6,官方清單,,,
ceec-108:level-6:solitary,solitary,'sɒlitәri,adj.|n.,"n. 獨居者\na. 孤獨的, 獨居的",,,CEEC-108,6,,,,大考中心高中英文參考詞彙表（111學年度起適用）,LEVEL 6,官方清單,,,
ceec-108:level-6:solitude,solitude,'sɒlitju:d,n.,"n. 孤獨, 單獨, 孤寂",,,CEEC-108,6,,,,大考中心高中英文參考詞彙表（111學年度起適用）,LEVEL 6,官方清單,,,
ceec-108:level-6:soothe,soothe,su:ð,v.,"vt. 緩和, 使安靜, 安慰, 奉承\nvi. 起安慰作用",,,CEEC-108,6,,,,大考中心高中英文參考詞彙表（111學年度起適用）,LEVEL 6,官方清單,,,
ceec-108:level-6:sorrowful,sorrowful,'sɒrәuful,adj.,a. 悲傷的,,,CEEC-108,6,,,,大考中心高中英文參考詞彙表（111學年度起適用）,LEVEL 6,官方清單,,,
ceec-108:level-6:sovereign,sovereign,'sɒvrin,adj.|n.,"n. 元首, 獨立國\na. 具有主權的, 至高無上的, 國王的, 完全的",,,CEEC-108,6,,,,大考中心高中英文參考詞彙表（111學年度起適用）,LEVEL 6,官方清單,,,
ceec-108:level-6:spacecraft,spacecraft,'speiskræft,n.,n. 航天飛船,,,CEEC-108,6,,,,大考中心高中英文參考詞彙表（111學年度起適用）,LEVEL 6,官方清單,,,
ceec-108:level-6:spaceship,spaceship,'speisʃip,n.,n. 宇宙飛船,,,CEEC-108,6,,,,大考中心高中英文參考詞彙表（111學年度起適用）,LEVEL 6,官方清單,,,
ceec-108:level-6:span,span,spæn,n.|v.,"n. 指距, 全長, 跨距, 一段時間, 小範圍\nvt. 以手指測量, 跨越, 架設, 持續",,,CEEC-108,6,,,,大考中心高中英文參考詞彙表（111學年度起適用）,LEVEL 6,官方清單,,,
ceec-108:level-6:sparrow,sparrow,'spærәu,n.,n. 麻雀,,,CEEC-108,6,,,,大考中心高中英文參考詞彙表（111學年度起適用）,LEVEL 6,官方清單,,,
ceec-108:level-6:spectacle,spectacle,'spektәkl,n.,"n. 引人羨慕的東西, 景象, 眼鏡, 場面, 公開展示",,,CEEC-108,6,,,,大考中心高中英文參考詞彙表（111學年度起適用）,LEVEL 6,官方清單,,,
ceec-108:level-6:spiral,spiral,'spairәl,adj.|n.|v.,"n. 螺旋形之物, 螺線\na. 螺旋形的, 盤旋的\nvi. 螺旋形下降, 螺旋形上升, 螺旋形行進\nvt. 使螺旋形行進",,,CEEC-108,6,,,,大考中心高中英文參考詞彙表（111學年度起適用）,LEVEL 6,官方清單,,,
ceec-108:level-6:splendor,splendor,'splendә,n.,"n. 光輝, 壯麗, 顯赫",,,CEEC-108,6,,,,大考中心高中英文參考詞彙表（111學年度起適用）,LEVEL 6,官方清單,,,
ceec-108:level-6:spokesman,spokesman,'spәuksmәn,n.,"n. 發言人, 代言者",,,CEEC-108,6,,,,大考中心高中英文參考詞彙表（111學年度起適用）,LEVEL 6,官方清單,,,
ceec-108:level-6:spokesperson,spokesperson,'spәukspә:sn,n.,"n. 發言人, 代言人",,,CEEC-108,6,,,,大考中心高中英文參考詞彙表（111學年度起適用）,LEVEL 6,官方清單,,,
ceec-108:level-6:spokeswoman,spokeswoman,"'spәuks,wumәn",n.,"n. 女發言人, 女代言人",,,CEEC-108,6,,,,大考中心高中英文參考詞彙表（111學年度起適用）,LEVEL 6,官方清單,,,
ceec-108:level-6:spontaneous,spontaneous,spɒn'teiniәs,adj.,"a. 自然的, 自發的, 未經琢磨的\n[醫] 自發的, 特發的, 自生的",,,CEEC-108,6,,,,大考中心高中英文參考詞彙表（111學年度起適用）,LEVEL 6,官方清單,,,
ceec-108:level-6:sportsman,sportsman,'spɒ:tsmәn,n.,"n. 運動員, 冒險家",,,CEEC-108,6,,,,大考中心高中英文參考詞彙表（111學年度起適用）,LEVEL 6,官方清單,,,
ceec-108:level-6:sportsmanship,sportsmanship,'spɒ:tsmәnʃip,n.,n. 運動員精神,,,CEEC-108,6,,,,大考中心高中英文參考詞彙表（111學年度起適用）,LEVEL 6,官方清單,,,
ceec-108:level-6:sportswoman,sportswoman,'spɒ:tswumәn,n.,n. 女運動員,,,CEEC-108,6,,,,大考中心高中英文參考詞彙表（111學年度起適用）,LEVEL 6,官方清單,,,
ceec-108:level-6:spotlight,spotlight,'spɒtlait,n.|v.,"n. 照明燈, 反光燈, 聚光燈",,,CEEC-108,6,,,,大考中心高中英文參考詞彙表（111學年度起適用）,LEVEL 6,官方清單,,,
ceec-108:level-6:spur,spur,spә:,n.|v.,"n. 馬刺, 刺激物, 鼓舞\nvt. 刺激, 激勵, 用馬刺策(馬)前進\nvi. 用馬刺驅馬, 疾馳",,,CEEC-108,6,,,,大考中心高中英文參考詞彙表（111學年度起適用）,LEVEL 6,官方清單,,,
ceec-108:level-6:stabilize,stabilize,'steibilaiz,v.,"vt. 使安定, 使穩固\nvi. 穩定, 安定",,,CEEC-108,6,,,,大考中心高中英文參考詞彙表（111學年度起適用）,LEVEL 6,官方清單,,,
ceec-108:level-6:stagger,stagger,'stægә,n.|v.,"n. 蹣跚, 躊躇\nvi. 蹣跚, 猶豫\nvt. 使搖擺, 使躊躇, 交錯, 錯開\na. 交錯的, 錯開的",,,CEEC-108,6,,,,大考中心高中英文參考詞彙表（111學年度起適用）,LEVEL 6,官方清單,,,
ceec-108:level-6:staple,staple,'steipl,n.|v.,"n. 主要產物, 常用品, 主要要素, 原料, 訂書釘, 鉤環\na. 主要的, 重要的\nvt. 分級, 釘住",,,CEEC-108,6,,,,大考中心高中英文參考詞彙表（111學年度起適用）,LEVEL 6,官方清單,,,
ceec-108:level-6:starvation,starvation,stɑ:'veiʃәn,n.,"n. 飢餓, 餓死\n[醫] 絕食, 飢鋨(指長時期的)",,,CEEC-108,6,,,,大考中心高中英文參考詞彙表（111學年度起適用）,LEVEL 6,官方清單,,,
ceec-108:level-6:statesman,statesman,'steitsmәn,n.,n. 政治家,,,CEEC-108,6,,,,大考中心高中英文參考詞彙表（111學年度起適用）,LEVEL 6,官方清單,,,
ceec-108:level-6:stationary,stationary,'steiʃ(ә)nәri,adj.,"a. 不動的, 靜止的, 不變的, 固定的, 停留的\n[計] 定常, 定態, 固定的",,,CEEC-108,6,,,,大考中心高中英文參考詞彙表（111學年度起適用）,LEVEL 6,官方清單,,,
ceec-108:level-6:stationery,stationery,'steiʃәnәri,n.,"n. 文具, 信紙\n[法] 文具",,,CEEC-108,6,,,,大考中心高中英文參考詞彙表（111學年度起適用）,LEVEL 6,官方清單,,,
ceec-108:level-6:stature,stature,'stætʃә,n.,"n. 身材, 身高, 高度\n[醫] 身材, 身高",,,CEEC-108,6,,,,大考中心高中英文參考詞彙表（111學年度起適用）,LEVEL 6,官方清單,,,
ceec-108:level-6:statute,statute,'stætju:t,n.,"n. 法令, 成文法律, 法規, 章程, 條例\n[法] 法令, 法規, 成文法",,,CEEC-108,6,,,,大考中心高中英文參考詞彙表（111學年度起適用）,LEVEL 6,官方清單,,,
ceec-108:level-6:stepchild,stepchild,'steptʃaild,n.,"n. 前夫(或前妻)所生子女\n[法] 妻與前夫所生的孩子, 繼子女",,,CEEC-108,6,,,,大考中心高中英文參考詞彙表（111學年度起適用）,LEVEL 6,官方清單,,,
ceec-108:level-6:stepfather,stepfather,"'step,fɑ:ðә",n.,n. 繼父\n[法] 繼父,,,CEEC-108,6,,,,大考中心高中英文參考詞彙表（111學年度起適用）,LEVEL 6,官方清單,,,
ceec-108:level-6:stepmother,stepmother,'step.mʌðә,n.,n. 繼母,,,CEEC-108,6,,,,大考中心高中英文參考詞彙表（111學年度起適用）,LEVEL 6,官方清單,,,
ceec-108:level-6:stimulation,stimulation,.stimju'leiʃәn,n.,"n. 刺激, 激勵, 鼓舞\n[醫] 興奮, 刺激",,,CEEC-108,6,,,,大考中心高中英文參考詞彙表（111學年度起適用）,LEVEL 6,官方清單,,,
ceec-108:level-6:strait,strait,streit,n.,"n. 海峽, 困境\na. 困難的, 窘迫的, 狹窄的",,,CEEC-108,6,,,,大考中心高中英文參考詞彙表（111學年度起適用）,LEVEL 6,官方清單,,,
ceec-108:level-6:strangle,strangle,'stræŋgl,v.,"vt. 勒死, 扼死, 壓制, 使窒息, 抑制\nvi. 被扼死, 被絞死, 窒息而死",,,CEEC-108,6,,,,大考中心高中英文參考詞彙表（111學年度起適用）,LEVEL 6,官方清單,,,
ceec-108:level-6:stray,stray,strei,adj.|n.|v.,"n. 走失的家畜, 浪子\na. 迷途的, 偶然的\nvi. 迷路, 彷徨, 流浪",,,CEEC-108,6,,,,大考中心高中英文參考詞彙表（111學年度起適用）,LEVEL 6,官方清單,,,
ceec-108:level-6:stride,stride,straid,n.|v.,"n. 大步, 步幅, 步態, 進步\nv. 邁大步走, 跨過, 跨",,,CEEC-108,6,,,,大考中心高中英文參考詞彙表（111學年度起適用）,LEVEL 6,官方清單,,,
ceec-108:level-6:stroll,stroll,strәul,n.|v.,"n. 閒逛, 漫步\nv. 閒逛, 漫步",,,CEEC-108,6,,,,大考中心高中英文參考詞彙表（111學年度起適用）,LEVEL 6,官方清單,,,
ceec-108:level-6:stun,stun,stʌn,v.,"vt. 使昏迷, 使震驚, 打昏\nn. 昏迷, 猛擊",,,CEEC-108,6,,,,大考中心高中英文參考詞彙表（111學年度起適用）,LEVEL 6,官方清單,,,
ceec-108:level-6:stutter,stutter,'stʌtә,n.|v.,"n. 口吃, 結結巴巴\nv. 結結巴巴地說",,,CEEC-108,6,,,,大考中心高中英文參考詞彙表（111學年度起適用）,LEVEL 6,官方清單,,,
ceec-108:level-6:stylish,stylish,'stailiʃ,adj.,"a. 現代風格的, 流行的, 瀟灑的",,,CEEC-108,6,,,,大考中心高中英文參考詞彙表（111學年度起適用）,LEVEL 6,官方清單,,,
ceec-108:level-6:subjective,subjective,sәb'dʒektiv,adj.|n.,"a. 主觀的, 個人的\n[醫] 主觀的, 自覺的",,,CEEC-108,6,,,,大考中心高中英文參考詞彙表（111學年度起適用）,LEVEL 6,官方清單,,,
ceec-108:level-6:subordinate,subordinate,sә'bɒ:dnit,adj.|n.|v.,"n. 屬下, 附屬物\na. 下級的, 次要的, 附屬的\nvt. 使居下位, 使服從",,,CEEC-108,6,,,,大考中心高中英文參考詞彙表（111學年度起適用）,LEVEL 6,官方清單,,,
ceec-108:level-6:subscribe,subscribe,sәb'skraib,v.,"vt. 捐獻, 簽署\nvi. 贊成, 同意, 捐款, 預訂, 認購\n[計] 訂閱",,,CEEC-108,6,,,,大考中心高中英文參考詞彙表（111學年度起適用）,LEVEL 6,官方清單,,,
ceec-108:level-6:subscription,subscription,sәb'skripʃәn,n.,"n. 捐獻, 訂金, 訂閱, 簽署, 同意\n[化] 訂購",,,CEEC-108,6,,,,大考中心高中英文參考詞彙表（111學年度起適用）,LEVEL 6,官方清單,,,
ceec-108:level-6:subsidize,subsidize,'sʌbsidaiz,v.,"vt. 補助, 資助, 賄賂\n[經] 資助, 津貼, 給...補助金",,,CEEC-108,6,,,,大考中心高中英文參考詞彙表（111學年度起適用）,LEVEL 6,官方清單,,,
ceec-108:level-6:succession,succession,sәk'seʃәn,n.,"n. 連續, 繼承權, 繼位, 演替, 地層次序\n[法] 繼承, 繼承權, 繼位",,,CEEC-108,6,,,,大考中心高中英文參考詞彙表（111學年度起適用）,LEVEL 6,官方清單,,,
ceec-108:level-6:successive,successive,sәk'sesiv,adj.,"a. 繼承的, 連續的\n[經] 接續承運人; 連續的",,,CEEC-108,6,,,,大考中心高中英文參考詞彙表（111學年度起適用）,LEVEL 6,官方清單,,,
ceec-108:level-6:suffocate,suffocate,'sʌfәkeit,v.,"vt. 使窒息, 噎住, 悶熄\nvi. 悶死, 窒息, 受阻",,,CEEC-108,6,,,,大考中心高中英文參考詞彙表（111學年度起適用）,LEVEL 6,官方清單,,,
ceec-108:level-6:suitcase,suitcase,'sju:tkeis,n.,n. 手提箱,,,CEEC-108,6,,,,大考中心高中英文參考詞彙表（111學年度起適用）,LEVEL 6,官方清單,,,
ceec-108:level-6:summon,summon,'sʌmәn,v.,"vt. 召喚, 召集, 號召, 振奮, 喚起, 鼓起\n[經] 傳喚, 傳訊",,,CEEC-108,6,,,,大考中心高中英文參考詞彙表（111學年度起適用）,LEVEL 6,官方清單,,,
ceec-108:level-6:superficial,superficial,.sju:pә'fiʃәl,adj.,"n. 表面, 外表\na. 表面的, 膚淺的, 面積的",,,CEEC-108,6,,,,大考中心高中英文參考詞彙表（111學年度起適用）,LEVEL 6,官方清單,,,
ceec-108:level-6:superintendent,superintendent,",sju:pәrin'tendәnt",n.,"n. 監督人, 主管人, 主日學校校長\n[經] 監督人, 主管人(部門)",,,CEEC-108,6,,,,大考中心高中英文參考詞彙表（111學年度起適用）,LEVEL 6,官方清單,,,
ceec-108:level-6:superiority,superiority,sju:.piәri'ɒriti,n.,"n. 優越, 高傲\n[化] 優越性",,,CEEC-108,6,,,,大考中心高中英文參考詞彙表（111學年度起適用）,LEVEL 6,官方清單,,,
ceec-108:level-6:superstitious,superstitious,.sju:pә'stiʃәs,adj.,"a. 迷信的\n[法] 迷信的, 由迷信引起的",,,CEEC-108,6,,,,大考中心高中英文參考詞彙表（111學年度起適用）,LEVEL 6,官方清單,,,
ceec-108:level-6:supplement,supplement,'sʌplimәnt,n.|v.,"n. 補充物, 增刊, 補充, 補遺, 補編, 附錄, 補角\nvt. 補充, 增補",,,CEEC-108,6,,,,大考中心高中英文參考詞彙表（111學年度起適用）,LEVEL 6,官方清單,,,
ceec-108:level-6:suppress,suppress,sә'pres,n.|v.,"vt. 鎮壓, 使止住, 禁止, 抑制, 查禁\n[法] 鎮壓, 平定, 禁止出版",,,CEEC-108,6,,,,大考中心高中英文參考詞彙表（111學年度起適用）,LEVEL 6,官方清單,,,
ceec-108:level-6:surge,surge,sә:dʒ,n.|v.,"n. 巨湧, 洶湧, 澎湃\nvi. 洶湧, 澎湃, 顛簸, 猛衝, 突然放鬆\nvt. 使洶湧奔騰, 急放\n[計] 電壓尖峰",,,CEEC-108,6,,,,大考中心高中英文參考詞彙表（111學年度起適用）,LEVEL 6,官方清單,,,
ceec-108:level-6:surgical,surgical,'sә:dʒikl,adj.,"a. 外科的, 外科醫生的, 手術上的\nn. 外科病例, 外科病房, 外科手術",,,CEEC-108,6,,,,大考中心高中英文參考詞彙表（111學年度起適用）,LEVEL 6,官方清單,,,
ceec-108:level-6:surname,surname,'sә:neim,n.,"n. 姓, 別號, 綽號\nvt. 呼以姓氏, 起綽號",,,CEEC-108,6,,,,大考中心高中英文參考詞彙表（111學年度起適用）,LEVEL 6,官方清單,,,
ceec-108:level-6:surpass,surpass,sә'pɑ:s,v.,"vt. 超越, 凌駕, 勝過",,,CEEC-108,6,,,,大考中心高中英文參考詞彙表（111學年度起適用）,LEVEL 6,官方清單,,,
ceec-108:level-6:suspense,suspense,sә'spens,n.,"n. 懸疑, 焦慮, 懸念, 懸而不決\n[經] 未定, 暫記",,,CEEC-108,6,,,,大考中心高中英文參考詞彙表（111學年度起適用）,LEVEL 6,官方清單,,,
ceec-108:level-6:suspension,suspension,sә'spenʃәn,n.,"n. 懸掛, 暫停, 中止\n[化] 懸浮; 懸浮體; 懸浮液",,,CEEC-108,6,,,,大考中心高中英文參考詞彙表（111學年度起適用）,LEVEL 6,官方清單,,,
ceec-108:level-6:swamp,swamp,swɒmp,n.|v.,"n. 沼澤, 進退兩難的困境\nvt. 淹沒, 擊潰, 清除, 使陷於沼澤\nvi. 陷於沼澤, 淹沒",,,CEEC-108,6,,,,大考中心高中英文參考詞彙表（111學年度起適用）,LEVEL 6,官方清單,,,
ceec-108:level-6:swarm,swarm,swɒ:m,n.|v.,"n. 群, 大群, 蜂群, 分蜂群\nvi. 分群, 群集, 聚集一塊, 雲集, 攀\nvt. 擠滿, 爬, 攀",,,CEEC-108,6,,,,大考中心高中英文參考詞彙表（111學年度起適用）,LEVEL 6,官方清單,,,
ceec-108:level-6:symbolize,symbolize,'simblaiz,v.,"vt. 符號化, 用符號表現\nvi. 採用象徵, 使用符號",,,CEEC-108,6,,,,大考中心高中英文參考詞彙表（111學年度起適用）,LEVEL 6,官方清單,,,
ceec-108:level-6:symmetry,symmetry,'simitri,n.,"n. 對稱, 勻稱\n[化] 對稱; 對稱性; 對稱現象",,,CEEC-108,6,,,,大考中心高中英文參考詞彙表（111學年度起適用）,LEVEL 6,官方清單,,,
ceec-108:level-6:sympathize,sympathize,'simpәθaiz,v.,"vi. 同情, 憐憫, 同意, 體諒",,,CEEC-108,6,,,,大考中心高中英文參考詞彙表（111學年度起適用）,LEVEL 6,官方清單,,,
ceec-108:level-6:symphony,symphony,'simfәni,n.,"n. 交響樂, 交響曲",,,CEEC-108,6,,,,大考中心高中英文參考詞彙表（111學年度起適用）,LEVEL 6,官方清單,,,
ceec-108:level-6:synonym,synonym,'sinәnim,n.,n. 同義詞,,,CEEC-108,6,,,,大考中心高中英文參考詞彙表（111學年度起適用）,LEVEL 6,官方清單,,,
ceec-108:level-6:synthetic,synthetic,sin'θetik,adj.|n.,"n. 合成物質\na. 綜合(性)的, 人造的, 合成的",,,CEEC-108,6,,,,大考中心高中英文參考詞彙表（111學年度起適用）,LEVEL 6,官方清單,,,
ceec-108:level-6:syrup,syrup,'sirәp,n.,"n. 糖漿, 果汁\n[化] 糖漿劑",,,CEEC-108,6,,,,大考中心高中英文參考詞彙表（111學年度起適用）,LEVEL 6,官方清單,,,
ceec-108:level-6:tan,tan,tæn,adj.|n.|v.,"n. 黃褐色, 鞣料, 馬戲團\na. 黃褐色的, 鞣皮的\nvi. 曬成棕褐色\nvt. 把...曬黑, 鞣(革), 狠狠鞭打",,,CEEC-108,6,,,,大考中心高中英文參考詞彙表（111學年度起適用）,LEVEL 6,官方清單,,,
ceec-108:level-6:tedious,tedious,'ti:diәs,adj.,"a. 沉悶的, 冗長乏味的",,,CEEC-108,6,,,,大考中心高中英文參考詞彙表（111學年度起適用）,LEVEL 6,官方清單,,,
ceec-108:level-6:telecommunications,telecommunications,,n.,"n. 電信, 通訊, 電信學\n[電] 電通訊",,,CEEC-108,6,,,,大考中心高中英文參考詞彙表（111學年度起適用）,LEVEL 6,官方清單,,,
ceec-108:level-6:teller,teller,'telә,n.,"n. 敘述者, 講故事者, 出納員\n[經] 出納員",,,CEEC-108,6,,,,大考中心高中英文參考詞彙表（111學年度起適用）,LEVEL 6,官方清單,,,
ceec-108:level-6:tempo,tempo,'tempәu,n.,"n. 速度, 節奏, 進行速度, (棋的)一著",,,CEEC-108,6,,,,大考中心高中英文參考詞彙表（111學年度起適用）,LEVEL 6,官方清單,,,
ceec-108:level-6:tenant,tenant,'tenәnt,n.|v.,"n. 承租人, 房客, 居住者\nvt. 租借\n[計] 佔據者",,,CEEC-108,6,,,,大考中心高中英文參考詞彙表（111學年度起適用）,LEVEL 6,官方清單,,,
ceec-108:level-6:tentative,tentative,'tentәtiv,adj.,"n. 試驗\na. 試驗性的, 暫時的",,,CEEC-108,6,,,,大考中心高中英文參考詞彙表（111學年度起適用）,LEVEL 6,官方清單,,,
ceec-108:level-6:terrace,terrace,'terәs,n.|v.,"n. 階地, 梯田, 房屋之平頂, 陽臺, 沿岸防地, 露臺\na. 疊層式的\nvt. 使成梯田, 使成有平臺屋頂",,,CEEC-108,6,,,,大考中心高中英文參考詞彙表（111學年度起適用）,LEVEL 6,官方清單,,,
ceec-108:level-6:textile,textile,'tekstail,adj.|n.,"n. 紡織品, 紡織業\na. 織的, 紡織的",,,CEEC-108,6,,,,大考中心高中英文參考詞彙表（111學年度起適用）,LEVEL 6,官方清單,,,
ceec-108:level-6:thereafter,thereafter,.ðєәr'æftә,adv.,"adv. 其後, 從那時以後",,,CEEC-108,6,,,,大考中心高中英文參考詞彙表（111學年度起適用）,LEVEL 6,官方清單,,,
ceec-108:level-6:thermometer,thermometer,θә'mɒmitә,n.,"n. 溫度計, 體溫計\n[化] 溫度計",,,CEEC-108,6,,,,大考中心高中英文參考詞彙表（111學年度起適用）,LEVEL 6,官方清單,,,
ceec-108:level-6:tilt,tilt,tilt,n.|v.,"n. 傾斜, 傾向, 船篷, 車篷\nvt. 使傾斜, 使傾側, 用帆布篷遮蓋\nvi. 傾斜, 翹起, 衝, 評擊\n[計] 傾斜",,,CEEC-108,6,,,,大考中心高中英文參考詞彙表（111學年度起適用）,LEVEL 6,官方清單,,,
ceec-108:level-6:tiptoe,tiptoe,'tiptәu,n.|v.,"n. 腳尖\nvi. 用腳尖走\nadv. 踮著腳\na. 踮著腳走的, 偷偷摸摸的",,,CEEC-108,6,,,,大考中心高中英文參考詞彙表（111學年度起適用）,LEVEL 6,官方清單,,,
ceec-108:level-6:tiresome,tiresome,'taiәsәm,adj.,"a. 累人的, 煩人的",,,CEEC-108,6,,,,大考中心高中英文參考詞彙表（111學年度起適用）,LEVEL 6,官方清單,,,
ceec-108:level-6:token,token,'tәukәn,n.,"n. 表徵, 記號, 代幣\na. 象徵的, 表意的\n[計] 記號",,,CEEC-108,6,,,,大考中心高中英文參考詞彙表（111學年度起適用）,LEVEL 6,官方清單,,,
ceec-108:level-6:tornado,tornado,tɒ:'neidәu,n.,"n. 旋風, 龍捲風, 大雷雨",,,CEEC-108,6,,,,大考中心高中英文參考詞彙表（111學年度起適用）,LEVEL 6,官方清單,,,
ceec-108:level-6:torrent,torrent,'tɒ:rәnt,n.,"n. 奔流, 傾盆大雨, 傾注, 迸發",,,CEEC-108,6,,,,大考中心高中英文參考詞彙表（111學年度起適用）,LEVEL 6,官方清單,,,
ceec-108:level-6:trademark,trademark,'treidmɑ:k,n.,n. 商標\n[法] 商標,,,CEEC-108,6,,,,大考中心高中英文參考詞彙表（111學年度起適用）,LEVEL 6,官方清單,,,
ceec-108:level-6:transcript,transcript,'trænskript,n.,"n. 抄本, 副本, 成績單\n[法] 法院文字, 官方記錄, 記錄的副本",,,CEEC-108,6,,,,大考中心高中英文參考詞彙表（111學年度起適用）,LEVEL 6,官方清單,,,
ceec-108:level-6:transmit,transmit,træns'mit,v.,"vt. 傳輸, 傳染, 傳達, 遺傳, 發射, 傳播\nvi. 發射訊號, 留傳下來\n[計] 傳送",,,CEEC-108,6,,,,大考中心高中英文參考詞彙表（111學年度起適用）,LEVEL 6,官方清單,,,
ceec-108:level-6:transplant,transplant,træns'plɑ:nt,n.|v.,"vt. 使移居, 移植, 使遷移\nvi. 移居, 耐移植\nn. 移居者, 移植",,,CEEC-108,6,,,,大考中心高中英文參考詞彙表（111學年度起適用）,LEVEL 6,官方清單,,,
ceec-108:level-6:treasury,treasury,'treʒәri,n.,"n. 國庫, 寶庫, 財政部, 國庫券\n[經] 庫存, 國庫, 金庫",,,CEEC-108,6,,,,大考中心高中英文參考詞彙表（111學年度起適用）,LEVEL 6,官方清單,,,
ceec-108:level-6:trek,trek,trek,n.|v.,"vi. 牛拉貨車, 艱苦跋涉\nn. 牛車旅行, 艱苦跋涉",,,CEEC-108,6,,,,大考中心高中英文參考詞彙表（111學年度起適用）,LEVEL 6,官方清單,,,
ceec-108:level-6:trifle,trifle,'traifl,n.|v.,"n. 瑣事, 少量\nvt. 浪費\nvi. 開玩笑, 翻弄, 虛度光陰",,,CEEC-108,6,,,,大考中心高中英文參考詞彙表（111學年度起適用）,LEVEL 6,官方清單,,,
ceec-108:level-6:trillion,trillion,'triljәn,n.,n. 大量\n[經] 兆,,,CEEC-108,6,,,,大考中心高中英文參考詞彙表（111學年度起適用）,LEVEL 6,官方清單,,,
ceec-108:level-6:tropic,tropic,'trɒpik,adj.|n.,n. 迴歸線,,,CEEC-108,6,,,,大考中心高中英文參考詞彙表（111學年度起適用）,LEVEL 6,官方清單,,,
ceec-108:level-6:trout,trout,traut,n.,n. 鮭魚,,,CEEC-108,6,,,,大考中心高中英文參考詞彙表（111學年度起適用）,LEVEL 6,官方清單,,,
ceec-108:level-6:trustee,trustee,.trʌs'ti:,n.,"n. 受託人, 理事\n[計] 委託者",,,CEEC-108,6,,,,大考中心高中英文參考詞彙表（111學年度起適用）,LEVEL 6,官方清單,,,
ceec-108:level-6:tuck,tuck,tʌk,n.|v.,"n. 縫褶, 活力, 鼓聲, 船尾突出部, 食品\nvt. 打褶, 捲起, 擠進, 塞, 收藏\nvi. 縫褶襉, 縮攏",,,CEEC-108,6,,,,大考中心高中英文參考詞彙表（111學年度起適用）,LEVEL 6,官方清單,,,
ceec-108:level-6:turmoil,turmoil,'tә:mɒil,n.,"n. 騷動, 混亂",,,CEEC-108,6,,,,大考中心高中英文參考詞彙表（111學年度起適用）,LEVEL 6,官方清單,,,
ceec-108:level-6:twilight,twilight,'twailait,n.,"n. 暮光, 曙光, 黎明, 黃昏, 微光, 朦朧狀態\na. 微明的",,,CEEC-108,6,,,,大考中心高中英文參考詞彙表（111學年度起適用）,LEVEL 6,官方清單,,,
ceec-108:level-6:twinkle,twinkle,'twiŋkl,n.|v.,"n. 閃爍, 閃耀, 瞬息\nvi. 閃爍\nvt. 使閃耀",,,CEEC-108,6,,,,大考中心高中英文參考詞彙表（111學年度起適用）,LEVEL 6,官方清單,,,
ceec-108:level-6:unanimous,unanimous,ju:'nænimәs,adj.,"a. 意見一致的, 無異議的",,,CEEC-108,6,,,,大考中心高中英文參考詞彙表（111學年度起適用）,LEVEL 6,官方清單,,,
ceec-108:level-6:unconditional,unconditional,.ʌnkәn'diʃәnl,adj.,"a. 無條件的, 無限制的, 絕對的\n[經] 無條件的, 無保留的",,,CEEC-108,6,,,,大考中心高中英文參考詞彙表（111學年度起適用）,LEVEL 6,官方清單,,,
ceec-108:level-6:underestimate,underestimate,.ʌndәr'estimeit,n.|v.,"n. 低估\nvt. 低估, 看輕",,,CEEC-108,6,,,,大考中心高中英文參考詞彙表（111學年度起適用）,LEVEL 6,官方清單,,,
ceec-108:level-6:underneath,underneath,.ʌndә'ni:θ,adj.|adv.|n.|prep.,adv. 在下面\nprep. 在...的下面,,,CEEC-108,6,,,,大考中心高中英文參考詞彙表（111學年度起適用）,LEVEL 6,官方清單,,,
ceec-108:level-6:underpass,underpass,'ʌndәpɑ:s,n.,n. 地道,,,CEEC-108,6,,,,大考中心高中英文參考詞彙表（111學年度起適用）,LEVEL 6,官方清單,,,
ceec-108:level-6:underway,underway,'ʌndә'wei,adv.,a. 航行中的；進行中的；起步的,,,CEEC-108,6,,,,大考中心高中英文參考詞彙表（111學年度起適用）,LEVEL 6,官方清單,,,
ceec-108:level-6:unification,unification,.ju:nifi'keiʃәn,n.,"n. 統一, 聯合, 一致\n[醫] 連結; 統一",,,CEEC-108,6,,,,大考中心高中英文參考詞彙表（111學年度起適用）,LEVEL 6,官方清單,,,
ceec-108:level-6:unify,unify,'ju:nifai,v.,"v. 統一, 使成一體",,,CEEC-108,6,,,,大考中心高中英文參考詞彙表（111學年度起適用）,LEVEL 6,官方清單,,,
ceec-108:level-6:unveil,unveil,.ʌn'veil,v.,"vt. 揭開, 揭幕, 除去...的面紗\nvi. 顯露, 除去面紗",,,CEEC-108,6,,,,大考中心高中英文參考詞彙表（111學年度起適用）,LEVEL 6,官方清單,,,
ceec-108:level-6:upright,upright,'ʌprait,adj.|adv.|n.,"a. 正直的, 誠實的, 公正的, 垂直的, 豎式的\n[化] 立杆",,,CEEC-108,6,,,,大考中心高中英文參考詞彙表（111學年度起適用）,LEVEL 6,官方清單,,,
ceec-108:level-6:uprising,uprising,'ʌpraiziŋ,n.,"n. 起義, 升起\n[法] 起義, 暴動",,,CEEC-108,6,,,,大考中心高中英文參考詞彙表（111學年度起適用）,LEVEL 6,官方清單,,,
ceec-108:level-6:upward,upward,'ʌpwәd,adj.|adv.,a. 向上的\nadv. 以上,,,CEEC-108,6,,,,大考中心高中英文參考詞彙表（111學年度起適用）,LEVEL 6,官方清單,,,
ceec-108:level-6:upwards,upwards,'ʌpwәdz,adv.,"adv. 以上, 向上",,,CEEC-108,6,,,,大考中心高中英文參考詞彙表（111學年度起適用）,LEVEL 6,官方清單,,,
ceec-108:level-6:urgency,urgency,'ә:dʒәnsi,n.,"n. 緊急, 催促\n[法] 緊急, 迫切, 緊急之事",,,CEEC-108,6,,,,大考中心高中英文參考詞彙表（111學年度起適用）,LEVEL 6,官方清單,,,
ceec-108:level-6:usher,usher,'ʌʃә,n.|v.,"n. 引座員, 招待員\nvt. 引導, 招待\nvi. 作招待員",,,CEEC-108,6,,,,大考中心高中英文參考詞彙表（111學年度起適用）,LEVEL 6,官方清單,,,
ceec-108:level-6:utensil,utensil,ju:'tensl,n.,"n. 器皿, 用具",,,CEEC-108,6,,,,大考中心高中英文參考詞彙表（111學年度起適用）,LEVEL 6,官方清單,,,
ceec-108:level-6:utter,utter,'ʌtә,adj.|v.,"a. 全然的, 絕對的, 完全的\nvt. 發出聲音, 做聲, 發表, 發射, 流通",,,CEEC-108,6,,,,大考中心高中英文參考詞彙表（111學年度起適用）,LEVEL 6,官方清單,,,
ceec-108:level-6:vaccine,vaccine,'væksi:n,n.,"n. 牛痘苗, 疫苗\na. 疫苗的, 牛痘的",,,CEEC-108,6,,,,大考中心高中英文參考詞彙表（111學年度起適用）,LEVEL 6,官方清單,,,
ceec-108:level-6:vanilla,vanilla,vә'nilә,n.,"n. 香草, 香子蘭",,,CEEC-108,6,,,,大考中心高中英文參考詞彙表（111學年度起適用）,LEVEL 6,官方清單,,,
ceec-108:level-6:vanity,vanity,'væniti,n.,"n. 虛榮心, 虛無, 自負, 空虛, 時髦的小擺飾",,,CEEC-108,6,,,,大考中心高中英文參考詞彙表（111學年度起適用）,LEVEL 6,官方清單,,,
ceec-108:level-6:vapor,vapor,'veipә,n.,"n. 汽, 蒸氣\nvi. 蒸發\nvt. 使蒸發",,,CEEC-108,6,,,,大考中心高中英文參考詞彙表（111學年度起適用）,LEVEL 6,官方清單,,,
ceec-108:level-6:veil,veil,veil,n.|v.,"n. 面紗, 面罩, 藉口, 幕, 帳, 遮蔽物\nvt. 戴面紗, 隱藏, 遮蔽, 掩飾\nvi. 蒙上面紗",,,CEEC-108,6,,,,大考中心高中英文參考詞彙表（111學年度起適用）,LEVEL 6,官方清單,,,
ceec-108:level-6:velvet,velvet,'velvit,adj.|n.,n. 天鵝絨\na. 天鵝絨的,,,CEEC-108,6,,,,大考中心高中英文參考詞彙表（111學年度起適用）,LEVEL 6,官方清單,,,
ceec-108:level-6:versatile,versatile,'vә:sәtail,adj.,"a. 多才多藝的, 萬用的, 萬向的",,,CEEC-108,6,,,,大考中心高中英文參考詞彙表（111學年度起適用）,LEVEL 6,官方清單,,,
ceec-108:level-6:vet,vet,vet,n.,"n. 獸醫\nvi. 當獸醫\nvt. 診斷, 檢審",,,CEEC-108,6,,,,大考中心高中英文參考詞彙表（111學年度起適用）,LEVEL 6,官方清單,,,
ceec-108:level-6:veterinarian,veterinarian,.vetәri'nєәriәn,n.,n. 獸醫\n[醫] 獸醫,,,CEEC-108,6,,,,大考中心高中英文參考詞彙表（111學年度起適用）,LEVEL 6,官方清單,,,
ceec-108:level-6:veto,veto,'vi:tәu,n.|v.,"n. 否決權\nvt. 否決, 禁止",,,CEEC-108,6,,,,大考中心高中英文參考詞彙表（111學年度起適用）,LEVEL 6,官方清單,,,
ceec-108:level-6:vibrate,vibrate,'vaibreit,v.,"vi. 振動, 顫動, 激動, 搖擺, 躊躇\nvt. 使顫動, 使振動, 使擺動",,,CEEC-108,6,,,,大考中心高中英文參考詞彙表（111學年度起適用）,LEVEL 6,官方清單,,,
ceec-108:level-6:vibration,vibration,vai'breiʃәn,n.,"n. 振動, 顫動\n[化] 振動",,,CEEC-108,6,,,,大考中心高中英文參考詞彙表（111學年度起適用）,LEVEL 6,官方清單,,,
ceec-108:level-6:vice,vice,vais,n.,"n. 惡習, 惡行, 罪惡, 墮落, 缺陷, 惡癖, 老虎鉗\nvt. 鉗住\nprep. 代替",,,CEEC-108,6,,,,大考中心高中英文參考詞彙表（111學年度起適用）,LEVEL 6,官方清單,,,
ceec-108:level-6:victor,victor,'viktә,n.,n. 勝利者\na. 勝利的,,,CEEC-108,6,,,,大考中心高中英文參考詞彙表（111學年度起適用）,LEVEL 6,官方清單,,,
ceec-108:level-6:vigor,vigor,'vigә,n.,"n. 精力, 活力",,,CEEC-108,6,,,,大考中心高中英文參考詞彙表（111學年度起適用）,LEVEL 6,官方清單,,,
ceec-108:level-6:vigorous,vigorous,'vigәrәs,adj.,"a. 精力充沛的, 元氣旺盛的, 茁壯的, 有力的",,,CEEC-108,6,,,,大考中心高中英文參考詞彙表（111學年度起適用）,LEVEL 6,官方清單,,,
ceec-108:level-6:villa,villa,'vilә,n.,n. 別墅,,,CEEC-108,6,,,,大考中心高中英文參考詞彙表（111學年度起適用）,LEVEL 6,官方清單,,,
ceec-108:level-6:villain,villain,'vilәn,n.,"n. 壞人, 惡棍\n[法] 歹徒, 惡棍, 惡徒",,,CEEC-108,6,,,,大考中心高中英文參考詞彙表（111學年度起適用）,LEVEL 6,官方清單,,,
ceec-108:level-6:vine,vine,vain,n.,"n. 藤本植物, 葡萄, 藤, 蔓\nvi. 形成藤蔓",,,CEEC-108,6,,,,大考中心高中英文參考詞彙表（111學年度起適用）,LEVEL 6,官方清單,,,
ceec-108:level-6:vineyard,vineyard,'vinjәd,n.,n. 葡萄園,,,CEEC-108,6,,,,大考中心高中英文參考詞彙表（111學年度起適用）,LEVEL 6,官方清單,,,
ceec-108:level-6:violinist,violinist,.vaiә'linist,n.,"n. 小提琴演奏者, 小提琴家",,,CEEC-108,6,,,,大考中心高中英文參考詞彙表（111學年度起適用）,LEVEL 6,官方清單,,,
ceec-108:level-6:virgin,virgin,'vә:dʒin,adj.|n.,"n. 處女\na. 處女的, 貞潔的, 純潔的, 初始的, 純的",,,CEEC-108,6,,,,大考中心高中英文參考詞彙表（111學年度起適用）,LEVEL 6,官方清單,,,
ceec-108:level-6:vitality,vitality,vai'tæliti,n.,"n. 活力, 生命力\n[醫] 生機, 活力, 生活",,,CEEC-108,6,,,,大考中心高中英文參考詞彙表（111學年度起適用）,LEVEL 6,官方清單,,,
ceec-108:level-6:vocation,vocation,vәu'keiʃәn,n.,"n. 職業, 天命, 天職, 才能, 行業\n[法] 行業, 職業, 職業上的才能",,,CEEC-108,6,,,,大考中心高中英文參考詞彙表（111學年度起適用）,LEVEL 6,官方清單,,,
ceec-108:level-6:vocational,vocational,vәu'keiʃәnl,adj.,"a. 職業的\n[法] 職業上的, 天職的",,,CEEC-108,6,,,,大考中心高中英文參考詞彙表（111學年度起適用）,LEVEL 6,官方清單,,,
ceec-108:level-6:vowel,vowel,'vauәl,n.,n. 母音\na. 母音的,,,CEEC-108,6,,,,大考中心高中英文參考詞彙表（111學年度起適用）,LEVEL 6,官方清單,,,
ceec-108:level-6:wag,wag,wæg,n.|v.,"vt. 搖擺, 搖動, 饒舌\nvi. 擺動, 喋喋不休\nn. 搖擺, 愛說笑打趣的人",,,CEEC-108,6,,,,大考中心高中英文參考詞彙表（111學年度起適用）,LEVEL 6,官方清單,,,
ceec-108:level-6:walnut,walnut,'wɒ:lnәt,n.,n. 胡桃\n[機] 胡桃木,,,CEEC-108,6,,,,大考中心高中英文參考詞彙表（111學年度起適用）,LEVEL 6,官方清單,,,
ceec-108:level-6:ward,ward,wɒ:d,n.|v.,"n. 病房, 守衛, 保衛, 保護, 監護, 牢房, 行政區, 鎖孔內的榫舌\nvt. 使入病房, 守護, 保衛",,,CEEC-108,6,,,,大考中心高中英文參考詞彙表（111學年度起適用）,LEVEL 6,官方清單,,,
ceec-108:level-6:wardrobe,wardrobe,'wɒ:drәub,n.,"n. 衣櫥, 衣室, 全部衣服",,,CEEC-108,6,,,,大考中心高中英文參考詞彙表（111學年度起適用）,LEVEL 6,官方清單,,,
ceec-108:level-6:warrant,warrant,'wɒ:rәnt,n.,"n. 授權, 正當理由, 根據, 證明, 批准, 憑證, 令狀, 委任狀\nvt. 授權給, 保證, 擔保, 批准, 使有正當理由",,,CEEC-108,6,,,,大考中心高中英文參考詞彙表（111學年度起適用）,LEVEL 6,官方清單,,,
ceec-108:level-6:warranty,warranty,'wɒ:rәnti,n.,"n. 正當理由, 授權, 擔保, 保證, 根據\n[經] 保單, 擔保書, 保證書",,,CEEC-108,6,,,,大考中心高中英文參考詞彙表（111學年度起適用）,LEVEL 6,官方清單,,,
ceec-108:level-6:waterproof,waterproof,'wɒtәpru:f,adj.|v.,"n. 防水材料\na. 不透水的, 防水的\nvt. 使防水",,,CEEC-108,6,,,,大考中心高中英文參考詞彙表（111學年度起適用）,LEVEL 6,官方清單,,,
ceec-108:level-6:weary,weary,'wiәri,adj.|v.,"a. 疲倦的, 萎靡的, 厭倦的, 厭煩的\nvt. 使疲倦, 使厭煩\nvi. 疲乏, 生厭, 不耐煩",,,CEEC-108,6,,,,大考中心高中英文參考詞彙表（111學年度起適用）,LEVEL 6,官方清單,,,
ceec-108:level-6:wharf,wharf,hwɒ:f,n.|v.,"n. 碼頭\nvt. 卸在碼頭上, 靠碼頭\nvi. 靠碼頭, 入塢",,,CEEC-108,6,,,,大考中心高中英文參考詞彙表（111學年度起適用）,LEVEL 6,官方清單,,,
ceec-108:level-6:whiskey,whiskey,'hwiski,n.,n. 威士忌酒\na. 威士忌酒的,,,CEEC-108,6,,,,大考中心高中英文參考詞彙表（111學年度起適用）,LEVEL 6,官方清單,,,
ceec-108:level-6:whisky,whisky,'hwiski,n.,"n. 威士忌酒, 輕便馬車\n[化] 威士忌酒",,,CEEC-108,6,,,,大考中心高中英文參考詞彙表（111學年度起適用）,LEVEL 6,官方清單,,,
ceec-108:level-6:wholesale,wholesale,'hәulseil,adj.|adv.|n.|v.,"n. 批發\na. 批發的, 大規模的\nadv. 大規模, 照批發方式\nvi. 經營批發業, 批發\nvt. 批發",,,CEEC-108,6,,,,大考中心高中英文參考詞彙表（111學年度起適用）,LEVEL 6,官方清單,,,
ceec-108:level-6:wholesome,wholesome,'hәulsәm,adj.,"a. 有益健康的, 合乎衛生的, 健全的, 有益的, 有生氣的, 審慎的",,,CEEC-108,6,,,,大考中心高中英文參考詞彙表（111學年度起適用）,LEVEL 6,官方清單,,,
ceec-108:level-6:widow,widow,'widәu,n.,"n. 寡婦, 孀婦\nvt. 使成寡婦",,,CEEC-108,6,,,,大考中心高中英文參考詞彙表（111學年度起適用）,LEVEL 6,官方清單,,,
ceec-108:level-6:widower,widower,'widәuә,n.,n. 鰥夫\n[法] 鰥夫,,,CEEC-108,6,,,,大考中心高中英文參考詞彙表（111學年度起適用）,LEVEL 6,官方清單,,,
ceec-108:level-6:withhold,withhold,wið'hәuld,v.,"vt. 使停止, 扣留, 保留, 拒給\nvi. 剋制, 忍住",,,CEEC-108,6,,,,大考中心高中英文參考詞彙表（111學年度起適用）,LEVEL 6,官方清單,,,
ceec-108:level-6:woe,woe,wәu,n.,"n. 悲哀, 悲痛, 苦痛",,,CEEC-108,6,,,,大考中心高中英文參考詞彙表（111學年度起適用）,LEVEL 6,官方清單,,,
ceec-108:level-6:woodpecker,woodpecker,'wudpekә,n.,n. 啄木鳥,,,CEEC-108,6,,,,大考中心高中英文參考詞彙表（111學年度起適用）,LEVEL 6,官方清單,,,
ceec-108:level-6:workforce,workforce,,n.,"n. 勞動力；工人總數, 職工總數",,,CEEC-108,6,,,,大考中心高中英文參考詞彙表（111學年度起適用）,LEVEL 6,官方清單,,,
ceec-108:level-6:wrestle,wrestle,'resl,n.|v.,"n. 摔跤, 角力, 扭鬥\nvi. 摔跤, 搏鬥, 鬥爭, 斟酌\nvt. 與(對手)摔跤",,,CEEC-108,6,,,,大考中心高中英文參考詞彙表（111學年度起適用）,LEVEL 6,官方清單,,,
ceec-108:level-6:wrinkle,wrinkle,'riŋkl,n.|v.,"n. 皺紋, 妙計, 方法, 技巧\nvi. 起皺\nvt. 使起皺紋",,,CEEC-108,6,,,,大考中心高中英文參考詞彙表（111學年度起適用）,LEVEL 6,官方清單,,,
ceec-108:level-6:yearn,yearn,jә:n,v.,"vi. 渴望, 想念, 懷念, 同情",,,CEEC-108,6,,,,大考中心高中英文參考詞彙表（111學年度起適用）,LEVEL 6,官方清單,,,
ceec-108:level-6:yoga,yoga,'jәugә,n.,n. 瑜珈,,,CEEC-108,6,,,,大考中心高中英文參考詞彙表（111學年度起適用）,LEVEL 6,官方清單,,,
ceec-108:level-6:yogurt,yogurt,'jɔ^әt,n.,n. 酸乳酪\n[醫] 酸乳,,,CEEC-108,6,,,,大考中心高中英文參考詞彙表（111學年度起適用）,LEVEL 6,官方清單,,,
ceec-108:level-6:zoom,zoom,zu:m,n.|v.,"n. 急速上升, 變焦攝影, 嗡嗡聲\nvi. 猛增, 急速上升, 攝象機移動\nvt. 使攝象機移動\n[計] 縮放",,,CEEC-108,6,,,,大考中心高中英文參考詞彙表（111學年度起適用）,LEVEL 6,官方清單,,,
